Album,AlbumArtLink,Artist,ReleaseDate,Summary,Title,Year,YouTubeLink,Actual_YT_Title
Fall Out Of The Future,https://lastfm.freetls.fastly.net/i/u/300x300/f43a23436438e432af369cd6266be11d.jpg,HEDGE BURNERS,2026-03-19,,Angel Lee,Unknown,https://www.youtube.com/watch?v=nvOEsoa3wb8&list=RDnvOEsoa3wb8&start_radio=1&pp=ygUZSEVER0UgQlVSTkVSUyAtIEFuZ2VsIExlZaAHAQ%3D%3D,ERROR: Private/Dead/Protected
Fall Out Of The Future,https://lastfm.freetls.fastly.net/i/u/300x300/f43a23436438e432af369cd6266be11d.jpg,HEDGE BURNERS,2026-03-19,,Long Time Listening,Unknown,https://www.youtube.com/watch?v=2Np3EhmXRwQ&list=RD2Np3EhmXRwQ&start_radio=1&pp=ygUjSEVER0UgQlVSTkVSUyAtIExvbmcgVGltZSBMaXN0ZW5pbmegBwE%3D,ERROR: Private/Dead/Protected
Fall Out Of The Future,https://lastfm.freetls.fastly.net/i/u/300x300/f43a23436438e432af369cd6266be11d.jpg,HEDGE BURNERS,2026-03-19,,Strange Memory,Unknown,https://www.youtube.com/watch?v=QBRcOwA_fDk&list=RDQBRcOwA_fDk&start_radio=1&pp=ygUeSEVER0UgQlVSTkVSUyAtIFN0cmFuZ2UgTWVtb3J5oAcB0gcJCdkKAYcqIYzv,ERROR: Private/Dead/Protected
Fall Out Of The Future,https://lastfm.freetls.fastly.net/i/u/300x300/f43a23436438e432af369cd6266be11d.jpg,HEDGE BURNERS,2026-03-19,,Concrete Waterfall,Unknown,https://www.youtube.com/watch?v=gj3ETjXw0R8&list=RDgj3ETjXw0R8&start_radio=1&pp=ygUgSEVER0UgQlVSTkVSUyBDb25jcmV0ZSBXYXRlcmZhbGygBwE%3D,ERROR: Private/Dead/Protected
Satusaaret,https://lastfm.freetls.fastly.net/i/u/300x300/6019956354b5cfb13565e56a7f2a1bf4.jpg,Heikki Hakkarainen,2020-03-27,,Satusaaret,Unknown,https://www.youtube.com/watch?v=tr4BuEsd2ik&pp=ygUdSGVpa2tpIEhha2thcmFpbmVuIFNhdHVzYWFyZXQ%3D,ERROR: Private/Dead/Protected
Arunima,https://lastfm.freetls.fastly.net/i/u/300x300/c839abbf3980580be3498a7fd43d1f45.jpg,Hello Seahorse!,2012-10-09,"Mexican indie pop trio Hello Seahorse!, originally comprised of Denise Gutiérrez (aka Vanil'la Face and Lo Blondo), Oro de Neta, and Bonnz!, started putting together their first recordings in the early 2000s. Their debut full-length, ...And the Jellyfish Parade, came out in 2006; a mini-album, Hoy a las Ocho, was released on Magic Marker two years later. Both albums showcased a quirky, bubbly indie pop sound that nodded to acts like Architecture in Helsinki and It's a Musical! Hello Seahorse!'s sound was decidedly moodier and more introspective by the time their third album, Bestia, was released in 2009. The group's fourth album, Lejos. No Tan Lejos., was released in January of 2011 by Nacional Records and featured an even slicker, more thoughtful musical approach. ~ Tim Sendra",Buen viaje,Unknown,https://www.youtube.com/watch?v=ettkgA_W7R4&pp=ygUZSGVsbG8gU2VhaG9yc2UgQnVlbiB2aWFqZQ%3D%3D,ERROR: Private/Dead/Protected
Arunima,https://lastfm.freetls.fastly.net/i/u/300x300/c839abbf3980580be3498a7fd43d1f45.jpg,Hello Seahorse!,2012-10-09,"Mexican indie pop trio Hello Seahorse!, originally comprised of Denise Gutiérrez (aka Vanil'la Face and Lo Blondo), Oro de Neta, and Bonnz!, started putting together their first recordings in the early 2000s. Their debut full-length, ...And the Jellyfish Parade, came out in 2006; a mini-album, Hoy a las Ocho, was released on Magic Marker two years later. Both albums showcased a quirky, bubbly indie pop sound that nodded to acts like Architecture in Helsinki and It's a Musical! Hello Seahorse!'s sound was decidedly moodier and more introspective by the time their third album, Bestia, was released in 2009. The group's fourth album, Lejos. No Tan Lejos., was released in January of 2011 by Nacional Records and featured an even slicker, more thoughtful musical approach. ~ Tim Sendra",La flotadera,Unknown,https://www.youtube.com/watch?v=rmv8m1d3PVc&pp=ygUbSGVsbG8gU2VhaG9yc2UgTGEgZmxvdGFkZXJh,ERROR: Private/Dead/Protected
Arunima,https://lastfm.freetls.fastly.net/i/u/300x300/c839abbf3980580be3498a7fd43d1f45.jpg,Hello Seahorse!,2012-10-09,"Mexican indie pop trio Hello Seahorse!, originally comprised of Denise Gutiérrez (aka Vanil'la Face and Lo Blondo), Oro de Neta, and Bonnz!, started putting together their first recordings in the early 2000s. Their debut full-length, ...And the Jellyfish Parade, came out in 2006; a mini-album, Hoy a las Ocho, was released on Magic Marker two years later. Both albums showcased a quirky, bubbly indie pop sound that nodded to acts like Architecture in Helsinki and It's a Musical! Hello Seahorse!'s sound was decidedly moodier and more introspective by the time their third album, Bestia, was released in 2009. The group's fourth album, Lejos. No Tan Lejos., was released in January of 2011 by Nacional Records and featured an even slicker, more thoughtful musical approach. ~ Tim Sendra",Frontera (Sonic Ranch),Unknown,https://www.youtube.com/watch?v=IHwPochhIXI&pp=ygUjSGVsbG8gU2VhaG9yc2UgRnJvbnRlcmEgU29uaWMgUmFuY2g%3D,ERROR: Private/Dead/Protected
Arunima,https://lastfm.freetls.fastly.net/i/u/300x300/c839abbf3980580be3498a7fd43d1f45.jpg,Hello Seahorse!,2012-10-09,"Mexican indie pop trio Hello Seahorse!, originally comprised of Denise Gutiérrez (aka Vanil'la Face and Lo Blondo), Oro de Neta, and Bonnz!, started putting together their first recordings in the early 2000s. Their debut full-length, ...And the Jellyfish Parade, came out in 2006; a mini-album, Hoy a las Ocho, was released on Magic Marker two years later. Both albums showcased a quirky, bubbly indie pop sound that nodded to acts like Architecture in Helsinki and It's a Musical! Hello Seahorse!'s sound was decidedly moodier and more introspective by the time their third album, Bestia, was released in 2009. The group's fourth album, Lejos. No Tan Lejos., was released in January of 2011 by Nacional Records and featured an even slicker, more thoughtful musical approach. ~ Tim Sendra",No te vayas al bosque,Unknown,https://www.youtube.com/watch?v=Fjdue_6Xa-4&pp=ygUkSGVsbG8gU2VhaG9yc2UgTm8gdGUgdmF5YXMgYWwgYm9zcXVl,ERROR: Private/Dead/Protected
Arunima,https://lastfm.freetls.fastly.net/i/u/300x300/c839abbf3980580be3498a7fd43d1f45.jpg,Hello Seahorse!,2012-10-09,"Mexican indie pop trio Hello Seahorse!, originally comprised of Denise Gutiérrez (aka Vanil'la Face and Lo Blondo), Oro de Neta, and Bonnz!, started putting together their first recordings in the early 2000s. Their debut full-length, ...And the Jellyfish Parade, came out in 2006; a mini-album, Hoy a las Ocho, was released on Magic Marker two years later. Both albums showcased a quirky, bubbly indie pop sound that nodded to acts like Architecture in Helsinki and It's a Musical! Hello Seahorse!'s sound was decidedly moodier and more introspective by the time their third album, Bestia, was released in 2009. The group's fourth album, Lejos. No Tan Lejos., was released in January of 2011 by Nacional Records and featured an even slicker, more thoughtful musical approach. ~ Tim Sendra",El artista,Unknown,https://www.youtube.com/watch?v=nHZkHSK-i1c&pp=ygUZSGVsbG8gU2VhaG9yc2UgRWwgYXJ0aXN0YQ%3D%3D,ERROR: Private/Dead/Protected
Arunima,https://lastfm.freetls.fastly.net/i/u/300x300/c839abbf3980580be3498a7fd43d1f45.jpg,Hello Seahorse!,2012-10-09,"Mexican indie pop trio Hello Seahorse!, originally comprised of Denise Gutiérrez (aka Vanil'la Face and Lo Blondo), Oro de Neta, and Bonnz!, started putting together their first recordings in the early 2000s. Their debut full-length, ...And the Jellyfish Parade, came out in 2006; a mini-album, Hoy a las Ocho, was released on Magic Marker two years later. Both albums showcased a quirky, bubbly indie pop sound that nodded to acts like Architecture in Helsinki and It's a Musical! Hello Seahorse!'s sound was decidedly moodier and more introspective by the time their third album, Bestia, was released in 2009. The group's fourth album, Lejos. No Tan Lejos., was released in January of 2011 by Nacional Records and featured an even slicker, more thoughtful musical approach. ~ Tim Sendra",Te regalo todo,Unknown,https://www.youtube.com/watch?v=Xosd_HMI5GA&pp=ygUgSGVsbG8gU2VhaG9yc2UhIC0gVGUgcmVnYWxvIHRvZG8%3D,ERROR: Private/Dead/Protected
HÍPER,https://lastfm.freetls.fastly.net/i/u/300x300/39feb65c06014a3d0049cc41a70c123c.jpg,Hello Seahorse!,2023-09-18,"Mexican indie pop trio Hello Seahorse!, originally comprised of Denise Gutiérrez (aka Vanil'la Face and Lo Blondo), Oro de Neta, and Bonnz!, started putting together their first recordings in the early 2000s. Their debut full-length, ...And the Jellyfish Parade, came out in 2006; a mini-album, Hoy a las Ocho, was released on Magic Marker two years later. Both albums showcased a quirky, bubbly indie pop sound that nodded to acts like Architecture in Helsinki and It's a Musical! Hello Seahorse!'s sound was decidedly moodier and more introspective by the time their third album, Bestia, was released in 2009. The group's fourth album, Lejos. No Tan Lejos., was released in January of 2011 by Nacional Records and featured an even slicker, more thoughtful musical approach. ~ Tim Sendra",HIPERSENSIBLE,Unknown,https://www.youtube.com/watch?v=Fhg6VmJs_tg&pp=ygUfSGVsbG8gU2VhaG9yc2UhIC0gSElQRVJTRU5TSUJMRQ%3D%3D,ERROR: Private/Dead/Protected
Música,https://lastfm.freetls.fastly.net/i/u/300x300/1b01c92f1c5138e7a610210fe3056808.jpg,Hello Seahorse!,2020-07-24,"Mexican indie pop trio Hello Seahorse!, originally comprised of Denise Gutiérrez (aka Vanil'la Face and Lo Blondo), Oro de Neta, and Bonnz!, started putting together their first recordings in the early 2000s. Their debut full-length, ...And the Jellyfish Parade, came out in 2006; a mini-album, Hoy a las Ocho, was released on Magic Marker two years later. Both albums showcased a quirky, bubbly indie pop sound that nodded to acts like Architecture in Helsinki and It's a Musical! Hello Seahorse!'s sound was decidedly moodier and more introspective by the time their third album, Bestia, was released in 2009. The group's fourth album, Lejos. No Tan Lejos., was released in January of 2011 by Nacional Records and featured an even slicker, more thoughtful musical approach. ~ Tim Sendra",Música,Unknown,https://www.youtube.com/watch?v=qXDCif64azw&pp=ygUZSGVsbG8gU2VhaG9yc2UhIC0gTcO6c2ljYQ%3D%3D,ERROR: Private/Dead/Protected
Montaña,https://lastfm.freetls.fastly.net/i/u/300x300/8dcff9f32b31a78b723be1401f943160.jpg,Hello Seahorse!,2025-11-06,"Mexican indie pop trio Hello Seahorse!, originally comprised of Denise Gutiérrez (aka Vanil'la Face and Lo Blondo), Oro de Neta, and Bonnz!, started putting together their first recordings in the early 2000s. Their debut full-length, ...And the Jellyfish Parade, came out in 2006; a mini-album, Hoy a las Ocho, was released on Magic Marker two years later. Both albums showcased a quirky, bubbly indie pop sound that nodded to acts like Architecture in Helsinki and It's a Musical! Hello Seahorse!'s sound was decidedly moodier and more introspective by the time their third album, Bestia, was released in 2009. The group's fourth album, Lejos. No Tan Lejos., was released in January of 2011 by Nacional Records and featured an even slicker, more thoughtful musical approach. ~ Tim Sendra",Hello Seahorse! - EZ Boy (Video Oficial),Unknown,https://www.youtube.com/watch?v=TqSedp9dnp4&list=RDTqSedp9dnp4&start_radio=1&pp=ygU6SGVsbG8gU2VhaG9yc2UhIC0gSGVsbG8gU2VhaG9yc2UhIC0gRVogQm95IChWaWRlbyBPZmljaWFsKaAHAQ%3D%3D,ERROR: Private/Dead/Protected
"The Best, The Rest, The Rare",https://lastfm.freetls.fastly.net/i/u/300x300/9e19690df686292ee53bff7b222a03d7.jpg,Helloween,1991-08-21,"Alongside Switzerland's Celtic Frost and Sweden's Bathory, Germany's Helloween are possibly the most influential heavy metal band to come out of Europe during the '80s. By taking the hard-riffing and minor-key melodies handed down from metal masters like Judas Priest and Iron Maiden, and infusing them with the speed and energy introduced by the burgeoning thrash metal movement, Helloween crystallized the sonic ingredients of what is now known as power metal. The group hit their commercial peak in the late '80s with the release of the two-volume Keeper of the Seven Keys, which helped make them the benchmark by which most every power metal band is measured. Their meteoric rise was interrupted by internal strife and unfortunate business decisions, but Helloween took their hard-knock lessons in stride and continued to prosper well into the 2010s and 2020s in the international metal arena on their own terms.
Helloween were formed in Hamburg, Germany, by guitarists Kai Hansen and Michael Weikath, bassist Markus Grosskopf, and drummer Ingo Schwichtenberg. Originally named Second Hell and then Iron Fist before morphing into Helloween in 1982, they signed with Germany's own fledgling Noise International two years later. With Hansen also handling vocals and the bulk of songwriting duties, the quartet recorded its self-titled debut mini-album in early 1985. The full-length Walls of Jericho and the Judas maxi-single followed the year after, and the media was soon buzzing over the band's thrash-fueled interpretation of classic heavy metal. Countless fans across Continental Europe were also fast converting to the band's cause, but Hansen remained dissatisfied with his singing ability, and felt Helloween needed a proper frontman in order to achieve their full potential. Enter teenage vocalist Michael Kiske, whose high-pitched delivery followed in the footsteps of previous heavy metal banshees like Rob Halford and Bruce Dickinson.
The new chemistry proved as explosive on-stage as it did in the studio, and with their classic lineup now intact, Helloween were ready for the big time. Returning to the studio in early 1987, the band emerged in May with Keeper of the Seven Keys, Pt. 1, a landmark recording that arguably remains the single most influential power metal album to date. Its volatile combination of power and melody would inspire an entire generation of metal bands, and transformed Helloween into bona fide superstars all over Europe and the U.K., even making tentative inroads into America at the time. The band toured relentlessly for the rest of the year and into 1988 (including a lengthy opening stint with Iron Maiden), but despite this manic work schedule, Helloween still found time to record the aptly titled Keeper of the Seven Keys, Pt. 2. Released in September 1988, the record was another blockbuster that crashed the U.K. Top 30, but its uneven songwriting (especially from longtime leader Kai Hansen) revealed the beginnings of a major band crisis.
Helloween's watershed performance at that year's Donington Monsters of Rock Festival proved to be their crowning glory, but for Hansen, his dream-come-true also represented the culmination of his ambitions for the group. Shockingly, the guitarist soon announced his departure from the band he had helmed to the top, claiming that Helloween were now too big a beast for him to control. (He would soon make a fresh start with a new outfit called Gamma Ray, which, to no one's surprise, sounded remarkably like Helloween.) But the remaining members of Helloween weren't about to let their shot at stardom slip away, and after drafting former Rampage guitarist Roland Grapow, they got right back to work with a sold-out tour of the U.K. Impressed by the band's momentum, giant EMI stepped in and offered to sign Helloween away from the ever-troubled Noise Records, but in doing so, wound up igniting a legal dispute that would sideline the group for nearly two years. Several live albums (Live in the U.K. in Europe, Keepers Live in Japan, and I Want Out: Live in the U.S.) were released to distract fans during this hiatus, and the band obtained added support from the mighty Sanctuary management team (Iron Maiden, W.A.S.P., etc.) to boot.
Confident that they'd accumulated little if any rust from their extended layoff, Helloween finally returned to action with Pink Bubbles Go Ape in 1991. But no amount of EMI or Sanctuary muscle could compensate for the scattered, unfocused songwriting that dominated the album. Furthermore, the band's quirky attempts at humor had grown so forced that fans weren't sure what to make of furious metal anthems with names like the title track and ""Heavy Metal Hamsters."" The record bombed in no uncertain terms, as did its even more schizophrenic follow-up, Chameleon. Recorded in 1993 by an obviously shell-shocked band, its poor showing only exacerbated growing internal dissension, which culminated with the ousting of both Kiske (off to launch a solo career) and Schwichtenberg (due to drug-related physical and mental health issues). Fair-weather friends EMI and Sanctuary also decided to cut their losses at this time, leaving the shattered remains of Helloween to fend for themselves. Attempting to regroup as fast as possible, Helloween brought in new singer Andi Deris and drummer Uli Kusch to record 1994's Master of the Rings, a small but determined step in the right direction. Then tragedy struck, when former drummer Ingo Schwichtenberg -- a diagnosed manic depressive whose worsening condition had been partly to blame for his dismissal -- took his own life, throwing himself in front of a train near his native Hamburg.
Shaken to the core but as driven as ever, Helloween dedicated 1996's The Time of the Oath to their fallen friend, and, coincidentally, the album turned out to be the strongest since their glory years, doing much to resurrect their career. The ensuing tour spawned the double-disc set High Live and confirmed the band's return to form as major players in the international metal arena (in Europe and Japan, they were arguably bigger than ever). Helloween continued to prosper with 1998's Better Than Raw, 1999's celebratory Metal Jukebox covers album, and 2000's brooding The Dark Ride, and not even the departure of longtime members Grapow and Kusch could slow them for long. Now regarded as elder statesmen of Euro-metal, Helloween celebrated their achievements with 2002's Treasure Chest greatest-hits set. This was followed by 2003's Rabbit Don't Come Easy, which introduced new guitarist Sascha Gerstner and featured Motörhead's Mikkey Dee guesting on drums until a permanent replacement could be found in Stefan Schwarzmann (ex-U.D.O., Running Wild, and many more). Schwarzmann left the group in 2005 and was replaced by Rawhead Rex drummer Dani Löble, who appeared on that year's critically acclaimed Keeper of the Seven Keys: The Legacy. Gambling with the Devil, which has been cited by fans as being one the group's best Andi Deris-era releases, arrived in 2007, and was followed by the hard-hitting 7 Sinners in 2010. Their 14th album, Straight Out of Hell, arrived on the End Records in early 2013, followed by My God-Given Right in May 2015, the latter of which marked the group's return to Nuclear Blast. In 2016, Kai Hansen and Michael Kiske re-joined the group for a planned 2017-2018 tour, with Kiske and Deris performing their respective Helloween works. A single, the rousing ""Pumpkins United,"" arrived in 2017, followed in 2018 by Starlight, a deluxe, limited-edition box set containing all the band's Noise Records recordings, including material that has been long out of print. The 2019 live set United Alive in Madrid was recorded during a 2017 show in Spain and featured the dueling vocals of Kiske and Deris alongside Hansen's lead guitar. Two years later the band released their eponymous 16th studio LP, which marked the first Helloween album to include Hansen since 1988's Keeper of the Seven Keys: Part II and the first effort with Kiske since 1993's Chameleon. ~ Eduardo Rivadavia",Livin' Ain't No Crime,Unknown,https://www.youtube.com/watch?v=Cqpp_1fXWV4&pp=ygUdSGVsbG93ZWVuIExpdmluIEFpbnQgTm8gQ3JpbWU%3D,ERROR: Private/Dead/Protected
Helloween,https://lastfm.freetls.fastly.net/i/u/300x300/415a0fb05b4cb67191810dab214ccf4d.jpg,Helloween,2021-06-16,"Alongside Switzerland's Celtic Frost and Sweden's Bathory, Germany's Helloween are possibly the most influential heavy metal band to come out of Europe during the '80s. By taking the hard-riffing and minor-key melodies handed down from metal masters like Judas Priest and Iron Maiden, and infusing them with the speed and energy introduced by the burgeoning thrash metal movement, Helloween crystallized the sonic ingredients of what is now known as power metal. The group hit their commercial peak in the late '80s with the release of the two-volume Keeper of the Seven Keys, which helped make them the benchmark by which most every power metal band is measured. Their meteoric rise was interrupted by internal strife and unfortunate business decisions, but Helloween took their hard-knock lessons in stride and continued to prosper well into the 2010s and 2020s in the international metal arena on their own terms.
Helloween were formed in Hamburg, Germany, by guitarists Kai Hansen and Michael Weikath, bassist Markus Grosskopf, and drummer Ingo Schwichtenberg. Originally named Second Hell and then Iron Fist before morphing into Helloween in 1982, they signed with Germany's own fledgling Noise International two years later. With Hansen also handling vocals and the bulk of songwriting duties, the quartet recorded its self-titled debut mini-album in early 1985. The full-length Walls of Jericho and the Judas maxi-single followed the year after, and the media was soon buzzing over the band's thrash-fueled interpretation of classic heavy metal. Countless fans across Continental Europe were also fast converting to the band's cause, but Hansen remained dissatisfied with his singing ability, and felt Helloween needed a proper frontman in order to achieve their full potential. Enter teenage vocalist Michael Kiske, whose high-pitched delivery followed in the footsteps of previous heavy metal banshees like Rob Halford and Bruce Dickinson.
The new chemistry proved as explosive on-stage as it did in the studio, and with their classic lineup now intact, Helloween were ready for the big time. Returning to the studio in early 1987, the band emerged in May with Keeper of the Seven Keys, Pt. 1, a landmark recording that arguably remains the single most influential power metal album to date. Its volatile combination of power and melody would inspire an entire generation of metal bands, and transformed Helloween into bona fide superstars all over Europe and the U.K., even making tentative inroads into America at the time. The band toured relentlessly for the rest of the year and into 1988 (including a lengthy opening stint with Iron Maiden), but despite this manic work schedule, Helloween still found time to record the aptly titled Keeper of the Seven Keys, Pt. 2. Released in September 1988, the record was another blockbuster that crashed the U.K. Top 30, but its uneven songwriting (especially from longtime leader Kai Hansen) revealed the beginnings of a major band crisis.
Helloween's watershed performance at that year's Donington Monsters of Rock Festival proved to be their crowning glory, but for Hansen, his dream-come-true also represented the culmination of his ambitions for the group. Shockingly, the guitarist soon announced his departure from the band he had helmed to the top, claiming that Helloween were now too big a beast for him to control. (He would soon make a fresh start with a new outfit called Gamma Ray, which, to no one's surprise, sounded remarkably like Helloween.) But the remaining members of Helloween weren't about to let their shot at stardom slip away, and after drafting former Rampage guitarist Roland Grapow, they got right back to work with a sold-out tour of the U.K. Impressed by the band's momentum, giant EMI stepped in and offered to sign Helloween away from the ever-troubled Noise Records, but in doing so, wound up igniting a legal dispute that would sideline the group for nearly two years. Several live albums (Live in the U.K. in Europe, Keepers Live in Japan, and I Want Out: Live in the U.S.) were released to distract fans during this hiatus, and the band obtained added support from the mighty Sanctuary management team (Iron Maiden, W.A.S.P., etc.) to boot.
Confident that they'd accumulated little if any rust from their extended layoff, Helloween finally returned to action with Pink Bubbles Go Ape in 1991. But no amount of EMI or Sanctuary muscle could compensate for the scattered, unfocused songwriting that dominated the album. Furthermore, the band's quirky attempts at humor had grown so forced that fans weren't sure what to make of furious metal anthems with names like the title track and ""Heavy Metal Hamsters."" The record bombed in no uncertain terms, as did its even more schizophrenic follow-up, Chameleon. Recorded in 1993 by an obviously shell-shocked band, its poor showing only exacerbated growing internal dissension, which culminated with the ousting of both Kiske (off to launch a solo career) and Schwichtenberg (due to drug-related physical and mental health issues). Fair-weather friends EMI and Sanctuary also decided to cut their losses at this time, leaving the shattered remains of Helloween to fend for themselves. Attempting to regroup as fast as possible, Helloween brought in new singer Andi Deris and drummer Uli Kusch to record 1994's Master of the Rings, a small but determined step in the right direction. Then tragedy struck, when former drummer Ingo Schwichtenberg -- a diagnosed manic depressive whose worsening condition had been partly to blame for his dismissal -- took his own life, throwing himself in front of a train near his native Hamburg.
Shaken to the core but as driven as ever, Helloween dedicated 1996's The Time of the Oath to their fallen friend, and, coincidentally, the album turned out to be the strongest since their glory years, doing much to resurrect their career. The ensuing tour spawned the double-disc set High Live and confirmed the band's return to form as major players in the international metal arena (in Europe and Japan, they were arguably bigger than ever). Helloween continued to prosper with 1998's Better Than Raw, 1999's celebratory Metal Jukebox covers album, and 2000's brooding The Dark Ride, and not even the departure of longtime members Grapow and Kusch could slow them for long. Now regarded as elder statesmen of Euro-metal, Helloween celebrated their achievements with 2002's Treasure Chest greatest-hits set. This was followed by 2003's Rabbit Don't Come Easy, which introduced new guitarist Sascha Gerstner and featured Motörhead's Mikkey Dee guesting on drums until a permanent replacement could be found in Stefan Schwarzmann (ex-U.D.O., Running Wild, and many more). Schwarzmann left the group in 2005 and was replaced by Rawhead Rex drummer Dani Löble, who appeared on that year's critically acclaimed Keeper of the Seven Keys: The Legacy. Gambling with the Devil, which has been cited by fans as being one the group's best Andi Deris-era releases, arrived in 2007, and was followed by the hard-hitting 7 Sinners in 2010. Their 14th album, Straight Out of Hell, arrived on the End Records in early 2013, followed by My God-Given Right in May 2015, the latter of which marked the group's return to Nuclear Blast. In 2016, Kai Hansen and Michael Kiske re-joined the group for a planned 2017-2018 tour, with Kiske and Deris performing their respective Helloween works. A single, the rousing ""Pumpkins United,"" arrived in 2017, followed in 2018 by Starlight, a deluxe, limited-edition box set containing all the band's Noise Records recordings, including material that has been long out of print. The 2019 live set United Alive in Madrid was recorded during a 2017 show in Spain and featured the dueling vocals of Kiske and Deris alongside Hansen's lead guitar. Two years later the band released their eponymous 16th studio LP, which marked the first Helloween album to include Hansen since 1988's Keeper of the Seven Keys: Part II and the first effort with Kiske since 1993's Chameleon. ~ Eduardo Rivadavia",Skyfall,Unknown,https://www.youtube.com/watch?v=gLV530n3kMw&pp=ygURSGVsbG93ZWVuIFNreWZhbGw%3D,ERROR: Private/Dead/Protected
"Keeper of the Seven Keys, Pt. I (Expanded Edition)",https://lastfm.freetls.fastly.net/i/u/300x300/a2463ffc38acae5ed1e0a7837dbe28a6.jpg,Helloween,1987-04-21,"Alongside Switzerland's Celtic Frost and Sweden's Bathory, Germany's Helloween are possibly the most influential heavy metal band to come out of Europe during the '80s. By taking the hard-riffing and minor-key melodies handed down from metal masters like Judas Priest and Iron Maiden, and infusing them with the speed and energy introduced by the burgeoning thrash metal movement, Helloween crystallized the sonic ingredients of what is now known as power metal. The group hit their commercial peak in the late '80s with the release of the two-volume Keeper of the Seven Keys, which helped make them the benchmark by which most every power metal band is measured. Their meteoric rise was interrupted by internal strife and unfortunate business decisions, but Helloween took their hard-knock lessons in stride and continued to prosper well into the 2010s and 2020s in the international metal arena on their own terms.
Helloween were formed in Hamburg, Germany, by guitarists Kai Hansen and Michael Weikath, bassist Markus Grosskopf, and drummer Ingo Schwichtenberg. Originally named Second Hell and then Iron Fist before morphing into Helloween in 1982, they signed with Germany's own fledgling Noise International two years later. With Hansen also handling vocals and the bulk of songwriting duties, the quartet recorded its self-titled debut mini-album in early 1985. The full-length Walls of Jericho and the Judas maxi-single followed the year after, and the media was soon buzzing over the band's thrash-fueled interpretation of classic heavy metal. Countless fans across Continental Europe were also fast converting to the band's cause, but Hansen remained dissatisfied with his singing ability, and felt Helloween needed a proper frontman in order to achieve their full potential. Enter teenage vocalist Michael Kiske, whose high-pitched delivery followed in the footsteps of previous heavy metal banshees like Rob Halford and Bruce Dickinson.
The new chemistry proved as explosive on-stage as it did in the studio, and with their classic lineup now intact, Helloween were ready for the big time. Returning to the studio in early 1987, the band emerged in May with Keeper of the Seven Keys, Pt. 1, a landmark recording that arguably remains the single most influential power metal album to date. Its volatile combination of power and melody would inspire an entire generation of metal bands, and transformed Helloween into bona fide superstars all over Europe and the U.K., even making tentative inroads into America at the time. The band toured relentlessly for the rest of the year and into 1988 (including a lengthy opening stint with Iron Maiden), but despite this manic work schedule, Helloween still found time to record the aptly titled Keeper of the Seven Keys, Pt. 2. Released in September 1988, the record was another blockbuster that crashed the U.K. Top 30, but its uneven songwriting (especially from longtime leader Kai Hansen) revealed the beginnings of a major band crisis.
Helloween's watershed performance at that year's Donington Monsters of Rock Festival proved to be their crowning glory, but for Hansen, his dream-come-true also represented the culmination of his ambitions for the group. Shockingly, the guitarist soon announced his departure from the band he had helmed to the top, claiming that Helloween were now too big a beast for him to control. (He would soon make a fresh start with a new outfit called Gamma Ray, which, to no one's surprise, sounded remarkably like Helloween.) But the remaining members of Helloween weren't about to let their shot at stardom slip away, and after drafting former Rampage guitarist Roland Grapow, they got right back to work with a sold-out tour of the U.K. Impressed by the band's momentum, giant EMI stepped in and offered to sign Helloween away from the ever-troubled Noise Records, but in doing so, wound up igniting a legal dispute that would sideline the group for nearly two years. Several live albums (Live in the U.K. in Europe, Keepers Live in Japan, and I Want Out: Live in the U.S.) were released to distract fans during this hiatus, and the band obtained added support from the mighty Sanctuary management team (Iron Maiden, W.A.S.P., etc.) to boot.
Confident that they'd accumulated little if any rust from their extended layoff, Helloween finally returned to action with Pink Bubbles Go Ape in 1991. But no amount of EMI or Sanctuary muscle could compensate for the scattered, unfocused songwriting that dominated the album. Furthermore, the band's quirky attempts at humor had grown so forced that fans weren't sure what to make of furious metal anthems with names like the title track and ""Heavy Metal Hamsters."" The record bombed in no uncertain terms, as did its even more schizophrenic follow-up, Chameleon. Recorded in 1993 by an obviously shell-shocked band, its poor showing only exacerbated growing internal dissension, which culminated with the ousting of both Kiske (off to launch a solo career) and Schwichtenberg (due to drug-related physical and mental health issues). Fair-weather friends EMI and Sanctuary also decided to cut their losses at this time, leaving the shattered remains of Helloween to fend for themselves. Attempting to regroup as fast as possible, Helloween brought in new singer Andi Deris and drummer Uli Kusch to record 1994's Master of the Rings, a small but determined step in the right direction. Then tragedy struck, when former drummer Ingo Schwichtenberg -- a diagnosed manic depressive whose worsening condition had been partly to blame for his dismissal -- took his own life, throwing himself in front of a train near his native Hamburg.
Shaken to the core but as driven as ever, Helloween dedicated 1996's The Time of the Oath to their fallen friend, and, coincidentally, the album turned out to be the strongest since their glory years, doing much to resurrect their career. The ensuing tour spawned the double-disc set High Live and confirmed the band's return to form as major players in the international metal arena (in Europe and Japan, they were arguably bigger than ever). Helloween continued to prosper with 1998's Better Than Raw, 1999's celebratory Metal Jukebox covers album, and 2000's brooding The Dark Ride, and not even the departure of longtime members Grapow and Kusch could slow them for long. Now regarded as elder statesmen of Euro-metal, Helloween celebrated their achievements with 2002's Treasure Chest greatest-hits set. This was followed by 2003's Rabbit Don't Come Easy, which introduced new guitarist Sascha Gerstner and featured Motörhead's Mikkey Dee guesting on drums until a permanent replacement could be found in Stefan Schwarzmann (ex-U.D.O., Running Wild, and many more). Schwarzmann left the group in 2005 and was replaced by Rawhead Rex drummer Dani Löble, who appeared on that year's critically acclaimed Keeper of the Seven Keys: The Legacy. Gambling with the Devil, which has been cited by fans as being one the group's best Andi Deris-era releases, arrived in 2007, and was followed by the hard-hitting 7 Sinners in 2010. Their 14th album, Straight Out of Hell, arrived on the End Records in early 2013, followed by My God-Given Right in May 2015, the latter of which marked the group's return to Nuclear Blast. In 2016, Kai Hansen and Michael Kiske re-joined the group for a planned 2017-2018 tour, with Kiske and Deris performing their respective Helloween works. A single, the rousing ""Pumpkins United,"" arrived in 2017, followed in 2018 by Starlight, a deluxe, limited-edition box set containing all the band's Noise Records recordings, including material that has been long out of print. The 2019 live set United Alive in Madrid was recorded during a 2017 show in Spain and featured the dueling vocals of Kiske and Deris alongside Hansen's lead guitar. Two years later the band released their eponymous 16th studio LP, which marked the first Helloween album to include Hansen since 1988's Keeper of the Seven Keys: Part II and the first effort with Kiske since 1993's Chameleon. ~ Eduardo Rivadavia",Future World,Unknown,https://www.youtube.com/watch?v=zrStNhwvQHU&pp=ygUWSGVsbG93ZWVuIEZ1dHVyZSBXb3JsZA%3D%3D,ERROR: Private/Dead/Protected
Walls of Jericho,https://lastfm.freetls.fastly.net/i/u/300x300/b38a41deb6c95bfedbbcde9137ccd840.png,Helloween,1987-01-01,"Alongside Switzerland's Celtic Frost and Sweden's Bathory, Germany's Helloween are possibly the most influential heavy metal band to come out of Europe during the '80s. By taking the hard-riffing and minor-key melodies handed down from metal masters like Judas Priest and Iron Maiden, and infusing them with the speed and energy introduced by the burgeoning thrash metal movement, Helloween crystallized the sonic ingredients of what is now known as power metal. The group hit their commercial peak in the late '80s with the release of the two-volume Keeper of the Seven Keys, which helped make them the benchmark by which most every power metal band is measured. Their meteoric rise was interrupted by internal strife and unfortunate business decisions, but Helloween took their hard-knock lessons in stride and continued to prosper well into the 2010s and 2020s in the international metal arena on their own terms.
Helloween were formed in Hamburg, Germany, by guitarists Kai Hansen and Michael Weikath, bassist Markus Grosskopf, and drummer Ingo Schwichtenberg. Originally named Second Hell and then Iron Fist before morphing into Helloween in 1982, they signed with Germany's own fledgling Noise International two years later. With Hansen also handling vocals and the bulk of songwriting duties, the quartet recorded its self-titled debut mini-album in early 1985. The full-length Walls of Jericho and the Judas maxi-single followed the year after, and the media was soon buzzing over the band's thrash-fueled interpretation of classic heavy metal. Countless fans across Continental Europe were also fast converting to the band's cause, but Hansen remained dissatisfied with his singing ability, and felt Helloween needed a proper frontman in order to achieve their full potential. Enter teenage vocalist Michael Kiske, whose high-pitched delivery followed in the footsteps of previous heavy metal banshees like Rob Halford and Bruce Dickinson.
The new chemistry proved as explosive on-stage as it did in the studio, and with their classic lineup now intact, Helloween were ready for the big time. Returning to the studio in early 1987, the band emerged in May with Keeper of the Seven Keys, Pt. 1, a landmark recording that arguably remains the single most influential power metal album to date. Its volatile combination of power and melody would inspire an entire generation of metal bands, and transformed Helloween into bona fide superstars all over Europe and the U.K., even making tentative inroads into America at the time. The band toured relentlessly for the rest of the year and into 1988 (including a lengthy opening stint with Iron Maiden), but despite this manic work schedule, Helloween still found time to record the aptly titled Keeper of the Seven Keys, Pt. 2. Released in September 1988, the record was another blockbuster that crashed the U.K. Top 30, but its uneven songwriting (especially from longtime leader Kai Hansen) revealed the beginnings of a major band crisis.
Helloween's watershed performance at that year's Donington Monsters of Rock Festival proved to be their crowning glory, but for Hansen, his dream-come-true also represented the culmination of his ambitions for the group. Shockingly, the guitarist soon announced his departure from the band he had helmed to the top, claiming that Helloween were now too big a beast for him to control. (He would soon make a fresh start with a new outfit called Gamma Ray, which, to no one's surprise, sounded remarkably like Helloween.) But the remaining members of Helloween weren't about to let their shot at stardom slip away, and after drafting former Rampage guitarist Roland Grapow, they got right back to work with a sold-out tour of the U.K. Impressed by the band's momentum, giant EMI stepped in and offered to sign Helloween away from the ever-troubled Noise Records, but in doing so, wound up igniting a legal dispute that would sideline the group for nearly two years. Several live albums (Live in the U.K. in Europe, Keepers Live in Japan, and I Want Out: Live in the U.S.) were released to distract fans during this hiatus, and the band obtained added support from the mighty Sanctuary management team (Iron Maiden, W.A.S.P., etc.) to boot.
Confident that they'd accumulated little if any rust from their extended layoff, Helloween finally returned to action with Pink Bubbles Go Ape in 1991. But no amount of EMI or Sanctuary muscle could compensate for the scattered, unfocused songwriting that dominated the album. Furthermore, the band's quirky attempts at humor had grown so forced that fans weren't sure what to make of furious metal anthems with names like the title track and ""Heavy Metal Hamsters."" The record bombed in no uncertain terms, as did its even more schizophrenic follow-up, Chameleon. Recorded in 1993 by an obviously shell-shocked band, its poor showing only exacerbated growing internal dissension, which culminated with the ousting of both Kiske (off to launch a solo career) and Schwichtenberg (due to drug-related physical and mental health issues). Fair-weather friends EMI and Sanctuary also decided to cut their losses at this time, leaving the shattered remains of Helloween to fend for themselves. Attempting to regroup as fast as possible, Helloween brought in new singer Andi Deris and drummer Uli Kusch to record 1994's Master of the Rings, a small but determined step in the right direction. Then tragedy struck, when former drummer Ingo Schwichtenberg -- a diagnosed manic depressive whose worsening condition had been partly to blame for his dismissal -- took his own life, throwing himself in front of a train near his native Hamburg.
Shaken to the core but as driven as ever, Helloween dedicated 1996's The Time of the Oath to their fallen friend, and, coincidentally, the album turned out to be the strongest since their glory years, doing much to resurrect their career. The ensuing tour spawned the double-disc set High Live and confirmed the band's return to form as major players in the international metal arena (in Europe and Japan, they were arguably bigger than ever). Helloween continued to prosper with 1998's Better Than Raw, 1999's celebratory Metal Jukebox covers album, and 2000's brooding The Dark Ride, and not even the departure of longtime members Grapow and Kusch could slow them for long. Now regarded as elder statesmen of Euro-metal, Helloween celebrated their achievements with 2002's Treasure Chest greatest-hits set. This was followed by 2003's Rabbit Don't Come Easy, which introduced new guitarist Sascha Gerstner and featured Motörhead's Mikkey Dee guesting on drums until a permanent replacement could be found in Stefan Schwarzmann (ex-U.D.O., Running Wild, and many more). Schwarzmann left the group in 2005 and was replaced by Rawhead Rex drummer Dani Löble, who appeared on that year's critically acclaimed Keeper of the Seven Keys: The Legacy. Gambling with the Devil, which has been cited by fans as being one the group's best Andi Deris-era releases, arrived in 2007, and was followed by the hard-hitting 7 Sinners in 2010. Their 14th album, Straight Out of Hell, arrived on the End Records in early 2013, followed by My God-Given Right in May 2015, the latter of which marked the group's return to Nuclear Blast. In 2016, Kai Hansen and Michael Kiske re-joined the group for a planned 2017-2018 tour, with Kiske and Deris performing their respective Helloween works. A single, the rousing ""Pumpkins United,"" arrived in 2017, followed in 2018 by Starlight, a deluxe, limited-edition box set containing all the band's Noise Records recordings, including material that has been long out of print. The 2019 live set United Alive in Madrid was recorded during a 2017 show in Spain and featured the dueling vocals of Kiske and Deris alongside Hansen's lead guitar. Two years later the band released their eponymous 16th studio LP, which marked the first Helloween album to include Hansen since 1988's Keeper of the Seven Keys: Part II and the first effort with Kiske since 1993's Chameleon. ~ Eduardo Rivadavia",Guardians,Unknown,https://www.youtube.com/watch?v=9XIv6vaaIM4&pp=ygUTSGVsbG93ZWVuIEd1YXJkaWFucw%3D%3D,ERROR: Private/Dead/Protected
Judgment Night,https://lastfm.freetls.fastly.net/i/u/300x300/b4105a2f7f364a67a5502e3900dbb166.png,Helmet & House of Pain,1993-09-14,,Just Another Victim,Unknown,https://www.youtube.com/watch?v=YhTffL5-9d4&pp=ygUoSGVsbWV0IEhvdXNlIG9mIFBhaW4gSnVzdCBBbm90aGVyIFZpY3RpbdIHCQl-CQGHKiGM7w%3D%3D,ERROR: Private/Dead/Protected
Nihilist,https://lastfm.freetls.fastly.net/i/u/300x300/919877682a921fb6479c86016b4d1cfb.jpg,Henrik Palm,2020-08-28,,Nihilist,Unknown,https://www.youtube.com/watch?v=rejcDv2Sfww&pp=ygUUSGVucmlrIFBhbG0gTmloaWxpc3Q%3D,ERROR: Private/Dead/Protected
Räyh!,https://lastfm.freetls.fastly.net/i/u/300x300/9a0b2f01a1b04b5fa7fed88f372f7b4b.jpg,Hevisaurus,2011-09-26,"High atop a magical mountain, a coven of witches chanted spells as lightning struck the earth. Five eggs made of metal were revealed underneath, hatching a group of prehistoric creatures with a serious need to rock. Thus HeviSaurus was born, or so the legend goes. Formed in 2009 by five Finnish parents who wanted some kid-friendly power metal for their own children, HeviSaurus proclaimed their love of milk and cookies, burping, furry animals, and the importance of school, garnering immense popularity with their target audience and parents alike. The studio band is comprised of Herra Hevisaurus (tyrannosaurus on vocals), Milli Pilli (triceratops on keyboards), Komppi Momppi (apatosaurus on drums), Riffi Raffi (a dragon on guitar), and Muffi Puffi (stegosaurus on bass), while performers in their live concerts rotate. After their 2009 debut, Jurahevin Kuninkaat (""Kings of Jurassic Metal""), they released successively popular albums, peaking in 2012 with the Finnish-chart-topper, Kadonneen Louhikaarmeen Arvoitus. Though signed with Sony Music Finland, a contract dispute in 2011 briefly forced the creation of a competitor band -- made up of the same human members -- called SauruXet, who only released one album, Saurusplaneetta. In Argentina, they even have some franchise counterparts -- Heavysaurios -- who sing the same songs, but in Spanish. They won Finnish and Argentinian Grammy-equivalents for Best Children's Music, opened amusement parks, and starred in video games and a full-length movie. Their sixth set, Vihrea Vallankumous, followed in 2013, rising to the Top Ten of the Finnish charts. In 2015, they issued Soittakaa Juranoid!, home to single ""Juranoid."" That year, word spread to the United States, exposing them to a new audience. The beastly quintet returned in 2017 with Mikä Minusta Tulee Isona? (""What Will I Be When I Grow Up?""). ~ Neil Z. Yeung",Pirkolla on purkkaa,Unknown,https://www.youtube.com/watch?v=qxSWsqg6Q7k&pp=ygUgSGV2aXNhdXJ1cyAtIFBpcmtvbGxhIG9uIHB1cmtrYWE%3D,ERROR: Private/Dead/Protected
Soittakaa Juranoid!,https://lastfm.freetls.fastly.net/i/u/300x300/91236ec36dcddd18dd1c621914c58d17.jpg,Hevisaurus,2015-10-09,"High atop a magical mountain, a coven of witches chanted spells as lightning struck the earth. Five eggs made of metal were revealed underneath, hatching a group of prehistoric creatures with a serious need to rock. Thus HeviSaurus was born, or so the legend goes. Formed in 2009 by five Finnish parents who wanted some kid-friendly power metal for their own children, HeviSaurus proclaimed their love of milk and cookies, burping, furry animals, and the importance of school, garnering immense popularity with their target audience and parents alike. The studio band is comprised of Herra Hevisaurus (tyrannosaurus on vocals), Milli Pilli (triceratops on keyboards), Komppi Momppi (apatosaurus on drums), Riffi Raffi (a dragon on guitar), and Muffi Puffi (stegosaurus on bass), while performers in their live concerts rotate. After their 2009 debut, Jurahevin Kuninkaat (""Kings of Jurassic Metal""), they released successively popular albums, peaking in 2012 with the Finnish-chart-topper, Kadonneen Louhikaarmeen Arvoitus. Though signed with Sony Music Finland, a contract dispute in 2011 briefly forced the creation of a competitor band -- made up of the same human members -- called SauruXet, who only released one album, Saurusplaneetta. In Argentina, they even have some franchise counterparts -- Heavysaurios -- who sing the same songs, but in Spanish. They won Finnish and Argentinian Grammy-equivalents for Best Children's Music, opened amusement parks, and starred in video games and a full-length movie. Their sixth set, Vihrea Vallankumous, followed in 2013, rising to the Top Ten of the Finnish charts. In 2015, they issued Soittakaa Juranoid!, home to single ""Juranoid."" That year, word spread to the United States, exposing them to a new audience. The beastly quintet returned in 2017 with Mikä Minusta Tulee Isona? (""What Will I Be When I Grow Up?""). ~ Neil Z. Yeung",Juranoid,Unknown,https://www.youtube.com/watch?v=E2eXICPPBdQ&pp=ygUTSGV2aXNhdXJ1cyBKdXJhbm9pZA%3D%3D,ERROR: Private/Dead/Protected
Soittakaa Juranoid!,https://lastfm.freetls.fastly.net/i/u/300x300/91236ec36dcddd18dd1c621914c58d17.jpg,Hevisaurus,2015-10-09,"High atop a magical mountain, a coven of witches chanted spells as lightning struck the earth. Five eggs made of metal were revealed underneath, hatching a group of prehistoric creatures with a serious need to rock. Thus HeviSaurus was born, or so the legend goes. Formed in 2009 by five Finnish parents who wanted some kid-friendly power metal for their own children, HeviSaurus proclaimed their love of milk and cookies, burping, furry animals, and the importance of school, garnering immense popularity with their target audience and parents alike. The studio band is comprised of Herra Hevisaurus (tyrannosaurus on vocals), Milli Pilli (triceratops on keyboards), Komppi Momppi (apatosaurus on drums), Riffi Raffi (a dragon on guitar), and Muffi Puffi (stegosaurus on bass), while performers in their live concerts rotate. After their 2009 debut, Jurahevin Kuninkaat (""Kings of Jurassic Metal""), they released successively popular albums, peaking in 2012 with the Finnish-chart-topper, Kadonneen Louhikaarmeen Arvoitus. Though signed with Sony Music Finland, a contract dispute in 2011 briefly forced the creation of a competitor band -- made up of the same human members -- called SauruXet, who only released one album, Saurusplaneetta. In Argentina, they even have some franchise counterparts -- Heavysaurios -- who sing the same songs, but in Spanish. They won Finnish and Argentinian Grammy-equivalents for Best Children's Music, opened amusement parks, and starred in video games and a full-length movie. Their sixth set, Vihrea Vallankumous, followed in 2013, rising to the Top Ten of the Finnish charts. In 2015, they issued Soittakaa Juranoid!, home to single ""Juranoid."" That year, word spread to the United States, exposing them to a new audience. The beastly quintet returned in 2017 with Mikä Minusta Tulee Isona? (""What Will I Be When I Grow Up?""). ~ Neil Z. Yeung",Lentolisko,Unknown,https://www.youtube.com/watch?v=dHXyfrcyRUc&pp=ygUVSGV2aXNhdXJ1cyBMZW50b2xpc2tv,ERROR: Private/Dead/Protected
Hex,https://lastfm.freetls.fastly.net/i/u/300x300/7b86bb89fe634807baad7a0bebdf1764.jpg,Hex,1989-01-01,"Ex-Game Theory singer Donnette Thayer and Steve Kilbey, the bassist/songwriter for the Church, formed Hex and began recording in the winter of 1988-89. The duo's ethereal pop surfaced on a self-titled album for First Warning in 1989. The LP was later released by Rykodisc in 1990; Vast Halos followed later that same year. ~ John Bush",Diviner,Unknown,https://www.youtube.com/watch?v=VWT6mbbzryo&pp=ygUNSGV4IC0gRGl2aW5lcg%3D%3D,ERROR: Private/Dead/Protected
Hex,https://lastfm.freetls.fastly.net/i/u/300x300/7b86bb89fe634807baad7a0bebdf1764.jpg,Hex,1989-01-01,"Ex-Game Theory singer Donnette Thayer and Steve Kilbey, the bassist/songwriter for the Church, formed Hex and began recording in the winter of 1988-89. The duo's ethereal pop surfaced on a self-titled album for First Warning in 1989. The LP was later released by Rykodisc in 1990; Vast Halos followed later that same year. ~ John Bush",Hermaphrodite,Unknown,https://www.youtube.com/watch?v=KM3aYLfnC1k&pp=ygURSGV4IEhlcm1hcGhyb2RpdGU%3D,ERROR: Private/Dead/Protected
Spirit Goth,,Hibou,2025-05-09,"As Hibou, Seattle-based musician Peter Michel creates a particularly dazed strain of melodic dream pop whose introspective themes often reflect the dissociative disorder from which he suffers. After his debut EP, Dunes, caught the attention of Seattle indie Barsuk Records, he continued to develop his sound over three well-received albums including 2019's Halve.
While still in high school, Michel joined West Coast dream pop outfit Craft Spells and spent almost eight months touring the U.S. and Europe as their drummer. Not long afterward, he developed an unusual disorder called depersonalization, which causes sufferers to feel like they are observing themselves outside of their body. Trying to cope with the anxiety brought on by his disorder, he formed his own project, Hibou, and began crafting hazy bedroom pop songs whose billowing melodies and shimmering guitar parts suggested a dreamlike state. He self-released an EP, Dunes, in 2013 and was subsequently signed to Barsuk, which issued his eponymous home-recorded full-length debut two years later. Having played all the parts himself, Michel employed a touring band to represent Hibou on the road, opening shows for groups like Unknown Mortal Orchestra and Phantogram. To further develop his sound, he worked with a producer, Dylan Wall, in a proper studio and recorded 2018's lusher and more intricate Something Familiar with his touring bandmates. A third Hibou album, Halve, appeared a year later that delved deeper into themes of melancholia and change. ~ Timothy Monger",Hibou - A Sweet Thought,Unknown,https://www.youtube.com/watch?v=Dx9qXflJMvs&pp=ygUfSGlib3UgLSBIaWJvdSAtIEEgU3dlZXQgVGhvdWdodA%3D%3D,ERROR: Private/Dead/Protected
"Ja, Zoo",https://lastfm.freetls.fastly.net/i/u/300x300/9a1f3f3ba05771d946d60b37c13bc68d.png,hide with Spread Beaver,1998-11-21,"hide with Spread Beaver was a Japanese rock band formed in the late '90s. Vocalist and guitarist, hide, formed the band after the disbandment of his previous group, X JAPAN. Most of the members of Spread Beaver were originally hide's live musicians for his two solo tours, but the group only formally became ""hide with Spread Beaver"" at the end of 1997. They released one single and recorded one more before the unexpected death of their vocalist. Their first and only album, Ja,Zoo, was still incomplete at the time of hide's death, with only three songs recorded. However, the album was finished by I.N.A. and released months later. Spread Beaver made good on hide's promise to fans that they would tour in 1998 and were joined onstage by a number of other friends and peers of hide in the course of the tour. The members moved on to other groups after the disbandment of Spread Beaver. MEMBERS: hide: Vocals/Guitar Kiyoshi: Guitar K.A.Z.: Guitar Chirolyn: Bass D.I.E: Keyboard I.N.A: Percussion/Programming Joe: Drums I.N.A. was the longest-standing member of Spread Beaver, having worked with hide from the very beginning of his solo career. He can be spotted in the earliest videos, before the rest of hide's permanent live band was formed. He also worked with hide in the transcontinental project Zilch. After Spread Beaver, I.N.A. formed Dope HEADz with Pata and Heath from X Japan and Sonic Storage with K.A.Z. He still works as a programmer/DJ/mixer both alone and for a number of other bands, including X Japan. Recently he was involved with the rock musical Pink Spider. Kiyoshi was recruited by hide from MEDIA YOUTH for the Psyence tour, replacing former guitarist Ran. After Spread Beaver he joined/formed the groups machine (with Hakuei of Penicillin), Madbeavers (with Joe), LUCY (with Imai Hisashi of BUCK-TICK) and Kiyoshi SUPERNOVA . Joe joined Spread Beaver from 44 MAGNUM and Ziggy. Now he is a member of Madbeavers, while working as a session drummer for a variety of artists. Very little is known of Chirolyn's career before his work with hide. After Spread Beaver, Chirolyn was the bassist for Madbeavers until September 2007, while also working with his own project Chirolyn & the Angels. He has performed as a session bassist for a number of other performers including GACKT and Tomoyasu Hotei. In 2011, he released a solo EP as CHIROLYN. D.I.E. is a lifelong session keyboard player who still performs regularly as a solo artist, often having surprise special guests turning up to join in. He is a permanent member of Ra:IN (with Pata) and Kiss the World, and also plays with Kiyoshi in Kiyoshi SUPERNOVA. K.A.Z. was the last member of Spread Beaver to join, while still working with his original band Oblivion Dust. Presumably, hide recruited him as a permanent second guitarist in place of Pata, who performed in that capacity as a special guest on hide's tours. After Spread Beaver disbanded, K.A.Z. joined groups such as Spin Aqua (with singer/actor/model Anna Tsuchiya). He also formed the group Sonic Storage with I.N.A. and has most recently been active with VAMPS, a joint project with Hyde (L'Arc~en~Ciel). DISCOGRAPHY: Singles: * \1998.01.28] ROCKET DIVE * [1998.05.13] Pink Spider * [1998.05.27] ever free * [1998.10.21] HURRY GO ROUND * [2000.01.19] TELL ME with Spread Beaver Album: * [1998.11.21] Ja,Zoo [Read more on Last.fm. User-contributed text is available under the Creative Commons By-SA License; additional terms may apply.",SPREAD BEAVER,Unknown,https://www.youtube.com/watch?v=nHeW7o_17Cs&pp=ygUlaGlkZSB3aXRoIFNwcmVhZCBCZWF2ZXIgU1BSRUFEIEJFQVZFUg%3D%3D,ERROR: Private/Dead/Protected
"Ja, Zoo",https://lastfm.freetls.fastly.net/i/u/300x300/9a1f3f3ba05771d946d60b37c13bc68d.png,hide with Spread Beaver,1998-11-21,"hide with Spread Beaver was a Japanese rock band formed in the late '90s. Vocalist and guitarist, hide, formed the band after the disbandment of his previous group, X JAPAN. Most of the members of Spread Beaver were originally hide's live musicians for his two solo tours, but the group only formally became ""hide with Spread Beaver"" at the end of 1997. They released one single and recorded one more before the unexpected death of their vocalist. Their first and only album, Ja,Zoo, was still incomplete at the time of hide's death, with only three songs recorded. However, the album was finished by I.N.A. and released months later. Spread Beaver made good on hide's promise to fans that they would tour in 1998 and were joined onstage by a number of other friends and peers of hide in the course of the tour. The members moved on to other groups after the disbandment of Spread Beaver. MEMBERS: hide: Vocals/Guitar Kiyoshi: Guitar K.A.Z.: Guitar Chirolyn: Bass D.I.E: Keyboard I.N.A: Percussion/Programming Joe: Drums I.N.A. was the longest-standing member of Spread Beaver, having worked with hide from the very beginning of his solo career. He can be spotted in the earliest videos, before the rest of hide's permanent live band was formed. He also worked with hide in the transcontinental project Zilch. After Spread Beaver, I.N.A. formed Dope HEADz with Pata and Heath from X Japan and Sonic Storage with K.A.Z. He still works as a programmer/DJ/mixer both alone and for a number of other bands, including X Japan. Recently he was involved with the rock musical Pink Spider. Kiyoshi was recruited by hide from MEDIA YOUTH for the Psyence tour, replacing former guitarist Ran. After Spread Beaver he joined/formed the groups machine (with Hakuei of Penicillin), Madbeavers (with Joe), LUCY (with Imai Hisashi of BUCK-TICK) and Kiyoshi SUPERNOVA . Joe joined Spread Beaver from 44 MAGNUM and Ziggy. Now he is a member of Madbeavers, while working as a session drummer for a variety of artists. Very little is known of Chirolyn's career before his work with hide. After Spread Beaver, Chirolyn was the bassist for Madbeavers until September 2007, while also working with his own project Chirolyn & the Angels. He has performed as a session bassist for a number of other performers including GACKT and Tomoyasu Hotei. In 2011, he released a solo EP as CHIROLYN. D.I.E. is a lifelong session keyboard player who still performs regularly as a solo artist, often having surprise special guests turning up to join in. He is a permanent member of Ra:IN (with Pata) and Kiss the World, and also plays with Kiyoshi in Kiyoshi SUPERNOVA. K.A.Z. was the last member of Spread Beaver to join, while still working with his original band Oblivion Dust. Presumably, hide recruited him as a permanent second guitarist in place of Pata, who performed in that capacity as a special guest on hide's tours. After Spread Beaver disbanded, K.A.Z. joined groups such as Spin Aqua (with singer/actor/model Anna Tsuchiya). He also formed the group Sonic Storage with I.N.A. and has most recently been active with VAMPS, a joint project with Hyde (L'Arc~en~Ciel). DISCOGRAPHY: Singles: * \1998.01.28] ROCKET DIVE * [1998.05.13] Pink Spider * [1998.05.27] ever free * [1998.10.21] HURRY GO ROUND * [2000.01.19] TELL ME with Spread Beaver Album: * [1998.11.21] Ja,Zoo [Read more on Last.fm. User-contributed text is available under the Creative Commons By-SA License; additional terms may apply.",ROCKET DIVE,Unknown,https://www.youtube.com/watch?v=oHByq47avOc&pp=ygUjaGlkZSB3aXRoIFNwcmVhZCBCZWF2ZXIgUk9DS0VUIERJVkU%3D,ERROR: Private/Dead/Protected
"Ja, Zoo",https://lastfm.freetls.fastly.net/i/u/300x300/9a1f3f3ba05771d946d60b37c13bc68d.png,hide with Spread Beaver,1998-11-21,"hide with Spread Beaver was a Japanese rock band formed in the late '90s. Vocalist and guitarist, hide, formed the band after the disbandment of his previous group, X JAPAN. Most of the members of Spread Beaver were originally hide's live musicians for his two solo tours, but the group only formally became ""hide with Spread Beaver"" at the end of 1997. They released one single and recorded one more before the unexpected death of their vocalist. Their first and only album, Ja,Zoo, was still incomplete at the time of hide's death, with only three songs recorded. However, the album was finished by I.N.A. and released months later. Spread Beaver made good on hide's promise to fans that they would tour in 1998 and were joined onstage by a number of other friends and peers of hide in the course of the tour. The members moved on to other groups after the disbandment of Spread Beaver. MEMBERS: hide: Vocals/Guitar Kiyoshi: Guitar K.A.Z.: Guitar Chirolyn: Bass D.I.E: Keyboard I.N.A: Percussion/Programming Joe: Drums I.N.A. was the longest-standing member of Spread Beaver, having worked with hide from the very beginning of his solo career. He can be spotted in the earliest videos, before the rest of hide's permanent live band was formed. He also worked with hide in the transcontinental project Zilch. After Spread Beaver, I.N.A. formed Dope HEADz with Pata and Heath from X Japan and Sonic Storage with K.A.Z. He still works as a programmer/DJ/mixer both alone and for a number of other bands, including X Japan. Recently he was involved with the rock musical Pink Spider. Kiyoshi was recruited by hide from MEDIA YOUTH for the Psyence tour, replacing former guitarist Ran. After Spread Beaver he joined/formed the groups machine (with Hakuei of Penicillin), Madbeavers (with Joe), LUCY (with Imai Hisashi of BUCK-TICK) and Kiyoshi SUPERNOVA . Joe joined Spread Beaver from 44 MAGNUM and Ziggy. Now he is a member of Madbeavers, while working as a session drummer for a variety of artists. Very little is known of Chirolyn's career before his work with hide. After Spread Beaver, Chirolyn was the bassist for Madbeavers until September 2007, while also working with his own project Chirolyn & the Angels. He has performed as a session bassist for a number of other performers including GACKT and Tomoyasu Hotei. In 2011, he released a solo EP as CHIROLYN. D.I.E. is a lifelong session keyboard player who still performs regularly as a solo artist, often having surprise special guests turning up to join in. He is a permanent member of Ra:IN (with Pata) and Kiss the World, and also plays with Kiyoshi in Kiyoshi SUPERNOVA. K.A.Z. was the last member of Spread Beaver to join, while still working with his original band Oblivion Dust. Presumably, hide recruited him as a permanent second guitarist in place of Pata, who performed in that capacity as a special guest on hide's tours. After Spread Beaver disbanded, K.A.Z. joined groups such as Spin Aqua (with singer/actor/model Anna Tsuchiya). He also formed the group Sonic Storage with I.N.A. and has most recently been active with VAMPS, a joint project with Hyde (L'Arc~en~Ciel). DISCOGRAPHY: Singles: * \1998.01.28] ROCKET DIVE * [1998.05.13] Pink Spider * [1998.05.27] ever free * [1998.10.21] HURRY GO ROUND * [2000.01.19] TELL ME with Spread Beaver Album: * [1998.11.21] Ja,Zoo [Read more on Last.fm. User-contributed text is available under the Creative Commons By-SA License; additional terms may apply.",LEATHER FACE,Unknown,https://www.youtube.com/watch?v=CG8h-Jj-xK0&pp=ygUkaGlkZSB3aXRoIFNwcmVhZCBCZWF2ZXIgTEVBVEhFUiBGQUNF,ERROR: Private/Dead/Protected
"Ja, Zoo",https://lastfm.freetls.fastly.net/i/u/300x300/9a1f3f3ba05771d946d60b37c13bc68d.png,hide with Spread Beaver,1998-11-21,"hide with Spread Beaver was a Japanese rock band formed in the late '90s. Vocalist and guitarist, hide, formed the band after the disbandment of his previous group, X JAPAN. Most of the members of Spread Beaver were originally hide's live musicians for his two solo tours, but the group only formally became ""hide with Spread Beaver"" at the end of 1997. They released one single and recorded one more before the unexpected death of their vocalist. Their first and only album, Ja,Zoo, was still incomplete at the time of hide's death, with only three songs recorded. However, the album was finished by I.N.A. and released months later. Spread Beaver made good on hide's promise to fans that they would tour in 1998 and were joined onstage by a number of other friends and peers of hide in the course of the tour. The members moved on to other groups after the disbandment of Spread Beaver. MEMBERS: hide: Vocals/Guitar Kiyoshi: Guitar K.A.Z.: Guitar Chirolyn: Bass D.I.E: Keyboard I.N.A: Percussion/Programming Joe: Drums I.N.A. was the longest-standing member of Spread Beaver, having worked with hide from the very beginning of his solo career. He can be spotted in the earliest videos, before the rest of hide's permanent live band was formed. He also worked with hide in the transcontinental project Zilch. After Spread Beaver, I.N.A. formed Dope HEADz with Pata and Heath from X Japan and Sonic Storage with K.A.Z. He still works as a programmer/DJ/mixer both alone and for a number of other bands, including X Japan. Recently he was involved with the rock musical Pink Spider. Kiyoshi was recruited by hide from MEDIA YOUTH for the Psyence tour, replacing former guitarist Ran. After Spread Beaver he joined/formed the groups machine (with Hakuei of Penicillin), Madbeavers (with Joe), LUCY (with Imai Hisashi of BUCK-TICK) and Kiyoshi SUPERNOVA . Joe joined Spread Beaver from 44 MAGNUM and Ziggy. Now he is a member of Madbeavers, while working as a session drummer for a variety of artists. Very little is known of Chirolyn's career before his work with hide. After Spread Beaver, Chirolyn was the bassist for Madbeavers until September 2007, while also working with his own project Chirolyn & the Angels. He has performed as a session bassist for a number of other performers including GACKT and Tomoyasu Hotei. In 2011, he released a solo EP as CHIROLYN. D.I.E. is a lifelong session keyboard player who still performs regularly as a solo artist, often having surprise special guests turning up to join in. He is a permanent member of Ra:IN (with Pata) and Kiss the World, and also plays with Kiyoshi in Kiyoshi SUPERNOVA. K.A.Z. was the last member of Spread Beaver to join, while still working with his original band Oblivion Dust. Presumably, hide recruited him as a permanent second guitarist in place of Pata, who performed in that capacity as a special guest on hide's tours. After Spread Beaver disbanded, K.A.Z. joined groups such as Spin Aqua (with singer/actor/model Anna Tsuchiya). He also formed the group Sonic Storage with I.N.A. and has most recently been active with VAMPS, a joint project with Hyde (L'Arc~en~Ciel). DISCOGRAPHY: Singles: * \1998.01.28] ROCKET DIVE * [1998.05.13] Pink Spider * [1998.05.27] ever free * [1998.10.21] HURRY GO ROUND * [2000.01.19] TELL ME with Spread Beaver Album: * [1998.11.21] Ja,Zoo [Read more on Last.fm. User-contributed text is available under the Creative Commons By-SA License; additional terms may apply.",PINK SPIDER,Unknown,https://www.youtube.com/watch?v=4Sjx2S9NcAY&pp=ygUjaGlkZSB3aXRoIFNwcmVhZCBCZWF2ZXIgUElOSyBTUElERVI%3D,ERROR: Private/Dead/Protected
"Ja, Zoo",https://lastfm.freetls.fastly.net/i/u/300x300/9a1f3f3ba05771d946d60b37c13bc68d.png,hide with Spread Beaver,1998-11-21,"hide with Spread Beaver was a Japanese rock band formed in the late '90s. Vocalist and guitarist, hide, formed the band after the disbandment of his previous group, X JAPAN. Most of the members of Spread Beaver were originally hide's live musicians for his two solo tours, but the group only formally became ""hide with Spread Beaver"" at the end of 1997. They released one single and recorded one more before the unexpected death of their vocalist. Their first and only album, Ja,Zoo, was still incomplete at the time of hide's death, with only three songs recorded. However, the album was finished by I.N.A. and released months later. Spread Beaver made good on hide's promise to fans that they would tour in 1998 and were joined onstage by a number of other friends and peers of hide in the course of the tour. The members moved on to other groups after the disbandment of Spread Beaver. MEMBERS: hide: Vocals/Guitar Kiyoshi: Guitar K.A.Z.: Guitar Chirolyn: Bass D.I.E: Keyboard I.N.A: Percussion/Programming Joe: Drums I.N.A. was the longest-standing member of Spread Beaver, having worked with hide from the very beginning of his solo career. He can be spotted in the earliest videos, before the rest of hide's permanent live band was formed. He also worked with hide in the transcontinental project Zilch. After Spread Beaver, I.N.A. formed Dope HEADz with Pata and Heath from X Japan and Sonic Storage with K.A.Z. He still works as a programmer/DJ/mixer both alone and for a number of other bands, including X Japan. Recently he was involved with the rock musical Pink Spider. Kiyoshi was recruited by hide from MEDIA YOUTH for the Psyence tour, replacing former guitarist Ran. After Spread Beaver he joined/formed the groups machine (with Hakuei of Penicillin), Madbeavers (with Joe), LUCY (with Imai Hisashi of BUCK-TICK) and Kiyoshi SUPERNOVA . Joe joined Spread Beaver from 44 MAGNUM and Ziggy. Now he is a member of Madbeavers, while working as a session drummer for a variety of artists. Very little is known of Chirolyn's career before his work with hide. After Spread Beaver, Chirolyn was the bassist for Madbeavers until September 2007, while also working with his own project Chirolyn & the Angels. He has performed as a session bassist for a number of other performers including GACKT and Tomoyasu Hotei. In 2011, he released a solo EP as CHIROLYN. D.I.E. is a lifelong session keyboard player who still performs regularly as a solo artist, often having surprise special guests turning up to join in. He is a permanent member of Ra:IN (with Pata) and Kiss the World, and also plays with Kiyoshi in Kiyoshi SUPERNOVA. K.A.Z. was the last member of Spread Beaver to join, while still working with his original band Oblivion Dust. Presumably, hide recruited him as a permanent second guitarist in place of Pata, who performed in that capacity as a special guest on hide's tours. After Spread Beaver disbanded, K.A.Z. joined groups such as Spin Aqua (with singer/actor/model Anna Tsuchiya). He also formed the group Sonic Storage with I.N.A. and has most recently been active with VAMPS, a joint project with Hyde (L'Arc~en~Ciel). DISCOGRAPHY: Singles: * \1998.01.28] ROCKET DIVE * [1998.05.13] Pink Spider * [1998.05.27] ever free * [1998.10.21] HURRY GO ROUND * [2000.01.19] TELL ME with Spread Beaver Album: * [1998.11.21] Ja,Zoo [Read more on Last.fm. User-contributed text is available under the Creative Commons By-SA License; additional terms may apply.",DOUBT '97 (MIXED LEMONed JELLY MIX),Unknown,https://www.youtube.com/watch?v=pzjEnP_TK64&pp=ygU4aGlkZSB3aXRoIFNwcmVhZCBCZWF2ZXIgRE9VQlQgOTcgTUlYRUQgTEVNT05lZCBKRUxMWSBNSVg%3D,ERROR: Private/Dead/Protected
"Ja, Zoo",https://lastfm.freetls.fastly.net/i/u/300x300/9a1f3f3ba05771d946d60b37c13bc68d.png,hide with Spread Beaver,1998-11-21,"hide with Spread Beaver was a Japanese rock band formed in the late '90s. Vocalist and guitarist, hide, formed the band after the disbandment of his previous group, X JAPAN. Most of the members of Spread Beaver were originally hide's live musicians for his two solo tours, but the group only formally became ""hide with Spread Beaver"" at the end of 1997. They released one single and recorded one more before the unexpected death of their vocalist. Their first and only album, Ja,Zoo, was still incomplete at the time of hide's death, with only three songs recorded. However, the album was finished by I.N.A. and released months later. Spread Beaver made good on hide's promise to fans that they would tour in 1998 and were joined onstage by a number of other friends and peers of hide in the course of the tour. The members moved on to other groups after the disbandment of Spread Beaver. MEMBERS: hide: Vocals/Guitar Kiyoshi: Guitar K.A.Z.: Guitar Chirolyn: Bass D.I.E: Keyboard I.N.A: Percussion/Programming Joe: Drums I.N.A. was the longest-standing member of Spread Beaver, having worked with hide from the very beginning of his solo career. He can be spotted in the earliest videos, before the rest of hide's permanent live band was formed. He also worked with hide in the transcontinental project Zilch. After Spread Beaver, I.N.A. formed Dope HEADz with Pata and Heath from X Japan and Sonic Storage with K.A.Z. He still works as a programmer/DJ/mixer both alone and for a number of other bands, including X Japan. Recently he was involved with the rock musical Pink Spider. Kiyoshi was recruited by hide from MEDIA YOUTH for the Psyence tour, replacing former guitarist Ran. After Spread Beaver he joined/formed the groups machine (with Hakuei of Penicillin), Madbeavers (with Joe), LUCY (with Imai Hisashi of BUCK-TICK) and Kiyoshi SUPERNOVA . Joe joined Spread Beaver from 44 MAGNUM and Ziggy. Now he is a member of Madbeavers, while working as a session drummer for a variety of artists. Very little is known of Chirolyn's career before his work with hide. After Spread Beaver, Chirolyn was the bassist for Madbeavers until September 2007, while also working with his own project Chirolyn & the Angels. He has performed as a session bassist for a number of other performers including GACKT and Tomoyasu Hotei. In 2011, he released a solo EP as CHIROLYN. D.I.E. is a lifelong session keyboard player who still performs regularly as a solo artist, often having surprise special guests turning up to join in. He is a permanent member of Ra:IN (with Pata) and Kiss the World, and also plays with Kiyoshi in Kiyoshi SUPERNOVA. K.A.Z. was the last member of Spread Beaver to join, while still working with his original band Oblivion Dust. Presumably, hide recruited him as a permanent second guitarist in place of Pata, who performed in that capacity as a special guest on hide's tours. After Spread Beaver disbanded, K.A.Z. joined groups such as Spin Aqua (with singer/actor/model Anna Tsuchiya). He also formed the group Sonic Storage with I.N.A. and has most recently been active with VAMPS, a joint project with Hyde (L'Arc~en~Ciel). DISCOGRAPHY: Singles: * \1998.01.28] ROCKET DIVE * [1998.05.13] Pink Spider * [1998.05.27] ever free * [1998.10.21] HURRY GO ROUND * [2000.01.19] TELL ME with Spread Beaver Album: * [1998.11.21] Ja,Zoo [Read more on Last.fm. User-contributed text is available under the Creative Commons By-SA License; additional terms may apply.",FISH SCRATCH FEVER,Unknown,https://www.youtube.com/watch?v=KjlxOUo1QsA&pp=ygUsaGlkZSB3aXRoIFNwcmVhZCBCZWF2ZXIgLSBGSVNIIFNDUkFUQ0ggRkVWRVI%3D,ERROR: Private/Dead/Protected
"Ja, Zoo",https://lastfm.freetls.fastly.net/i/u/300x300/9a1f3f3ba05771d946d60b37c13bc68d.png,hide with Spread Beaver,1998-11-21,"hide with Spread Beaver was a Japanese rock band formed in the late '90s. Vocalist and guitarist, hide, formed the band after the disbandment of his previous group, X JAPAN. Most of the members of Spread Beaver were originally hide's live musicians for his two solo tours, but the group only formally became ""hide with Spread Beaver"" at the end of 1997. They released one single and recorded one more before the unexpected death of their vocalist. Their first and only album, Ja,Zoo, was still incomplete at the time of hide's death, with only three songs recorded. However, the album was finished by I.N.A. and released months later. Spread Beaver made good on hide's promise to fans that they would tour in 1998 and were joined onstage by a number of other friends and peers of hide in the course of the tour. The members moved on to other groups after the disbandment of Spread Beaver. MEMBERS: hide: Vocals/Guitar Kiyoshi: Guitar K.A.Z.: Guitar Chirolyn: Bass D.I.E: Keyboard I.N.A: Percussion/Programming Joe: Drums I.N.A. was the longest-standing member of Spread Beaver, having worked with hide from the very beginning of his solo career. He can be spotted in the earliest videos, before the rest of hide's permanent live band was formed. He also worked with hide in the transcontinental project Zilch. After Spread Beaver, I.N.A. formed Dope HEADz with Pata and Heath from X Japan and Sonic Storage with K.A.Z. He still works as a programmer/DJ/mixer both alone and for a number of other bands, including X Japan. Recently he was involved with the rock musical Pink Spider. Kiyoshi was recruited by hide from MEDIA YOUTH for the Psyence tour, replacing former guitarist Ran. After Spread Beaver he joined/formed the groups machine (with Hakuei of Penicillin), Madbeavers (with Joe), LUCY (with Imai Hisashi of BUCK-TICK) and Kiyoshi SUPERNOVA . Joe joined Spread Beaver from 44 MAGNUM and Ziggy. Now he is a member of Madbeavers, while working as a session drummer for a variety of artists. Very little is known of Chirolyn's career before his work with hide. After Spread Beaver, Chirolyn was the bassist for Madbeavers until September 2007, while also working with his own project Chirolyn & the Angels. He has performed as a session bassist for a number of other performers including GACKT and Tomoyasu Hotei. In 2011, he released a solo EP as CHIROLYN. D.I.E. is a lifelong session keyboard player who still performs regularly as a solo artist, often having surprise special guests turning up to join in. He is a permanent member of Ra:IN (with Pata) and Kiss the World, and also plays with Kiyoshi in Kiyoshi SUPERNOVA. K.A.Z. was the last member of Spread Beaver to join, while still working with his original band Oblivion Dust. Presumably, hide recruited him as a permanent second guitarist in place of Pata, who performed in that capacity as a special guest on hide's tours. After Spread Beaver disbanded, K.A.Z. joined groups such as Spin Aqua (with singer/actor/model Anna Tsuchiya). He also formed the group Sonic Storage with I.N.A. and has most recently been active with VAMPS, a joint project with Hyde (L'Arc~en~Ciel). DISCOGRAPHY: Singles: * \1998.01.28] ROCKET DIVE * [1998.05.13] Pink Spider * [1998.05.27] ever free * [1998.10.21] HURRY GO ROUND * [2000.01.19] TELL ME with Spread Beaver Album: * [1998.11.21] Ja,Zoo [Read more on Last.fm. User-contributed text is available under the Creative Commons By-SA License; additional terms may apply.",ever free,Unknown,https://www.youtube.com/watch?v=1jbdhxMzy2s&pp=ygUhaGlkZSB3aXRoIFNwcmVhZCBCZWF2ZXIgZXZlciBmcmVl,ERROR: Private/Dead/Protected
"Ja, Zoo",https://lastfm.freetls.fastly.net/i/u/300x300/9a1f3f3ba05771d946d60b37c13bc68d.png,hide with Spread Beaver,1998-11-21,"hide with Spread Beaver was a Japanese rock band formed in the late '90s. Vocalist and guitarist, hide, formed the band after the disbandment of his previous group, X JAPAN. Most of the members of Spread Beaver were originally hide's live musicians for his two solo tours, but the group only formally became ""hide with Spread Beaver"" at the end of 1997. They released one single and recorded one more before the unexpected death of their vocalist. Their first and only album, Ja,Zoo, was still incomplete at the time of hide's death, with only three songs recorded. However, the album was finished by I.N.A. and released months later. Spread Beaver made good on hide's promise to fans that they would tour in 1998 and were joined onstage by a number of other friends and peers of hide in the course of the tour. The members moved on to other groups after the disbandment of Spread Beaver. MEMBERS: hide: Vocals/Guitar Kiyoshi: Guitar K.A.Z.: Guitar Chirolyn: Bass D.I.E: Keyboard I.N.A: Percussion/Programming Joe: Drums I.N.A. was the longest-standing member of Spread Beaver, having worked with hide from the very beginning of his solo career. He can be spotted in the earliest videos, before the rest of hide's permanent live band was formed. He also worked with hide in the transcontinental project Zilch. After Spread Beaver, I.N.A. formed Dope HEADz with Pata and Heath from X Japan and Sonic Storage with K.A.Z. He still works as a programmer/DJ/mixer both alone and for a number of other bands, including X Japan. Recently he was involved with the rock musical Pink Spider. Kiyoshi was recruited by hide from MEDIA YOUTH for the Psyence tour, replacing former guitarist Ran. After Spread Beaver he joined/formed the groups machine (with Hakuei of Penicillin), Madbeavers (with Joe), LUCY (with Imai Hisashi of BUCK-TICK) and Kiyoshi SUPERNOVA . Joe joined Spread Beaver from 44 MAGNUM and Ziggy. Now he is a member of Madbeavers, while working as a session drummer for a variety of artists. Very little is known of Chirolyn's career before his work with hide. After Spread Beaver, Chirolyn was the bassist for Madbeavers until September 2007, while also working with his own project Chirolyn & the Angels. He has performed as a session bassist for a number of other performers including GACKT and Tomoyasu Hotei. In 2011, he released a solo EP as CHIROLYN. D.I.E. is a lifelong session keyboard player who still performs regularly as a solo artist, often having surprise special guests turning up to join in. He is a permanent member of Ra:IN (with Pata) and Kiss the World, and also plays with Kiyoshi in Kiyoshi SUPERNOVA. K.A.Z. was the last member of Spread Beaver to join, while still working with his original band Oblivion Dust. Presumably, hide recruited him as a permanent second guitarist in place of Pata, who performed in that capacity as a special guest on hide's tours. After Spread Beaver disbanded, K.A.Z. joined groups such as Spin Aqua (with singer/actor/model Anna Tsuchiya). He also formed the group Sonic Storage with I.N.A. and has most recently been active with VAMPS, a joint project with Hyde (L'Arc~en~Ciel). DISCOGRAPHY: Singles: * \1998.01.28] ROCKET DIVE * [1998.05.13] Pink Spider * [1998.05.27] ever free * [1998.10.21] HURRY GO ROUND * [2000.01.19] TELL ME with Spread Beaver Album: * [1998.11.21] Ja,Zoo [Read more on Last.fm. User-contributed text is available under the Creative Commons By-SA License; additional terms may apply.",BREEDING,Unknown,https://www.youtube.com/watch?v=ZPdb5MBYte8&pp=ygUgaGlkZSB3aXRoIFNwcmVhZCBCZWF2ZXIgQlJFRURJTkc%3D,ERROR: Private/Dead/Protected
"Ja, Zoo",https://lastfm.freetls.fastly.net/i/u/300x300/9a1f3f3ba05771d946d60b37c13bc68d.png,hide with Spread Beaver,1998-11-21,"hide with Spread Beaver was a Japanese rock band formed in the late '90s. Vocalist and guitarist, hide, formed the band after the disbandment of his previous group, X JAPAN. Most of the members of Spread Beaver were originally hide's live musicians for his two solo tours, but the group only formally became ""hide with Spread Beaver"" at the end of 1997. They released one single and recorded one more before the unexpected death of their vocalist. Their first and only album, Ja,Zoo, was still incomplete at the time of hide's death, with only three songs recorded. However, the album was finished by I.N.A. and released months later. Spread Beaver made good on hide's promise to fans that they would tour in 1998 and were joined onstage by a number of other friends and peers of hide in the course of the tour. The members moved on to other groups after the disbandment of Spread Beaver. MEMBERS: hide: Vocals/Guitar Kiyoshi: Guitar K.A.Z.: Guitar Chirolyn: Bass D.I.E: Keyboard I.N.A: Percussion/Programming Joe: Drums I.N.A. was the longest-standing member of Spread Beaver, having worked with hide from the very beginning of his solo career. He can be spotted in the earliest videos, before the rest of hide's permanent live band was formed. He also worked with hide in the transcontinental project Zilch. After Spread Beaver, I.N.A. formed Dope HEADz with Pata and Heath from X Japan and Sonic Storage with K.A.Z. He still works as a programmer/DJ/mixer both alone and for a number of other bands, including X Japan. Recently he was involved with the rock musical Pink Spider. Kiyoshi was recruited by hide from MEDIA YOUTH for the Psyence tour, replacing former guitarist Ran. After Spread Beaver he joined/formed the groups machine (with Hakuei of Penicillin), Madbeavers (with Joe), LUCY (with Imai Hisashi of BUCK-TICK) and Kiyoshi SUPERNOVA . Joe joined Spread Beaver from 44 MAGNUM and Ziggy. Now he is a member of Madbeavers, while working as a session drummer for a variety of artists. Very little is known of Chirolyn's career before his work with hide. After Spread Beaver, Chirolyn was the bassist for Madbeavers until September 2007, while also working with his own project Chirolyn & the Angels. He has performed as a session bassist for a number of other performers including GACKT and Tomoyasu Hotei. In 2011, he released a solo EP as CHIROLYN. D.I.E. is a lifelong session keyboard player who still performs regularly as a solo artist, often having surprise special guests turning up to join in. He is a permanent member of Ra:IN (with Pata) and Kiss the World, and also plays with Kiyoshi in Kiyoshi SUPERNOVA. K.A.Z. was the last member of Spread Beaver to join, while still working with his original band Oblivion Dust. Presumably, hide recruited him as a permanent second guitarist in place of Pata, who performed in that capacity as a special guest on hide's tours. After Spread Beaver disbanded, K.A.Z. joined groups such as Spin Aqua (with singer/actor/model Anna Tsuchiya). He also formed the group Sonic Storage with I.N.A. and has most recently been active with VAMPS, a joint project with Hyde (L'Arc~en~Ciel). DISCOGRAPHY: Singles: * \1998.01.28] ROCKET DIVE * [1998.05.13] Pink Spider * [1998.05.27] ever free * [1998.10.21] HURRY GO ROUND * [2000.01.19] TELL ME with Spread Beaver Album: * [1998.11.21] Ja,Zoo [Read more on Last.fm. User-contributed text is available under the Creative Commons By-SA License; additional terms may apply.",HURRY GO ROUND,Unknown,https://www.youtube.com/watch?v=Fii8WdipcXo&pp=ygUmaGlkZSB3aXRoIFNwcmVhZCBCZWF2ZXIgSFVSUlkgR08gUk9VTkQ%3D,ERROR: Private/Dead/Protected
3rd Eye Vision,https://lastfm.freetls.fastly.net/i/u/300x300/2e3cb8f58cc6efef4bd42288fea05a98.jpg,Hieroglyphics,1998-03-24,"The Oakland-based Hieroglyphics are a long-running, influential underground rap collective who combine an offbeat sensibility with a strong grounding in battle rhyming, freestyling, and other hip-hop traditions. All the members enjoy their own separate careers -- founder Del tha Funkee Homosapien, Casual, the Souls of Mischief, Extra Prolific, producer/manager Domino, Pep Love, and producer Jay Biz (the latter two of whom have also worked together as the Prose). Thanks to a significant online presence and constant touring, Hiero gained a healthy following among rap fans seeking an alternative to the increasingly commercialized state of the genre, and the group's signature logo (a three-eyed, straight-lipped face similar to the Mayan numeral for 8) became ubiquitous at rap shows, record stores, and college radio stations. Active as a collective since the early 1990s, the members produced acclaimed albums such as Del's I Wish My Brother George Was Here (1991) and Souls of Mischief's 93 'Til Infinity before founding the independent label Hieroglyphics Imperium in 1997 and releasing 3rd Eye Vision in 1998. While mainly active as a label, Hiero regrouped for two additional crew full-lengths, 2003's Full Circle and 2013's The Kitchen.
Most of the members had known each other since high school (or earlier), and after Del scored a record deal in the early '90s with his cousin Ice Cube's help, much of the Hieroglyphics crew wound up with major-label contracts of their own. Del, Souls of Mischief, and Casual, in particular, earned strong cult followings, but Hieroglyphics never produced a breakout mainstream star, and all the members wound up dropped from their respective labels by the mid-'90s despite their generally high-quality work. The crew rebounded with their own label, Hieroglyphics Imperium, which provided not only a platform for their future releases, but total creative control. In addition, the entire collective teamed up for the first album under the Hieroglyphics name, Third Eye Vision, in 1998. Several self-released compilations of B-sides, oldies, and live tracks also appeared, and the proper Hieroglyphics follow-up, Full Circle, dropped in 2003, reaching number 155 in the Billboard 200 album chart. In 2007, the crew treated fans to a collection of rare B-sides and remixes from all the members, titled Over Time. Five years later, the crew reunited for The Kitchen, the first proper Hieroglyphics album in a decade. ~ Steve Huey",Intro,Unknown,https://www.youtube.com/watch?v=E1_wkdh-fws&pp=ygUTSGllcm9nbHlwaGljcyBJbnRybw%3D%3D,ERROR: Private/Dead/Protected
3rd Eye Vision,https://lastfm.freetls.fastly.net/i/u/300x300/2e3cb8f58cc6efef4bd42288fea05a98.jpg,Hieroglyphics,1998-03-24,"The Oakland-based Hieroglyphics are a long-running, influential underground rap collective who combine an offbeat sensibility with a strong grounding in battle rhyming, freestyling, and other hip-hop traditions. All the members enjoy their own separate careers -- founder Del tha Funkee Homosapien, Casual, the Souls of Mischief, Extra Prolific, producer/manager Domino, Pep Love, and producer Jay Biz (the latter two of whom have also worked together as the Prose). Thanks to a significant online presence and constant touring, Hiero gained a healthy following among rap fans seeking an alternative to the increasingly commercialized state of the genre, and the group's signature logo (a three-eyed, straight-lipped face similar to the Mayan numeral for 8) became ubiquitous at rap shows, record stores, and college radio stations. Active as a collective since the early 1990s, the members produced acclaimed albums such as Del's I Wish My Brother George Was Here (1991) and Souls of Mischief's 93 'Til Infinity before founding the independent label Hieroglyphics Imperium in 1997 and releasing 3rd Eye Vision in 1998. While mainly active as a label, Hiero regrouped for two additional crew full-lengths, 2003's Full Circle and 2013's The Kitchen.
Most of the members had known each other since high school (or earlier), and after Del scored a record deal in the early '90s with his cousin Ice Cube's help, much of the Hieroglyphics crew wound up with major-label contracts of their own. Del, Souls of Mischief, and Casual, in particular, earned strong cult followings, but Hieroglyphics never produced a breakout mainstream star, and all the members wound up dropped from their respective labels by the mid-'90s despite their generally high-quality work. The crew rebounded with their own label, Hieroglyphics Imperium, which provided not only a platform for their future releases, but total creative control. In addition, the entire collective teamed up for the first album under the Hieroglyphics name, Third Eye Vision, in 1998. Several self-released compilations of B-sides, oldies, and live tracks also appeared, and the proper Hieroglyphics follow-up, Full Circle, dropped in 2003, reaching number 155 in the Billboard 200 album chart. In 2007, the crew treated fans to a collection of rare B-sides and remixes from all the members, titled Over Time. Five years later, the crew reunited for The Kitchen, the first proper Hieroglyphics album in a decade. ~ Steve Huey",You Never Knew,Unknown,https://www.youtube.com/watch?v=V8B8bbrkETQ&pp=ygUcSGllcm9nbHlwaGljcyBZb3UgTmV2ZXIgS25ldw%3D%3D,ERROR: Private/Dead/Protected
3rd Eye Vision,https://lastfm.freetls.fastly.net/i/u/300x300/2e3cb8f58cc6efef4bd42288fea05a98.jpg,Hieroglyphics,1998-03-24,"The Oakland-based Hieroglyphics are a long-running, influential underground rap collective who combine an offbeat sensibility with a strong grounding in battle rhyming, freestyling, and other hip-hop traditions. All the members enjoy their own separate careers -- founder Del tha Funkee Homosapien, Casual, the Souls of Mischief, Extra Prolific, producer/manager Domino, Pep Love, and producer Jay Biz (the latter two of whom have also worked together as the Prose). Thanks to a significant online presence and constant touring, Hiero gained a healthy following among rap fans seeking an alternative to the increasingly commercialized state of the genre, and the group's signature logo (a three-eyed, straight-lipped face similar to the Mayan numeral for 8) became ubiquitous at rap shows, record stores, and college radio stations. Active as a collective since the early 1990s, the members produced acclaimed albums such as Del's I Wish My Brother George Was Here (1991) and Souls of Mischief's 93 'Til Infinity before founding the independent label Hieroglyphics Imperium in 1997 and releasing 3rd Eye Vision in 1998. While mainly active as a label, Hiero regrouped for two additional crew full-lengths, 2003's Full Circle and 2013's The Kitchen.
Most of the members had known each other since high school (or earlier), and after Del scored a record deal in the early '90s with his cousin Ice Cube's help, much of the Hieroglyphics crew wound up with major-label contracts of their own. Del, Souls of Mischief, and Casual, in particular, earned strong cult followings, but Hieroglyphics never produced a breakout mainstream star, and all the members wound up dropped from their respective labels by the mid-'90s despite their generally high-quality work. The crew rebounded with their own label, Hieroglyphics Imperium, which provided not only a platform for their future releases, but total creative control. In addition, the entire collective teamed up for the first album under the Hieroglyphics name, Third Eye Vision, in 1998. Several self-released compilations of B-sides, oldies, and live tracks also appeared, and the proper Hieroglyphics follow-up, Full Circle, dropped in 2003, reaching number 155 in the Billboard 200 album chart. In 2007, the crew treated fans to a collection of rare B-sides and remixes from all the members, titled Over Time. Five years later, the crew reunited for The Kitchen, the first proper Hieroglyphics album in a decade. ~ Steve Huey",All Things,Unknown,https://www.youtube.com/watch?v=rJuqUihwGxM&pp=ygUYSGllcm9nbHlwaGljcyBBbGwgVGhpbmdz,ERROR: Private/Dead/Protected
3rd Eye Vision,https://lastfm.freetls.fastly.net/i/u/300x300/2e3cb8f58cc6efef4bd42288fea05a98.jpg,Hieroglyphics,1998-03-24,"The Oakland-based Hieroglyphics are a long-running, influential underground rap collective who combine an offbeat sensibility with a strong grounding in battle rhyming, freestyling, and other hip-hop traditions. All the members enjoy their own separate careers -- founder Del tha Funkee Homosapien, Casual, the Souls of Mischief, Extra Prolific, producer/manager Domino, Pep Love, and producer Jay Biz (the latter two of whom have also worked together as the Prose). Thanks to a significant online presence and constant touring, Hiero gained a healthy following among rap fans seeking an alternative to the increasingly commercialized state of the genre, and the group's signature logo (a three-eyed, straight-lipped face similar to the Mayan numeral for 8) became ubiquitous at rap shows, record stores, and college radio stations. Active as a collective since the early 1990s, the members produced acclaimed albums such as Del's I Wish My Brother George Was Here (1991) and Souls of Mischief's 93 'Til Infinity before founding the independent label Hieroglyphics Imperium in 1997 and releasing 3rd Eye Vision in 1998. While mainly active as a label, Hiero regrouped for two additional crew full-lengths, 2003's Full Circle and 2013's The Kitchen.
Most of the members had known each other since high school (or earlier), and after Del scored a record deal in the early '90s with his cousin Ice Cube's help, much of the Hieroglyphics crew wound up with major-label contracts of their own. Del, Souls of Mischief, and Casual, in particular, earned strong cult followings, but Hieroglyphics never produced a breakout mainstream star, and all the members wound up dropped from their respective labels by the mid-'90s despite their generally high-quality work. The crew rebounded with their own label, Hieroglyphics Imperium, which provided not only a platform for their future releases, but total creative control. In addition, the entire collective teamed up for the first album under the Hieroglyphics name, Third Eye Vision, in 1998. Several self-released compilations of B-sides, oldies, and live tracks also appeared, and the proper Hieroglyphics follow-up, Full Circle, dropped in 2003, reaching number 155 in the Billboard 200 album chart. In 2007, the crew treated fans to a collection of rare B-sides and remixes from all the members, titled Over Time. Five years later, the crew reunited for The Kitchen, the first proper Hieroglyphics album in a decade. ~ Steve Huey",Casual,Unknown,https://www.youtube.com/watch?v=oXRdUY5lY4o&pp=ygUUSGllcm9nbHlwaGljcyBDYXN1YWw%3D,ERROR: Private/Dead/Protected
3rd Eye Vision,https://lastfm.freetls.fastly.net/i/u/300x300/2e3cb8f58cc6efef4bd42288fea05a98.jpg,Hieroglyphics,1998-03-24,"The Oakland-based Hieroglyphics are a long-running, influential underground rap collective who combine an offbeat sensibility with a strong grounding in battle rhyming, freestyling, and other hip-hop traditions. All the members enjoy their own separate careers -- founder Del tha Funkee Homosapien, Casual, the Souls of Mischief, Extra Prolific, producer/manager Domino, Pep Love, and producer Jay Biz (the latter two of whom have also worked together as the Prose). Thanks to a significant online presence and constant touring, Hiero gained a healthy following among rap fans seeking an alternative to the increasingly commercialized state of the genre, and the group's signature logo (a three-eyed, straight-lipped face similar to the Mayan numeral for 8) became ubiquitous at rap shows, record stores, and college radio stations. Active as a collective since the early 1990s, the members produced acclaimed albums such as Del's I Wish My Brother George Was Here (1991) and Souls of Mischief's 93 'Til Infinity before founding the independent label Hieroglyphics Imperium in 1997 and releasing 3rd Eye Vision in 1998. While mainly active as a label, Hiero regrouped for two additional crew full-lengths, 2003's Full Circle and 2013's The Kitchen.
Most of the members had known each other since high school (or earlier), and after Del scored a record deal in the early '90s with his cousin Ice Cube's help, much of the Hieroglyphics crew wound up with major-label contracts of their own. Del, Souls of Mischief, and Casual, in particular, earned strong cult followings, but Hieroglyphics never produced a breakout mainstream star, and all the members wound up dropped from their respective labels by the mid-'90s despite their generally high-quality work. The crew rebounded with their own label, Hieroglyphics Imperium, which provided not only a platform for their future releases, but total creative control. In addition, the entire collective teamed up for the first album under the Hieroglyphics name, Third Eye Vision, in 1998. Several self-released compilations of B-sides, oldies, and live tracks also appeared, and the proper Hieroglyphics follow-up, Full Circle, dropped in 2003, reaching number 155 in the Billboard 200 album chart. In 2007, the crew treated fans to a collection of rare B-sides and remixes from all the members, titled Over Time. Five years later, the crew reunited for The Kitchen, the first proper Hieroglyphics album in a decade. ~ Steve Huey",The Who,Unknown,https://www.youtube.com/watch?v=54qqe-40gE8&pp=ygUVSGllcm9nbHlwaGljcyBUaGUgV2hv,ERROR: Private/Dead/Protected
3rd Eye Vision,https://lastfm.freetls.fastly.net/i/u/300x300/2e3cb8f58cc6efef4bd42288fea05a98.jpg,Hieroglyphics,1998-03-24,"The Oakland-based Hieroglyphics are a long-running, influential underground rap collective who combine an offbeat sensibility with a strong grounding in battle rhyming, freestyling, and other hip-hop traditions. All the members enjoy their own separate careers -- founder Del tha Funkee Homosapien, Casual, the Souls of Mischief, Extra Prolific, producer/manager Domino, Pep Love, and producer Jay Biz (the latter two of whom have also worked together as the Prose). Thanks to a significant online presence and constant touring, Hiero gained a healthy following among rap fans seeking an alternative to the increasingly commercialized state of the genre, and the group's signature logo (a three-eyed, straight-lipped face similar to the Mayan numeral for 8) became ubiquitous at rap shows, record stores, and college radio stations. Active as a collective since the early 1990s, the members produced acclaimed albums such as Del's I Wish My Brother George Was Here (1991) and Souls of Mischief's 93 'Til Infinity before founding the independent label Hieroglyphics Imperium in 1997 and releasing 3rd Eye Vision in 1998. While mainly active as a label, Hiero regrouped for two additional crew full-lengths, 2003's Full Circle and 2013's The Kitchen.
Most of the members had known each other since high school (or earlier), and after Del scored a record deal in the early '90s with his cousin Ice Cube's help, much of the Hieroglyphics crew wound up with major-label contracts of their own. Del, Souls of Mischief, and Casual, in particular, earned strong cult followings, but Hieroglyphics never produced a breakout mainstream star, and all the members wound up dropped from their respective labels by the mid-'90s despite their generally high-quality work. The crew rebounded with their own label, Hieroglyphics Imperium, which provided not only a platform for their future releases, but total creative control. In addition, the entire collective teamed up for the first album under the Hieroglyphics name, Third Eye Vision, in 1998. Several self-released compilations of B-sides, oldies, and live tracks also appeared, and the proper Hieroglyphics follow-up, Full Circle, dropped in 2003, reaching number 155 in the Billboard 200 album chart. In 2007, the crew treated fans to a collection of rare B-sides and remixes from all the members, titled Over Time. Five years later, the crew reunited for The Kitchen, the first proper Hieroglyphics album in a decade. ~ Steve Huey",Dune Methane,Unknown,https://www.youtube.com/watch?v=vZEOSDnat34&pp=ygUaSGllcm9nbHlwaGljcyBEdW5lIE1ldGhhbmU%3D,ERROR: Private/Dead/Protected
3rd Eye Vision,https://lastfm.freetls.fastly.net/i/u/300x300/2e3cb8f58cc6efef4bd42288fea05a98.jpg,Hieroglyphics,1998-03-24,"The Oakland-based Hieroglyphics are a long-running, influential underground rap collective who combine an offbeat sensibility with a strong grounding in battle rhyming, freestyling, and other hip-hop traditions. All the members enjoy their own separate careers -- founder Del tha Funkee Homosapien, Casual, the Souls of Mischief, Extra Prolific, producer/manager Domino, Pep Love, and producer Jay Biz (the latter two of whom have also worked together as the Prose). Thanks to a significant online presence and constant touring, Hiero gained a healthy following among rap fans seeking an alternative to the increasingly commercialized state of the genre, and the group's signature logo (a three-eyed, straight-lipped face similar to the Mayan numeral for 8) became ubiquitous at rap shows, record stores, and college radio stations. Active as a collective since the early 1990s, the members produced acclaimed albums such as Del's I Wish My Brother George Was Here (1991) and Souls of Mischief's 93 'Til Infinity before founding the independent label Hieroglyphics Imperium in 1997 and releasing 3rd Eye Vision in 1998. While mainly active as a label, Hiero regrouped for two additional crew full-lengths, 2003's Full Circle and 2013's The Kitchen.
Most of the members had known each other since high school (or earlier), and after Del scored a record deal in the early '90s with his cousin Ice Cube's help, much of the Hieroglyphics crew wound up with major-label contracts of their own. Del, Souls of Mischief, and Casual, in particular, earned strong cult followings, but Hieroglyphics never produced a breakout mainstream star, and all the members wound up dropped from their respective labels by the mid-'90s despite their generally high-quality work. The crew rebounded with their own label, Hieroglyphics Imperium, which provided not only a platform for their future releases, but total creative control. In addition, the entire collective teamed up for the first album under the Hieroglyphics name, Third Eye Vision, in 1998. Several self-released compilations of B-sides, oldies, and live tracks also appeared, and the proper Hieroglyphics follow-up, Full Circle, dropped in 2003, reaching number 155 in the Billboard 200 album chart. In 2007, the crew treated fans to a collection of rare B-sides and remixes from all the members, titled Over Time. Five years later, the crew reunited for The Kitchen, the first proper Hieroglyphics album in a decade. ~ Steve Huey",Phesto D,Unknown,https://www.youtube.com/watch?v=KFVuje7ZYpM&pp=ygUWSGllcm9nbHlwaGljcyBQaGVzdG8gRA%3D%3D,ERROR: Private/Dead/Protected
3rd Eye Vision,https://lastfm.freetls.fastly.net/i/u/300x300/2e3cb8f58cc6efef4bd42288fea05a98.jpg,Hieroglyphics,1998-03-24,"The Oakland-based Hieroglyphics are a long-running, influential underground rap collective who combine an offbeat sensibility with a strong grounding in battle rhyming, freestyling, and other hip-hop traditions. All the members enjoy their own separate careers -- founder Del tha Funkee Homosapien, Casual, the Souls of Mischief, Extra Prolific, producer/manager Domino, Pep Love, and producer Jay Biz (the latter two of whom have also worked together as the Prose). Thanks to a significant online presence and constant touring, Hiero gained a healthy following among rap fans seeking an alternative to the increasingly commercialized state of the genre, and the group's signature logo (a three-eyed, straight-lipped face similar to the Mayan numeral for 8) became ubiquitous at rap shows, record stores, and college radio stations. Active as a collective since the early 1990s, the members produced acclaimed albums such as Del's I Wish My Brother George Was Here (1991) and Souls of Mischief's 93 'Til Infinity before founding the independent label Hieroglyphics Imperium in 1997 and releasing 3rd Eye Vision in 1998. While mainly active as a label, Hiero regrouped for two additional crew full-lengths, 2003's Full Circle and 2013's The Kitchen.
Most of the members had known each other since high school (or earlier), and after Del scored a record deal in the early '90s with his cousin Ice Cube's help, much of the Hieroglyphics crew wound up with major-label contracts of their own. Del, Souls of Mischief, and Casual, in particular, earned strong cult followings, but Hieroglyphics never produced a breakout mainstream star, and all the members wound up dropped from their respective labels by the mid-'90s despite their generally high-quality work. The crew rebounded with their own label, Hieroglyphics Imperium, which provided not only a platform for their future releases, but total creative control. In addition, the entire collective teamed up for the first album under the Hieroglyphics name, Third Eye Vision, in 1998. Several self-released compilations of B-sides, oldies, and live tracks also appeared, and the proper Hieroglyphics follow-up, Full Circle, dropped in 2003, reaching number 155 in the Billboard 200 album chart. In 2007, the crew treated fans to a collection of rare B-sides and remixes from all the members, titled Over Time. Five years later, the crew reunited for The Kitchen, the first proper Hieroglyphics album in a decade. ~ Steve Huey",At the Helm,Unknown,https://www.youtube.com/watch?v=vG5La6k6eTI&pp=ygUZSGllcm9nbHlwaGljcyBBdCB0aGUgSGVsbQ%3D%3D,ERROR: Private/Dead/Protected
3rd Eye Vision,https://lastfm.freetls.fastly.net/i/u/300x300/2e3cb8f58cc6efef4bd42288fea05a98.jpg,Hieroglyphics,1998-03-24,"The Oakland-based Hieroglyphics are a long-running, influential underground rap collective who combine an offbeat sensibility with a strong grounding in battle rhyming, freestyling, and other hip-hop traditions. All the members enjoy their own separate careers -- founder Del tha Funkee Homosapien, Casual, the Souls of Mischief, Extra Prolific, producer/manager Domino, Pep Love, and producer Jay Biz (the latter two of whom have also worked together as the Prose). Thanks to a significant online presence and constant touring, Hiero gained a healthy following among rap fans seeking an alternative to the increasingly commercialized state of the genre, and the group's signature logo (a three-eyed, straight-lipped face similar to the Mayan numeral for 8) became ubiquitous at rap shows, record stores, and college radio stations. Active as a collective since the early 1990s, the members produced acclaimed albums such as Del's I Wish My Brother George Was Here (1991) and Souls of Mischief's 93 'Til Infinity before founding the independent label Hieroglyphics Imperium in 1997 and releasing 3rd Eye Vision in 1998. While mainly active as a label, Hiero regrouped for two additional crew full-lengths, 2003's Full Circle and 2013's The Kitchen.
Most of the members had known each other since high school (or earlier), and after Del scored a record deal in the early '90s with his cousin Ice Cube's help, much of the Hieroglyphics crew wound up with major-label contracts of their own. Del, Souls of Mischief, and Casual, in particular, earned strong cult followings, but Hieroglyphics never produced a breakout mainstream star, and all the members wound up dropped from their respective labels by the mid-'90s despite their generally high-quality work. The crew rebounded with their own label, Hieroglyphics Imperium, which provided not only a platform for their future releases, but total creative control. In addition, the entire collective teamed up for the first album under the Hieroglyphics name, Third Eye Vision, in 1998. Several self-released compilations of B-sides, oldies, and live tracks also appeared, and the proper Hieroglyphics follow-up, Full Circle, dropped in 2003, reaching number 155 in the Billboard 200 album chart. In 2007, the crew treated fans to a collection of rare B-sides and remixes from all the members, titled Over Time. Five years later, the crew reunited for The Kitchen, the first proper Hieroglyphics album in a decade. ~ Steve Huey",The Last One,Unknown,https://www.youtube.com/watch?v=zbeWruYQxC4&pp=ygUcSGllcm9nbHlwaGljcyAtIFRoZSBMYXN0IE9uZdIHCQmECQGHKiGM7w%3D%3D,ERROR: Private/Dead/Protected
3rd Eye Vision,https://lastfm.freetls.fastly.net/i/u/300x300/2e3cb8f58cc6efef4bd42288fea05a98.jpg,Hieroglyphics,1998-03-24,"The Oakland-based Hieroglyphics are a long-running, influential underground rap collective who combine an offbeat sensibility with a strong grounding in battle rhyming, freestyling, and other hip-hop traditions. All the members enjoy their own separate careers -- founder Del tha Funkee Homosapien, Casual, the Souls of Mischief, Extra Prolific, producer/manager Domino, Pep Love, and producer Jay Biz (the latter two of whom have also worked together as the Prose). Thanks to a significant online presence and constant touring, Hiero gained a healthy following among rap fans seeking an alternative to the increasingly commercialized state of the genre, and the group's signature logo (a three-eyed, straight-lipped face similar to the Mayan numeral for 8) became ubiquitous at rap shows, record stores, and college radio stations. Active as a collective since the early 1990s, the members produced acclaimed albums such as Del's I Wish My Brother George Was Here (1991) and Souls of Mischief's 93 'Til Infinity before founding the independent label Hieroglyphics Imperium in 1997 and releasing 3rd Eye Vision in 1998. While mainly active as a label, Hiero regrouped for two additional crew full-lengths, 2003's Full Circle and 2013's The Kitchen.
Most of the members had known each other since high school (or earlier), and after Del scored a record deal in the early '90s with his cousin Ice Cube's help, much of the Hieroglyphics crew wound up with major-label contracts of their own. Del, Souls of Mischief, and Casual, in particular, earned strong cult followings, but Hieroglyphics never produced a breakout mainstream star, and all the members wound up dropped from their respective labels by the mid-'90s despite their generally high-quality work. The crew rebounded with their own label, Hieroglyphics Imperium, which provided not only a platform for their future releases, but total creative control. In addition, the entire collective teamed up for the first album under the Hieroglyphics name, Third Eye Vision, in 1998. Several self-released compilations of B-sides, oldies, and live tracks also appeared, and the proper Hieroglyphics follow-up, Full Circle, dropped in 2003, reaching number 155 in the Billboard 200 album chart. In 2007, the crew treated fans to a collection of rare B-sides and remixes from all the members, titled Over Time. Five years later, the crew reunited for The Kitchen, the first proper Hieroglyphics album in a decade. ~ Steve Huey",Tajai,Unknown,https://www.youtube.com/watch?v=OQ0mBpRZXKY&pp=ygUTSGllcm9nbHlwaGljcyBUYWphaQ%3D%3D,ERROR: Private/Dead/Protected
3rd Eye Vision,https://lastfm.freetls.fastly.net/i/u/300x300/2e3cb8f58cc6efef4bd42288fea05a98.jpg,Hieroglyphics,1998-03-24,"The Oakland-based Hieroglyphics are a long-running, influential underground rap collective who combine an offbeat sensibility with a strong grounding in battle rhyming, freestyling, and other hip-hop traditions. All the members enjoy their own separate careers -- founder Del tha Funkee Homosapien, Casual, the Souls of Mischief, Extra Prolific, producer/manager Domino, Pep Love, and producer Jay Biz (the latter two of whom have also worked together as the Prose). Thanks to a significant online presence and constant touring, Hiero gained a healthy following among rap fans seeking an alternative to the increasingly commercialized state of the genre, and the group's signature logo (a three-eyed, straight-lipped face similar to the Mayan numeral for 8) became ubiquitous at rap shows, record stores, and college radio stations. Active as a collective since the early 1990s, the members produced acclaimed albums such as Del's I Wish My Brother George Was Here (1991) and Souls of Mischief's 93 'Til Infinity before founding the independent label Hieroglyphics Imperium in 1997 and releasing 3rd Eye Vision in 1998. While mainly active as a label, Hiero regrouped for two additional crew full-lengths, 2003's Full Circle and 2013's The Kitchen.
Most of the members had known each other since high school (or earlier), and after Del scored a record deal in the early '90s with his cousin Ice Cube's help, much of the Hieroglyphics crew wound up with major-label contracts of their own. Del, Souls of Mischief, and Casual, in particular, earned strong cult followings, but Hieroglyphics never produced a breakout mainstream star, and all the members wound up dropped from their respective labels by the mid-'90s despite their generally high-quality work. The crew rebounded with their own label, Hieroglyphics Imperium, which provided not only a platform for their future releases, but total creative control. In addition, the entire collective teamed up for the first album under the Hieroglyphics name, Third Eye Vision, in 1998. Several self-released compilations of B-sides, oldies, and live tracks also appeared, and the proper Hieroglyphics follow-up, Full Circle, dropped in 2003, reaching number 155 in the Billboard 200 album chart. In 2007, the crew treated fans to a collection of rare B-sides and remixes from all the members, titled Over Time. Five years later, the crew reunited for The Kitchen, the first proper Hieroglyphics album in a decade. ~ Steve Huey",Oakland Blackouts,Unknown,https://www.youtube.com/watch?v=n8qDoVYsOQg&pp=ygUhSGllcm9nbHlwaGljcyAtIE9ha2xhbmQgQmxhY2tvdXRz,ERROR: Private/Dead/Protected
3rd Eye Vision,https://lastfm.freetls.fastly.net/i/u/300x300/2e3cb8f58cc6efef4bd42288fea05a98.jpg,Hieroglyphics,1998-03-24,"The Oakland-based Hieroglyphics are a long-running, influential underground rap collective who combine an offbeat sensibility with a strong grounding in battle rhyming, freestyling, and other hip-hop traditions. All the members enjoy their own separate careers -- founder Del tha Funkee Homosapien, Casual, the Souls of Mischief, Extra Prolific, producer/manager Domino, Pep Love, and producer Jay Biz (the latter two of whom have also worked together as the Prose). Thanks to a significant online presence and constant touring, Hiero gained a healthy following among rap fans seeking an alternative to the increasingly commercialized state of the genre, and the group's signature logo (a three-eyed, straight-lipped face similar to the Mayan numeral for 8) became ubiquitous at rap shows, record stores, and college radio stations. Active as a collective since the early 1990s, the members produced acclaimed albums such as Del's I Wish My Brother George Was Here (1991) and Souls of Mischief's 93 'Til Infinity before founding the independent label Hieroglyphics Imperium in 1997 and releasing 3rd Eye Vision in 1998. While mainly active as a label, Hiero regrouped for two additional crew full-lengths, 2003's Full Circle and 2013's The Kitchen.
Most of the members had known each other since high school (or earlier), and after Del scored a record deal in the early '90s with his cousin Ice Cube's help, much of the Hieroglyphics crew wound up with major-label contracts of their own. Del, Souls of Mischief, and Casual, in particular, earned strong cult followings, but Hieroglyphics never produced a breakout mainstream star, and all the members wound up dropped from their respective labels by the mid-'90s despite their generally high-quality work. The crew rebounded with their own label, Hieroglyphics Imperium, which provided not only a platform for their future releases, but total creative control. In addition, the entire collective teamed up for the first album under the Hieroglyphics name, Third Eye Vision, in 1998. Several self-released compilations of B-sides, oldies, and live tracks also appeared, and the proper Hieroglyphics follow-up, Full Circle, dropped in 2003, reaching number 155 in the Billboard 200 album chart. In 2007, the crew treated fans to a collection of rare B-sides and remixes from all the members, titled Over Time. Five years later, the crew reunited for The Kitchen, the first proper Hieroglyphics album in a decade. ~ Steve Huey",Mics of the Roundtable,Unknown,https://www.youtube.com/watch?v=xKbNuv1lRF0&pp=ygUkSGllcm9nbHlwaGljcyBNaWNzIG9mIHRoZSBSb3VuZHRhYmxl,ERROR: Private/Dead/Protected
3rd Eye Vision,https://lastfm.freetls.fastly.net/i/u/300x300/2e3cb8f58cc6efef4bd42288fea05a98.jpg,Hieroglyphics,1998-03-24,"The Oakland-based Hieroglyphics are a long-running, influential underground rap collective who combine an offbeat sensibility with a strong grounding in battle rhyming, freestyling, and other hip-hop traditions. All the members enjoy their own separate careers -- founder Del tha Funkee Homosapien, Casual, the Souls of Mischief, Extra Prolific, producer/manager Domino, Pep Love, and producer Jay Biz (the latter two of whom have also worked together as the Prose). Thanks to a significant online presence and constant touring, Hiero gained a healthy following among rap fans seeking an alternative to the increasingly commercialized state of the genre, and the group's signature logo (a three-eyed, straight-lipped face similar to the Mayan numeral for 8) became ubiquitous at rap shows, record stores, and college radio stations. Active as a collective since the early 1990s, the members produced acclaimed albums such as Del's I Wish My Brother George Was Here (1991) and Souls of Mischief's 93 'Til Infinity before founding the independent label Hieroglyphics Imperium in 1997 and releasing 3rd Eye Vision in 1998. While mainly active as a label, Hiero regrouped for two additional crew full-lengths, 2003's Full Circle and 2013's The Kitchen.
Most of the members had known each other since high school (or earlier), and after Del scored a record deal in the early '90s with his cousin Ice Cube's help, much of the Hieroglyphics crew wound up with major-label contracts of their own. Del, Souls of Mischief, and Casual, in particular, earned strong cult followings, but Hieroglyphics never produced a breakout mainstream star, and all the members wound up dropped from their respective labels by the mid-'90s despite their generally high-quality work. The crew rebounded with their own label, Hieroglyphics Imperium, which provided not only a platform for their future releases, but total creative control. In addition, the entire collective teamed up for the first album under the Hieroglyphics name, Third Eye Vision, in 1998. Several self-released compilations of B-sides, oldies, and live tracks also appeared, and the proper Hieroglyphics follow-up, Full Circle, dropped in 2003, reaching number 155 in the Billboard 200 album chart. In 2007, the crew treated fans to a collection of rare B-sides and remixes from all the members, titled Over Time. Five years later, the crew reunited for The Kitchen, the first proper Hieroglyphics album in a decade. ~ Steve Huey",See Delight,Unknown,https://www.youtube.com/watch?v=34uC4zLendw&pp=ygUbSGllcm9nbHlwaGljcyAtIFNlZSBEZWxpZ2h0,ERROR: Private/Dead/Protected
3rd Eye Vision,https://lastfm.freetls.fastly.net/i/u/300x300/2e3cb8f58cc6efef4bd42288fea05a98.jpg,Hieroglyphics,1998-03-24,"The Oakland-based Hieroglyphics are a long-running, influential underground rap collective who combine an offbeat sensibility with a strong grounding in battle rhyming, freestyling, and other hip-hop traditions. All the members enjoy their own separate careers -- founder Del tha Funkee Homosapien, Casual, the Souls of Mischief, Extra Prolific, producer/manager Domino, Pep Love, and producer Jay Biz (the latter two of whom have also worked together as the Prose). Thanks to a significant online presence and constant touring, Hiero gained a healthy following among rap fans seeking an alternative to the increasingly commercialized state of the genre, and the group's signature logo (a three-eyed, straight-lipped face similar to the Mayan numeral for 8) became ubiquitous at rap shows, record stores, and college radio stations. Active as a collective since the early 1990s, the members produced acclaimed albums such as Del's I Wish My Brother George Was Here (1991) and Souls of Mischief's 93 'Til Infinity before founding the independent label Hieroglyphics Imperium in 1997 and releasing 3rd Eye Vision in 1998. While mainly active as a label, Hiero regrouped for two additional crew full-lengths, 2003's Full Circle and 2013's The Kitchen.
Most of the members had known each other since high school (or earlier), and after Del scored a record deal in the early '90s with his cousin Ice Cube's help, much of the Hieroglyphics crew wound up with major-label contracts of their own. Del, Souls of Mischief, and Casual, in particular, earned strong cult followings, but Hieroglyphics never produced a breakout mainstream star, and all the members wound up dropped from their respective labels by the mid-'90s despite their generally high-quality work. The crew rebounded with their own label, Hieroglyphics Imperium, which provided not only a platform for their future releases, but total creative control. In addition, the entire collective teamed up for the first album under the Hieroglyphics name, Third Eye Vision, in 1998. Several self-released compilations of B-sides, oldies, and live tracks also appeared, and the proper Hieroglyphics follow-up, Full Circle, dropped in 2003, reaching number 155 in the Billboard 200 album chart. In 2007, the crew treated fans to a collection of rare B-sides and remixes from all the members, titled Over Time. Five years later, the crew reunited for The Kitchen, the first proper Hieroglyphics album in a decade. ~ Steve Huey",Pep Love,Unknown,https://www.youtube.com/watch?v=qJqhBoLxSAs&pp=ygUWSGllcm9nbHlwaGljcyBQZXAgTG92ZQ%3D%3D,ERROR: Private/Dead/Protected
3rd Eye Vision,https://lastfm.freetls.fastly.net/i/u/300x300/2e3cb8f58cc6efef4bd42288fea05a98.jpg,Hieroglyphics,1998-03-24,"The Oakland-based Hieroglyphics are a long-running, influential underground rap collective who combine an offbeat sensibility with a strong grounding in battle rhyming, freestyling, and other hip-hop traditions. All the members enjoy their own separate careers -- founder Del tha Funkee Homosapien, Casual, the Souls of Mischief, Extra Prolific, producer/manager Domino, Pep Love, and producer Jay Biz (the latter two of whom have also worked together as the Prose). Thanks to a significant online presence and constant touring, Hiero gained a healthy following among rap fans seeking an alternative to the increasingly commercialized state of the genre, and the group's signature logo (a three-eyed, straight-lipped face similar to the Mayan numeral for 8) became ubiquitous at rap shows, record stores, and college radio stations. Active as a collective since the early 1990s, the members produced acclaimed albums such as Del's I Wish My Brother George Was Here (1991) and Souls of Mischief's 93 'Til Infinity before founding the independent label Hieroglyphics Imperium in 1997 and releasing 3rd Eye Vision in 1998. While mainly active as a label, Hiero regrouped for two additional crew full-lengths, 2003's Full Circle and 2013's The Kitchen.
Most of the members had known each other since high school (or earlier), and after Del scored a record deal in the early '90s with his cousin Ice Cube's help, much of the Hieroglyphics crew wound up with major-label contracts of their own. Del, Souls of Mischief, and Casual, in particular, earned strong cult followings, but Hieroglyphics never produced a breakout mainstream star, and all the members wound up dropped from their respective labels by the mid-'90s despite their generally high-quality work. The crew rebounded with their own label, Hieroglyphics Imperium, which provided not only a platform for their future releases, but total creative control. In addition, the entire collective teamed up for the first album under the Hieroglyphics name, Third Eye Vision, in 1998. Several self-released compilations of B-sides, oldies, and live tracks also appeared, and the proper Hieroglyphics follow-up, Full Circle, dropped in 2003, reaching number 155 in the Billboard 200 album chart. In 2007, the crew treated fans to a collection of rare B-sides and remixes from all the members, titled Over Time. Five years later, the crew reunited for The Kitchen, the first proper Hieroglyphics album in a decade. ~ Steve Huey",Off the Record,Unknown,https://www.youtube.com/watch?v=zUP2E0IMAgQ&pp=ygUcSGllcm9nbHlwaGljcyBPZmYgdGhlIFJlY29yZA%3D%3D,ERROR: Private/Dead/Protected
3rd Eye Vision,https://lastfm.freetls.fastly.net/i/u/300x300/2e3cb8f58cc6efef4bd42288fea05a98.jpg,Hieroglyphics,1998-03-24,"The Oakland-based Hieroglyphics are a long-running, influential underground rap collective who combine an offbeat sensibility with a strong grounding in battle rhyming, freestyling, and other hip-hop traditions. All the members enjoy their own separate careers -- founder Del tha Funkee Homosapien, Casual, the Souls of Mischief, Extra Prolific, producer/manager Domino, Pep Love, and producer Jay Biz (the latter two of whom have also worked together as the Prose). Thanks to a significant online presence and constant touring, Hiero gained a healthy following among rap fans seeking an alternative to the increasingly commercialized state of the genre, and the group's signature logo (a three-eyed, straight-lipped face similar to the Mayan numeral for 8) became ubiquitous at rap shows, record stores, and college radio stations. Active as a collective since the early 1990s, the members produced acclaimed albums such as Del's I Wish My Brother George Was Here (1991) and Souls of Mischief's 93 'Til Infinity before founding the independent label Hieroglyphics Imperium in 1997 and releasing 3rd Eye Vision in 1998. While mainly active as a label, Hiero regrouped for two additional crew full-lengths, 2003's Full Circle and 2013's The Kitchen.
Most of the members had known each other since high school (or earlier), and after Del scored a record deal in the early '90s with his cousin Ice Cube's help, much of the Hieroglyphics crew wound up with major-label contracts of their own. Del, Souls of Mischief, and Casual, in particular, earned strong cult followings, but Hieroglyphics never produced a breakout mainstream star, and all the members wound up dropped from their respective labels by the mid-'90s despite their generally high-quality work. The crew rebounded with their own label, Hieroglyphics Imperium, which provided not only a platform for their future releases, but total creative control. In addition, the entire collective teamed up for the first album under the Hieroglyphics name, Third Eye Vision, in 1998. Several self-released compilations of B-sides, oldies, and live tracks also appeared, and the proper Hieroglyphics follow-up, Full Circle, dropped in 2003, reaching number 155 in the Billboard 200 album chart. In 2007, the crew treated fans to a collection of rare B-sides and remixes from all the members, titled Over Time. Five years later, the crew reunited for The Kitchen, the first proper Hieroglyphics album in a decade. ~ Steve Huey",A-Plus,Unknown,https://www.youtube.com/watch?v=EYpzpRA1s5A&pp=ygUUSGllcm9nbHlwaGljcyBBLVBsdXM%3D,ERROR: Private/Dead/Protected
3rd Eye Vision,https://lastfm.freetls.fastly.net/i/u/300x300/2e3cb8f58cc6efef4bd42288fea05a98.jpg,Hieroglyphics,1998-03-24,"The Oakland-based Hieroglyphics are a long-running, influential underground rap collective who combine an offbeat sensibility with a strong grounding in battle rhyming, freestyling, and other hip-hop traditions. All the members enjoy their own separate careers -- founder Del tha Funkee Homosapien, Casual, the Souls of Mischief, Extra Prolific, producer/manager Domino, Pep Love, and producer Jay Biz (the latter two of whom have also worked together as the Prose). Thanks to a significant online presence and constant touring, Hiero gained a healthy following among rap fans seeking an alternative to the increasingly commercialized state of the genre, and the group's signature logo (a three-eyed, straight-lipped face similar to the Mayan numeral for 8) became ubiquitous at rap shows, record stores, and college radio stations. Active as a collective since the early 1990s, the members produced acclaimed albums such as Del's I Wish My Brother George Was Here (1991) and Souls of Mischief's 93 'Til Infinity before founding the independent label Hieroglyphics Imperium in 1997 and releasing 3rd Eye Vision in 1998. While mainly active as a label, Hiero regrouped for two additional crew full-lengths, 2003's Full Circle and 2013's The Kitchen.
Most of the members had known each other since high school (or earlier), and after Del scored a record deal in the early '90s with his cousin Ice Cube's help, much of the Hieroglyphics crew wound up with major-label contracts of their own. Del, Souls of Mischief, and Casual, in particular, earned strong cult followings, but Hieroglyphics never produced a breakout mainstream star, and all the members wound up dropped from their respective labels by the mid-'90s despite their generally high-quality work. The crew rebounded with their own label, Hieroglyphics Imperium, which provided not only a platform for their future releases, but total creative control. In addition, the entire collective teamed up for the first album under the Hieroglyphics name, Third Eye Vision, in 1998. Several self-released compilations of B-sides, oldies, and live tracks also appeared, and the proper Hieroglyphics follow-up, Full Circle, dropped in 2003, reaching number 155 in the Billboard 200 album chart. In 2007, the crew treated fans to a collection of rare B-sides and remixes from all the members, titled Over Time. Five years later, the crew reunited for The Kitchen, the first proper Hieroglyphics album in a decade. ~ Steve Huey",After Dark,Unknown,https://www.youtube.com/watch?v=fMOmt1Hwpj4&pp=ygUYSGllcm9nbHlwaGljcyBBZnRlciBEYXJr0gcJCX4JAYcqIYzv,ERROR: Private/Dead/Protected
3rd Eye Vision,https://lastfm.freetls.fastly.net/i/u/300x300/2e3cb8f58cc6efef4bd42288fea05a98.jpg,Hieroglyphics,1998-03-24,"The Oakland-based Hieroglyphics are a long-running, influential underground rap collective who combine an offbeat sensibility with a strong grounding in battle rhyming, freestyling, and other hip-hop traditions. All the members enjoy their own separate careers -- founder Del tha Funkee Homosapien, Casual, the Souls of Mischief, Extra Prolific, producer/manager Domino, Pep Love, and producer Jay Biz (the latter two of whom have also worked together as the Prose). Thanks to a significant online presence and constant touring, Hiero gained a healthy following among rap fans seeking an alternative to the increasingly commercialized state of the genre, and the group's signature logo (a three-eyed, straight-lipped face similar to the Mayan numeral for 8) became ubiquitous at rap shows, record stores, and college radio stations. Active as a collective since the early 1990s, the members produced acclaimed albums such as Del's I Wish My Brother George Was Here (1991) and Souls of Mischief's 93 'Til Infinity before founding the independent label Hieroglyphics Imperium in 1997 and releasing 3rd Eye Vision in 1998. While mainly active as a label, Hiero regrouped for two additional crew full-lengths, 2003's Full Circle and 2013's The Kitchen.
Most of the members had known each other since high school (or earlier), and after Del scored a record deal in the early '90s with his cousin Ice Cube's help, much of the Hieroglyphics crew wound up with major-label contracts of their own. Del, Souls of Mischief, and Casual, in particular, earned strong cult followings, but Hieroglyphics never produced a breakout mainstream star, and all the members wound up dropped from their respective labels by the mid-'90s despite their generally high-quality work. The crew rebounded with their own label, Hieroglyphics Imperium, which provided not only a platform for their future releases, but total creative control. In addition, the entire collective teamed up for the first album under the Hieroglyphics name, Third Eye Vision, in 1998. Several self-released compilations of B-sides, oldies, and live tracks also appeared, and the proper Hieroglyphics follow-up, Full Circle, dropped in 2003, reaching number 155 in the Billboard 200 album chart. In 2007, the crew treated fans to a collection of rare B-sides and remixes from all the members, titled Over Time. Five years later, the crew reunited for The Kitchen, the first proper Hieroglyphics album in a decade. ~ Steve Huey",Opio,Unknown,https://www.youtube.com/watch?v=TKUVSqYA9q8&pp=ygUSSGllcm9nbHlwaGljcyBPcGlv,ERROR: Private/Dead/Protected
3rd Eye Vision,https://lastfm.freetls.fastly.net/i/u/300x300/2e3cb8f58cc6efef4bd42288fea05a98.jpg,Hieroglyphics,1998-03-24,"The Oakland-based Hieroglyphics are a long-running, influential underground rap collective who combine an offbeat sensibility with a strong grounding in battle rhyming, freestyling, and other hip-hop traditions. All the members enjoy their own separate careers -- founder Del tha Funkee Homosapien, Casual, the Souls of Mischief, Extra Prolific, producer/manager Domino, Pep Love, and producer Jay Biz (the latter two of whom have also worked together as the Prose). Thanks to a significant online presence and constant touring, Hiero gained a healthy following among rap fans seeking an alternative to the increasingly commercialized state of the genre, and the group's signature logo (a three-eyed, straight-lipped face similar to the Mayan numeral for 8) became ubiquitous at rap shows, record stores, and college radio stations. Active as a collective since the early 1990s, the members produced acclaimed albums such as Del's I Wish My Brother George Was Here (1991) and Souls of Mischief's 93 'Til Infinity before founding the independent label Hieroglyphics Imperium in 1997 and releasing 3rd Eye Vision in 1998. While mainly active as a label, Hiero regrouped for two additional crew full-lengths, 2003's Full Circle and 2013's The Kitchen.
Most of the members had known each other since high school (or earlier), and after Del scored a record deal in the early '90s with his cousin Ice Cube's help, much of the Hieroglyphics crew wound up with major-label contracts of their own. Del, Souls of Mischief, and Casual, in particular, earned strong cult followings, but Hieroglyphics never produced a breakout mainstream star, and all the members wound up dropped from their respective labels by the mid-'90s despite their generally high-quality work. The crew rebounded with their own label, Hieroglyphics Imperium, which provided not only a platform for their future releases, but total creative control. In addition, the entire collective teamed up for the first album under the Hieroglyphics name, Third Eye Vision, in 1998. Several self-released compilations of B-sides, oldies, and live tracks also appeared, and the proper Hieroglyphics follow-up, Full Circle, dropped in 2003, reaching number 155 in the Billboard 200 album chart. In 2007, the crew treated fans to a collection of rare B-sides and remixes from all the members, titled Over Time. Five years later, the crew reunited for The Kitchen, the first proper Hieroglyphics album in a decade. ~ Steve Huey",No Nuts,Unknown,https://www.youtube.com/watch?v=ovpRF4XSeuc&pp=ygUVSGllcm9nbHlwaGljcyBObyBOdXRz,ERROR: Private/Dead/Protected
3rd Eye Vision,https://lastfm.freetls.fastly.net/i/u/300x300/2e3cb8f58cc6efef4bd42288fea05a98.jpg,Hieroglyphics,1998-03-24,"The Oakland-based Hieroglyphics are a long-running, influential underground rap collective who combine an offbeat sensibility with a strong grounding in battle rhyming, freestyling, and other hip-hop traditions. All the members enjoy their own separate careers -- founder Del tha Funkee Homosapien, Casual, the Souls of Mischief, Extra Prolific, producer/manager Domino, Pep Love, and producer Jay Biz (the latter two of whom have also worked together as the Prose). Thanks to a significant online presence and constant touring, Hiero gained a healthy following among rap fans seeking an alternative to the increasingly commercialized state of the genre, and the group's signature logo (a three-eyed, straight-lipped face similar to the Mayan numeral for 8) became ubiquitous at rap shows, record stores, and college radio stations. Active as a collective since the early 1990s, the members produced acclaimed albums such as Del's I Wish My Brother George Was Here (1991) and Souls of Mischief's 93 'Til Infinity before founding the independent label Hieroglyphics Imperium in 1997 and releasing 3rd Eye Vision in 1998. While mainly active as a label, Hiero regrouped for two additional crew full-lengths, 2003's Full Circle and 2013's The Kitchen.
Most of the members had known each other since high school (or earlier), and after Del scored a record deal in the early '90s with his cousin Ice Cube's help, much of the Hieroglyphics crew wound up with major-label contracts of their own. Del, Souls of Mischief, and Casual, in particular, earned strong cult followings, but Hieroglyphics never produced a breakout mainstream star, and all the members wound up dropped from their respective labels by the mid-'90s despite their generally high-quality work. The crew rebounded with their own label, Hieroglyphics Imperium, which provided not only a platform for their future releases, but total creative control. In addition, the entire collective teamed up for the first album under the Hieroglyphics name, Third Eye Vision, in 1998. Several self-released compilations of B-sides, oldies, and live tracks also appeared, and the proper Hieroglyphics follow-up, Full Circle, dropped in 2003, reaching number 155 in the Billboard 200 album chart. In 2007, the crew treated fans to a collection of rare B-sides and remixes from all the members, titled Over Time. Five years later, the crew reunited for The Kitchen, the first proper Hieroglyphics album in a decade. ~ Steve Huey",Del,Unknown,https://www.youtube.com/watch?v=Xpjgq2cnHJc&pp=ygURSGllcm9nbHlwaGljcyBEZWw%3D,ERROR: Private/Dead/Protected
3rd Eye Vision,https://lastfm.freetls.fastly.net/i/u/300x300/2e3cb8f58cc6efef4bd42288fea05a98.jpg,Hieroglyphics,1998-03-24,"The Oakland-based Hieroglyphics are a long-running, influential underground rap collective who combine an offbeat sensibility with a strong grounding in battle rhyming, freestyling, and other hip-hop traditions. All the members enjoy their own separate careers -- founder Del tha Funkee Homosapien, Casual, the Souls of Mischief, Extra Prolific, producer/manager Domino, Pep Love, and producer Jay Biz (the latter two of whom have also worked together as the Prose). Thanks to a significant online presence and constant touring, Hiero gained a healthy following among rap fans seeking an alternative to the increasingly commercialized state of the genre, and the group's signature logo (a three-eyed, straight-lipped face similar to the Mayan numeral for 8) became ubiquitous at rap shows, record stores, and college radio stations. Active as a collective since the early 1990s, the members produced acclaimed albums such as Del's I Wish My Brother George Was Here (1991) and Souls of Mischief's 93 'Til Infinity before founding the independent label Hieroglyphics Imperium in 1997 and releasing 3rd Eye Vision in 1998. While mainly active as a label, Hiero regrouped for two additional crew full-lengths, 2003's Full Circle and 2013's The Kitchen.
Most of the members had known each other since high school (or earlier), and after Del scored a record deal in the early '90s with his cousin Ice Cube's help, much of the Hieroglyphics crew wound up with major-label contracts of their own. Del, Souls of Mischief, and Casual, in particular, earned strong cult followings, but Hieroglyphics never produced a breakout mainstream star, and all the members wound up dropped from their respective labels by the mid-'90s despite their generally high-quality work. The crew rebounded with their own label, Hieroglyphics Imperium, which provided not only a platform for their future releases, but total creative control. In addition, the entire collective teamed up for the first album under the Hieroglyphics name, Third Eye Vision, in 1998. Several self-released compilations of B-sides, oldies, and live tracks also appeared, and the proper Hieroglyphics follow-up, Full Circle, dropped in 2003, reaching number 155 in the Billboard 200 album chart. In 2007, the crew treated fans to a collection of rare B-sides and remixes from all the members, titled Over Time. Five years later, the crew reunited for The Kitchen, the first proper Hieroglyphics album in a decade. ~ Steve Huey",One Life One Love,Unknown,https://www.youtube.com/watch?v=DHvRnYpyULU&pp=ygUfSGllcm9nbHlwaGljcyBPbmUgTGlmZSBPbmUgTG92ZQ%3D%3D,ERROR: Private/Dead/Protected
3rd Eye Vision,https://lastfm.freetls.fastly.net/i/u/300x300/2e3cb8f58cc6efef4bd42288fea05a98.jpg,Hieroglyphics,1998-03-24,"The Oakland-based Hieroglyphics are a long-running, influential underground rap collective who combine an offbeat sensibility with a strong grounding in battle rhyming, freestyling, and other hip-hop traditions. All the members enjoy their own separate careers -- founder Del tha Funkee Homosapien, Casual, the Souls of Mischief, Extra Prolific, producer/manager Domino, Pep Love, and producer Jay Biz (the latter two of whom have also worked together as the Prose). Thanks to a significant online presence and constant touring, Hiero gained a healthy following among rap fans seeking an alternative to the increasingly commercialized state of the genre, and the group's signature logo (a three-eyed, straight-lipped face similar to the Mayan numeral for 8) became ubiquitous at rap shows, record stores, and college radio stations. Active as a collective since the early 1990s, the members produced acclaimed albums such as Del's I Wish My Brother George Was Here (1991) and Souls of Mischief's 93 'Til Infinity before founding the independent label Hieroglyphics Imperium in 1997 and releasing 3rd Eye Vision in 1998. While mainly active as a label, Hiero regrouped for two additional crew full-lengths, 2003's Full Circle and 2013's The Kitchen.
Most of the members had known each other since high school (or earlier), and after Del scored a record deal in the early '90s with his cousin Ice Cube's help, much of the Hieroglyphics crew wound up with major-label contracts of their own. Del, Souls of Mischief, and Casual, in particular, earned strong cult followings, but Hieroglyphics never produced a breakout mainstream star, and all the members wound up dropped from their respective labels by the mid-'90s despite their generally high-quality work. The crew rebounded with their own label, Hieroglyphics Imperium, which provided not only a platform for their future releases, but total creative control. In addition, the entire collective teamed up for the first album under the Hieroglyphics name, Third Eye Vision, in 1998. Several self-released compilations of B-sides, oldies, and live tracks also appeared, and the proper Hieroglyphics follow-up, Full Circle, dropped in 2003, reaching number 155 in the Billboard 200 album chart. In 2007, the crew treated fans to a collection of rare B-sides and remixes from all the members, titled Over Time. Five years later, the crew reunited for The Kitchen, the first proper Hieroglyphics album in a decade. ~ Steve Huey",Miles to the Sun,Unknown,https://www.youtube.com/watch?v=gdiwW8yNS9M&pp=ygUgSGllcm9nbHlwaGljcyAtIE1pbGVzIHRvIHRoZSBTdW7SBwkJhAkBhyohjO8%3D,ERROR: Private/Dead/Protected
LP,https://lastfm.freetls.fastly.net/i/u/300x300/706dd57c2f1ebdaf7aa5a6694e6b173c.jpg,Holy Fuck,2007-10-22,"Canadian electro-rock outfit Holy Fuck play dance music without modern electronic equipment, instead preferring to use standard rock instrumentation as well as unconventional devices and machines. The group have received much acclaim for their ecstatic performances as well as their recordings, which hone their junk-shop aesthetic into accessible dance-rock songs. After debuting with the sprawling, Krautrock-inspired jams of their self-titled 2005 full-length, the group's sound became more accessible (and sometimes vocal-based) with subsequent releases such as 2016's Congrats.
The Toronto-based electronic collective Holy Fuck were formed in 2004 by Graham Walsh and Brian Borcherdt. Described as ""blip-hoppers"" and ""a shabbily dressed Kraftwerk,"" Holy Fuck began creating lo-fi electronic noise music with old analog musical and non-musical instruments, including a 35mm film synchronizer. Without the use of laptops or other instruments common to early 21st century electronic music, they strove to re-create their chaotic, Casio-driven live presence on their albums, the first of which -- a self-titled effort -- appeared in 2005.
Known primarily for improvising on-stage with a variety of electronic devices strewn across a table and held together with duct tape, the two toured heavily and wrote tracks for their 2007 album, LP, while on the road. Featuring collaborations with Dave Newfield (Broken Social Scene) and Owen Pallett (Final Fantasy), the album received a Juno Award nomination for Alternative Album of the Year and earned a spot on the short list for the Canadian Polaris Music Prize. Former Enon drummer Matt Schulz joined the lineup in 2008, while Holy Fuck wrapped up a well-received tour with M.I.A.
The full band returned in 2010 with a third album, Latin, its first to include bassist Matt McQuaid. Boasting higher production values than their previous efforts, the album received positive reviews and was placed on the long list for the Polaris Music Prize. The group toured steadily following the album's release, but other than a 2014 tour single, no new recordings surfaced until 2016. Congrats, Holy Fuck's fourth full-length album, appeared on Innovative Leisure in May of that year. A four-song EP titled Bird Brains followed in 2017. Moving further into the realm of polished production, Holy Fuck released their fifth full-length, Deleter, in 2020; the album also featured a handful of guest vocalists, including Hot Chip's Alexis Taylor on the single ""Luxe."" ~ Erik Leijon",The Pulse,Unknown,https://www.youtube.com/watch?v=11TfqRwPjBA&pp=ygUTSG9seSBGdWNrIFRoZSBQdWxzZQ%3D%3D,ERROR: Private/Dead/Protected
Free Gloss,https://lastfm.freetls.fastly.net/i/u/300x300/8ad40e174e3edd172078ec18bcd1f0dc.jpg,Holy Fuck,2019-12-03,"Canadian electro-rock outfit Holy Fuck play dance music without modern electronic equipment, instead preferring to use standard rock instrumentation as well as unconventional devices and machines. The group have received much acclaim for their ecstatic performances as well as their recordings, which hone their junk-shop aesthetic into accessible dance-rock songs. After debuting with the sprawling, Krautrock-inspired jams of their self-titled 2005 full-length, the group's sound became more accessible (and sometimes vocal-based) with subsequent releases such as 2016's Congrats.
The Toronto-based electronic collective Holy Fuck were formed in 2004 by Graham Walsh and Brian Borcherdt. Described as ""blip-hoppers"" and ""a shabbily dressed Kraftwerk,"" Holy Fuck began creating lo-fi electronic noise music with old analog musical and non-musical instruments, including a 35mm film synchronizer. Without the use of laptops or other instruments common to early 21st century electronic music, they strove to re-create their chaotic, Casio-driven live presence on their albums, the first of which -- a self-titled effort -- appeared in 2005.
Known primarily for improvising on-stage with a variety of electronic devices strewn across a table and held together with duct tape, the two toured heavily and wrote tracks for their 2007 album, LP, while on the road. Featuring collaborations with Dave Newfield (Broken Social Scene) and Owen Pallett (Final Fantasy), the album received a Juno Award nomination for Alternative Album of the Year and earned a spot on the short list for the Canadian Polaris Music Prize. Former Enon drummer Matt Schulz joined the lineup in 2008, while Holy Fuck wrapped up a well-received tour with M.I.A.
The full band returned in 2010 with a third album, Latin, its first to include bassist Matt McQuaid. Boasting higher production values than their previous efforts, the album received positive reviews and was placed on the long list for the Polaris Music Prize. The group toured steadily following the album's release, but other than a 2014 tour single, no new recordings surfaced until 2016. Congrats, Holy Fuck's fourth full-length album, appeared on Innovative Leisure in May of that year. A four-song EP titled Bird Brains followed in 2017. Moving further into the realm of polished production, Holy Fuck released their fifth full-length, Deleter, in 2020; the album also featured a handful of guest vocalists, including Hot Chip's Alexis Taylor on the single ""Luxe."" ~ Erik Leijon",Free Gloss (edit),Unknown,https://www.youtube.com/watch?v=FvdoX6YUEi4&pp=ygUdSG9seSBGdWNrIC0gRnJlZSBHbG9zcyAoZWRpdCk%3D,ERROR: Private/Dead/Protected
Event Beat,https://lastfm.freetls.fastly.net/i/u/300x300/e278cbaa6f9ec852742fefe02bf7c99a.jpg,Holy Fuck,2026-03-27,"Canadian electro-rock outfit Holy Fuck play dance music without modern electronic equipment, instead preferring to use standard rock instrumentation as well as unconventional devices and machines. The group have received much acclaim for their ecstatic performances as well as their recordings, which hone their junk-shop aesthetic into accessible dance-rock songs. After debuting with the sprawling, Krautrock-inspired jams of their self-titled 2005 full-length, the group's sound became more accessible (and sometimes vocal-based) with subsequent releases such as 2016's Congrats.
The Toronto-based electronic collective Holy Fuck were formed in 2004 by Graham Walsh and Brian Borcherdt. Described as ""blip-hoppers"" and ""a shabbily dressed Kraftwerk,"" Holy Fuck began creating lo-fi electronic noise music with old analog musical and non-musical instruments, including a 35mm film synchronizer. Without the use of laptops or other instruments common to early 21st century electronic music, they strove to re-create their chaotic, Casio-driven live presence on their albums, the first of which -- a self-titled effort -- appeared in 2005.
Known primarily for improvising on-stage with a variety of electronic devices strewn across a table and held together with duct tape, the two toured heavily and wrote tracks for their 2007 album, LP, while on the road. Featuring collaborations with Dave Newfield (Broken Social Scene) and Owen Pallett (Final Fantasy), the album received a Juno Award nomination for Alternative Album of the Year and earned a spot on the short list for the Canadian Polaris Music Prize. Former Enon drummer Matt Schulz joined the lineup in 2008, while Holy Fuck wrapped up a well-received tour with M.I.A.
The full band returned in 2010 with a third album, Latin, its first to include bassist Matt McQuaid. Boasting higher production values than their previous efforts, the album received positive reviews and was placed on the long list for the Polaris Music Prize. The group toured steadily following the album's release, but other than a 2014 tour single, no new recordings surfaced until 2016. Congrats, Holy Fuck's fourth full-length album, appeared on Innovative Leisure in May of that year. A four-song EP titled Bird Brains followed in 2017. Moving further into the realm of polished production, Holy Fuck released their fifth full-length, Deleter, in 2020; the album also featured a handful of guest vocalists, including Hot Chip's Alexis Taylor on the single ""Luxe."" ~ Erik Leijon",Elevate,Unknown,https://www.youtube.com/watch?v=nNNmuao2nuY&list=RDnNNmuao2nuY&start_radio=1&pp=ygURSG9seSBGdWNrIEVsZXZhdGWgBwE%3D,ERROR: Private/Dead/Protected
Five of Cups,https://lastfm.freetls.fastly.net/i/u/300x300/5a5b170856def1506b75ee0b9b6247be.jpg,Holy Wave,2023-08-04,"The Texas psychedelic combo Holy Wave take a restrained approach to their music, sounding like they have only just woken up as the tapes start rolling. Mixing sleepy shoegaze, reverb-baked garage rock, and slowly creeping psych, the quintet staked out a quiet claim as one of the more satisfying bands of their era. Their early records, like 2011's Knife Hits, leaned more toward the garage rock side of the equation; they soon started adding more vintage synths to the mix, and by the time they hit the 2020s, albums like Interloper and Five of Cups were balanced equally between trippy guitars and humming keyboards.
Holy Wave formed in 2008 when multi-instrumentalists Kyle Hager and Julián Ruiz decided to leave their hometown of El Paso for the more musically friendly environment of Austin. After adding Ryan Fuson, Joey Cook, and Dustin Zozaya to the lineup, they developed a sound that worked in garage rock, glazed-over psychedelic sounds, and echoing shoegaze. Each member contributed to the writing and took turns adding whatever instrument seemed right. After making a name for themselves in Austin (and becoming regular guests at the annual Austin Psych Fest), Holy Wave released their first LP, 2011's Knife Hits. In 2012, the quintet issued an EP, The Evil Has Landed, and these first two releases were paired on a 2013 collection called Evil Hits.
The band spent time touring and honing their sound by adding drones and more layers of dreamlike reverb, then in early 2014, issued their second proper album, Relax, through the partnership of the Reverberation Appreciation Society and Burger Records. The following year, they released The Evil Has Landed, Pt. 2, a collection of B-sides from Relax and demos for their next LP, Freaks of Nurture. That album was produced by the band and busy Austin producer Erik Wofford, and was issued by the Reverberation Appreciation Society in early 2016. Holy Wave set out on tour afterward, making their usual appearance at the Levitation Festival in Austin and recording a Fuzz Club session in London that was released in early 2017. The group spent the year touring with Hope Sandoval and working on their fourth album.
2018's Adult Fear was produced by Dillon Fernandez of the garage rock band Leather Girls and featured a less lush, slightly uneasy sound that allowed Holy Wave to bring some spookiness into their laid-back tunes. As usual, a spell of touring followed before the band headed back to record more music. Working with producer Charles Godfrey in his Scary American studio, the group bucked tradition to finish one song at a time, while layering in more keys than ever before, and for the first time, letting each bandmember take over lead vocals. The resulting album, Interloper, was released in July of 2020. After doing some hard thinking during the COVID-19 pandemic about whether they wanted to continue making music, the band began work on their fifth album. Featuring contributions from Estrella del Sol of Mint Field, plus Lorelle Meets the Obsolete's Lorena Quintanilla and Alberto Gonzalez, 2023's Five of Cups sees the group pursuing a similar keyboard-heavy, moodily relaxed direction as their previous album. ~ Mark Deming & Tim Sendra",Five of Cups,Unknown,https://www.youtube.com/watch?v=EE6rf9B-P1I&list=RDEE6rf9B-P1I&start_radio=1&pp=ygUWSG9seSBXYXZlIEZpdmUgb2YgQ3Vwc6AHAQ%3D%3D,ERROR: Private/Dead/Protected
Five of Cups,https://lastfm.freetls.fastly.net/i/u/300x300/5a5b170856def1506b75ee0b9b6247be.jpg,Holy Wave,2023-08-04,"The Texas psychedelic combo Holy Wave take a restrained approach to their music, sounding like they have only just woken up as the tapes start rolling. Mixing sleepy shoegaze, reverb-baked garage rock, and slowly creeping psych, the quintet staked out a quiet claim as one of the more satisfying bands of their era. Their early records, like 2011's Knife Hits, leaned more toward the garage rock side of the equation; they soon started adding more vintage synths to the mix, and by the time they hit the 2020s, albums like Interloper and Five of Cups were balanced equally between trippy guitars and humming keyboards.
Holy Wave formed in 2008 when multi-instrumentalists Kyle Hager and Julián Ruiz decided to leave their hometown of El Paso for the more musically friendly environment of Austin. After adding Ryan Fuson, Joey Cook, and Dustin Zozaya to the lineup, they developed a sound that worked in garage rock, glazed-over psychedelic sounds, and echoing shoegaze. Each member contributed to the writing and took turns adding whatever instrument seemed right. After making a name for themselves in Austin (and becoming regular guests at the annual Austin Psych Fest), Holy Wave released their first LP, 2011's Knife Hits. In 2012, the quintet issued an EP, The Evil Has Landed, and these first two releases were paired on a 2013 collection called Evil Hits.
The band spent time touring and honing their sound by adding drones and more layers of dreamlike reverb, then in early 2014, issued their second proper album, Relax, through the partnership of the Reverberation Appreciation Society and Burger Records. The following year, they released The Evil Has Landed, Pt. 2, a collection of B-sides from Relax and demos for their next LP, Freaks of Nurture. That album was produced by the band and busy Austin producer Erik Wofford, and was issued by the Reverberation Appreciation Society in early 2016. Holy Wave set out on tour afterward, making their usual appearance at the Levitation Festival in Austin and recording a Fuzz Club session in London that was released in early 2017. The group spent the year touring with Hope Sandoval and working on their fourth album.
2018's Adult Fear was produced by Dillon Fernandez of the garage rock band Leather Girls and featured a less lush, slightly uneasy sound that allowed Holy Wave to bring some spookiness into their laid-back tunes. As usual, a spell of touring followed before the band headed back to record more music. Working with producer Charles Godfrey in his Scary American studio, the group bucked tradition to finish one song at a time, while layering in more keys than ever before, and for the first time, letting each bandmember take over lead vocals. The resulting album, Interloper, was released in July of 2020. After doing some hard thinking during the COVID-19 pandemic about whether they wanted to continue making music, the band began work on their fifth album. Featuring contributions from Estrella del Sol of Mint Field, plus Lorelle Meets the Obsolete's Lorena Quintanilla and Alberto Gonzalez, 2023's Five of Cups sees the group pursuing a similar keyboard-heavy, moodily relaxed direction as their previous album. ~ Mark Deming & Tim Sendra",Bog Song,Unknown,https://www.youtube.com/watch?v=51ySCrt8GWM&list=RD51ySCrt8GWM&start_radio=1&pp=ygUUSG9seSBXYXZlIC0gQm9nIFNvbmegBwE%3D,ERROR: Private/Dead/Protected
Five of Cups,https://lastfm.freetls.fastly.net/i/u/300x300/5a5b170856def1506b75ee0b9b6247be.jpg,Holy Wave,2023-08-04,"The Texas psychedelic combo Holy Wave take a restrained approach to their music, sounding like they have only just woken up as the tapes start rolling. Mixing sleepy shoegaze, reverb-baked garage rock, and slowly creeping psych, the quintet staked out a quiet claim as one of the more satisfying bands of their era. Their early records, like 2011's Knife Hits, leaned more toward the garage rock side of the equation; they soon started adding more vintage synths to the mix, and by the time they hit the 2020s, albums like Interloper and Five of Cups were balanced equally between trippy guitars and humming keyboards.
Holy Wave formed in 2008 when multi-instrumentalists Kyle Hager and Julián Ruiz decided to leave their hometown of El Paso for the more musically friendly environment of Austin. After adding Ryan Fuson, Joey Cook, and Dustin Zozaya to the lineup, they developed a sound that worked in garage rock, glazed-over psychedelic sounds, and echoing shoegaze. Each member contributed to the writing and took turns adding whatever instrument seemed right. After making a name for themselves in Austin (and becoming regular guests at the annual Austin Psych Fest), Holy Wave released their first LP, 2011's Knife Hits. In 2012, the quintet issued an EP, The Evil Has Landed, and these first two releases were paired on a 2013 collection called Evil Hits.
The band spent time touring and honing their sound by adding drones and more layers of dreamlike reverb, then in early 2014, issued their second proper album, Relax, through the partnership of the Reverberation Appreciation Society and Burger Records. The following year, they released The Evil Has Landed, Pt. 2, a collection of B-sides from Relax and demos for their next LP, Freaks of Nurture. That album was produced by the band and busy Austin producer Erik Wofford, and was issued by the Reverberation Appreciation Society in early 2016. Holy Wave set out on tour afterward, making their usual appearance at the Levitation Festival in Austin and recording a Fuzz Club session in London that was released in early 2017. The group spent the year touring with Hope Sandoval and working on their fourth album.
2018's Adult Fear was produced by Dillon Fernandez of the garage rock band Leather Girls and featured a less lush, slightly uneasy sound that allowed Holy Wave to bring some spookiness into their laid-back tunes. As usual, a spell of touring followed before the band headed back to record more music. Working with producer Charles Godfrey in his Scary American studio, the group bucked tradition to finish one song at a time, while layering in more keys than ever before, and for the first time, letting each bandmember take over lead vocals. The resulting album, Interloper, was released in July of 2020. After doing some hard thinking during the COVID-19 pandemic about whether they wanted to continue making music, the band began work on their fifth album. Featuring contributions from Estrella del Sol of Mint Field, plus Lorelle Meets the Obsolete's Lorena Quintanilla and Alberto Gonzalez, 2023's Five of Cups sees the group pursuing a similar keyboard-heavy, moodily relaxed direction as their previous album. ~ Mark Deming & Tim Sendra",Chaparral,Unknown,https://www.youtube.com/watch?v=VwmAfs6MXME&list=RDVwmAfs6MXME&start_radio=1&pp=ygUTSG9seSBXYXZlIENoYXBhcnJhbKAHAQ%3D%3D,ERROR: Private/Dead/Protected
Five of Cups,https://lastfm.freetls.fastly.net/i/u/300x300/5a5b170856def1506b75ee0b9b6247be.jpg,Holy Wave,2023-08-04,"The Texas psychedelic combo Holy Wave take a restrained approach to their music, sounding like they have only just woken up as the tapes start rolling. Mixing sleepy shoegaze, reverb-baked garage rock, and slowly creeping psych, the quintet staked out a quiet claim as one of the more satisfying bands of their era. Their early records, like 2011's Knife Hits, leaned more toward the garage rock side of the equation; they soon started adding more vintage synths to the mix, and by the time they hit the 2020s, albums like Interloper and Five of Cups were balanced equally between trippy guitars and humming keyboards.
Holy Wave formed in 2008 when multi-instrumentalists Kyle Hager and Julián Ruiz decided to leave their hometown of El Paso for the more musically friendly environment of Austin. After adding Ryan Fuson, Joey Cook, and Dustin Zozaya to the lineup, they developed a sound that worked in garage rock, glazed-over psychedelic sounds, and echoing shoegaze. Each member contributed to the writing and took turns adding whatever instrument seemed right. After making a name for themselves in Austin (and becoming regular guests at the annual Austin Psych Fest), Holy Wave released their first LP, 2011's Knife Hits. In 2012, the quintet issued an EP, The Evil Has Landed, and these first two releases were paired on a 2013 collection called Evil Hits.
The band spent time touring and honing their sound by adding drones and more layers of dreamlike reverb, then in early 2014, issued their second proper album, Relax, through the partnership of the Reverberation Appreciation Society and Burger Records. The following year, they released The Evil Has Landed, Pt. 2, a collection of B-sides from Relax and demos for their next LP, Freaks of Nurture. That album was produced by the band and busy Austin producer Erik Wofford, and was issued by the Reverberation Appreciation Society in early 2016. Holy Wave set out on tour afterward, making their usual appearance at the Levitation Festival in Austin and recording a Fuzz Club session in London that was released in early 2017. The group spent the year touring with Hope Sandoval and working on their fourth album.
2018's Adult Fear was produced by Dillon Fernandez of the garage rock band Leather Girls and featured a less lush, slightly uneasy sound that allowed Holy Wave to bring some spookiness into their laid-back tunes. As usual, a spell of touring followed before the band headed back to record more music. Working with producer Charles Godfrey in his Scary American studio, the group bucked tradition to finish one song at a time, while layering in more keys than ever before, and for the first time, letting each bandmember take over lead vocals. The resulting album, Interloper, was released in July of 2020. After doing some hard thinking during the COVID-19 pandemic about whether they wanted to continue making music, the band began work on their fifth album. Featuring contributions from Estrella del Sol of Mint Field, plus Lorelle Meets the Obsolete's Lorena Quintanilla and Alberto Gonzalez, 2023's Five of Cups sees the group pursuing a similar keyboard-heavy, moodily relaxed direction as their previous album. ~ Mark Deming & Tim Sendra",Path of Least Resistance,Unknown,https://www.youtube.com/watch?v=Z_gmaqq5-nY&list=RDZ_gmaqq5-nY&start_radio=1&pp=ygUkSG9seSBXYXZlIC0gUGF0aCBvZiBMZWFzdCBSZXNpc3RhbmNloAcB,ERROR: Private/Dead/Protected
Five of Cups,https://lastfm.freetls.fastly.net/i/u/300x300/5a5b170856def1506b75ee0b9b6247be.jpg,Holy Wave,2023-08-04,"The Texas psychedelic combo Holy Wave take a restrained approach to their music, sounding like they have only just woken up as the tapes start rolling. Mixing sleepy shoegaze, reverb-baked garage rock, and slowly creeping psych, the quintet staked out a quiet claim as one of the more satisfying bands of their era. Their early records, like 2011's Knife Hits, leaned more toward the garage rock side of the equation; they soon started adding more vintage synths to the mix, and by the time they hit the 2020s, albums like Interloper and Five of Cups were balanced equally between trippy guitars and humming keyboards.
Holy Wave formed in 2008 when multi-instrumentalists Kyle Hager and Julián Ruiz decided to leave their hometown of El Paso for the more musically friendly environment of Austin. After adding Ryan Fuson, Joey Cook, and Dustin Zozaya to the lineup, they developed a sound that worked in garage rock, glazed-over psychedelic sounds, and echoing shoegaze. Each member contributed to the writing and took turns adding whatever instrument seemed right. After making a name for themselves in Austin (and becoming regular guests at the annual Austin Psych Fest), Holy Wave released their first LP, 2011's Knife Hits. In 2012, the quintet issued an EP, The Evil Has Landed, and these first two releases were paired on a 2013 collection called Evil Hits.
The band spent time touring and honing their sound by adding drones and more layers of dreamlike reverb, then in early 2014, issued their second proper album, Relax, through the partnership of the Reverberation Appreciation Society and Burger Records. The following year, they released The Evil Has Landed, Pt. 2, a collection of B-sides from Relax and demos for their next LP, Freaks of Nurture. That album was produced by the band and busy Austin producer Erik Wofford, and was issued by the Reverberation Appreciation Society in early 2016. Holy Wave set out on tour afterward, making their usual appearance at the Levitation Festival in Austin and recording a Fuzz Club session in London that was released in early 2017. The group spent the year touring with Hope Sandoval and working on their fourth album.
2018's Adult Fear was produced by Dillon Fernandez of the garage rock band Leather Girls and featured a less lush, slightly uneasy sound that allowed Holy Wave to bring some spookiness into their laid-back tunes. As usual, a spell of touring followed before the band headed back to record more music. Working with producer Charles Godfrey in his Scary American studio, the group bucked tradition to finish one song at a time, while layering in more keys than ever before, and for the first time, letting each bandmember take over lead vocals. The resulting album, Interloper, was released in July of 2020. After doing some hard thinking during the COVID-19 pandemic about whether they wanted to continue making music, the band began work on their fifth album. Featuring contributions from Estrella del Sol of Mint Field, plus Lorelle Meets the Obsolete's Lorena Quintanilla and Alberto Gonzalez, 2023's Five of Cups sees the group pursuing a similar keyboard-heavy, moodily relaxed direction as their previous album. ~ Mark Deming & Tim Sendra",Nothing is Real,Unknown,https://www.youtube.com/watch?v=-nwFLUo5jgg&list=RD-nwFLUo5jgg&start_radio=1&pp=ygUbSG9seSBXYXZlIC0gTm90aGluZyBpcyBSZWFsoAcB0gcJCdoKAYcqIYzv,ERROR: Private/Dead/Protected
Five of Cups,https://lastfm.freetls.fastly.net/i/u/300x300/5a5b170856def1506b75ee0b9b6247be.jpg,Holy Wave,2023-08-04,"The Texas psychedelic combo Holy Wave take a restrained approach to their music, sounding like they have only just woken up as the tapes start rolling. Mixing sleepy shoegaze, reverb-baked garage rock, and slowly creeping psych, the quintet staked out a quiet claim as one of the more satisfying bands of their era. Their early records, like 2011's Knife Hits, leaned more toward the garage rock side of the equation; they soon started adding more vintage synths to the mix, and by the time they hit the 2020s, albums like Interloper and Five of Cups were balanced equally between trippy guitars and humming keyboards.
Holy Wave formed in 2008 when multi-instrumentalists Kyle Hager and Julián Ruiz decided to leave their hometown of El Paso for the more musically friendly environment of Austin. After adding Ryan Fuson, Joey Cook, and Dustin Zozaya to the lineup, they developed a sound that worked in garage rock, glazed-over psychedelic sounds, and echoing shoegaze. Each member contributed to the writing and took turns adding whatever instrument seemed right. After making a name for themselves in Austin (and becoming regular guests at the annual Austin Psych Fest), Holy Wave released their first LP, 2011's Knife Hits. In 2012, the quintet issued an EP, The Evil Has Landed, and these first two releases were paired on a 2013 collection called Evil Hits.
The band spent time touring and honing their sound by adding drones and more layers of dreamlike reverb, then in early 2014, issued their second proper album, Relax, through the partnership of the Reverberation Appreciation Society and Burger Records. The following year, they released The Evil Has Landed, Pt. 2, a collection of B-sides from Relax and demos for their next LP, Freaks of Nurture. That album was produced by the band and busy Austin producer Erik Wofford, and was issued by the Reverberation Appreciation Society in early 2016. Holy Wave set out on tour afterward, making their usual appearance at the Levitation Festival in Austin and recording a Fuzz Club session in London that was released in early 2017. The group spent the year touring with Hope Sandoval and working on their fourth album.
2018's Adult Fear was produced by Dillon Fernandez of the garage rock band Leather Girls and featured a less lush, slightly uneasy sound that allowed Holy Wave to bring some spookiness into their laid-back tunes. As usual, a spell of touring followed before the band headed back to record more music. Working with producer Charles Godfrey in his Scary American studio, the group bucked tradition to finish one song at a time, while layering in more keys than ever before, and for the first time, letting each bandmember take over lead vocals. The resulting album, Interloper, was released in July of 2020. After doing some hard thinking during the COVID-19 pandemic about whether they wanted to continue making music, the band began work on their fifth album. Featuring contributions from Estrella del Sol of Mint Field, plus Lorelle Meets the Obsolete's Lorena Quintanilla and Alberto Gonzalez, 2023's Five of Cups sees the group pursuing a similar keyboard-heavy, moodily relaxed direction as their previous album. ~ Mark Deming & Tim Sendra",Hypervigilance,Unknown,https://www.youtube.com/watch?v=sjpzkk8GxJ4&list=RDsjpzkk8GxJ4&start_radio=1&pp=ygUaSG9seSBXYXZlIC0gSHlwZXJ2aWdpbGFuY2WgBwE%3D,ERROR: Private/Dead/Protected
Five of Cups,https://lastfm.freetls.fastly.net/i/u/300x300/5a5b170856def1506b75ee0b9b6247be.jpg,Holy Wave,2023-08-04,"The Texas psychedelic combo Holy Wave take a restrained approach to their music, sounding like they have only just woken up as the tapes start rolling. Mixing sleepy shoegaze, reverb-baked garage rock, and slowly creeping psych, the quintet staked out a quiet claim as one of the more satisfying bands of their era. Their early records, like 2011's Knife Hits, leaned more toward the garage rock side of the equation; they soon started adding more vintage synths to the mix, and by the time they hit the 2020s, albums like Interloper and Five of Cups were balanced equally between trippy guitars and humming keyboards.
Holy Wave formed in 2008 when multi-instrumentalists Kyle Hager and Julián Ruiz decided to leave their hometown of El Paso for the more musically friendly environment of Austin. After adding Ryan Fuson, Joey Cook, and Dustin Zozaya to the lineup, they developed a sound that worked in garage rock, glazed-over psychedelic sounds, and echoing shoegaze. Each member contributed to the writing and took turns adding whatever instrument seemed right. After making a name for themselves in Austin (and becoming regular guests at the annual Austin Psych Fest), Holy Wave released their first LP, 2011's Knife Hits. In 2012, the quintet issued an EP, The Evil Has Landed, and these first two releases were paired on a 2013 collection called Evil Hits.
The band spent time touring and honing their sound by adding drones and more layers of dreamlike reverb, then in early 2014, issued their second proper album, Relax, through the partnership of the Reverberation Appreciation Society and Burger Records. The following year, they released The Evil Has Landed, Pt. 2, a collection of B-sides from Relax and demos for their next LP, Freaks of Nurture. That album was produced by the band and busy Austin producer Erik Wofford, and was issued by the Reverberation Appreciation Society in early 2016. Holy Wave set out on tour afterward, making their usual appearance at the Levitation Festival in Austin and recording a Fuzz Club session in London that was released in early 2017. The group spent the year touring with Hope Sandoval and working on their fourth album.
2018's Adult Fear was produced by Dillon Fernandez of the garage rock band Leather Girls and featured a less lush, slightly uneasy sound that allowed Holy Wave to bring some spookiness into their laid-back tunes. As usual, a spell of touring followed before the band headed back to record more music. Working with producer Charles Godfrey in his Scary American studio, the group bucked tradition to finish one song at a time, while layering in more keys than ever before, and for the first time, letting each bandmember take over lead vocals. The resulting album, Interloper, was released in July of 2020. After doing some hard thinking during the COVID-19 pandemic about whether they wanted to continue making music, the band began work on their fifth album. Featuring contributions from Estrella del Sol of Mint Field, plus Lorelle Meets the Obsolete's Lorena Quintanilla and Alberto Gonzalez, 2023's Five of Cups sees the group pursuing a similar keyboard-heavy, moodily relaxed direction as their previous album. ~ Mark Deming & Tim Sendra",The Darkest Timeline,Unknown,https://www.youtube.com/watch?v=GPZFZjzox9w&list=RDGPZFZjzox9w&start_radio=1&pp=ygUeSG9seSBXYXZlIFRoZSBEYXJrZXN0IFRpbWVsaW5loAcB,ERROR: Private/Dead/Protected
Five of Cups,https://lastfm.freetls.fastly.net/i/u/300x300/5a5b170856def1506b75ee0b9b6247be.jpg,Holy Wave,2023-08-04,"The Texas psychedelic combo Holy Wave take a restrained approach to their music, sounding like they have only just woken up as the tapes start rolling. Mixing sleepy shoegaze, reverb-baked garage rock, and slowly creeping psych, the quintet staked out a quiet claim as one of the more satisfying bands of their era. Their early records, like 2011's Knife Hits, leaned more toward the garage rock side of the equation; they soon started adding more vintage synths to the mix, and by the time they hit the 2020s, albums like Interloper and Five of Cups were balanced equally between trippy guitars and humming keyboards.
Holy Wave formed in 2008 when multi-instrumentalists Kyle Hager and Julián Ruiz decided to leave their hometown of El Paso for the more musically friendly environment of Austin. After adding Ryan Fuson, Joey Cook, and Dustin Zozaya to the lineup, they developed a sound that worked in garage rock, glazed-over psychedelic sounds, and echoing shoegaze. Each member contributed to the writing and took turns adding whatever instrument seemed right. After making a name for themselves in Austin (and becoming regular guests at the annual Austin Psych Fest), Holy Wave released their first LP, 2011's Knife Hits. In 2012, the quintet issued an EP, The Evil Has Landed, and these first two releases were paired on a 2013 collection called Evil Hits.
The band spent time touring and honing their sound by adding drones and more layers of dreamlike reverb, then in early 2014, issued their second proper album, Relax, through the partnership of the Reverberation Appreciation Society and Burger Records. The following year, they released The Evil Has Landed, Pt. 2, a collection of B-sides from Relax and demos for their next LP, Freaks of Nurture. That album was produced by the band and busy Austin producer Erik Wofford, and was issued by the Reverberation Appreciation Society in early 2016. Holy Wave set out on tour afterward, making their usual appearance at the Levitation Festival in Austin and recording a Fuzz Club session in London that was released in early 2017. The group spent the year touring with Hope Sandoval and working on their fourth album.
2018's Adult Fear was produced by Dillon Fernandez of the garage rock band Leather Girls and featured a less lush, slightly uneasy sound that allowed Holy Wave to bring some spookiness into their laid-back tunes. As usual, a spell of touring followed before the band headed back to record more music. Working with producer Charles Godfrey in his Scary American studio, the group bucked tradition to finish one song at a time, while layering in more keys than ever before, and for the first time, letting each bandmember take over lead vocals. The resulting album, Interloper, was released in July of 2020. After doing some hard thinking during the COVID-19 pandemic about whether they wanted to continue making music, the band began work on their fifth album. Featuring contributions from Estrella del Sol of Mint Field, plus Lorelle Meets the Obsolete's Lorena Quintanilla and Alberto Gonzalez, 2023's Five of Cups sees the group pursuing a similar keyboard-heavy, moodily relaxed direction as their previous album. ~ Mark Deming & Tim Sendra",Nothing in the Dark,Unknown,https://www.youtube.com/watch?v=qmLvBV1h4ZI&list=RDqmLvBV1h4ZI&start_radio=1&pp=ygUfSG9seSBXYXZlIC0gTm90aGluZyBpbiB0aGUgRGFya6AHAQ%3D%3D,ERROR: Private/Dead/Protected
Five of Cups,https://lastfm.freetls.fastly.net/i/u/300x300/5a5b170856def1506b75ee0b9b6247be.jpg,Holy Wave,2023-08-04,"The Texas psychedelic combo Holy Wave take a restrained approach to their music, sounding like they have only just woken up as the tapes start rolling. Mixing sleepy shoegaze, reverb-baked garage rock, and slowly creeping psych, the quintet staked out a quiet claim as one of the more satisfying bands of their era. Their early records, like 2011's Knife Hits, leaned more toward the garage rock side of the equation; they soon started adding more vintage synths to the mix, and by the time they hit the 2020s, albums like Interloper and Five of Cups were balanced equally between trippy guitars and humming keyboards.
Holy Wave formed in 2008 when multi-instrumentalists Kyle Hager and Julián Ruiz decided to leave their hometown of El Paso for the more musically friendly environment of Austin. After adding Ryan Fuson, Joey Cook, and Dustin Zozaya to the lineup, they developed a sound that worked in garage rock, glazed-over psychedelic sounds, and echoing shoegaze. Each member contributed to the writing and took turns adding whatever instrument seemed right. After making a name for themselves in Austin (and becoming regular guests at the annual Austin Psych Fest), Holy Wave released their first LP, 2011's Knife Hits. In 2012, the quintet issued an EP, The Evil Has Landed, and these first two releases were paired on a 2013 collection called Evil Hits.
The band spent time touring and honing their sound by adding drones and more layers of dreamlike reverb, then in early 2014, issued their second proper album, Relax, through the partnership of the Reverberation Appreciation Society and Burger Records. The following year, they released The Evil Has Landed, Pt. 2, a collection of B-sides from Relax and demos for their next LP, Freaks of Nurture. That album was produced by the band and busy Austin producer Erik Wofford, and was issued by the Reverberation Appreciation Society in early 2016. Holy Wave set out on tour afterward, making their usual appearance at the Levitation Festival in Austin and recording a Fuzz Club session in London that was released in early 2017. The group spent the year touring with Hope Sandoval and working on their fourth album.
2018's Adult Fear was produced by Dillon Fernandez of the garage rock band Leather Girls and featured a less lush, slightly uneasy sound that allowed Holy Wave to bring some spookiness into their laid-back tunes. As usual, a spell of touring followed before the band headed back to record more music. Working with producer Charles Godfrey in his Scary American studio, the group bucked tradition to finish one song at a time, while layering in more keys than ever before, and for the first time, letting each bandmember take over lead vocals. The resulting album, Interloper, was released in July of 2020. After doing some hard thinking during the COVID-19 pandemic about whether they wanted to continue making music, the band began work on their fifth album. Featuring contributions from Estrella del Sol of Mint Field, plus Lorelle Meets the Obsolete's Lorena Quintanilla and Alberto Gonzalez, 2023's Five of Cups sees the group pursuing a similar keyboard-heavy, moodily relaxed direction as their previous album. ~ Mark Deming & Tim Sendra",Happier,Unknown,https://www.youtube.com/watch?v=RfQeEdiFUno&list=RDRfQeEdiFUno&start_radio=1&pp=ygUTSG9seSBXYXZlIC0gSGFwcGllcqAHAQ%3D%3D,ERROR: Private/Dead/Protected
Watch It Die,https://lastfm.freetls.fastly.net/i/u/300x300/1765f18a1decd43d793f01565ff2243a.jpg,Home Front,2025-11-14,"Home Front is a Canadian post-punk band from Edmonton, Alberta formed in 2021, by Graeme McKinnon, formerly of Wednesday Night Heroes, and Clint Frazier of Shout Out Out Out Out respectively. Their sound has been characterized as a blend of both punk and new wave influences into a style reminiscent of Echo & the Bunnymen and The Cure,

To date, they have released one studio album, their critically-acclaimed full-length, Games of Power (2023)  and two EP's, Think of the Lie (2021) and Nation (2023) via British independent punk label, La Vida Es Un Mus. The former was produced by Jonah Falco of Canadian hardcore band, Fucked Up and mixed and mastered by Frazier's Shout Out Out Out Out' bandmate, Nik Kozub.

Games of Power was longlisted for the 2023 Polaris Music Prize.

Band members
Graeme McKinnon– lead vocals, guitar, bass (2021–present)
Clint Frazier– drums, synths, keyboards (2021–present)
Bendy Straws - bass, vibes (2022-present)
Ian Boothman-guitar (2022-present)
War Dog - drums (2022-present) Read more on Last.fm. User-contributed text is available under the Creative Commons By-SA License; additional terms may apply.",Watch It Die,Unknown,https://www.youtube.com/watch?v=eA67ctmsaTo&list=RDeA67ctmsaTo&start_radio=1&pp=ygUZSG9tZSBGcm9udCAtIFdhdGNoIEl0IERpZaAHAQ%3D%3D,ERROR: Private/Dead/Protected
Watch It Die,https://lastfm.freetls.fastly.net/i/u/300x300/1765f18a1decd43d793f01565ff2243a.jpg,Home Front,2025-11-14,"Home Front is a Canadian post-punk band from Edmonton, Alberta formed in 2021, by Graeme McKinnon, formerly of Wednesday Night Heroes, and Clint Frazier of Shout Out Out Out Out respectively. Their sound has been characterized as a blend of both punk and new wave influences into a style reminiscent of Echo & the Bunnymen and The Cure,

To date, they have released one studio album, their critically-acclaimed full-length, Games of Power (2023)  and two EP's, Think of the Lie (2021) and Nation (2023) via British independent punk label, La Vida Es Un Mus. The former was produced by Jonah Falco of Canadian hardcore band, Fucked Up and mixed and mastered by Frazier's Shout Out Out Out Out' bandmate, Nik Kozub.

Games of Power was longlisted for the 2023 Polaris Music Prize.

Band members
Graeme McKinnon– lead vocals, guitar, bass (2021–present)
Clint Frazier– drums, synths, keyboards (2021–present)
Bendy Straws - bass, vibes (2022-present)
Ian Boothman-guitar (2022-present)
War Dog - drums (2022-present) Read more on Last.fm. User-contributed text is available under the Creative Commons By-SA License; additional terms may apply.",New Madness,Unknown,https://www.youtube.com/watch?v=q-3vlXgxJg0&list=RDq-3vlXgxJg0&start_radio=1&pp=ygUYSG9tZSBGcm9udCAtIE5ldyBNYWRuZXNzoAcB,ERROR: Private/Dead/Protected
Watch It Die,https://lastfm.freetls.fastly.net/i/u/300x300/1765f18a1decd43d793f01565ff2243a.jpg,Home Front,2025-11-14,"Home Front is a Canadian post-punk band from Edmonton, Alberta formed in 2021, by Graeme McKinnon, formerly of Wednesday Night Heroes, and Clint Frazier of Shout Out Out Out Out respectively. Their sound has been characterized as a blend of both punk and new wave influences into a style reminiscent of Echo & the Bunnymen and The Cure,

To date, they have released one studio album, their critically-acclaimed full-length, Games of Power (2023)  and two EP's, Think of the Lie (2021) and Nation (2023) via British independent punk label, La Vida Es Un Mus. The former was produced by Jonah Falco of Canadian hardcore band, Fucked Up and mixed and mastered by Frazier's Shout Out Out Out Out' bandmate, Nik Kozub.

Games of Power was longlisted for the 2023 Polaris Music Prize.

Band members
Graeme McKinnon– lead vocals, guitar, bass (2021–present)
Clint Frazier– drums, synths, keyboards (2021–present)
Bendy Straws - bass, vibes (2022-present)
Ian Boothman-guitar (2022-present)
War Dog - drums (2022-present) Read more on Last.fm. User-contributed text is available under the Creative Commons By-SA License; additional terms may apply.",Light Sleeper,Unknown,https://www.youtube.com/watch?v=cqgXrGrIguU&list=RDcqgXrGrIguU&start_radio=1&pp=ygUYSG9tZSBGcm9udCBMaWdodCBTbGVlcGVyoAcB,ERROR: Private/Dead/Protected
Watch It Die,https://lastfm.freetls.fastly.net/i/u/300x300/1765f18a1decd43d793f01565ff2243a.jpg,Home Front,2025-11-14,"Home Front is a Canadian post-punk band from Edmonton, Alberta formed in 2021, by Graeme McKinnon, formerly of Wednesday Night Heroes, and Clint Frazier of Shout Out Out Out Out respectively. Their sound has been characterized as a blend of both punk and new wave influences into a style reminiscent of Echo & the Bunnymen and The Cure,

To date, they have released one studio album, their critically-acclaimed full-length, Games of Power (2023)  and two EP's, Think of the Lie (2021) and Nation (2023) via British independent punk label, La Vida Es Un Mus. The former was produced by Jonah Falco of Canadian hardcore band, Fucked Up and mixed and mastered by Frazier's Shout Out Out Out Out' bandmate, Nik Kozub.

Games of Power was longlisted for the 2023 Polaris Music Prize.

Band members
Graeme McKinnon– lead vocals, guitar, bass (2021–present)
Clint Frazier– drums, synths, keyboards (2021–present)
Bendy Straws - bass, vibes (2022-present)
Ian Boothman-guitar (2022-present)
War Dog - drums (2022-present) Read more on Last.fm. User-contributed text is available under the Creative Commons By-SA License; additional terms may apply.",Between the Waves,Unknown,https://www.youtube.com/watch?v=aQeMZ8jrVrc&list=RDaQeMZ8jrVrc&start_radio=1&pp=ygUeSG9tZSBGcm9udCAtIEJldHdlZW4gdGhlIFdhdmVzoAcB,ERROR: Private/Dead/Protected
Watch It Die,https://lastfm.freetls.fastly.net/i/u/300x300/1765f18a1decd43d793f01565ff2243a.jpg,Home Front,2025-11-14,"Home Front is a Canadian post-punk band from Edmonton, Alberta formed in 2021, by Graeme McKinnon, formerly of Wednesday Night Heroes, and Clint Frazier of Shout Out Out Out Out respectively. Their sound has been characterized as a blend of both punk and new wave influences into a style reminiscent of Echo & the Bunnymen and The Cure,

To date, they have released one studio album, their critically-acclaimed full-length, Games of Power (2023)  and two EP's, Think of the Lie (2021) and Nation (2023) via British independent punk label, La Vida Es Un Mus. The former was produced by Jonah Falco of Canadian hardcore band, Fucked Up and mixed and mastered by Frazier's Shout Out Out Out Out' bandmate, Nik Kozub.

Games of Power was longlisted for the 2023 Polaris Music Prize.

Band members
Graeme McKinnon– lead vocals, guitar, bass (2021–present)
Clint Frazier– drums, synths, keyboards (2021–present)
Bendy Straws - bass, vibes (2022-present)
Ian Boothman-guitar (2022-present)
War Dog - drums (2022-present) Read more on Last.fm. User-contributed text is available under the Creative Commons By-SA License; additional terms may apply.",Eulogy,Unknown,https://www.youtube.com/watch?v=cdYpIzmv2Mc&list=RDcdYpIzmv2Mc&start_radio=1&pp=ygURSG9tZSBGcm9udCBFdWxvZ3mgBwE%3D,ERROR: Private/Dead/Protected
Watch It Die,https://lastfm.freetls.fastly.net/i/u/300x300/1765f18a1decd43d793f01565ff2243a.jpg,Home Front,2025-11-14,"Home Front is a Canadian post-punk band from Edmonton, Alberta formed in 2021, by Graeme McKinnon, formerly of Wednesday Night Heroes, and Clint Frazier of Shout Out Out Out Out respectively. Their sound has been characterized as a blend of both punk and new wave influences into a style reminiscent of Echo & the Bunnymen and The Cure,

To date, they have released one studio album, their critically-acclaimed full-length, Games of Power (2023)  and two EP's, Think of the Lie (2021) and Nation (2023) via British independent punk label, La Vida Es Un Mus. The former was produced by Jonah Falco of Canadian hardcore band, Fucked Up and mixed and mastered by Frazier's Shout Out Out Out Out' bandmate, Nik Kozub.

Games of Power was longlisted for the 2023 Polaris Music Prize.

Band members
Graeme McKinnon– lead vocals, guitar, bass (2021–present)
Clint Frazier– drums, synths, keyboards (2021–present)
Bendy Straws - bass, vibes (2022-present)
Ian Boothman-guitar (2022-present)
War Dog - drums (2022-present) Read more on Last.fm. User-contributed text is available under the Creative Commons By-SA License; additional terms may apply.",The Vanishing,Unknown,https://www.youtube.com/watch?v=rtymdxhzP-o&list=RDrtymdxhzP-o&start_radio=1&pp=ygUaSG9tZSBGcm9udCAtIFRoZSBWYW5pc2hpbmegBwE%3D,ERROR: Private/Dead/Protected
Watch It Die,https://lastfm.freetls.fastly.net/i/u/300x300/1765f18a1decd43d793f01565ff2243a.jpg,Home Front,2025-11-14,"Home Front is a Canadian post-punk band from Edmonton, Alberta formed in 2021, by Graeme McKinnon, formerly of Wednesday Night Heroes, and Clint Frazier of Shout Out Out Out Out respectively. Their sound has been characterized as a blend of both punk and new wave influences into a style reminiscent of Echo & the Bunnymen and The Cure,

To date, they have released one studio album, their critically-acclaimed full-length, Games of Power (2023)  and two EP's, Think of the Lie (2021) and Nation (2023) via British independent punk label, La Vida Es Un Mus. The former was produced by Jonah Falco of Canadian hardcore band, Fucked Up and mixed and mastered by Frazier's Shout Out Out Out Out' bandmate, Nik Kozub.

Games of Power was longlisted for the 2023 Polaris Music Prize.

Band members
Graeme McKinnon– lead vocals, guitar, bass (2021–present)
Clint Frazier– drums, synths, keyboards (2021–present)
Bendy Straws - bass, vibes (2022-present)
Ian Boothman-guitar (2022-present)
War Dog - drums (2022-present) Read more on Last.fm. User-contributed text is available under the Creative Commons By-SA License; additional terms may apply.",For the Children (Fuck All),Unknown,https://www.youtube.com/watch?v=w2IhccXakkE&list=RDw2IhccXakkE&start_radio=1&pp=ygUoSG9tZSBGcm9udCAtIEZvciB0aGUgQ2hpbGRyZW4gKEZ1Y2sgQWxsKaAHAQ%3D%3D,ERROR: Private/Dead/Protected
Watch It Die,https://lastfm.freetls.fastly.net/i/u/300x300/1765f18a1decd43d793f01565ff2243a.jpg,Home Front,2025-11-14,"Home Front is a Canadian post-punk band from Edmonton, Alberta formed in 2021, by Graeme McKinnon, formerly of Wednesday Night Heroes, and Clint Frazier of Shout Out Out Out Out respectively. Their sound has been characterized as a blend of both punk and new wave influences into a style reminiscent of Echo & the Bunnymen and The Cure,

To date, they have released one studio album, their critically-acclaimed full-length, Games of Power (2023)  and two EP's, Think of the Lie (2021) and Nation (2023) via British independent punk label, La Vida Es Un Mus. The former was produced by Jonah Falco of Canadian hardcore band, Fucked Up and mixed and mastered by Frazier's Shout Out Out Out Out' bandmate, Nik Kozub.

Games of Power was longlisted for the 2023 Polaris Music Prize.

Band members
Graeme McKinnon– lead vocals, guitar, bass (2021–present)
Clint Frazier– drums, synths, keyboards (2021–present)
Bendy Straws - bass, vibes (2022-present)
Ian Boothman-guitar (2022-present)
War Dog - drums (2022-present) Read more on Last.fm. User-contributed text is available under the Creative Commons By-SA License; additional terms may apply.",Kiss the Sky,Unknown,https://www.youtube.com/watch?v=f6Pp0fTewMI&list=RDf6Pp0fTewMI&start_radio=1&pp=ygUZSG9tZSBGcm9udCAtIEtpc3MgdGhlIFNreaAHAQ%3D%3D,ERROR: Private/Dead/Protected
Watch It Die,https://lastfm.freetls.fastly.net/i/u/300x300/1765f18a1decd43d793f01565ff2243a.jpg,Home Front,2025-11-14,"Home Front is a Canadian post-punk band from Edmonton, Alberta formed in 2021, by Graeme McKinnon, formerly of Wednesday Night Heroes, and Clint Frazier of Shout Out Out Out Out respectively. Their sound has been characterized as a blend of both punk and new wave influences into a style reminiscent of Echo & the Bunnymen and The Cure,

To date, they have released one studio album, their critically-acclaimed full-length, Games of Power (2023)  and two EP's, Think of the Lie (2021) and Nation (2023) via British independent punk label, La Vida Es Un Mus. The former was produced by Jonah Falco of Canadian hardcore band, Fucked Up and mixed and mastered by Frazier's Shout Out Out Out Out' bandmate, Nik Kozub.

Games of Power was longlisted for the 2023 Polaris Music Prize.

Band members
Graeme McKinnon– lead vocals, guitar, bass (2021–present)
Clint Frazier– drums, synths, keyboards (2021–present)
Bendy Straws - bass, vibes (2022-present)
Ian Boothman-guitar (2022-present)
War Dog - drums (2022-present) Read more on Last.fm. User-contributed text is available under the Creative Commons By-SA License; additional terms may apply.",Always This Way,Unknown,https://www.youtube.com/watch?v=_hzL8HW8KsI&list=RD_hzL8HW8KsI&start_radio=1&pp=ygUcSG9tZSBGcm9udCAtIEFsd2F5cyBUaGlzIFdheaAHAQ%3D%3D,ERROR: Private/Dead/Protected
Watch It Die,https://lastfm.freetls.fastly.net/i/u/300x300/1765f18a1decd43d793f01565ff2243a.jpg,Home Front,2025-11-14,"Home Front is a Canadian post-punk band from Edmonton, Alberta formed in 2021, by Graeme McKinnon, formerly of Wednesday Night Heroes, and Clint Frazier of Shout Out Out Out Out respectively. Their sound has been characterized as a blend of both punk and new wave influences into a style reminiscent of Echo & the Bunnymen and The Cure,

To date, they have released one studio album, their critically-acclaimed full-length, Games of Power (2023)  and two EP's, Think of the Lie (2021) and Nation (2023) via British independent punk label, La Vida Es Un Mus. The former was produced by Jonah Falco of Canadian hardcore band, Fucked Up and mixed and mastered by Frazier's Shout Out Out Out Out' bandmate, Nik Kozub.

Games of Power was longlisted for the 2023 Polaris Music Prize.

Band members
Graeme McKinnon– lead vocals, guitar, bass (2021–present)
Clint Frazier– drums, synths, keyboards (2021–present)
Bendy Straws - bass, vibes (2022-present)
Ian Boothman-guitar (2022-present)
War Dog - drums (2022-present) Read more on Last.fm. User-contributed text is available under the Creative Commons By-SA License; additional terms may apply.",D.W.A.,Unknown,https://www.youtube.com/watch?v=cacavHmo7tg&list=RDcacavHmo7tg&start_radio=1&pp=ygUTSG9tZSBGcm9udCAtIEQuVy5BLqAHAQ%3D%3D,ERROR: Private/Dead/Protected
Watch It Die,https://lastfm.freetls.fastly.net/i/u/300x300/1765f18a1decd43d793f01565ff2243a.jpg,Home Front,2025-11-14,"Home Front is a Canadian post-punk band from Edmonton, Alberta formed in 2021, by Graeme McKinnon, formerly of Wednesday Night Heroes, and Clint Frazier of Shout Out Out Out Out respectively. Their sound has been characterized as a blend of both punk and new wave influences into a style reminiscent of Echo & the Bunnymen and The Cure,

To date, they have released one studio album, their critically-acclaimed full-length, Games of Power (2023)  and two EP's, Think of the Lie (2021) and Nation (2023) via British independent punk label, La Vida Es Un Mus. The former was produced by Jonah Falco of Canadian hardcore band, Fucked Up and mixed and mastered by Frazier's Shout Out Out Out Out' bandmate, Nik Kozub.

Games of Power was longlisted for the 2023 Polaris Music Prize.

Band members
Graeme McKinnon– lead vocals, guitar, bass (2021–present)
Clint Frazier– drums, synths, keyboards (2021–present)
Bendy Straws - bass, vibes (2022-present)
Ian Boothman-guitar (2022-present)
War Dog - drums (2022-present) Read more on Last.fm. User-contributed text is available under the Creative Commons By-SA License; additional terms may apply.",Young Offender,Unknown,https://www.youtube.com/watch?v=cZ9UKj3ElmE&list=RDcZ9UKj3ElmE&start_radio=1&pp=ygUZSG9tZSBGcm9udCBZb3VuZyBPZmZlbmRlcqAHAQ%3D%3D,ERROR: Private/Dead/Protected
Watch It Die,https://lastfm.freetls.fastly.net/i/u/300x300/1765f18a1decd43d793f01565ff2243a.jpg,Home Front,2025-11-14,"Home Front is a Canadian post-punk band from Edmonton, Alberta formed in 2021, by Graeme McKinnon, formerly of Wednesday Night Heroes, and Clint Frazier of Shout Out Out Out Out respectively. Their sound has been characterized as a blend of both punk and new wave influences into a style reminiscent of Echo & the Bunnymen and The Cure,

To date, they have released one studio album, their critically-acclaimed full-length, Games of Power (2023)  and two EP's, Think of the Lie (2021) and Nation (2023) via British independent punk label, La Vida Es Un Mus. The former was produced by Jonah Falco of Canadian hardcore band, Fucked Up and mixed and mastered by Frazier's Shout Out Out Out Out' bandmate, Nik Kozub.

Games of Power was longlisted for the 2023 Polaris Music Prize.

Band members
Graeme McKinnon– lead vocals, guitar, bass (2021–present)
Clint Frazier– drums, synths, keyboards (2021–present)
Bendy Straws - bass, vibes (2022-present)
Ian Boothman-guitar (2022-present)
War Dog - drums (2022-present) Read more on Last.fm. User-contributed text is available under the Creative Commons By-SA License; additional terms may apply.",Empire,Unknown,https://www.youtube.com/watch?v=KrzVgbG3hC4&list=RDKrzVgbG3hC4&start_radio=1&pp=ygUTSG9tZSBGcm9udCAtIEVtcGlyZaAHAQ%3D%3D,ERROR: Private/Dead/Protected
Games of Power,https://lastfm.freetls.fastly.net/i/u/300x300/91ae5ccc1e319fa246e0fc2349e3929f.jpg,Home Front,2023-03-03,"Home Front is a Canadian post-punk band from Edmonton, Alberta formed in 2021, by Graeme McKinnon, formerly of Wednesday Night Heroes, and Clint Frazier of Shout Out Out Out Out respectively. Their sound has been characterized as a blend of both punk and new wave influences into a style reminiscent of Echo & the Bunnymen and The Cure,

To date, they have released one studio album, their critically-acclaimed full-length, Games of Power (2023)  and two EP's, Think of the Lie (2021) and Nation (2023) via British independent punk label, La Vida Es Un Mus. The former was produced by Jonah Falco of Canadian hardcore band, Fucked Up and mixed and mastered by Frazier's Shout Out Out Out Out' bandmate, Nik Kozub.

Games of Power was longlisted for the 2023 Polaris Music Prize.

Band members
Graeme McKinnon– lead vocals, guitar, bass (2021–present)
Clint Frazier– drums, synths, keyboards (2021–present)
Bendy Straws - bass, vibes (2022-present)
Ian Boothman-guitar (2022-present)
War Dog - drums (2022-present) Read more on Last.fm. User-contributed text is available under the Creative Commons By-SA License; additional terms may apply.",Faded State,Unknown,https://www.youtube.com/watch?v=CtyKEAyfHPU&list=RDCtyKEAyfHPU&start_radio=1&pp=ygUWSG9tZSBGcm9udCBGYWRlZCBTdGF0ZaAHAQ%3D%3D,ERROR: Private/Dead/Protected
Games of Power,https://lastfm.freetls.fastly.net/i/u/300x300/91ae5ccc1e319fa246e0fc2349e3929f.jpg,Home Front,2023-03-03,"Home Front is a Canadian post-punk band from Edmonton, Alberta formed in 2021, by Graeme McKinnon, formerly of Wednesday Night Heroes, and Clint Frazier of Shout Out Out Out Out respectively. Their sound has been characterized as a blend of both punk and new wave influences into a style reminiscent of Echo & the Bunnymen and The Cure,

To date, they have released one studio album, their critically-acclaimed full-length, Games of Power (2023)  and two EP's, Think of the Lie (2021) and Nation (2023) via British independent punk label, La Vida Es Un Mus. The former was produced by Jonah Falco of Canadian hardcore band, Fucked Up and mixed and mastered by Frazier's Shout Out Out Out Out' bandmate, Nik Kozub.

Games of Power was longlisted for the 2023 Polaris Music Prize.

Band members
Graeme McKinnon– lead vocals, guitar, bass (2021–present)
Clint Frazier– drums, synths, keyboards (2021–present)
Bendy Straws - bass, vibes (2022-present)
Ian Boothman-guitar (2022-present)
War Dog - drums (2022-present) Read more on Last.fm. User-contributed text is available under the Creative Commons By-SA License; additional terms may apply.",Real Eyes,Unknown,https://www.youtube.com/watch?v=JdK_NCWLExw&list=RDJdK_NCWLExw&start_radio=1&pp=ygUWSG9tZSBGcm9udCAtIFJlYWwgRXllc6AHAQ%3D%3D,ERROR: Private/Dead/Protected
Games of Power,https://lastfm.freetls.fastly.net/i/u/300x300/91ae5ccc1e319fa246e0fc2349e3929f.jpg,Home Front,2023-03-03,"Home Front is a Canadian post-punk band from Edmonton, Alberta formed in 2021, by Graeme McKinnon, formerly of Wednesday Night Heroes, and Clint Frazier of Shout Out Out Out Out respectively. Their sound has been characterized as a blend of both punk and new wave influences into a style reminiscent of Echo & the Bunnymen and The Cure,

To date, they have released one studio album, their critically-acclaimed full-length, Games of Power (2023)  and two EP's, Think of the Lie (2021) and Nation (2023) via British independent punk label, La Vida Es Un Mus. The former was produced by Jonah Falco of Canadian hardcore band, Fucked Up and mixed and mastered by Frazier's Shout Out Out Out Out' bandmate, Nik Kozub.

Games of Power was longlisted for the 2023 Polaris Music Prize.

Band members
Graeme McKinnon– lead vocals, guitar, bass (2021–present)
Clint Frazier– drums, synths, keyboards (2021–present)
Bendy Straws - bass, vibes (2022-present)
Ian Boothman-guitar (2022-present)
War Dog - drums (2022-present) Read more on Last.fm. User-contributed text is available under the Creative Commons By-SA License; additional terms may apply.",Nation,Unknown,https://www.youtube.com/watch?v=0BtIiBI8rGc&list=RD0BtIiBI8rGc&start_radio=1&pp=ygURSG9tZSBGcm9udCBOYXRpb26gBwE%3D,ERROR: Private/Dead/Protected
Games of Power,https://lastfm.freetls.fastly.net/i/u/300x300/91ae5ccc1e319fa246e0fc2349e3929f.jpg,Home Front,2023-03-03,"Home Front is a Canadian post-punk band from Edmonton, Alberta formed in 2021, by Graeme McKinnon, formerly of Wednesday Night Heroes, and Clint Frazier of Shout Out Out Out Out respectively. Their sound has been characterized as a blend of both punk and new wave influences into a style reminiscent of Echo & the Bunnymen and The Cure,

To date, they have released one studio album, their critically-acclaimed full-length, Games of Power (2023)  and two EP's, Think of the Lie (2021) and Nation (2023) via British independent punk label, La Vida Es Un Mus. The former was produced by Jonah Falco of Canadian hardcore band, Fucked Up and mixed and mastered by Frazier's Shout Out Out Out Out' bandmate, Nik Kozub.

Games of Power was longlisted for the 2023 Polaris Music Prize.

Band members
Graeme McKinnon– lead vocals, guitar, bass (2021–present)
Clint Frazier– drums, synths, keyboards (2021–present)
Bendy Straws - bass, vibes (2022-present)
Ian Boothman-guitar (2022-present)
War Dog - drums (2022-present) Read more on Last.fm. User-contributed text is available under the Creative Commons By-SA License; additional terms may apply.",New Face of Death,Unknown,https://www.youtube.com/watch?v=6USkB5vowt8&list=RD6USkB5vowt8&start_radio=1&pp=ygUeSG9tZSBGcm9udCAtIE5ldyBGYWNlIG9mIERlYXRooAcB,ERROR: Private/Dead/Protected
Games of Power,https://lastfm.freetls.fastly.net/i/u/300x300/91ae5ccc1e319fa246e0fc2349e3929f.jpg,Home Front,2023-03-03,"Home Front is a Canadian post-punk band from Edmonton, Alberta formed in 2021, by Graeme McKinnon, formerly of Wednesday Night Heroes, and Clint Frazier of Shout Out Out Out Out respectively. Their sound has been characterized as a blend of both punk and new wave influences into a style reminiscent of Echo & the Bunnymen and The Cure,

To date, they have released one studio album, their critically-acclaimed full-length, Games of Power (2023)  and two EP's, Think of the Lie (2021) and Nation (2023) via British independent punk label, La Vida Es Un Mus. The former was produced by Jonah Falco of Canadian hardcore band, Fucked Up and mixed and mastered by Frazier's Shout Out Out Out Out' bandmate, Nik Kozub.

Games of Power was longlisted for the 2023 Polaris Music Prize.

Band members
Graeme McKinnon– lead vocals, guitar, bass (2021–present)
Clint Frazier– drums, synths, keyboards (2021–present)
Bendy Straws - bass, vibes (2022-present)
Ian Boothman-guitar (2022-present)
War Dog - drums (2022-present) Read more on Last.fm. User-contributed text is available under the Creative Commons By-SA License; additional terms may apply.",Overtime,Unknown,https://www.youtube.com/watch?v=cacavHmo7tg&list=RDcacavHmo7tg&start_radio=1&pp=ygUVSG9tZSBGcm9udCAtIE92ZXJ0aW1loAcB,ERROR: Private/Dead/Protected
Games of Power,https://lastfm.freetls.fastly.net/i/u/300x300/91ae5ccc1e319fa246e0fc2349e3929f.jpg,Home Front,2023-03-03,"Home Front is a Canadian post-punk band from Edmonton, Alberta formed in 2021, by Graeme McKinnon, formerly of Wednesday Night Heroes, and Clint Frazier of Shout Out Out Out Out respectively. Their sound has been characterized as a blend of both punk and new wave influences into a style reminiscent of Echo & the Bunnymen and The Cure,

To date, they have released one studio album, their critically-acclaimed full-length, Games of Power (2023)  and two EP's, Think of the Lie (2021) and Nation (2023) via British independent punk label, La Vida Es Un Mus. The former was produced by Jonah Falco of Canadian hardcore band, Fucked Up and mixed and mastered by Frazier's Shout Out Out Out Out' bandmate, Nik Kozub.

Games of Power was longlisted for the 2023 Polaris Music Prize.

Band members
Graeme McKinnon– lead vocals, guitar, bass (2021–present)
Clint Frazier– drums, synths, keyboards (2021–present)
Bendy Straws - bass, vibes (2022-present)
Ian Boothman-guitar (2022-present)
War Dog - drums (2022-present) Read more on Last.fm. User-contributed text is available under the Creative Commons By-SA License; additional terms may apply.",Contact,Unknown,https://www.youtube.com/watch?v=OUwqLqviCNw&list=RDOUwqLqviCNw&start_radio=1&pp=ygUUSG9tZSBGcm9udCAtIENvbnRhY3SgBwE%3D,ERROR: Private/Dead/Protected
Games of Power,https://lastfm.freetls.fastly.net/i/u/300x300/91ae5ccc1e319fa246e0fc2349e3929f.jpg,Home Front,2023-03-03,"Home Front is a Canadian post-punk band from Edmonton, Alberta formed in 2021, by Graeme McKinnon, formerly of Wednesday Night Heroes, and Clint Frazier of Shout Out Out Out Out respectively. Their sound has been characterized as a blend of both punk and new wave influences into a style reminiscent of Echo & the Bunnymen and The Cure,

To date, they have released one studio album, their critically-acclaimed full-length, Games of Power (2023)  and two EP's, Think of the Lie (2021) and Nation (2023) via British independent punk label, La Vida Es Un Mus. The former was produced by Jonah Falco of Canadian hardcore band, Fucked Up and mixed and mastered by Frazier's Shout Out Out Out Out' bandmate, Nik Kozub.

Games of Power was longlisted for the 2023 Polaris Music Prize.

Band members
Graeme McKinnon– lead vocals, guitar, bass (2021–present)
Clint Frazier– drums, synths, keyboards (2021–present)
Bendy Straws - bass, vibes (2022-present)
Ian Boothman-guitar (2022-present)
War Dog - drums (2022-present) Read more on Last.fm. User-contributed text is available under the Creative Commons By-SA License; additional terms may apply.",Crisis,Unknown,https://www.youtube.com/watch?v=yI_B17PvEBo&list=RDyI_B17PvEBo&start_radio=1&pp=ygUTSG9tZSBGcm9udCAtIENyaXNpc6AHAQ%3D%3D,ERROR: Private/Dead/Protected
Games of Power,https://lastfm.freetls.fastly.net/i/u/300x300/91ae5ccc1e319fa246e0fc2349e3929f.jpg,Home Front,2023-03-03,"Home Front is a Canadian post-punk band from Edmonton, Alberta formed in 2021, by Graeme McKinnon, formerly of Wednesday Night Heroes, and Clint Frazier of Shout Out Out Out Out respectively. Their sound has been characterized as a blend of both punk and new wave influences into a style reminiscent of Echo & the Bunnymen and The Cure,

To date, they have released one studio album, their critically-acclaimed full-length, Games of Power (2023)  and two EP's, Think of the Lie (2021) and Nation (2023) via British independent punk label, La Vida Es Un Mus. The former was produced by Jonah Falco of Canadian hardcore band, Fucked Up and mixed and mastered by Frazier's Shout Out Out Out Out' bandmate, Nik Kozub.

Games of Power was longlisted for the 2023 Polaris Music Prize.

Band members
Graeme McKinnon– lead vocals, guitar, bass (2021–present)
Clint Frazier– drums, synths, keyboards (2021–present)
Bendy Straws - bass, vibes (2022-present)
Ian Boothman-guitar (2022-present)
War Dog - drums (2022-present) Read more on Last.fm. User-contributed text is available under the Creative Commons By-SA License; additional terms may apply.",End Transmission,Unknown,https://www.youtube.com/watch?v=Gzzk5arc7sY&list=RDGzzk5arc7sY&start_radio=1&pp=ygUdSG9tZSBGcm9udCAtIEVuZCBUcmFuc21pc3Npb26gBwHSBwkJTwoBhyohjO8%3D,ERROR: Private/Dead/Protected
Games of Power,https://lastfm.freetls.fastly.net/i/u/300x300/91ae5ccc1e319fa246e0fc2349e3929f.jpg,Home Front,2023-03-03,"Home Front is a Canadian post-punk band from Edmonton, Alberta formed in 2021, by Graeme McKinnon, formerly of Wednesday Night Heroes, and Clint Frazier of Shout Out Out Out Out respectively. Their sound has been characterized as a blend of both punk and new wave influences into a style reminiscent of Echo & the Bunnymen and The Cure,

To date, they have released one studio album, their critically-acclaimed full-length, Games of Power (2023)  and two EP's, Think of the Lie (2021) and Nation (2023) via British independent punk label, La Vida Es Un Mus. The former was produced by Jonah Falco of Canadian hardcore band, Fucked Up and mixed and mastered by Frazier's Shout Out Out Out Out' bandmate, Nik Kozub.

Games of Power was longlisted for the 2023 Polaris Music Prize.

Band members
Graeme McKinnon– lead vocals, guitar, bass (2021–present)
Clint Frazier– drums, synths, keyboards (2021–present)
Bendy Straws - bass, vibes (2022-present)
Ian Boothman-guitar (2022-present)
War Dog - drums (2022-present) Read more on Last.fm. User-contributed text is available under the Creative Commons By-SA License; additional terms may apply.",Games of Power,Unknown,https://www.youtube.com/watch?v=i-ROUK-1bIM&list=RDi-ROUK-1bIM&start_radio=1&pp=ygUbSG9tZSBGcm9udCAtIEdhbWVzIG9mIFBvd2VyoAcB,ERROR: Private/Dead/Protected
Games of Power,https://lastfm.freetls.fastly.net/i/u/300x300/91ae5ccc1e319fa246e0fc2349e3929f.jpg,Home Front,2023-03-03,"Home Front is a Canadian post-punk band from Edmonton, Alberta formed in 2021, by Graeme McKinnon, formerly of Wednesday Night Heroes, and Clint Frazier of Shout Out Out Out Out respectively. Their sound has been characterized as a blend of both punk and new wave influences into a style reminiscent of Echo & the Bunnymen and The Cure,

To date, they have released one studio album, their critically-acclaimed full-length, Games of Power (2023)  and two EP's, Think of the Lie (2021) and Nation (2023) via British independent punk label, La Vida Es Un Mus. The former was produced by Jonah Falco of Canadian hardcore band, Fucked Up and mixed and mastered by Frazier's Shout Out Out Out Out' bandmate, Nik Kozub.

Games of Power was longlisted for the 2023 Polaris Music Prize.

Band members
Graeme McKinnon– lead vocals, guitar, bass (2021–present)
Clint Frazier– drums, synths, keyboards (2021–present)
Bendy Straws - bass, vibes (2022-present)
Ian Boothman-guitar (2022-present)
War Dog - drums (2022-present) Read more on Last.fm. User-contributed text is available under the Creative Commons By-SA License; additional terms may apply.",Face Value,Unknown,https://www.youtube.com/watch?v=ZuXrI-QrGCk&list=RDZuXrI-QrGCk&start_radio=1&pp=ygUXSG9tZSBGcm9udCAtIEZhY2UgVmFsdWWgBwE%3D,ERROR: Private/Dead/Protected
Games of Power,https://lastfm.freetls.fastly.net/i/u/300x300/91ae5ccc1e319fa246e0fc2349e3929f.jpg,Home Front,2023-03-03,"Home Front is a Canadian post-punk band from Edmonton, Alberta formed in 2021, by Graeme McKinnon, formerly of Wednesday Night Heroes, and Clint Frazier of Shout Out Out Out Out respectively. Their sound has been characterized as a blend of both punk and new wave influences into a style reminiscent of Echo & the Bunnymen and The Cure,

To date, they have released one studio album, their critically-acclaimed full-length, Games of Power (2023)  and two EP's, Think of the Lie (2021) and Nation (2023) via British independent punk label, La Vida Es Un Mus. The former was produced by Jonah Falco of Canadian hardcore band, Fucked Up and mixed and mastered by Frazier's Shout Out Out Out Out' bandmate, Nik Kozub.

Games of Power was longlisted for the 2023 Polaris Music Prize.

Band members
Graeme McKinnon– lead vocals, guitar, bass (2021–present)
Clint Frazier– drums, synths, keyboards (2021–present)
Bendy Straws - bass, vibes (2022-present)
Ian Boothman-guitar (2022-present)
War Dog - drums (2022-present) Read more on Last.fm. User-contributed text is available under the Creative Commons By-SA License; additional terms may apply.",Born Killer,Unknown,https://www.youtube.com/watch?v=Z9ObdvMglWs&list=RDZ9ObdvMglWs&start_radio=1&pp=ygUYSG9tZSBGcm9udCAtIEJvcm4gS2lsbGVyoAcB,ERROR: Private/Dead/Protected
Games of Power,https://lastfm.freetls.fastly.net/i/u/300x300/91ae5ccc1e319fa246e0fc2349e3929f.jpg,Home Front,2023-03-03,"Home Front is a Canadian post-punk band from Edmonton, Alberta formed in 2021, by Graeme McKinnon, formerly of Wednesday Night Heroes, and Clint Frazier of Shout Out Out Out Out respectively. Their sound has been characterized as a blend of both punk and new wave influences into a style reminiscent of Echo & the Bunnymen and The Cure,

To date, they have released one studio album, their critically-acclaimed full-length, Games of Power (2023)  and two EP's, Think of the Lie (2021) and Nation (2023) via British independent punk label, La Vida Es Un Mus. The former was produced by Jonah Falco of Canadian hardcore band, Fucked Up and mixed and mastered by Frazier's Shout Out Out Out Out' bandmate, Nik Kozub.

Games of Power was longlisted for the 2023 Polaris Music Prize.

Band members
Graeme McKinnon– lead vocals, guitar, bass (2021–present)
Clint Frazier– drums, synths, keyboards (2021–present)
Bendy Straws - bass, vibes (2022-present)
Ian Boothman-guitar (2022-present)
War Dog - drums (2022-present) Read more on Last.fm. User-contributed text is available under the Creative Commons By-SA License; additional terms may apply.",Quiet World,Unknown,https://www.youtube.com/watch?v=c1fCrbOjbAI&list=RDc1fCrbOjbAI&start_radio=1&pp=ygUYSG9tZSBGcm9udCAtIFF1aWV0IFdvcmxkoAcB0gcJCU8KAYcqIYzv,ERROR: Private/Dead/Protected
Manhunter,https://lastfm.freetls.fastly.net/i/u/300x300/64c74efca1eb90fb3ba9d28c3ecc2c1b.jpg,Hooveriii,2025-05-16,"Hooveriii Los Angeles, California Members: Bert Hoover & friends. Genre: Drum-Machine-Rock-&-Roll Discography: 2014 - Quest For Blood 2014 - The Matter 2014 - Livation KXLU 88​.​9fm 2015 - Destroya 2017 - SPLITTER https://hooveriii.bandcamp.com/ https://www.facebook.com/hooveriii/ Read more on Last.fm. User-contributed text is available under the Creative Commons By-SA License; additional terms may apply.",Melody,Unknown,https://www.youtube.com/watch?v=4AG4cBJm2sM&pp=ygUQSG9vdmVyaWlpIE1lbG9keQ%3D%3D,ERROR: Private/Dead/Protected
Manhunter,https://lastfm.freetls.fastly.net/i/u/300x300/64c74efca1eb90fb3ba9d28c3ecc2c1b.jpg,Hooveriii,2025-05-16,"Hooveriii Los Angeles, California Members: Bert Hoover & friends. Genre: Drum-Machine-Rock-&-Roll Discography: 2014 - Quest For Blood 2014 - The Matter 2014 - Livation KXLU 88​.​9fm 2015 - Destroya 2017 - SPLITTER https://hooveriii.bandcamp.com/ https://www.facebook.com/hooveriii/ Read more on Last.fm. User-contributed text is available under the Creative Commons By-SA License; additional terms may apply.",Tin Lips,Unknown,https://www.youtube.com/watch?v=QjYxuZNis4E&pp=ygUUSG9vdmVyaWlpIC0gVGluIExpcHM%3D,ERROR: Private/Dead/Protected
Manhunter,https://lastfm.freetls.fastly.net/i/u/300x300/64c74efca1eb90fb3ba9d28c3ecc2c1b.jpg,Hooveriii,2025-05-16,"Hooveriii Los Angeles, California Members: Bert Hoover & friends. Genre: Drum-Machine-Rock-&-Roll Discography: 2014 - Quest For Blood 2014 - The Matter 2014 - Livation KXLU 88​.​9fm 2015 - Destroya 2017 - SPLITTER https://hooveriii.bandcamp.com/ https://www.facebook.com/hooveriii/ Read more on Last.fm. User-contributed text is available under the Creative Commons By-SA License; additional terms may apply.",Westside Pavilion of Dreams,Unknown,https://www.youtube.com/watch?v=Z5x0MWBy4Ho&pp=ygUlSG9vdmVyaWlpIFdlc3RzaWRlIFBhdmlsaW9uIG9mIERyZWFtcw%3D%3D,ERROR: Private/Dead/Protected
Manhunter,https://lastfm.freetls.fastly.net/i/u/300x300/64c74efca1eb90fb3ba9d28c3ecc2c1b.jpg,Hooveriii,2025-05-16,"Hooveriii Los Angeles, California Members: Bert Hoover & friends. Genre: Drum-Machine-Rock-&-Roll Discography: 2014 - Quest For Blood 2014 - The Matter 2014 - Livation KXLU 88​.​9fm 2015 - Destroya 2017 - SPLITTER https://hooveriii.bandcamp.com/ https://www.facebook.com/hooveriii/ Read more on Last.fm. User-contributed text is available under the Creative Commons By-SA License; additional terms may apply.",Heaven at the Gates,Unknown,https://www.youtube.com/watch?v=B9wFrSyn2ow&pp=ygUfSG9vdmVyaWlpIC0gSGVhdmVuIGF0IHRoZSBHYXRlcw%3D%3D,ERROR: Private/Dead/Protected
Manhunter,https://lastfm.freetls.fastly.net/i/u/300x300/64c74efca1eb90fb3ba9d28c3ecc2c1b.jpg,Hooveriii,2025-05-16,"Hooveriii Los Angeles, California Members: Bert Hoover & friends. Genre: Drum-Machine-Rock-&-Roll Discography: 2014 - Quest For Blood 2014 - The Matter 2014 - Livation KXLU 88​.​9fm 2015 - Destroya 2017 - SPLITTER https://hooveriii.bandcamp.com/ https://www.facebook.com/hooveriii/ Read more on Last.fm. User-contributed text is available under the Creative Commons By-SA License; additional terms may apply.",Cul‐De‐Sac,Unknown,https://www.youtube.com/watch?v=WL01w5Pzxrk&pp=ygUaSG9vdmVyaWlpIC0gQ3Vs4oCQRGXigJBTYWPSBwkJjQkBhyohjO8%3D,ERROR: Private/Dead/Protected
Manhunter,https://lastfm.freetls.fastly.net/i/u/300x300/64c74efca1eb90fb3ba9d28c3ecc2c1b.jpg,Hooveriii,2025-05-16,"Hooveriii Los Angeles, California Members: Bert Hoover & friends. Genre: Drum-Machine-Rock-&-Roll Discography: 2014 - Quest For Blood 2014 - The Matter 2014 - Livation KXLU 88​.​9fm 2015 - Destroya 2017 - SPLITTER https://hooveriii.bandcamp.com/ https://www.facebook.com/hooveriii/ Read more on Last.fm. User-contributed text is available under the Creative Commons By-SA License; additional terms may apply.",The Fly,Unknown,https://www.youtube.com/watch?v=AwezXddJ8bQ&pp=ygUTSG9vdmVyaWlpIC0gVGhlIEZseQ%3D%3D,ERROR: Private/Dead/Protected
Manhunter,https://lastfm.freetls.fastly.net/i/u/300x300/64c74efca1eb90fb3ba9d28c3ecc2c1b.jpg,Hooveriii,2025-05-16,"Hooveriii Los Angeles, California Members: Bert Hoover & friends. Genre: Drum-Machine-Rock-&-Roll Discography: 2014 - Quest For Blood 2014 - The Matter 2014 - Livation KXLU 88​.​9fm 2015 - Destroya 2017 - SPLITTER https://hooveriii.bandcamp.com/ https://www.facebook.com/hooveriii/ Read more on Last.fm. User-contributed text is available under the Creative Commons By-SA License; additional terms may apply.",Night Walks in Montreaux,Unknown,https://www.youtube.com/watch?v=eJFVXjdDEUo&pp=ygUkSG9vdmVyaWlpIC0gTmlnaHQgV2Fsa3MgaW4gTW9udHJlYXV4,ERROR: Private/Dead/Protected
Manhunter,https://lastfm.freetls.fastly.net/i/u/300x300/64c74efca1eb90fb3ba9d28c3ecc2c1b.jpg,Hooveriii,2025-05-16,"Hooveriii Los Angeles, California Members: Bert Hoover & friends. Genre: Drum-Machine-Rock-&-Roll Discography: 2014 - Quest For Blood 2014 - The Matter 2014 - Livation KXLU 88​.​9fm 2015 - Destroya 2017 - SPLITTER https://hooveriii.bandcamp.com/ https://www.facebook.com/hooveriii/ Read more on Last.fm. User-contributed text is available under the Creative Commons By-SA License; additional terms may apply.",Isolation,Unknown,https://www.youtube.com/watch?v=elm-cBpw-OE&pp=ygUVSG9vdmVyaWlpIC0gSXNvbGF0aW9u,ERROR: Private/Dead/Protected
Manhunter,https://lastfm.freetls.fastly.net/i/u/300x300/64c74efca1eb90fb3ba9d28c3ecc2c1b.jpg,Hooveriii,2025-05-16,"Hooveriii Los Angeles, California Members: Bert Hoover & friends. Genre: Drum-Machine-Rock-&-Roll Discography: 2014 - Quest For Blood 2014 - The Matter 2014 - Livation KXLU 88​.​9fm 2015 - Destroya 2017 - SPLITTER https://hooveriii.bandcamp.com/ https://www.facebook.com/hooveriii/ Read more on Last.fm. User-contributed text is available under the Creative Commons By-SA License; additional terms may apply.",Manhunter,Unknown,https://www.youtube.com/watch?v=4AG4cBJm2sM&pp=ygUVSG9vdmVyaWlpIC0gTWFuaHVudGVy,ERROR: Private/Dead/Protected
Manhunter,https://lastfm.freetls.fastly.net/i/u/300x300/64c74efca1eb90fb3ba9d28c3ecc2c1b.jpg,Hooveriii,2025-05-16,"Hooveriii Los Angeles, California Members: Bert Hoover & friends. Genre: Drum-Machine-Rock-&-Roll Discography: 2014 - Quest For Blood 2014 - The Matter 2014 - Livation KXLU 88​.​9fm 2015 - Destroya 2017 - SPLITTER https://hooveriii.bandcamp.com/ https://www.facebook.com/hooveriii/ Read more on Last.fm. User-contributed text is available under the Creative Commons By-SA License; additional terms may apply.",Tarantula Eye,Unknown,https://www.youtube.com/watch?v=rnqKJrgcCtU&pp=ygUXSG9vdmVyaWlpIFRhcmFudHVsYSBFeWU%3D,ERROR: Private/Dead/Protected
Manhunter,https://lastfm.freetls.fastly.net/i/u/300x300/64c74efca1eb90fb3ba9d28c3ecc2c1b.jpg,Hooveriii,2025-05-16,"Hooveriii Los Angeles, California Members: Bert Hoover & friends. Genre: Drum-Machine-Rock-&-Roll Discography: 2014 - Quest For Blood 2014 - The Matter 2014 - Livation KXLU 88​.​9fm 2015 - Destroya 2017 - SPLITTER https://hooveriii.bandcamp.com/ https://www.facebook.com/hooveriii/ Read more on Last.fm. User-contributed text is available under the Creative Commons By-SA License; additional terms may apply.",Question,Unknown,https://www.youtube.com/watch?v=4QBW2G__xVU&pp=ygUUSG9vdmVyaWlpIC0gUXVlc3Rpb24%3D,ERROR: Private/Dead/Protected
Manhunter,https://lastfm.freetls.fastly.net/i/u/300x300/64c74efca1eb90fb3ba9d28c3ecc2c1b.jpg,Hooveriii,2025-05-16,"Hooveriii Los Angeles, California Members: Bert Hoover & friends. Genre: Drum-Machine-Rock-&-Roll Discography: 2014 - Quest For Blood 2014 - The Matter 2014 - Livation KXLU 88​.​9fm 2015 - Destroya 2017 - SPLITTER https://hooveriii.bandcamp.com/ https://www.facebook.com/hooveriii/ Read more on Last.fm. User-contributed text is available under the Creative Commons By-SA License; additional terms may apply.",Me King,Unknown,https://www.youtube.com/watch?v=_91r8JkSRBU&pp=ygUTSG9vdmVyaWlpIC0gTWUgS2luZw%3D%3D,ERROR: Private/Dead/Protected
Manhunter,https://lastfm.freetls.fastly.net/i/u/300x300/64c74efca1eb90fb3ba9d28c3ecc2c1b.jpg,Hooveriii,2025-05-16,"Hooveriii Los Angeles, California Members: Bert Hoover & friends. Genre: Drum-Machine-Rock-&-Roll Discography: 2014 - Quest For Blood 2014 - The Matter 2014 - Livation KXLU 88​.​9fm 2015 - Destroya 2017 - SPLITTER https://hooveriii.bandcamp.com/ https://www.facebook.com/hooveriii/ Read more on Last.fm. User-contributed text is available under the Creative Commons By-SA License; additional terms may apply.",Awful Planet,Unknown,https://www.youtube.com/watch?v=ygGsyQENhSU&pp=ygUYSG9vdmVyaWlpIC0gQXdmdWwgUGxhbmV0,ERROR: Private/Dead/Protected
Manhunter,https://lastfm.freetls.fastly.net/i/u/300x300/64c74efca1eb90fb3ba9d28c3ecc2c1b.jpg,Hooveriii,2025-05-16,"Hooveriii Los Angeles, California Members: Bert Hoover & friends. Genre: Drum-Machine-Rock-&-Roll Discography: 2014 - Quest For Blood 2014 - The Matter 2014 - Livation KXLU 88​.​9fm 2015 - Destroya 2017 - SPLITTER https://hooveriii.bandcamp.com/ https://www.facebook.com/hooveriii/ Read more on Last.fm. User-contributed text is available under the Creative Commons By-SA License; additional terms may apply.",Stage,Unknown,https://www.youtube.com/watch?v=eQttW0RX-EA&pp=ygURSG9vdmVyaWlpIC0gU3RhZ2U%3D,ERROR: Private/Dead/Protected
House of Pain: Fine Malt Lyrics,https://lastfm.freetls.fastly.net/i/u/300x300/37d0b964526288be8eadb8c16d49e9cd.jpg,House of Pain,1992-07-21,"""Jump Around,"" an impossibly infectious and catchy single, instantly elevated House of Pain from an unknown white hip-hop group to near-stars when it became a massive crossover hit in 1992. It made the band and it also broke the band, consigning them to the level of one-hit wonders. House of Pain continued to release records after their eponymous 1992 debut and ""Jump Around,"" yet none of them gained much attention, partially because of the band's self-consciously loutish behavior. Led by rapper Everlast, the group celebrated their Irish-American heritage by wearing green, drinking prodigious amounts of beer, and swearing constantly. It certainly earned them attention at the outset, particularly when it was tied to a single like ""Jump Around,"" but the bottom quickly fell out of their career. The group's second album, 1994's Same as It Ever Was, went gold, but it failed to generate a hit single, and by the time of 1996's Truth Crushed to Earth Shall Rise Again, the band had been forgotten.
Everlast (born Erik Schrody, August 18, 1969) became fascinated by hip-hop while he was in high school, eventually becoming part of Ice-T's Rhyme Syndicate. His association with Ice-T led to a contract with Warner Bros., who released his debut album, Forever Everlasting, in 1990. After the record bombed, Everlast formed House of Pain with his high school friend Danny Boy (born Daniel O'Connor) and DJ Lethal (born Leor DiMant), a Latvian immigrant. Released on Tommy Boy Records, the group's eponymous 1992 debut was co-produced by Muggs, who masterminded Cypress Hill's groundbreaking debut. Muggs gave ""Jump Around"" its distinctive, incessant beat, which merged a deep bass groove with drum loops and Public Enemy-styled sirens. On the back of Kris Kross' spring hit ""Jump,"" ""Jump Around"" became a huge hit in the summer of 1992, peaking at number three on the pop charts. Both the single's video and the remainder of House of Pain celebrated the group's Irish heritage in a tongue-in-cheek fashion that quickly became shtick. Throughout their 1993 tour, the group ran into trouble with promoters and the law, culminating in Everlast's March arrest for possessing an unregistered, unloaded pistol at Kennedy Airport. He was sentenced to community service, and later that year, the group began work on their second album.
Like its predecessor, 1994's Same as It Ever Was was produced by Muggs. Upon its summer release, the record was greeted with surprisingly strong reviews and sales, debuting at number 12 on the charts. However, the sales quickly slowed as ""On Point"" failed to become a hit. Most of the next two years were spent in seclusion, and the group returned in the fall of 1996 with Truth Crushed to Earth Shall Rise Again, a record that was ignored by both the press and the public. Everlast returned in 1998 as a solo act, and gained critical acclaim for his debut, Whitey Ford Sings the Blues. ~ Stephen Thomas Erlewine",Shamrocks and Shenanigans,Unknown,https://www.youtube.com/watch?v=-TZhJtgcNEI&pp=ygUnSG91c2Ugb2YgUGFpbiBTaGFtcm9ja3MgYW5kIFNoZW5hbmlnYW5z,ERROR: Private/Dead/Protected
House of Pain: Fine Malt Lyrics,https://lastfm.freetls.fastly.net/i/u/300x300/37d0b964526288be8eadb8c16d49e9cd.jpg,House of Pain,1992-07-21,"""Jump Around,"" an impossibly infectious and catchy single, instantly elevated House of Pain from an unknown white hip-hop group to near-stars when it became a massive crossover hit in 1992. It made the band and it also broke the band, consigning them to the level of one-hit wonders. House of Pain continued to release records after their eponymous 1992 debut and ""Jump Around,"" yet none of them gained much attention, partially because of the band's self-consciously loutish behavior. Led by rapper Everlast, the group celebrated their Irish-American heritage by wearing green, drinking prodigious amounts of beer, and swearing constantly. It certainly earned them attention at the outset, particularly when it was tied to a single like ""Jump Around,"" but the bottom quickly fell out of their career. The group's second album, 1994's Same as It Ever Was, went gold, but it failed to generate a hit single, and by the time of 1996's Truth Crushed to Earth Shall Rise Again, the band had been forgotten.
Everlast (born Erik Schrody, August 18, 1969) became fascinated by hip-hop while he was in high school, eventually becoming part of Ice-T's Rhyme Syndicate. His association with Ice-T led to a contract with Warner Bros., who released his debut album, Forever Everlasting, in 1990. After the record bombed, Everlast formed House of Pain with his high school friend Danny Boy (born Daniel O'Connor) and DJ Lethal (born Leor DiMant), a Latvian immigrant. Released on Tommy Boy Records, the group's eponymous 1992 debut was co-produced by Muggs, who masterminded Cypress Hill's groundbreaking debut. Muggs gave ""Jump Around"" its distinctive, incessant beat, which merged a deep bass groove with drum loops and Public Enemy-styled sirens. On the back of Kris Kross' spring hit ""Jump,"" ""Jump Around"" became a huge hit in the summer of 1992, peaking at number three on the pop charts. Both the single's video and the remainder of House of Pain celebrated the group's Irish heritage in a tongue-in-cheek fashion that quickly became shtick. Throughout their 1993 tour, the group ran into trouble with promoters and the law, culminating in Everlast's March arrest for possessing an unregistered, unloaded pistol at Kennedy Airport. He was sentenced to community service, and later that year, the group began work on their second album.
Like its predecessor, 1994's Same as It Ever Was was produced by Muggs. Upon its summer release, the record was greeted with surprisingly strong reviews and sales, debuting at number 12 on the charts. However, the sales quickly slowed as ""On Point"" failed to become a hit. Most of the next two years were spent in seclusion, and the group returned in the fall of 1996 with Truth Crushed to Earth Shall Rise Again, a record that was ignored by both the press and the public. Everlast returned in 1998 as a solo act, and gained critical acclaim for his debut, Whitey Ford Sings the Blues. ~ Stephen Thomas Erlewine",Jump Around,Unknown,https://www.youtube.com/watch?v=jrL_LzX5wv4&list=RDjrL_LzX5wv4&start_radio=1&pp=ygUZSG91c2Ugb2YgUGFpbiBKdW1wIEFyb3VuZKAHAQ%3D%3D,ERROR: Private/Dead/Protected
The Last Mimzy,https://lastfm.freetls.fastly.net/i/u/300x300/77f80f41d5698abbdab05afe82ac4662.jpg,Howard Shore,2007-03-20,"An Academy Award- and Grammy-winning film composer, Howard Shore is most associated with heavier genres like fantasy epics, horror, and thrillers. Also known for his work as a producer, conductor, orchestrator, music director, and saxophonist, Shore's extensive filmography, which dates back to the 1970s, includes the Lord of the Rings and Hobbit trilogies, Martin Scorsese films such as The Departed and Hugo, and a long-running partnership with horror director David Cronenberg. That partnership began with Shore's tense, Psycho-influenced orchestral score for 1979's The Brood and was still going strong by the arrival of 2022's Crimes of the Future, their 18th collaboration.
Born in Toronto, Canada in 1946, Shore began studying music as an eight-year-old and was playing in bands by the age of 13. After attending the Berklee College of Music in Boston, he was a founding member of the Toronto jazz-rock outfit Lighthouse, which released their self-titled debut in 1969. He played saxophone on a half-dozen albums for the group before leaving it in 1972. During his time with the band, he also found work in television, including serving as music director for the short-lived series The Hart & Lorne Terrific Hour (Hart Pomerantz and Lorne Michaels). He composed the music for magician Doug Henning's musical Spellbound, which opened in Toronto in 1974, then served as the original music director for Saturday Night Live from 1975 to 1980. In 1978, Shore wrote his first film score for the mystery I Miss You, Hugs and Kisses (aka Drop Dead, Dearest). The David Cronenberg horror film The Brood followed in 1979. Shore also composed music for Cronenberg's Scanners (1981), Videodrome (1983), and The Fly (1986) before rejoining the director for decades to come.
In addition to returning to work at Saturday Night Live as a music producer in the mid-'80s, Shore's other projects that decade included comedic fare like Martin Scorsese's After Hours (1985), Penny Marshall's Big (1988), and Susan Seidelman's She-Devil. More in line with his work for Cronenberg, in 1991 he provided the ominous score for Best Picture Oscar winner The Silence of the Lambs. While he continued to compose for comedies (1993's Mrs. Doubtfire, 1994's Ed Wood), he was increasingly sought out for more suspenseful, dramatic material, such as Single White Female (1992), Philadelphia (1993), and David Fincher's Se7en (1995) and The Game (1997). In the '90s, he also provided scores for Cronenberg's Naked Lunch, M. Butterfly, and eXistenZ, among others.
The 2000s brought Shore's first collaborations with director Peter Jackson. Beginning with 2001's The Lord of the Rings: The Fellowship of the Ring, he composed the music for the whole fantasy-adventure trilogy, which also included 2002's The Two Towers and 2003's The Return of the King. He won a Grammy and an Academy Award for his score to the first film. The Return of the King resulted in two more Oscar wins: Best Original Score and Best Original Song for ""Into the West,"" which he co-wrote with Annie Lennox and Fran Walsh.
Shore's work for Martin Scorsese in the 2000s included Gangs of New York (2002), The Aviator (2004), and Best Picture winner The Departed (2006). He also wrote music for Spider (2002), A History of Violence (2005), and Eastern Promises (2007) for Cronenberg. Fincher's Panic Room and John Patrick Shanley's Doubt were among the highlights of his other films that decade.
In 2010, Shore contributed to The Twilight Saga with his score for the third installment, Eclipse, and he earned an Oscar nomination for his work on the Scorsese family film Hugo, released in 2011. The Cronenberg movies A Dangerous Method (2011) and Cosmopolis (2012) appeared in theaters before Shore's music could be heard in another J.R.R. Tolkien-Peter Jackson trilogy: The Hobbit (2012's An Unexpected Journey, 2013's The Desolation of Smaug, and 2014's The Battle of the Five Armies). He also scored Cronenberg's Maps to the Stars (2014) and added another Best Picture winner to his resumé with Tom McCarthy's Spotlight (2015). Shore followed that with the WWII-themed dramas Denial (2016) and The Catcher Was a Spy (2018). In 2019, he paired with violinist Ray Chen for the score to director François Girard's drama A Song of Names.
Entering his sixth different decade in film, Shore composed the music for 2020 releases including French indie The Lost Prince and the international productions Pieces of a Woman and Funny Boy. He then returned to work with Cronenberg on 2022 Palme d'Or nominee Crimes of the Future. He also scored that year's The Pale Blue Eye, a detective story involving a young Edgar Allan Poe. ~ Marcy Donelson",Hello (I Love You),Unknown,https://www.youtube.com/watch?v=MvW7IWGPOlA&pp=ygUhSG93YXJkIFNob3JlIC0gSGVsbG8gKEkgTG92ZSBZb3Up,ERROR: Private/Dead/Protected
Strange Life,https://lastfm.freetls.fastly.net/i/u/300x300/18fc7c665f0c436128a6d854f4332397.png,Howling Bells,2026-02-13,"Although formed in Sydney in 2005, the coed members of Howling Bells later relocated to London, where they molded elements of shoegaze, Americana, and pop into a self-titled debut. The eponymous record was recorded in 2006 by producer Ken Nelson, whose extensive work with Coldplay lent a dark, dirty sheen to the material. Members Juanita Stein (vocals, guitar), Joel Stein (guitars), Brendan Picchio (bass), and Glenn Moule (drums) were rewarded with critical acclaim for the resulting album, which received the bulk of its accolades from British audiences. Tours alongside Coldplay, the Futureheads, Placebo, the Killers, and Snow Patrol helped expand Howling Bells' international audience, however, and the band returned in 2009 with a polished sophomore effort, Radio Wars. ~ Kenyon Hopkin",Unbroken,Unknown,https://www.youtube.com/watch?v=zw5zRli_f5I&list=RDzw5zRli_f5I&start_radio=1&pp=ygUWSG93bGluZyBCZWxscyBVbmJyb2tlbqAHAQ%3D%3D,ERROR: Private/Dead/Protected
Strange Life,https://lastfm.freetls.fastly.net/i/u/300x300/18fc7c665f0c436128a6d854f4332397.png,Howling Bells,2026-02-13,"Although formed in Sydney in 2005, the coed members of Howling Bells later relocated to London, where they molded elements of shoegaze, Americana, and pop into a self-titled debut. The eponymous record was recorded in 2006 by producer Ken Nelson, whose extensive work with Coldplay lent a dark, dirty sheen to the material. Members Juanita Stein (vocals, guitar), Joel Stein (guitars), Brendan Picchio (bass), and Glenn Moule (drums) were rewarded with critical acclaim for the resulting album, which received the bulk of its accolades from British audiences. Tours alongside Coldplay, the Futureheads, Placebo, the Killers, and Snow Patrol helped expand Howling Bells' international audience, however, and the band returned in 2009 with a polished sophomore effort, Radio Wars. ~ Kenyon Hopkin",Heavy Lifting,Unknown,https://www.youtube.com/watch?v=St7vtZMOe6o&list=RDSt7vtZMOe6o&start_radio=1&pp=ygUbSG93bGluZyBCZWxscyBIZWF2eSBMaWZ0aW5noAcB,ERROR: Private/Dead/Protected
Strange Life,https://lastfm.freetls.fastly.net/i/u/300x300/18fc7c665f0c436128a6d854f4332397.png,Howling Bells,2026-02-13,"Although formed in Sydney in 2005, the coed members of Howling Bells later relocated to London, where they molded elements of shoegaze, Americana, and pop into a self-titled debut. The eponymous record was recorded in 2006 by producer Ken Nelson, whose extensive work with Coldplay lent a dark, dirty sheen to the material. Members Juanita Stein (vocals, guitar), Joel Stein (guitars), Brendan Picchio (bass), and Glenn Moule (drums) were rewarded with critical acclaim for the resulting album, which received the bulk of its accolades from British audiences. Tours alongside Coldplay, the Futureheads, Placebo, the Killers, and Snow Patrol helped expand Howling Bells' international audience, however, and the band returned in 2009 with a polished sophomore effort, Radio Wars. ~ Kenyon Hopkin",Angel,Unknown,https://www.youtube.com/watch?v=3c1ZDlhOjyo&list=RD3c1ZDlhOjyo&start_radio=1&pp=ygUVSG93bGluZyBCZWxscyAtIEFuZ2VsoAcB,ERROR: Private/Dead/Protected
Strange Life,https://lastfm.freetls.fastly.net/i/u/300x300/18fc7c665f0c436128a6d854f4332397.png,Howling Bells,2026-02-13,"Although formed in Sydney in 2005, the coed members of Howling Bells later relocated to London, where they molded elements of shoegaze, Americana, and pop into a self-titled debut. The eponymous record was recorded in 2006 by producer Ken Nelson, whose extensive work with Coldplay lent a dark, dirty sheen to the material. Members Juanita Stein (vocals, guitar), Joel Stein (guitars), Brendan Picchio (bass), and Glenn Moule (drums) were rewarded with critical acclaim for the resulting album, which received the bulk of its accolades from British audiences. Tours alongside Coldplay, the Futureheads, Placebo, the Killers, and Snow Patrol helped expand Howling Bells' international audience, however, and the band returned in 2009 with a polished sophomore effort, Radio Wars. ~ Kenyon Hopkin",Looking Glass,Unknown,https://www.youtube.com/watch?v=c5JfAd471r8&list=RDc5JfAd471r8&start_radio=1&pp=ygUdSG93bGluZyBCZWxscyAtIExvb2tpbmcgR2xhc3OgBwE%3D,ERROR: Private/Dead/Protected
Strange Life,https://lastfm.freetls.fastly.net/i/u/300x300/18fc7c665f0c436128a6d854f4332397.png,Howling Bells,2026-02-13,"Although formed in Sydney in 2005, the coed members of Howling Bells later relocated to London, where they molded elements of shoegaze, Americana, and pop into a self-titled debut. The eponymous record was recorded in 2006 by producer Ken Nelson, whose extensive work with Coldplay lent a dark, dirty sheen to the material. Members Juanita Stein (vocals, guitar), Joel Stein (guitars), Brendan Picchio (bass), and Glenn Moule (drums) were rewarded with critical acclaim for the resulting album, which received the bulk of its accolades from British audiences. Tours alongside Coldplay, the Futureheads, Placebo, the Killers, and Snow Patrol helped expand Howling Bells' international audience, however, and the band returned in 2009 with a polished sophomore effort, Radio Wars. ~ Kenyon Hopkin",Sacred Land,Unknown,https://www.youtube.com/watch?v=H2jc71OOgeQ&list=RDH2jc71OOgeQ&start_radio=1&pp=ygUbSG93bGluZyBCZWxscyAtIFNhY3JlZCBMYW5koAcB,ERROR: Private/Dead/Protected
Strange Life,https://lastfm.freetls.fastly.net/i/u/300x300/18fc7c665f0c436128a6d854f4332397.png,Howling Bells,2026-02-13,"Although formed in Sydney in 2005, the coed members of Howling Bells later relocated to London, where they molded elements of shoegaze, Americana, and pop into a self-titled debut. The eponymous record was recorded in 2006 by producer Ken Nelson, whose extensive work with Coldplay lent a dark, dirty sheen to the material. Members Juanita Stein (vocals, guitar), Joel Stein (guitars), Brendan Picchio (bass), and Glenn Moule (drums) were rewarded with critical acclaim for the resulting album, which received the bulk of its accolades from British audiences. Tours alongside Coldplay, the Futureheads, Placebo, the Killers, and Snow Patrol helped expand Howling Bells' international audience, however, and the band returned in 2009 with a polished sophomore effort, Radio Wars. ~ Kenyon Hopkin",Dreamer,Unknown,https://www.youtube.com/watch?v=GeoYMA4yyk0&list=RDGeoYMA4yyk0&start_radio=1&pp=ygUXSG93bGluZyBCZWxscyAtIERyZWFtZXKgBwE%3D,ERROR: Private/Dead/Protected
Strange Life,https://lastfm.freetls.fastly.net/i/u/300x300/18fc7c665f0c436128a6d854f4332397.png,Howling Bells,2026-02-13,"Although formed in Sydney in 2005, the coed members of Howling Bells later relocated to London, where they molded elements of shoegaze, Americana, and pop into a self-titled debut. The eponymous record was recorded in 2006 by producer Ken Nelson, whose extensive work with Coldplay lent a dark, dirty sheen to the material. Members Juanita Stein (vocals, guitar), Joel Stein (guitars), Brendan Picchio (bass), and Glenn Moule (drums) were rewarded with critical acclaim for the resulting album, which received the bulk of its accolades from British audiences. Tours alongside Coldplay, the Futureheads, Placebo, the Killers, and Snow Patrol helped expand Howling Bells' international audience, however, and the band returned in 2009 with a polished sophomore effort, Radio Wars. ~ Kenyon Hopkin",Chimera,Unknown,https://www.youtube.com/watch?v=-bIW3uO4ZjU&list=RD-bIW3uO4ZjU&start_radio=1&pp=ygUVSG93bGluZyBCZWxscyBDaGltZXJhoAcB,ERROR: Private/Dead/Protected
Strange Life,https://lastfm.freetls.fastly.net/i/u/300x300/18fc7c665f0c436128a6d854f4332397.png,Howling Bells,2026-02-13,"Although formed in Sydney in 2005, the coed members of Howling Bells later relocated to London, where they molded elements of shoegaze, Americana, and pop into a self-titled debut. The eponymous record was recorded in 2006 by producer Ken Nelson, whose extensive work with Coldplay lent a dark, dirty sheen to the material. Members Juanita Stein (vocals, guitar), Joel Stein (guitars), Brendan Picchio (bass), and Glenn Moule (drums) were rewarded with critical acclaim for the resulting album, which received the bulk of its accolades from British audiences. Tours alongside Coldplay, the Futureheads, Placebo, the Killers, and Snow Patrol helped expand Howling Bells' international audience, however, and the band returned in 2009 with a polished sophomore effort, Radio Wars. ~ Kenyon Hopkin",Sweet Relief,Unknown,https://www.youtube.com/watch?v=X-VOkJZilK4&list=RDX-VOkJZilK4&start_radio=1&pp=ygUaSG93bGluZyBCZWxscyBTd2VldCBSZWxpZWagBwE%3D,ERROR: Private/Dead/Protected
Strange Life,https://lastfm.freetls.fastly.net/i/u/300x300/18fc7c665f0c436128a6d854f4332397.png,Howling Bells,2026-02-13,"Although formed in Sydney in 2005, the coed members of Howling Bells later relocated to London, where they molded elements of shoegaze, Americana, and pop into a self-titled debut. The eponymous record was recorded in 2006 by producer Ken Nelson, whose extensive work with Coldplay lent a dark, dirty sheen to the material. Members Juanita Stein (vocals, guitar), Joel Stein (guitars), Brendan Picchio (bass), and Glenn Moule (drums) were rewarded with critical acclaim for the resulting album, which received the bulk of its accolades from British audiences. Tours alongside Coldplay, the Futureheads, Placebo, the Killers, and Snow Patrol helped expand Howling Bells' international audience, however, and the band returned in 2009 with a polished sophomore effort, Radio Wars. ~ Kenyon Hopkin",Light Touch,Unknown,https://www.youtube.com/watch?v=2YDS30ncjW0&list=RD2YDS30ncjW0&start_radio=1&pp=ygUbSG93bGluZyBCZWxscyAtIExpZ2h0IFRvdWNooAcB,ERROR: Private/Dead/Protected
Tir Groupé - Ronde De Nuit,,Hubert Rostaing / Ivan Jullien,1983-01-01,,Générique,Unknown,https://www.youtube.com/watch?v=bvekj5gZttA&list=RDbvekj5gZttA&start_radio=1&pp=ygUoSHViZXJ0IFJvc3RhaW5nIEl2YW4gSnVsbGllbiBHw6luw6lyaXF1ZaAHAQ%3D%3D,ERROR: Private/Dead/Protected
Tir Groupé - Ronde De Nuit,,Hubert Rostaing / Ivan Jullien,1983-01-01,,Paris La Nuit,Unknown,https://www.youtube.com/watch?v=_q_TXXpoyRw&list=RD_q_TXXpoyRw&start_radio=1&pp=ygUqSHViZXJ0IFJvc3RhaW5nIEl2YW4gSnVsbGllbiBQYXJpcyBMYSBOdWl0oAcB,ERROR: Private/Dead/Protected
Tir Groupé - Ronde De Nuit,,Hubert Rostaing / Ivan Jullien,1983-01-01,,Final,Unknown,https://www.youtube.com/watch?v=mhjHbkMSIzM&list=RDmhjHbkMSIzM&start_radio=1&pp=ygUiSHViZXJ0IFJvc3RhaW5nIEl2YW4gSnVsbGllbiBGaW5hbKAHAQ%3D%3D,ERROR: Private/Dead/Protected
Tir Groupé - Ronde De Nuit,,Hubert Rostaing / Ivan Jullien,1983-01-01,,Chinatown,Unknown,https://www.youtube.com/watch?v=WjRnZM5nIt8&list=RDWjRnZM5nIt8&start_radio=1&pp=ygUmSHViZXJ0IFJvc3RhaW5nIEl2YW4gSnVsbGllbiBDaGluYXRvd26gBwE%3D,ERROR: Private/Dead/Protected
Hällas,https://lastfm.freetls.fastly.net/i/u/300x300/261ba85f72d2c5d0972716c87bd4ff91.jpg,Hällas,2015-11-27,"Hällas is an adventurous heavy rock band founded in Jönköping, Sweden in 2011. ""The band has a 70's sound while adding an aura of 80's NWOBHM as well as psychedelic sounds, not unlike those of Hawkwind. The result makes you think not only of bands such as Graveyard and Horisont, but also of Mountain and November. "" - Artrock.se, 2015. Since 2011, the original guitarist, Jesper, has left the band and was replaced by Marcus in 2014, following the addition of organist Nicklas in 2015. In the process of making their debut EP ""Hällas"", released by The Sign Records in 2015, the band played together with various bands such as Danava, Skogen Brinner and Slowgold. In 2023, efter having released one EP and three studio albums, Alexander Moraitis left the band to focus on other projects and aspects of life. He was then replaced by guitarist Rickard Swahn. Read more on Last.fm. User-contributed text is available under the Creative Commons By-SA License; additional terms may apply.",Tale of a Tyrant,Unknown,https://www.youtube.com/watch?v=oKahENkVdgo&pp=ygUaSMOkbGxhcyAtIFRhbGUgb2YgYSBUeXJhbnQ%3D,ERROR: Private/Dead/Protected
Excerpts From a Future Past,https://lastfm.freetls.fastly.net/i/u/300x300/d151c55a8b3a4546dd10e7dcee322e9c.jpg,Hällas,2017-10-13,"Hällas is an adventurous heavy rock band founded in Jönköping, Sweden in 2011. ""The band has a 70's sound while adding an aura of 80's NWOBHM as well as psychedelic sounds, not unlike those of Hawkwind. The result makes you think not only of bands such as Graveyard and Horisont, but also of Mountain and November. "" - Artrock.se, 2015. Since 2011, the original guitarist, Jesper, has left the band and was replaced by Marcus in 2014, following the addition of organist Nicklas in 2015. In the process of making their debut EP ""Hällas"", released by The Sign Records in 2015, the band played together with various bands such as Danava, Skogen Brinner and Slowgold. In 2023, efter having released one EP and three studio albums, Alexander Moraitis left the band to focus on other projects and aspects of life. He was then replaced by guitarist Rickard Swahn. Read more on Last.fm. User-contributed text is available under the Creative Commons By-SA License; additional terms may apply.",Star Rider,Unknown,https://www.youtube.com/watch?v=olPqj8J1EBU&list=RDolPqj8J1EBU&start_radio=1&pp=ygUSSMOkbGxhcyBTdGFyIFJpZGVyoAcB0gcJCaIKAYcqIYzv,ERROR: Private/Dead/Protected
Excerpts From a Future Past,https://lastfm.freetls.fastly.net/i/u/300x300/d151c55a8b3a4546dd10e7dcee322e9c.jpg,Hällas,2017-10-13,"Hällas is an adventurous heavy rock band founded in Jönköping, Sweden in 2011. ""The band has a 70's sound while adding an aura of 80's NWOBHM as well as psychedelic sounds, not unlike those of Hawkwind. The result makes you think not only of bands such as Graveyard and Horisont, but also of Mountain and November. "" - Artrock.se, 2015. Since 2011, the original guitarist, Jesper, has left the band and was replaced by Marcus in 2014, following the addition of organist Nicklas in 2015. In the process of making their debut EP ""Hällas"", released by The Sign Records in 2015, the band played together with various bands such as Danava, Skogen Brinner and Slowgold. In 2023, efter having released one EP and three studio albums, Alexander Moraitis left the band to focus on other projects and aspects of life. He was then replaced by guitarist Rickard Swahn. Read more on Last.fm. User-contributed text is available under the Creative Commons By-SA License; additional terms may apply.",Illusion Sky,Unknown,https://www.youtube.com/watch?v=aExBrFXCXF0&list=RDaExBrFXCXF0&start_radio=1&pp=ygUWSMOkbGxhcyAtIElsbHVzaW9uIFNreaAHAQ%3D%3D,ERROR: Private/Dead/Protected
Panorama,https://lastfm.freetls.fastly.net/i/u/300x300/888723df7675c1eae630e00fa337dc0d.jpg,Hällas,2026-01-30,"Hällas is an adventurous heavy rock band founded in Jönköping, Sweden in 2011. ""The band has a 70's sound while adding an aura of 80's NWOBHM as well as psychedelic sounds, not unlike those of Hawkwind. The result makes you think not only of bands such as Graveyard and Horisont, but also of Mountain and November. "" - Artrock.se, 2015. Since 2011, the original guitarist, Jesper, has left the band and was replaced by Marcus in 2014, following the addition of organist Nicklas in 2015. In the process of making their debut EP ""Hällas"", released by The Sign Records in 2015, the band played together with various bands such as Danava, Skogen Brinner and Slowgold. In 2023, efter having released one EP and three studio albums, Alexander Moraitis left the band to focus on other projects and aspects of life. He was then replaced by guitarist Rickard Swahn. Read more on Last.fm. User-contributed text is available under the Creative Commons By-SA License; additional terms may apply.",Face of an Angel,Unknown,https://www.youtube.com/watch?v=WSbZwuOHLvE&list=RDWSbZwuOHLvE&start_radio=1&pp=ygUYSMOkbGxhcyBGYWNlIG9mIGFuIEFuZ2VsoAcB,ERROR: Private/Dead/Protected
Panorama,https://lastfm.freetls.fastly.net/i/u/300x300/888723df7675c1eae630e00fa337dc0d.jpg,Hällas,2026-01-30,"Hällas is an adventurous heavy rock band founded in Jönköping, Sweden in 2011. ""The band has a 70's sound while adding an aura of 80's NWOBHM as well as psychedelic sounds, not unlike those of Hawkwind. The result makes you think not only of bands such as Graveyard and Horisont, but also of Mountain and November. "" - Artrock.se, 2015. Since 2011, the original guitarist, Jesper, has left the band and was replaced by Marcus in 2014, following the addition of organist Nicklas in 2015. In the process of making their debut EP ""Hällas"", released by The Sign Records in 2015, the band played together with various bands such as Danava, Skogen Brinner and Slowgold. In 2023, efter having released one EP and three studio albums, Alexander Moraitis left the band to focus on other projects and aspects of life. He was then replaced by guitarist Rickard Swahn. Read more on Last.fm. User-contributed text is available under the Creative Commons By-SA License; additional terms may apply.",The Emissary,Unknown,https://www.youtube.com/watch?v=mjxiLeH6RDI&list=RDmjxiLeH6RDI&start_radio=1&pp=ygUWSMOkbGxhcyAtIFRoZSBFbWlzc2FyeaAHAQ%3D%3D,ERROR: Private/Dead/Protected
Panorama,https://lastfm.freetls.fastly.net/i/u/300x300/888723df7675c1eae630e00fa337dc0d.jpg,Hällas,2026-01-30,"Hällas is an adventurous heavy rock band founded in Jönköping, Sweden in 2011. ""The band has a 70's sound while adding an aura of 80's NWOBHM as well as psychedelic sounds, not unlike those of Hawkwind. The result makes you think not only of bands such as Graveyard and Horisont, but also of Mountain and November. "" - Artrock.se, 2015. Since 2011, the original guitarist, Jesper, has left the band and was replaced by Marcus in 2014, following the addition of organist Nicklas in 2015. In the process of making their debut EP ""Hällas"", released by The Sign Records in 2015, the band played together with various bands such as Danava, Skogen Brinner and Slowgold. In 2023, efter having released one EP and three studio albums, Alexander Moraitis left the band to focus on other projects and aspects of life. He was then replaced by guitarist Rickard Swahn. Read more on Last.fm. User-contributed text is available under the Creative Commons By-SA License; additional terms may apply.",At the Summit,Unknown,https://www.youtube.com/watch?v=NH2H0Xo_p2U&list=RDNH2H0Xo_p2U&start_radio=1&pp=ygUXSMOkbGxhcyAtIEF0IHRoZSBTdW1taXSgBwE%3D,ERROR: Private/Dead/Protected
Eight Miles High / Makes No Sense at All,https://lastfm.freetls.fastly.net/i/u/300x300/d2c09b0b723075d7a25f12d8a39e540d.jpg,Hüsker Dü,1990-09-01,"Hüsker Dü and R.E.M. were the two American post-punk bands of the '80s that changed the direction of rock & roll. R.E.M. became a superstar band; Hüsker Dü was never more than a cult favorite. Nevertheless, their albums between 1981 and 1987 proved remarkably influential; they provided the sonic blueprint for the roaring punk-pop hybrid that crossed over into the mainstream in the early '90s. Not only did they shape the sound of the music, they shaped the way independent bands made the transition to the major labels; they showed other bands that it was possible to record uncompromising music on a major label without losing any integrity or creative control. From the Replacements to Nirvana, the Pixies to Superchunk, nearly every major and minor band that appeared in the alternative underground in the late '80s and '90s owed a major debt to Hüsker Dü, whether they were aware of it or not.
The band's two songwriters, guitarist Bob Mould and drummer Grant Hart, both had a knack for writing songs that essentially followed conventional pop structures, complete with memorable melodies, but were still punk songs. Hüsker Dü took the Buzzcocks' pioneering punk-pop and made it harder, both musically and lyrically. Throughout their career, Hüsker Dü never lost their edge, never turned down their amplifiers, never compromised their music. While Hart and bassist Greg Norton were an unfailingly strong rhythm section, Mould would prove to be one of the most influential guitarists of the decade. With his slashing rhythms, distorted strumming, and blazing leads, he set the stage for the alternative guitar heroes of the late '80s and the '90s.
Hüsker Dü formed in Minneapolis, Minnesota, in 1979. Guitarist/vocalist Bob Mould was studying at Macalester College in St. Paul, Minnesota, and working at a record store, which is where he met drummer/vocalist Grant Hart and bassist Greg Norton. The three musicians had diverse tastes, but all shared a love for hardcore punk rock. Naming themselves Hüsker Dü after a '50s Danish board game (the name means ""do you remember""), the trio began rehearsing in Norton's basement.
In the early '80s, Hüsker Dü developed a strong local following; nearly every local band, from the Replacements to Soul Asylum, sounded like them. Both Mould and Hart wrote songs and sang lead. In 1981, they released their first single, ""Statues,"" on the local label Reflex, which was quickly followed by their debut album, Land Speed Record, which was released on New Alliance Records. Recorded live, Land Speed Record boasted 17 songs that lasted a full 26 minutes. Later that year, they released an equally fast and hard EP, In a Free Land.
In 1982, they moved backed to Reflex, where they released Everything Falls Apart, their first album recorded in a studio. By this time, Hüsker Dü had begun touring the United States relentlessly, traveling across the country in a van and playing small clubs. Along with the Minutemen, R.E.M., Black Flag, the Meat Puppets, and the Replacements, Hüsker Dü formed the core of a group of independent rock & roll bands that carved out a reputation for touring ceaselessly and getting their records played on college radio stations; they formed the core of the American rock underground in the mid-'80s. Hüsker Dü concerts were a nonstop barrage; the bandmembers rarely spoke to the audience and each song segued directly into the next, without interruption. In addition to touring constantly, Hüsker Dü was recording quickly, turning out the Metal Circus EP in 1983.
After Metal Circus, Hüsker Dü developed musically at a rapid pace, with Mould and Hart coming into their own as songwriters on 1984's Zen Arcade, their first album for SST Records and their critical breakthrough. Zen Arcade was a double album -- something that was completely unheard of in the underground -- that showed the band stretching out musically, writing sharper pop songs as well as lengthy abrasive instrumentals. Critics embraced the record, as did independent rock fans. At the end of 1984, they released ""Eight Miles High,"" a cover of the Byrds song; it was only available as a single.
Hüsker Dü continued to record and tour at a blindingly fast speed throughout 1984 and 1985. Mould and Hart were beginning to develop an unspoken rivalry as well as a dependency on alcohol and speed. Nevertheless, the group was at its peak in 1985, turning out two albums. The first, New Day Rising, was released in the spring and showed the band moving closer to concise pop songwriting while accentuating their fierce sonic barrage. Flip Your Wig, released late in 1985, featured their cleanest, most accessible production, without making any concessions to mainstream rock. Both albums received excellent reviews, both in fanzines and some mainstream rock publications.
Following the release of Flip Your Wig, Hüsker Dü became the first of the mid-'80s independent post-punk bands to sign a contract with a major label, and they closed a deal with Warner Bros. Candy Apple Grey, the band's first major-label album, appeared in 1986. During that year, tensions between Mould and Hart escalated. Mould began to clean up and Hart continued to sink further into drug and alcohol addiction. Nevertheless, they managed to write and record another double album, Warehouse: Songs and Stories. Although Warner didn't want the band to release another double record, Warehouse was released in the spring of 1987 to uniformly positive reviews.
Hüsker Dü was preparing to launch a series of concerts to support Warehouse when their manager, David Savoy, committed suicide the night before the start of the tour. Hüsker played the tour anyway -- they ran through the new album in order every night, without interruption -- but Savoy's suicide helped the inner-band turmoil reach a peak. Hart showed no signs of sobering up -- he was developing a heroin addiction -- while Mould was clean. Following the Warehouse tour, the band played no more concerts for the rest of the year, which caused speculation that the group was breaking up. Those rumors were confirmed during the winter of 1987-1988, when Hart was fired and the band broke up.
Hart released a solo EP, 2541, on SST later that year, followed by a full-length album called Intolerance a year later. After its release, Hart shook loose his addictions and formed a new band, Nova Mob. Nova Mob released their debut album, The Last Days of Pompeii, in 1991; a self-titled second album appeared in 1994. Norton became a chef in Red Wing. Immediately after the breakup of Hüsker Dü, Mould embarked on a solo career. After releasing two solo albums -- Workbook (1989) and Black Sheets of Rain (1990) -- he formed a trio called Sugar in 1992. Between 1992 and 1994, Sugar released two albums: Copper Blue (1992) and File Under: Easy Listening (1994). Mould broke up the band in 1995 and returned to a solo career the following year.
For years, the Hüsker Dü vaults remained locked. Warner released The Living End -- a live album album culled from Warehouse performances in 1987 -- in 1994, a year after Rhino put together an expanded reissue of Everything Falls Apart, but that was the only release for decades. After battling kidney cancer, Grant Hart died at age 56 in September 2017. Two months later, Numero released Savage Young Dü, a three-CD compilation of rare recordings from 1979-1993 named after an early Hüsker boot. ~ Stephen Thomas Erlewine",Eight Miles High,Unknown,https://www.youtube.com/watch?v=iokmbu41qak&pp=ygUeSMO8c2tlciBEw7wgLSBFaWdodCBNaWxlcyBIaWdo,ERROR: Private/Dead/Protected
Flip Your Wig,https://lastfm.freetls.fastly.net/i/u/300x300/c401906c6a3a423f9c207f720d023c7a.png,Hüsker Dü,1985-09-01,"Hüsker Dü and R.E.M. were the two American post-punk bands of the '80s that changed the direction of rock & roll. R.E.M. became a superstar band; Hüsker Dü was never more than a cult favorite. Nevertheless, their albums between 1981 and 1987 proved remarkably influential; they provided the sonic blueprint for the roaring punk-pop hybrid that crossed over into the mainstream in the early '90s. Not only did they shape the sound of the music, they shaped the way independent bands made the transition to the major labels; they showed other bands that it was possible to record uncompromising music on a major label without losing any integrity or creative control. From the Replacements to Nirvana, the Pixies to Superchunk, nearly every major and minor band that appeared in the alternative underground in the late '80s and '90s owed a major debt to Hüsker Dü, whether they were aware of it or not.
The band's two songwriters, guitarist Bob Mould and drummer Grant Hart, both had a knack for writing songs that essentially followed conventional pop structures, complete with memorable melodies, but were still punk songs. Hüsker Dü took the Buzzcocks' pioneering punk-pop and made it harder, both musically and lyrically. Throughout their career, Hüsker Dü never lost their edge, never turned down their amplifiers, never compromised their music. While Hart and bassist Greg Norton were an unfailingly strong rhythm section, Mould would prove to be one of the most influential guitarists of the decade. With his slashing rhythms, distorted strumming, and blazing leads, he set the stage for the alternative guitar heroes of the late '80s and the '90s.
Hüsker Dü formed in Minneapolis, Minnesota, in 1979. Guitarist/vocalist Bob Mould was studying at Macalester College in St. Paul, Minnesota, and working at a record store, which is where he met drummer/vocalist Grant Hart and bassist Greg Norton. The three musicians had diverse tastes, but all shared a love for hardcore punk rock. Naming themselves Hüsker Dü after a '50s Danish board game (the name means ""do you remember""), the trio began rehearsing in Norton's basement.
In the early '80s, Hüsker Dü developed a strong local following; nearly every local band, from the Replacements to Soul Asylum, sounded like them. Both Mould and Hart wrote songs and sang lead. In 1981, they released their first single, ""Statues,"" on the local label Reflex, which was quickly followed by their debut album, Land Speed Record, which was released on New Alliance Records. Recorded live, Land Speed Record boasted 17 songs that lasted a full 26 minutes. Later that year, they released an equally fast and hard EP, In a Free Land.
In 1982, they moved backed to Reflex, where they released Everything Falls Apart, their first album recorded in a studio. By this time, Hüsker Dü had begun touring the United States relentlessly, traveling across the country in a van and playing small clubs. Along with the Minutemen, R.E.M., Black Flag, the Meat Puppets, and the Replacements, Hüsker Dü formed the core of a group of independent rock & roll bands that carved out a reputation for touring ceaselessly and getting their records played on college radio stations; they formed the core of the American rock underground in the mid-'80s. Hüsker Dü concerts were a nonstop barrage; the bandmembers rarely spoke to the audience and each song segued directly into the next, without interruption. In addition to touring constantly, Hüsker Dü was recording quickly, turning out the Metal Circus EP in 1983.
After Metal Circus, Hüsker Dü developed musically at a rapid pace, with Mould and Hart coming into their own as songwriters on 1984's Zen Arcade, their first album for SST Records and their critical breakthrough. Zen Arcade was a double album -- something that was completely unheard of in the underground -- that showed the band stretching out musically, writing sharper pop songs as well as lengthy abrasive instrumentals. Critics embraced the record, as did independent rock fans. At the end of 1984, they released ""Eight Miles High,"" a cover of the Byrds song; it was only available as a single.
Hüsker Dü continued to record and tour at a blindingly fast speed throughout 1984 and 1985. Mould and Hart were beginning to develop an unspoken rivalry as well as a dependency on alcohol and speed. Nevertheless, the group was at its peak in 1985, turning out two albums. The first, New Day Rising, was released in the spring and showed the band moving closer to concise pop songwriting while accentuating their fierce sonic barrage. Flip Your Wig, released late in 1985, featured their cleanest, most accessible production, without making any concessions to mainstream rock. Both albums received excellent reviews, both in fanzines and some mainstream rock publications.
Following the release of Flip Your Wig, Hüsker Dü became the first of the mid-'80s independent post-punk bands to sign a contract with a major label, and they closed a deal with Warner Bros. Candy Apple Grey, the band's first major-label album, appeared in 1986. During that year, tensions between Mould and Hart escalated. Mould began to clean up and Hart continued to sink further into drug and alcohol addiction. Nevertheless, they managed to write and record another double album, Warehouse: Songs and Stories. Although Warner didn't want the band to release another double record, Warehouse was released in the spring of 1987 to uniformly positive reviews.
Hüsker Dü was preparing to launch a series of concerts to support Warehouse when their manager, David Savoy, committed suicide the night before the start of the tour. Hüsker played the tour anyway -- they ran through the new album in order every night, without interruption -- but Savoy's suicide helped the inner-band turmoil reach a peak. Hart showed no signs of sobering up -- he was developing a heroin addiction -- while Mould was clean. Following the Warehouse tour, the band played no more concerts for the rest of the year, which caused speculation that the group was breaking up. Those rumors were confirmed during the winter of 1987-1988, when Hart was fired and the band broke up.
Hart released a solo EP, 2541, on SST later that year, followed by a full-length album called Intolerance a year later. After its release, Hart shook loose his addictions and formed a new band, Nova Mob. Nova Mob released their debut album, The Last Days of Pompeii, in 1991; a self-titled second album appeared in 1994. Norton became a chef in Red Wing. Immediately after the breakup of Hüsker Dü, Mould embarked on a solo career. After releasing two solo albums -- Workbook (1989) and Black Sheets of Rain (1990) -- he formed a trio called Sugar in 1992. Between 1992 and 1994, Sugar released two albums: Copper Blue (1992) and File Under: Easy Listening (1994). Mould broke up the band in 1995 and returned to a solo career the following year.
For years, the Hüsker Dü vaults remained locked. Warner released The Living End -- a live album album culled from Warehouse performances in 1987 -- in 1994, a year after Rhino put together an expanded reissue of Everything Falls Apart, but that was the only release for decades. After battling kidney cancer, Grant Hart died at age 56 in September 2017. Two months later, Numero released Savage Young Dü, a three-CD compilation of rare recordings from 1979-1993 named after an early Hüsker boot. ~ Stephen Thomas Erlewine",Makes No Sense at All,Unknown,https://www.youtube.com/watch?v=lzQJhTMtxNo&pp=ygUhSMO8c2tlciBEw7wgTWFrZXMgTm8gU2Vuc2UgYXQgQWxs,ERROR: Private/Dead/Protected
Flip Your Wig,https://lastfm.freetls.fastly.net/i/u/300x300/c401906c6a3a423f9c207f720d023c7a.png,Hüsker Dü,1985-09-01,"Hüsker Dü and R.E.M. were the two American post-punk bands of the '80s that changed the direction of rock & roll. R.E.M. became a superstar band; Hüsker Dü was never more than a cult favorite. Nevertheless, their albums between 1981 and 1987 proved remarkably influential; they provided the sonic blueprint for the roaring punk-pop hybrid that crossed over into the mainstream in the early '90s. Not only did they shape the sound of the music, they shaped the way independent bands made the transition to the major labels; they showed other bands that it was possible to record uncompromising music on a major label without losing any integrity or creative control. From the Replacements to Nirvana, the Pixies to Superchunk, nearly every major and minor band that appeared in the alternative underground in the late '80s and '90s owed a major debt to Hüsker Dü, whether they were aware of it or not.
The band's two songwriters, guitarist Bob Mould and drummer Grant Hart, both had a knack for writing songs that essentially followed conventional pop structures, complete with memorable melodies, but were still punk songs. Hüsker Dü took the Buzzcocks' pioneering punk-pop and made it harder, both musically and lyrically. Throughout their career, Hüsker Dü never lost their edge, never turned down their amplifiers, never compromised their music. While Hart and bassist Greg Norton were an unfailingly strong rhythm section, Mould would prove to be one of the most influential guitarists of the decade. With his slashing rhythms, distorted strumming, and blazing leads, he set the stage for the alternative guitar heroes of the late '80s and the '90s.
Hüsker Dü formed in Minneapolis, Minnesota, in 1979. Guitarist/vocalist Bob Mould was studying at Macalester College in St. Paul, Minnesota, and working at a record store, which is where he met drummer/vocalist Grant Hart and bassist Greg Norton. The three musicians had diverse tastes, but all shared a love for hardcore punk rock. Naming themselves Hüsker Dü after a '50s Danish board game (the name means ""do you remember""), the trio began rehearsing in Norton's basement.
In the early '80s, Hüsker Dü developed a strong local following; nearly every local band, from the Replacements to Soul Asylum, sounded like them. Both Mould and Hart wrote songs and sang lead. In 1981, they released their first single, ""Statues,"" on the local label Reflex, which was quickly followed by their debut album, Land Speed Record, which was released on New Alliance Records. Recorded live, Land Speed Record boasted 17 songs that lasted a full 26 minutes. Later that year, they released an equally fast and hard EP, In a Free Land.
In 1982, they moved backed to Reflex, where they released Everything Falls Apart, their first album recorded in a studio. By this time, Hüsker Dü had begun touring the United States relentlessly, traveling across the country in a van and playing small clubs. Along with the Minutemen, R.E.M., Black Flag, the Meat Puppets, and the Replacements, Hüsker Dü formed the core of a group of independent rock & roll bands that carved out a reputation for touring ceaselessly and getting their records played on college radio stations; they formed the core of the American rock underground in the mid-'80s. Hüsker Dü concerts were a nonstop barrage; the bandmembers rarely spoke to the audience and each song segued directly into the next, without interruption. In addition to touring constantly, Hüsker Dü was recording quickly, turning out the Metal Circus EP in 1983.
After Metal Circus, Hüsker Dü developed musically at a rapid pace, with Mould and Hart coming into their own as songwriters on 1984's Zen Arcade, their first album for SST Records and their critical breakthrough. Zen Arcade was a double album -- something that was completely unheard of in the underground -- that showed the band stretching out musically, writing sharper pop songs as well as lengthy abrasive instrumentals. Critics embraced the record, as did independent rock fans. At the end of 1984, they released ""Eight Miles High,"" a cover of the Byrds song; it was only available as a single.
Hüsker Dü continued to record and tour at a blindingly fast speed throughout 1984 and 1985. Mould and Hart were beginning to develop an unspoken rivalry as well as a dependency on alcohol and speed. Nevertheless, the group was at its peak in 1985, turning out two albums. The first, New Day Rising, was released in the spring and showed the band moving closer to concise pop songwriting while accentuating their fierce sonic barrage. Flip Your Wig, released late in 1985, featured their cleanest, most accessible production, without making any concessions to mainstream rock. Both albums received excellent reviews, both in fanzines and some mainstream rock publications.
Following the release of Flip Your Wig, Hüsker Dü became the first of the mid-'80s independent post-punk bands to sign a contract with a major label, and they closed a deal with Warner Bros. Candy Apple Grey, the band's first major-label album, appeared in 1986. During that year, tensions between Mould and Hart escalated. Mould began to clean up and Hart continued to sink further into drug and alcohol addiction. Nevertheless, they managed to write and record another double album, Warehouse: Songs and Stories. Although Warner didn't want the band to release another double record, Warehouse was released in the spring of 1987 to uniformly positive reviews.
Hüsker Dü was preparing to launch a series of concerts to support Warehouse when their manager, David Savoy, committed suicide the night before the start of the tour. Hüsker played the tour anyway -- they ran through the new album in order every night, without interruption -- but Savoy's suicide helped the inner-band turmoil reach a peak. Hart showed no signs of sobering up -- he was developing a heroin addiction -- while Mould was clean. Following the Warehouse tour, the band played no more concerts for the rest of the year, which caused speculation that the group was breaking up. Those rumors were confirmed during the winter of 1987-1988, when Hart was fired and the band broke up.
Hart released a solo EP, 2541, on SST later that year, followed by a full-length album called Intolerance a year later. After its release, Hart shook loose his addictions and formed a new band, Nova Mob. Nova Mob released their debut album, The Last Days of Pompeii, in 1991; a self-titled second album appeared in 1994. Norton became a chef in Red Wing. Immediately after the breakup of Hüsker Dü, Mould embarked on a solo career. After releasing two solo albums -- Workbook (1989) and Black Sheets of Rain (1990) -- he formed a trio called Sugar in 1992. Between 1992 and 1994, Sugar released two albums: Copper Blue (1992) and File Under: Easy Listening (1994). Mould broke up the band in 1995 and returned to a solo career the following year.
For years, the Hüsker Dü vaults remained locked. Warner released The Living End -- a live album album culled from Warehouse performances in 1987 -- in 1994, a year after Rhino put together an expanded reissue of Everything Falls Apart, but that was the only release for decades. After battling kidney cancer, Grant Hart died at age 56 in September 2017. Two months later, Numero released Savage Young Dü, a three-CD compilation of rare recordings from 1979-1993 named after an early Hüsker boot. ~ Stephen Thomas Erlewine",Games,Unknown,https://www.youtube.com/watch?v=yK3h0T-lMHc&pp=ygURSMO8c2tlciBEw7wgR2FtZXM%3D,ERROR: Private/Dead/Protected
New Day Rising,https://lastfm.freetls.fastly.net/i/u/300x300/9b3b647c2998414a8c8352399fb328cd.png,Hüsker Dü,1985-01-01,"Hüsker Dü and R.E.M. were the two American post-punk bands of the '80s that changed the direction of rock & roll. R.E.M. became a superstar band; Hüsker Dü was never more than a cult favorite. Nevertheless, their albums between 1981 and 1987 proved remarkably influential; they provided the sonic blueprint for the roaring punk-pop hybrid that crossed over into the mainstream in the early '90s. Not only did they shape the sound of the music, they shaped the way independent bands made the transition to the major labels; they showed other bands that it was possible to record uncompromising music on a major label without losing any integrity or creative control. From the Replacements to Nirvana, the Pixies to Superchunk, nearly every major and minor band that appeared in the alternative underground in the late '80s and '90s owed a major debt to Hüsker Dü, whether they were aware of it or not.
The band's two songwriters, guitarist Bob Mould and drummer Grant Hart, both had a knack for writing songs that essentially followed conventional pop structures, complete with memorable melodies, but were still punk songs. Hüsker Dü took the Buzzcocks' pioneering punk-pop and made it harder, both musically and lyrically. Throughout their career, Hüsker Dü never lost their edge, never turned down their amplifiers, never compromised their music. While Hart and bassist Greg Norton were an unfailingly strong rhythm section, Mould would prove to be one of the most influential guitarists of the decade. With his slashing rhythms, distorted strumming, and blazing leads, he set the stage for the alternative guitar heroes of the late '80s and the '90s.
Hüsker Dü formed in Minneapolis, Minnesota, in 1979. Guitarist/vocalist Bob Mould was studying at Macalester College in St. Paul, Minnesota, and working at a record store, which is where he met drummer/vocalist Grant Hart and bassist Greg Norton. The three musicians had diverse tastes, but all shared a love for hardcore punk rock. Naming themselves Hüsker Dü after a '50s Danish board game (the name means ""do you remember""), the trio began rehearsing in Norton's basement.
In the early '80s, Hüsker Dü developed a strong local following; nearly every local band, from the Replacements to Soul Asylum, sounded like them. Both Mould and Hart wrote songs and sang lead. In 1981, they released their first single, ""Statues,"" on the local label Reflex, which was quickly followed by their debut album, Land Speed Record, which was released on New Alliance Records. Recorded live, Land Speed Record boasted 17 songs that lasted a full 26 minutes. Later that year, they released an equally fast and hard EP, In a Free Land.
In 1982, they moved backed to Reflex, where they released Everything Falls Apart, their first album recorded in a studio. By this time, Hüsker Dü had begun touring the United States relentlessly, traveling across the country in a van and playing small clubs. Along with the Minutemen, R.E.M., Black Flag, the Meat Puppets, and the Replacements, Hüsker Dü formed the core of a group of independent rock & roll bands that carved out a reputation for touring ceaselessly and getting their records played on college radio stations; they formed the core of the American rock underground in the mid-'80s. Hüsker Dü concerts were a nonstop barrage; the bandmembers rarely spoke to the audience and each song segued directly into the next, without interruption. In addition to touring constantly, Hüsker Dü was recording quickly, turning out the Metal Circus EP in 1983.
After Metal Circus, Hüsker Dü developed musically at a rapid pace, with Mould and Hart coming into their own as songwriters on 1984's Zen Arcade, their first album for SST Records and their critical breakthrough. Zen Arcade was a double album -- something that was completely unheard of in the underground -- that showed the band stretching out musically, writing sharper pop songs as well as lengthy abrasive instrumentals. Critics embraced the record, as did independent rock fans. At the end of 1984, they released ""Eight Miles High,"" a cover of the Byrds song; it was only available as a single.
Hüsker Dü continued to record and tour at a blindingly fast speed throughout 1984 and 1985. Mould and Hart were beginning to develop an unspoken rivalry as well as a dependency on alcohol and speed. Nevertheless, the group was at its peak in 1985, turning out two albums. The first, New Day Rising, was released in the spring and showed the band moving closer to concise pop songwriting while accentuating their fierce sonic barrage. Flip Your Wig, released late in 1985, featured their cleanest, most accessible production, without making any concessions to mainstream rock. Both albums received excellent reviews, both in fanzines and some mainstream rock publications.
Following the release of Flip Your Wig, Hüsker Dü became the first of the mid-'80s independent post-punk bands to sign a contract with a major label, and they closed a deal with Warner Bros. Candy Apple Grey, the band's first major-label album, appeared in 1986. During that year, tensions between Mould and Hart escalated. Mould began to clean up and Hart continued to sink further into drug and alcohol addiction. Nevertheless, they managed to write and record another double album, Warehouse: Songs and Stories. Although Warner didn't want the band to release another double record, Warehouse was released in the spring of 1987 to uniformly positive reviews.
Hüsker Dü was preparing to launch a series of concerts to support Warehouse when their manager, David Savoy, committed suicide the night before the start of the tour. Hüsker played the tour anyway -- they ran through the new album in order every night, without interruption -- but Savoy's suicide helped the inner-band turmoil reach a peak. Hart showed no signs of sobering up -- he was developing a heroin addiction -- while Mould was clean. Following the Warehouse tour, the band played no more concerts for the rest of the year, which caused speculation that the group was breaking up. Those rumors were confirmed during the winter of 1987-1988, when Hart was fired and the band broke up.
Hart released a solo EP, 2541, on SST later that year, followed by a full-length album called Intolerance a year later. After its release, Hart shook loose his addictions and formed a new band, Nova Mob. Nova Mob released their debut album, The Last Days of Pompeii, in 1991; a self-titled second album appeared in 1994. Norton became a chef in Red Wing. Immediately after the breakup of Hüsker Dü, Mould embarked on a solo career. After releasing two solo albums -- Workbook (1989) and Black Sheets of Rain (1990) -- he formed a trio called Sugar in 1992. Between 1992 and 1994, Sugar released two albums: Copper Blue (1992) and File Under: Easy Listening (1994). Mould broke up the band in 1995 and returned to a solo career the following year.
For years, the Hüsker Dü vaults remained locked. Warner released The Living End -- a live album album culled from Warehouse performances in 1987 -- in 1994, a year after Rhino put together an expanded reissue of Everything Falls Apart, but that was the only release for decades. After battling kidney cancer, Grant Hart died at age 56 in September 2017. Two months later, Numero released Savage Young Dü, a three-CD compilation of rare recordings from 1979-1993 named after an early Hüsker boot. ~ Stephen Thomas Erlewine",New Day Rising,Unknown,https://www.youtube.com/watch?v=1YTJ807KK7I&pp=ygUaSMO8c2tlciBEw7wgTmV3IERheSBSaXNpbmc%3D,ERROR: Private/Dead/Protected
The Predator,https://lastfm.freetls.fastly.net/i/u/300x300/8c33250ecd42bf977a4c6ef5c2e3420b.jpg,Ice Cube,1992-11-17,"Ice Cube is one of the most crucial artists in rap history. A razor-sharp lyricist, an alternately furious and humorous MC, and an accomplished producer, Cube laid the foundation for the legacy of pioneering gangsta rap group N.W.A by writing ""Boyz-N-the-Hood"" for partner Eazy-E and making his first big splash as an MC with the subsequent ""Dope Man."" After N.W.A's Straight Outta Compton (1988) infiltrated suburban America and attracted the scrutiny of the FBI with ""Fuck tha Police,"" Ice Cube launched a solo career that has entailed five platinum albums and one platinum EP, including AmeriKKKa's Most Wanted (1990), Death Certificate (1991), and The Predator (1992). A month before Cube released the first LP in that series, he appeared on Public Enemy's critical ""Burn Hollywood Burn"" and within a year aided in the disruption of the track's target with a co-starring role in John Singleton's Boyz N the Hood. While Cube added to his filmography with projects such as the Friday franchise, his directorial debut The Players Club, and Barbershop, he devoted less time to music. He continued to record occasionally as a solo artist and as a member of Westside Connection, and extended a streak of RIAA-certified releases that lasted through Laugh Now, Cry Later (2006). The next decade, Cube and Dr. Dre co-produced the acclaimed Straight Outta Compton (2015), a biographical film about N.W.A., whose resurgence culminated with an induction into the Rock & Roll Hall of Fame. Cube soon returned with his first solo album in eight years, Everythangs Corrupt (2018) and formed the supergroup Mount Westmore. The typically vehement Man Down (2024) was his first solo album of the 2020s.
Raised in South Central Los Angeles, California by working class parents, Ice Cube, born O'Shea Jackson, became involved with b-boy culture in his early teens and in high school began writing rhymes. Cube rapped at parties hosted by Dr. Dre, who soon produced his first recordings: Stereo Crew's ""She's a Skag,"" released on major-label Epic in 1986, and an EP by C.I.A., issued in 1987 on the small independent Kru-Cut. Stereo Crew and C.I.A. also featured K-Dee, while the latter added Sir Jinx. Along the line, Cube met Eazy-E through Dre, and that trio, along with Arabian Prince, formed the first lineup of N.W.A., bolstered soon thereafter by MC Ren and DJ Yella. Eazy and music industry veteran Jerry Heller set up Ruthless Records, launched later in 1987 with a pair of 12"" releases: Eazy's ""Boyz-N-the-Hood,"" and an EP from N.W.A. containing ""8 Ball"" and ""Dope Man."" Cube was the MC only on ""Dope Man,"" but he was credited as sole lyricist on the three tracks, all of which demonstrated the writer's flair for pointed narratives illustrated with irreverent humor.
By the time the Macola label expanded the Ruthless tracks for the compilation N.W.A. and the Posse, Cube had headed to Arizona to study architectural drafting at Phoenix Institute of Technology. After he obtained a one-year degree, he returned to work on N.W.A's Straight Outta Compton and Eazy-E's Eazy-Duz-It. Released by Ruthless in August and September, respectively, 1988, the albums gradually crept into the mainstream, thanks in significant part to word of mouth and eventual support from Yo! MTV Raps. Nine months after its release, Straight Outta Compton peaked at number nine on Billboard's R&B/hip-hop chart (trumping Eazy-Duz-It, which in March topped out at number 12). The extreme lyrical content of ""Fuck Tha Police,"" courtesy of Cube and MC Ren, attracted scrutiny from the Los Angeles Police Department and eventually the assistant director of the FBI office of public affairs, who sent the group a strongly worded letter.
Deep conflicts with Jerry Heller prompted Cube to leave N.W.A in late 1989. He went to New York with fellow producer Sir Jinx and recorded his first solo album, heralded by an appearance on Public Enemy's ""Burn Hollywood Burn,"" with the Bomb Squad. Released on Priority in May 1990, AmeriKKKa's Most Wanted was an instant Top 20 Billboard 200 hit and went gold within four months. While the album's production and Cube's mike skills were praised, the often violent, homophobic, and misogynist lyrics were criticized, particularly by the rock press and moral watchdogs. Even amid such controversy, the album was hailed as a groundbreaking classic -- led by the title track, a number one hit on Billboard's Hot Rap Singles chart -- and established Cube as a recognized individual force. He began his own corporation, which was run by a woman, and by the end of 1990 co-produced a 12"" for Yo-Yo and released the platinum Kill at Will EP. Yo-Yo's Make Way for the Motherlode, produced entirely by Ice Cube and Sir Jinx, arrived the following year, as did another Cube-related project, I Wish My Brother George Was Here, the debut from cousin Del the Funky Homosapien. Moreover, Cube made his widely praised acting debut in John Singleton's groundbreaking urban drama Boyz N the Hood, titled after the song he wrote, filmed in his native South Central Los Angeles.
Cube's first album may have been controversial, but its reception paled compared to that of his follow-up, Death Certificate. Released in October 1991, just after the debut went platinum, Death Certificate was more political, antagonistic, and vulgar than its predecessor, causing more scrutiny and outrage. In particular, ""No Vaseline,"" a vicious attack on N.W.A and Jerry Heller, was perceived as anti-Semitic, and ""Black Korea"" was taken as an instruction to burn down Korean-owned grocery stores. The songs provoked a condemnation from the trade publication Billboard -- the first time an artist had been singled out by the magazine. None of this prevented the album from reaching number two and going platinum with momentum maintained well into 1992 by ""Steady Mobbin',"" a Top Ten rap hit. During 1992, Cube also performed in the second Lollapalooza tour to consolidate his white rock audience, executive-produced Da Lench Mob's radical Guerillas in tha Mist, and that December appeared in Trespass and released The Predator. Cube's third album, The Predator, became the first to debut at number one on both the pop and R&B/hip-hop charts. Promoted with three Top Ten rap singles -- the ferocious Los Angeles riots response ""Wicked,"" the steady-rolling ""It Was a Good Day,"" and the Das EFX collaboration ""Check Yo Self"" -- the album eventually went double platinum.
Lethal Injection, Cube's fourth album, was released in December 1993 and became the rapper's third straight LP to debut within the Top Ten of the pop and R&B/hip-hop charts. Its biggest single, ""Bop Gun (One Nation),"" paid tribute to the enduring influence of Parliament-Funkadelic and featured leader George Clinton. By the end of that year, Cube's production discography included more material from Yo-Yo, as well as Kam's Neva Again. Having released four albums in four years, Cube took a break from making solo LPs, but during 1994 reunited with Dr. Dre for ""Natural Born Killaz,"" recorded for the Murder Was the Case soundtrack. Also that year, the November release Bootlegs & B-Sides bundled stray cuts. Cube was visible as ever throughout 1995. He acted in Singleton's film Higher Learning, wrote and starred in the cult classic stoner comedy Friday, and appeared on tracks by Westside Connection partners Mack 10 and WC. Bow Down, Westside Connection's first album, followed in 1996, narrowly missed the top of the pop chart, and went platinum on the strength of the hits ""Bow Down"" and ""Gangstas Make the World Go Round."" In 1997, Cube starred in the action thriller Dangerous Ground and in the surprise hit horror film Anaconda, and contributed music to the soundtrack of the former, including ""The World Is Mine,"" joined by K-Dee and Mack 10. Another anthology, Featuring...Ice Cube, was out that December.
The Players Club, Cube's directorial debut -- which he also wrote -- premiered in 1998, promoted with a Top Ten soundtrack featuring his own ""We Be Clubbin'."" That November, just after he made a featured appearance on nu metal leaders Korn's ""Children of the Korn,"" Cube's solo LP dry spell was broken with War & Peace, Vol. 1, the source of another rap number one, ""Pushin' Weight,"" and an additional Korn collaboration, ""Fuck Dying."" Like all his previous LPs, it went platinum. Film work resumed with Next Friday, written and produced by Cube, who also reprised his starring role from the original and was present on the soundtrack. War & Peace, Vol. 2, containing a collaboration with Dr. Dre and MC Ren on ""Hello,"" followed in March 2000 and completed his prosperous phase with Priority Records, swiftly summarized with Greatest Hits in 2001. Between studio albums, Cube devoted most of his creative energy to films. David O'Russell's Three Kings, John Carpenter's Ghosts of Mars, and Tim Story's Barbershop, as well as a third Cube-written Friday film, Friday After Next -- among several other titles -- all appeared in theaters before he returned to music with Westside Connection's second album, Terrorist Threats, in December 2003.
Signed to EMI, Cube lengthened his solo discography in June 2006 with Laugh Now, Cry Later. In the Movies, a compilation of soundtrack cuts, was put together by Priority for a 2007 release. The following August, Cube returned with Raw Footage, his seventh consecutive solo studio album to enter the Billboard 200 and R&B/hip-hop charts within the Top Ten. Yet another catalog title from Priority, The Essentials, appeared in 2008. Cube's September 2010 effort I Am the West was a family affair, with sons Darrell Jackson (aka Doughboy, named after Cube's Boyz N the Hood character) and O'Shea Jackson, Jr. (aka OMG) among the guests, who also included longtime associate WC. By the end of 2011, Cube had also acted in and/or produced a multitude of projects for the large and small screens, including Are We There Yet?, Beauty Shop, Friday: The Animated Series, and The Longshots.
In 2012, Cube announced the imminence of a tenth solo album, Everythangs Corrupt. Despite several singles issued across 2013 and 2014, its release was delayed as Cube focused on film and television pursuits, as well as the legacy of N.W.A. Along with Dr. Dre, Cube worked on a biopic about the origin and rise of the trailblazing group, with son O'Shea Jackson, Jr. cast to portray him. Named after their breakthrough album, Straight Outta Compton was released in 2015 to critical acclaim. The film made over $200 million worldwide, and was nominated for an Academy Award in the category of Best Original Screenplay. The film inspired Dr. Dre's solo album Compton, which included Cube on the track ""Issues."" A Rock and Roll Hall of Fame induction followed for N.W.A in 2016. A 25th anniversary reissue of Death Certificate was released the next year by Interscope, Cube's new home. The week of the 2018 midterm elections, Cube issued the single ""Arrest the President,"" a prelude to the characteristically scathing, humorous, and funky Everythangs Corrupt, which finally arrived the next month. He then teamed with Snoop Dogg, E-40, and Too $hort under the name Mount Westmore. The quartet released an album in 2020. Over the next few years, Cube continued with a handful of singles on which he teamed with the likes of MC Ren, Cypress Hill's DJ Muggs and B-Real, and Above the Law's Cold 187um. ""It's My Ego"" heralded the November 2024 arrival of Man Down. ~ Andy Kellman & Stephen Thomas Erlewine",When Will They Shoot?,Unknown,https://www.youtube.com/watch?v=i9sXKHnf9R8&pp=ygUdSWNlIEN1YmUgV2hlbiBXaWxsIFRoZXkgU2hvb3Q%3D,ERROR: Private/Dead/Protected
The Predator,https://lastfm.freetls.fastly.net/i/u/300x300/8c33250ecd42bf977a4c6ef5c2e3420b.jpg,Ice Cube,1992-11-17,"Ice Cube is one of the most crucial artists in rap history. A razor-sharp lyricist, an alternately furious and humorous MC, and an accomplished producer, Cube laid the foundation for the legacy of pioneering gangsta rap group N.W.A by writing ""Boyz-N-the-Hood"" for partner Eazy-E and making his first big splash as an MC with the subsequent ""Dope Man."" After N.W.A's Straight Outta Compton (1988) infiltrated suburban America and attracted the scrutiny of the FBI with ""Fuck tha Police,"" Ice Cube launched a solo career that has entailed five platinum albums and one platinum EP, including AmeriKKKa's Most Wanted (1990), Death Certificate (1991), and The Predator (1992). A month before Cube released the first LP in that series, he appeared on Public Enemy's critical ""Burn Hollywood Burn"" and within a year aided in the disruption of the track's target with a co-starring role in John Singleton's Boyz N the Hood. While Cube added to his filmography with projects such as the Friday franchise, his directorial debut The Players Club, and Barbershop, he devoted less time to music. He continued to record occasionally as a solo artist and as a member of Westside Connection, and extended a streak of RIAA-certified releases that lasted through Laugh Now, Cry Later (2006). The next decade, Cube and Dr. Dre co-produced the acclaimed Straight Outta Compton (2015), a biographical film about N.W.A., whose resurgence culminated with an induction into the Rock & Roll Hall of Fame. Cube soon returned with his first solo album in eight years, Everythangs Corrupt (2018) and formed the supergroup Mount Westmore. The typically vehement Man Down (2024) was his first solo album of the 2020s.
Raised in South Central Los Angeles, California by working class parents, Ice Cube, born O'Shea Jackson, became involved with b-boy culture in his early teens and in high school began writing rhymes. Cube rapped at parties hosted by Dr. Dre, who soon produced his first recordings: Stereo Crew's ""She's a Skag,"" released on major-label Epic in 1986, and an EP by C.I.A., issued in 1987 on the small independent Kru-Cut. Stereo Crew and C.I.A. also featured K-Dee, while the latter added Sir Jinx. Along the line, Cube met Eazy-E through Dre, and that trio, along with Arabian Prince, formed the first lineup of N.W.A., bolstered soon thereafter by MC Ren and DJ Yella. Eazy and music industry veteran Jerry Heller set up Ruthless Records, launched later in 1987 with a pair of 12"" releases: Eazy's ""Boyz-N-the-Hood,"" and an EP from N.W.A. containing ""8 Ball"" and ""Dope Man."" Cube was the MC only on ""Dope Man,"" but he was credited as sole lyricist on the three tracks, all of which demonstrated the writer's flair for pointed narratives illustrated with irreverent humor.
By the time the Macola label expanded the Ruthless tracks for the compilation N.W.A. and the Posse, Cube had headed to Arizona to study architectural drafting at Phoenix Institute of Technology. After he obtained a one-year degree, he returned to work on N.W.A's Straight Outta Compton and Eazy-E's Eazy-Duz-It. Released by Ruthless in August and September, respectively, 1988, the albums gradually crept into the mainstream, thanks in significant part to word of mouth and eventual support from Yo! MTV Raps. Nine months after its release, Straight Outta Compton peaked at number nine on Billboard's R&B/hip-hop chart (trumping Eazy-Duz-It, which in March topped out at number 12). The extreme lyrical content of ""Fuck Tha Police,"" courtesy of Cube and MC Ren, attracted scrutiny from the Los Angeles Police Department and eventually the assistant director of the FBI office of public affairs, who sent the group a strongly worded letter.
Deep conflicts with Jerry Heller prompted Cube to leave N.W.A in late 1989. He went to New York with fellow producer Sir Jinx and recorded his first solo album, heralded by an appearance on Public Enemy's ""Burn Hollywood Burn,"" with the Bomb Squad. Released on Priority in May 1990, AmeriKKKa's Most Wanted was an instant Top 20 Billboard 200 hit and went gold within four months. While the album's production and Cube's mike skills were praised, the often violent, homophobic, and misogynist lyrics were criticized, particularly by the rock press and moral watchdogs. Even amid such controversy, the album was hailed as a groundbreaking classic -- led by the title track, a number one hit on Billboard's Hot Rap Singles chart -- and established Cube as a recognized individual force. He began his own corporation, which was run by a woman, and by the end of 1990 co-produced a 12"" for Yo-Yo and released the platinum Kill at Will EP. Yo-Yo's Make Way for the Motherlode, produced entirely by Ice Cube and Sir Jinx, arrived the following year, as did another Cube-related project, I Wish My Brother George Was Here, the debut from cousin Del the Funky Homosapien. Moreover, Cube made his widely praised acting debut in John Singleton's groundbreaking urban drama Boyz N the Hood, titled after the song he wrote, filmed in his native South Central Los Angeles.
Cube's first album may have been controversial, but its reception paled compared to that of his follow-up, Death Certificate. Released in October 1991, just after the debut went platinum, Death Certificate was more political, antagonistic, and vulgar than its predecessor, causing more scrutiny and outrage. In particular, ""No Vaseline,"" a vicious attack on N.W.A and Jerry Heller, was perceived as anti-Semitic, and ""Black Korea"" was taken as an instruction to burn down Korean-owned grocery stores. The songs provoked a condemnation from the trade publication Billboard -- the first time an artist had been singled out by the magazine. None of this prevented the album from reaching number two and going platinum with momentum maintained well into 1992 by ""Steady Mobbin',"" a Top Ten rap hit. During 1992, Cube also performed in the second Lollapalooza tour to consolidate his white rock audience, executive-produced Da Lench Mob's radical Guerillas in tha Mist, and that December appeared in Trespass and released The Predator. Cube's third album, The Predator, became the first to debut at number one on both the pop and R&B/hip-hop charts. Promoted with three Top Ten rap singles -- the ferocious Los Angeles riots response ""Wicked,"" the steady-rolling ""It Was a Good Day,"" and the Das EFX collaboration ""Check Yo Self"" -- the album eventually went double platinum.
Lethal Injection, Cube's fourth album, was released in December 1993 and became the rapper's third straight LP to debut within the Top Ten of the pop and R&B/hip-hop charts. Its biggest single, ""Bop Gun (One Nation),"" paid tribute to the enduring influence of Parliament-Funkadelic and featured leader George Clinton. By the end of that year, Cube's production discography included more material from Yo-Yo, as well as Kam's Neva Again. Having released four albums in four years, Cube took a break from making solo LPs, but during 1994 reunited with Dr. Dre for ""Natural Born Killaz,"" recorded for the Murder Was the Case soundtrack. Also that year, the November release Bootlegs & B-Sides bundled stray cuts. Cube was visible as ever throughout 1995. He acted in Singleton's film Higher Learning, wrote and starred in the cult classic stoner comedy Friday, and appeared on tracks by Westside Connection partners Mack 10 and WC. Bow Down, Westside Connection's first album, followed in 1996, narrowly missed the top of the pop chart, and went platinum on the strength of the hits ""Bow Down"" and ""Gangstas Make the World Go Round."" In 1997, Cube starred in the action thriller Dangerous Ground and in the surprise hit horror film Anaconda, and contributed music to the soundtrack of the former, including ""The World Is Mine,"" joined by K-Dee and Mack 10. Another anthology, Featuring...Ice Cube, was out that December.
The Players Club, Cube's directorial debut -- which he also wrote -- premiered in 1998, promoted with a Top Ten soundtrack featuring his own ""We Be Clubbin'."" That November, just after he made a featured appearance on nu metal leaders Korn's ""Children of the Korn,"" Cube's solo LP dry spell was broken with War & Peace, Vol. 1, the source of another rap number one, ""Pushin' Weight,"" and an additional Korn collaboration, ""Fuck Dying."" Like all his previous LPs, it went platinum. Film work resumed with Next Friday, written and produced by Cube, who also reprised his starring role from the original and was present on the soundtrack. War & Peace, Vol. 2, containing a collaboration with Dr. Dre and MC Ren on ""Hello,"" followed in March 2000 and completed his prosperous phase with Priority Records, swiftly summarized with Greatest Hits in 2001. Between studio albums, Cube devoted most of his creative energy to films. David O'Russell's Three Kings, John Carpenter's Ghosts of Mars, and Tim Story's Barbershop, as well as a third Cube-written Friday film, Friday After Next -- among several other titles -- all appeared in theaters before he returned to music with Westside Connection's second album, Terrorist Threats, in December 2003.
Signed to EMI, Cube lengthened his solo discography in June 2006 with Laugh Now, Cry Later. In the Movies, a compilation of soundtrack cuts, was put together by Priority for a 2007 release. The following August, Cube returned with Raw Footage, his seventh consecutive solo studio album to enter the Billboard 200 and R&B/hip-hop charts within the Top Ten. Yet another catalog title from Priority, The Essentials, appeared in 2008. Cube's September 2010 effort I Am the West was a family affair, with sons Darrell Jackson (aka Doughboy, named after Cube's Boyz N the Hood character) and O'Shea Jackson, Jr. (aka OMG) among the guests, who also included longtime associate WC. By the end of 2011, Cube had also acted in and/or produced a multitude of projects for the large and small screens, including Are We There Yet?, Beauty Shop, Friday: The Animated Series, and The Longshots.
In 2012, Cube announced the imminence of a tenth solo album, Everythangs Corrupt. Despite several singles issued across 2013 and 2014, its release was delayed as Cube focused on film and television pursuits, as well as the legacy of N.W.A. Along with Dr. Dre, Cube worked on a biopic about the origin and rise of the trailblazing group, with son O'Shea Jackson, Jr. cast to portray him. Named after their breakthrough album, Straight Outta Compton was released in 2015 to critical acclaim. The film made over $200 million worldwide, and was nominated for an Academy Award in the category of Best Original Screenplay. The film inspired Dr. Dre's solo album Compton, which included Cube on the track ""Issues."" A Rock and Roll Hall of Fame induction followed for N.W.A in 2016. A 25th anniversary reissue of Death Certificate was released the next year by Interscope, Cube's new home. The week of the 2018 midterm elections, Cube issued the single ""Arrest the President,"" a prelude to the characteristically scathing, humorous, and funky Everythangs Corrupt, which finally arrived the next month. He then teamed with Snoop Dogg, E-40, and Too $hort under the name Mount Westmore. The quartet released an album in 2020. Over the next few years, Cube continued with a handful of singles on which he teamed with the likes of MC Ren, Cypress Hill's DJ Muggs and B-Real, and Above the Law's Cold 187um. ""It's My Ego"" heralded the November 2024 arrival of Man Down. ~ Andy Kellman & Stephen Thomas Erlewine",It Was a Good Day,Unknown,https://www.youtube.com/watch?v=5VtDM5jicRQ&pp=ygUaSWNlIEN1YmUgSXQgV2FzIGEgR29vZCBEYXk%3D,ERROR: Private/Dead/Protected
Ember - Single,,Iceage,2026-05-29,"Starting out as an abrasive punk rock quartet, Denmark's Iceage have become a band with a more multifaceted approach to songwriting. The chilly, Joy Division-informed sound of early albums like their 2011 debut New Brigade quickly grew as the band expanded their concepts of instrumentation, arrangement, and atmosphere on more sophisticated outings like 2021's Seek Shelter.
Iceage formed in 2008, led by singer and guitarist Elias Bender Rønnenfelt, guitarist Johan Suurballe Wieth, bassist Jakob Tvilling Pless, and drummer Dan Kjær Nielsen. The quartet, whose average age at the time was 17, had been friends for years before they began making an impression with their music. In 2009, they issued their first self-titled EP, and by 2011 they'd teamed up with Tambourhinoceros Records to release their debut album, a nervy and hard-hitting set called New Brigade. When the record was issued in the United States in mid-2011, Iceage made their American debut with a performance in Brooklyn, New York.
In 2013, the band unveiled their second album, the more sophisticated but still brutal set You're Nothing, and the LP earned them a deal with the successful independent label Matador Records. In 2014, Iceage released album number three, Plowing into the Field of Love, again through Matador, marking a new creative direction for the group, with horns, keyboards, and acoustic guitars introduced into the arrangements as the songs became more dynamic and eclectic without leaving their darker side behind. The band continued that trend on their next full-length, 2018's Beyondless, although they were further influenced by Rønnenfelt's burgeoning side project Marching Church, with whom he had released two albums in between Iceage records. The group's fifth LP, Seek Shelter, arrived in May 2021. It was their first to feature external production at the hands of Spacemen 3's Sonic Boom. The next year, the band released Shake the Feeling: Outtakes & Rarities 2015-2021, a collection of songs from various periods in Iceage's evolution that, for one reason or another, were left off of albums. ~ Mark Deming",Ember,Unknown,https://www.youtube.com/watch?v=CvZeiiipRMk&list=RDCvZeiiipRMk&start_radio=1&pp=ygUMSWNlYWdlIEVtYmVyoAcB,ERROR: Private/Dead/Protected
The Coldest Rap / Cold Wind-Madness,,Ice‐T,1983-01-01,"One of the original gangsta rappers, Ice-T helped pave the way for hip-hop to evolve from its break-of-dawn party roots into a more visceral portrayal of the harsh realities faced by Black Americans throughout the heated late '80s, '90s, and beyond. From the start, he had a blunt but always articulate lyrical style with unflinching directness on issues of race, discrimination, social injustice, and other charged political topics, balanced out with the occasional outburst of irreverent humor or obscene storytelling. Early albums like 1988's Power and 1989's The Iceberg/Freedom of Speech... Just Watch What You Say! quickly ramped up in their intensity and aggression, and 1991's O.G. Original Gangsta introduced new project Body Count, an unironic thrash metal band fronted by Ice-T. Body Count would be the focus of a media frenzy for their 1992 song ""Cop Killer,"" an unfiltered celebration of striking back at racist police violence that was so raw the band was dropped by their label over the ensuing controversy. This attention made Body Count all the more popular, and Ice-T spent the '90s splitting his time between solo rap records and fronting the metal band. As the years went on, he became more of a public figure than a musician, achieving a higher celebrity status with his film and television acting and also authoring several books. He never completely closed the door on music, however, and continued to regularly tour and release new albums with Body Count, while also sporadically issuing new solo rap projects of his own such as the 2023 collection The Legend of Ice-T: Crime Stories.
Ice-T was born Tracy Marrow in Newark, New Jersey. and moved to Los Angeles at the age of 12. He became obsessed with rap in his teenage years, beginning to write rhymes of his own while attending Crenshaw High School in South Central Los Angeles. Ice-T took his name from Iceberg Slim, a pimp who wrote novels and poetry which a young Ice-T would memorize and recite for friends and classmates. After he left high school, he recorded several independent singles in the early '80s, in a musical style somewhere between electro and early hip-hop, but with lyrics that were already explicit and shocking for their time. He also appeared in the low-budget hip-hop films Rappin', Breakin', and Breakin' II: Electric Boogaloo as he was trying to establish a career.
Ice-T finally landed a major-label record deal with Sire Records in 1987, releasing his debut album, Rhyme Pays. On the record, he is supported by DJ Aladdin and producer Afrika Islam, who helped create the rolling, spare beats and samples that provided a backdrop for the rapper's charismatic rhymes, which were mainly party-oriented; the record wound up going gold. That same year, he recorded the theme song for Dennis Hopper's Colors, a film about inner-city life in Los Angeles. The song -- also called ""Colors"" -- was stronger, both lyrically and musically, with more incisive lyrics than anything he had previously released. Ice-T formed his own record label, Rhyme Syndicate (which was distributed through Sire/Warner) in 1988, and released Power. Power was a more assured and impressive record, earning him strong reviews and his second gold record. Released in 1989, The Iceberg/Freedom of Speech...Just Watch What You Say established him as a true hip-hop superstar by matching excellent abrasive music with fierce, intelligent narratives, and political commentaries, especially about artistic censorship. This album also began Ice's dabbling with mixing rap and rock styles, with some songs including live, guitar-heavy instrumentation and Alternative Tentacles' CEO and punk godfather Jello Biafra providing guest narration on multiple tracks.
Two years later, Ice-T starred in the film New Jack City and recorded its theme song ""New Jack Hustler."" The song was included on his 1991 album O.G.: Original Gangster, which became his most successful album to date. O.G. also featured a metal track called ""Body Count"" recorded with Ice-T's band of the same name. Ice-T took the band out on tour that summer, as he performed on the first Lollapalooza tour. The tour set-up increased his appeal with both alternative music fans and middle-class teenagers. The following year, the rapper decided to release an entire album with the band, also called Body Count.
Body Count proved to be a major turning point in Ice-T's career. Because of the track ""Cop Killer"" -- where he sang from the point-of-view of a police murderer -- the record ignited a national controversy; it was protested by the NRA and police activist groups. Time Warner Records initially supported Ice-T, yet they refused to release his new rap album, Home Invasion, because of the record cover. Ice-T and the label parted ways by the end of the year. Home Invasion was released on Priority Records in the spring of 1993. Somewhere along the way, Ice-T had begun to lose most of his original hip-hop audience; now he appealed primarily to suburban white teens. In 1994, he wrote a book and released the second Body Count album, Born Dead.
In the summer of 1996, Ice-T released his first rap album since 1993, Return of the Real, and followed it in 1999 with 7th Deadly Sin. Ice-T then returned to acting, taking a role on NBC's Law & Order: Special Victims Unit playing, ironically, a police officer. Acting became his central focus from that point on, with a regular gig on Law & Order, several roles in movies, and even a reality television series. His eighth solo rap record Gangsta Rap was released in 2006, and new generations of fans discovered his earlier work through various compilations and greatest-hits sets. Throughout the 2010s and into the 2020s, Ice-T became more of a celebrity presence than a working musician, but he still maintained the musical aspect of his fame. Body Count toured and recorded often, and Ice made guest appearances on tracks from Ice Cube, E-40, Upon A Burning Body, Megadeth, Kool Keith, and many others. Instead of studio albums of new material, Ice-T stuck primarily to these cameo appearances and repackaging older material, and in 2023 he released The Legend of Ice-T: Crime Stories, a lengthy compilation of his storytelling-centered songs that included five previously unreleased archival tracks. ~ Stephen Thomas Erlewine","The Coldest Rap, Part 1",Unknown,https://www.youtube.com/watch?v=MDo1DqolHOg&pp=ygUhSWNl4oCQVCAtIFRoZSBDb2xkZXN0IFJhcCwgUGFydCAx,ERROR: Private/Dead/Protected
Iconic EP,https://lastfm.freetls.fastly.net/i/u/300x300/9aa485c48d4f4e9bce0573c53c9ad4fc.png,Icona Pop,2012-10-16,"The duo of best friends Aino Jawo and Caroline Hjelt, Icona Pop blurs the boundaries between pop and dance music with brash, hooky songs. Their 2012 smash ""I Love It"" was one of the year's biggest singles, introducing the Swedish act to a global audience. The pair's 2013 album This Is... Icona Pop was also a success, but in the years that followed, Hjelt and Jawo focused on singles and EPs that found them collaborating with artists and producers including Charli XCX, Afrojack, Hudson Mohawke, and Patrick Berger. Later in the decade, Icona Pop remained in the charts with singles such as 2015's ""Emergency,"" and kept their sound fresh with 2018's ""Next Mistake."" The duo kept the party going into the 2020s with a bounty of singles and 2023's full-length Club Romantech, all of which presented a more sophisticated version of Icona Pop's energetic sound.
Jawo and Hjelt, who attended the same music school in Stockholm, met at a party in 2009 and formed Icona Pop soon after. The group first gained attention with the 2010 Kitsuné single ""Manners,"" which was sampled on Chiddy Bang's 2011 song ""Mind Your Manners""; the song reached number 19 on Billboard's Heatseekers chart and appeared on the hip-hop duo's debut album, Breakfast. That year, Icona Pop also released the Nights Like This EP, which included ""Manners"" and ""Sun Goes Down,"" a collaboration with the production team the Knocks, along with the title track. After performing on the European festival circuit and making their live U.S. debut in 2012, Icona Pop released their second EP, The Iconic, as a digital download that September. The EP featured the Charli XCX collaboration ""I Love It,"" which became a global hit and was featured in television shows, movies, commercials, and video games for years after its release. Accolades for the song included nominations for the 2013 Teen Choice Award for Choice Single and the 2014 Billboard Music Award for the Top Dance/Electronic Song. ""I Love It"" also won the Song of the Year at the 2014 SESAC Pop Awards.
Icona Pop's self-titled debut album arrived in November 2012 and reached 55 on the Swedish Albums Chart. The Iconic received a physical release in early 2013, and the duo's first internationally released album, This Is... Icona Pop, arrived that September. It peaked at number 36 on the Billboard 200 Albums Chart, and was nominated for Best Group Album at the 2014 Scandipop Awards. The pair spent the next few years touring with the likes of Katy Perry, Miley Cyrus, and One Direction. During this time, Icona Pop released collaborations that included Tiesto's ""Let's Go"" and Cobra Starship's ""Never Been in Love"" as well as their own 2014 single ""Get Lost.""
Icona Pop issued the Emergency EP in May 2015, and its title track topped the Billboard Dance Chart. The following year, they released a trio of singles -- ""Someone Who Can Dance,"" ""Brightside,"" and the Louis the Child collaboration ""Weekend"" -- and provided the voices of the characters Satin and Chenille in the 2016 animated movie Trolls. They released the single ""Girls Girls"" and the Peking Duk collaboration ""Let You Down"" in 2017, and issued the covers EP Så mycket bättre 2017: Tolkningarna at the end of the year. Around that time, they reprised their Trolls roles in the television special Trolls Holiday. That year, they also won the Scandipop Award for Best Group, a feat they repeated in 2018. Icona Pop collaborated with several artists that year, first with Avon on March's ""All My Girls,"" and with Sweater Beats on ""Faded Away"" in April. Along with XCX and Elliphant, they appeared on the remix of Tove Lo's ""Bitches.""
The duo continued their prolific string of singles and features in 2019, working with R3hab on ""This Is How We Party"" and with Yves V and Afrojack on ""We Got That Cool."" Icona Pop signed to Ultra Music that year; their debut single for the label, July's ""Next Mistake"" featured a '90s-inspired sound shaped by producers including Hudson Mohawke. In 2020, Jawo and Hjelt worked with producer Hayden James on ""Right Time,"" and with Steve Aoki and Alle Farben on ""I Love My Friends."" Big Freedia's Louder EP featured two Icona Pop collaborations, ""Pipe That"" and the title track. In 2020, the pair issued the singles ""Feels in My Body"" and ""Spa,"" a tongue-in-cheek collaboration with Sofi Tukker that spawned remixes by Lee Foss and James Hype. In addition to their steady stream of releases, Hjelt and Jawo once again voiced Satin and Chenille in the movie Trolls World Tour. The duo's 2021 releases included ""Off of My Mind"" with Vize and ""Do It Anyway"" with DVBBS, as well as remixes of Brynn Elliott's ""Tell Me I'm Pretty"" and Bennett's ""Buzzed.""
The following year, Icona Pop teamed up with Ultra Naté for the retro-leaning ""You're Free"" and with Cheat Codes for the single ""Payback,"" and commemorated the tenth anniversary of ""I Love It"" with a new edit of their smash. Early in 2023, Hjelt and Jawo collaborated with Galantis on the exuberant ""I Want You."" Several other singles appeared before the release of September 2023's full-length Club Romantech. Three years in the making, the album was recorded in Stockholm -- where Jawo and Hjelt returned during the COVID-19 global pandemic -- and featured many of the singles Icona Pop had released since 2020 along with previously unreleased songs that balanced heartbroken lyrics with uplifting music. ~ Heather Phares",I Love It,Unknown,https://www.youtube.com/watch?v=UxxajLWwzqY&pp=ygUTSWNvbmEgUG9wIEkgTG92ZSBJdA%3D%3D,ERROR: Private/Dead/Protected
Lust,https://lastfm.freetls.fastly.net/i/u/300x300/e81c8c7b32810fda58bdf9317500553b.jpg,Ida Maria,2025-06-13,"Appearing seemingly out of nowhere with a batch of superb pop songs full of punk-infused energy and vocals chops that Björk or Polly Jane Harvey would envy, Ida Maria became a sensation in Sweden on the basis of a number of well-reviewed live shows and some truly impressive demos. Ida Maria Sivertsen was born and raised in Nesna, a small community in Norway with a population of less than 2,000. While Ida's parents encouraged her to learn the piano, she opted to take up the guitar instead, and taught herself well enough to play local concerts at the age of 14. When she was 16, Ida moved away from home and settled in Bergen, a city in southwest Norway (her parents rejected her original plan to move to South Africa), and she began working up songs with a handful of local musicians. However, Bergen's rainy climate didn't agree with her, so she moved on to Sweden, finding a handful of simpatico musicians in Stockholm. Teaming up with guitarist Stefan Tornby, bassist Johannes Lindberg, and drummer Olle Lundin, Ida Maria began making the rounds of Swedish rock clubs, and her wildly energetic tunes and witty lyrics quickly made her a local favorite. Her debut album, Fortress Round My Heart arrived in late 2008. ~ Mark Deming",Lust,Unknown,https://www.youtube.com/watch?v=j2ZqtzrzIM4&list=RDj2ZqtzrzIM4&start_radio=1&pp=ygUQSWRhIE1hcmlhIC0gTHVzdKAHAQ%3D%3D,ERROR: Private/Dead/Protected
Repo Man,https://lastfm.freetls.fastly.net/i/u/300x300/e0c3bff4c49b48c99efcf2655c05f531.png,Iggy Pop,1984-01-01,"Often called the Godfather of Punk, Iggy Pop created a Dionysian performance style and a variety of street-smart primitivism that made him one of rock's most influential figures when he co-founded the Stooges in 1967. There are few bands in punk (or any sort of left-of-center hard rock) that didn't draw influence from the three studio albums the Stooges released between 1969 and 1973 (especially 1970's Fun House and 1973's Raw Power). After the original collapse of the Stooges, Pop launched a career on his own that was every bit as uncompromising and significantly more diverse, and his first two solo albums, produced by David Bowie (1977's The Idiot and Lust for Life) helped blaze a trail for post-punk. Through much of the 1970s and '80s, Pop explored a variety of musical avenues for his iconoclastic world view, but found a successful middle ground between the expressive and the commercially viable with 1990's Brick by Brick, which even produced a hit single, ""Candy"" (a duet with Kate Pierson of the B-52's). Into the 2000s, Pop sought to blend a new level of social commentary with impassioned hard rock, which climaxed with a Stooges reunion in 2003; along with extensive touring, the revived band cut a pair of new albums, The Weirdness (2007) and Ready to Die (2013). After the end of the Stooges, Pop collaborated with Josh Homme of Queens of the Stone Age for an album that recalled his work with Bowie, 2016's Post Pop Depression, and he explored new musical avenues outside the boundaries of rock music on 2009's Euro-pop-inspired Preliminaires, the ambient guitar and electronic soundscapes of 2019's Free, and an experimental collaboration with composer Catherine Graindorge, 2022's The Dictator.
Born on April 21, 1947, in Muskegon, Michigan, James Newell Osterberg was raised by his parents in a trailer park close to Ann Arbor, in neighboring Ypsilanti. Intrigued by rock & roll (as well as such non-musical, monotonous, and mechanical sounds as his father's electric razor and the automobile assembly plants in and around Metro Detroit), Osterberg began playing drums and formed his first band, the Iguanas, in the early '60s. Via the Rolling Stones, he discovered the blues and formed a similarly styled outfit called the Prime Movers upon graduating from high school in 1965. When a brief stint at the University of Michigan didn't work out, he moved to Chicago instead, where he played drums alongside the city's bluesmen.
His heart remained with rock & roll, however, and shortly after returning to Ann Arbor, Osterberg decided to form a rock band. This time, he would leave the drums behind and be the frontman, taking inspiration from the likes of the Velvet Underground's Lou Reed and the Doors' Jim Morrison. He tried to find musicians who shared his musical vision: to create a band whose music would be primordial, sexually charged, aggressive, and repetitive (using his early electric razor/car plant memories for reference). In 1967, he hooked up with an old acquaintance from his high school days, guitarist Ron Asheton, who also brought along his brother, drummer Scott, and bassist Dave Alexander, thus forming the Psychedelic Stooges. Although it would take a while for their sound to jell -- they experimented with such non-traditional instruments as empty oil drums, vacuums, and other objects before returning to their respective instruments -- the group fit in perfectly with such other high-energy Detroit bands as the MC5, becoming a local attraction.
It was around this time that the group shortened its name to the Stooges, and Osterberg changed his own stage name to Iggy Pop. Using this moniker, Pop became a man possessed on-stage, going into the crowd nightly to confront members of the audience and working himself into such a frenzy that he would be bleeding by the end of the night from various nicks and scratches. Elektra Records signed the quartet in 1968, issuing their self-titled debut a year later and a follow-up effort, Fun House, in 1970. Although both records sold poorly upon release, they've since become rock classics, and can be pointed to as the official catalysts for what later became punk rock.
The Stooges were dropped from their record company in 1971 due to the public's disinterest and the group's growing addictions to hard drugs. Pop's continuous death-defying acts also worried the label, whose decision to drop the band led to the Stooges' breakup the same year. One of the band's more celebrated fans, David Bowie, tracked Pop down and convinced the newly clean and sober singer to restart his career. Pop enlisted guitarist James Williamson (who was briefly a second guitarist for the Stooges before their breakup) and, after the pair signed to Bowie's Mainman management company and relocated to England, they eventually reunited with the Asheton brothers, with Ron moving from the six-string guitar to the bass.
Signed by Columbia Records and hoping to follow in Bowie's footsteps toward a major commercial breakthrough, the Stooges penned another punk classic, the brutally explosive Raw Power. Pop's plan for the Stooges' third release was equally brutal; he wanted to create a record that would be so powerful, so sonically over the top, that it would physically hurt the listener as it poured forth from the speakers. Although the resulting album wasn't quite that extreme, it came fairly close, with Bowie lending his own contributions as the album's producer. Once again, the album sank without a trace. By 1974, Pop and most of the Stooges had fallen back into the world of heavy drugs, and with their star fading, the band called it quits for a second (and final) time.
After spending a brief spell homeless on the streets of Hollywood, during which time there was an unsuccessful attempt to form a band with Pop and former Doors keyboardist Ray Manzarek, Iggy Pop checked himself into the Neuropsychiatric Institute in Los Angeles. During his stay at the hospital, Pop made an attempt at writing and recording some new tunes with Williamson, but when no labels expressed interest, the two went their separate ways. (Completed demos of the sessions would surface on the Kill City release in 1977; they would also appear on the 2005 compilation Penetration, which featured a number of widely circulated demos, outtakes, and alternate mixes from the Raw Power sessions.)
During his hospital stay, another old friend came to visit him: David Bowie, whose career was still in high gear. Bowie offered to take Pop on the road with him during his tour in support of Station to Station, and the pair got along so well that they both moved to Berlin in late 1976, during which time Bowie helped Pop secure a solo record deal with RCA. Bowie had become interested in European electronic rock (Kraftwerk, Can, etc.) and later admitted that he used Pop as a musical guinea pig on such releases as The Idiot and Lust for Life (both issued in 1977 and produced/co-written by Bowie). Both albums sold better than the singer's previous efforts with the Stooges (particularly in the U.K., where Pop was looked upon as an icon by the burgeoning punk rock movement) as Bowie joined Pop on his world tour as a keyboardist. Shortly thereafter, a live album was culled from Pop's most recent tour, titled TV Eye (1977 Live). It was also around this time that Pop severed his ties with Bowie and struck out on his own.
Signing on with another new label, Arista, Pop reunited once more with James Williamson for 1979's New Values, an album that touched off a string of varied recordings on which Pop tried to reinvent himself as a new waver: 1980's Soldier, 1981's Party, and 1982's Zombie Birdhouse. Also in 1982, Pop penned his autobiography, I Need More, a fascinating book of rock & roll excess that chronicled his early years straight up to the then-present day. Despite the flurry of activity, Pop began succumbing to his vices once again and stepped out of the spotlight for a long stretch to sort his life out, during which time Bowie scored a massive hit with a remake of the Pop/Bowie nugget ""China Girl"" (recorded earlier on Pop's The Idiot). It wasn't until 1986 that Pop resurfaced, signing a new contract with A&M and issuing the Bowie-produced Blah Blah Blah, which featured his first U.S. hit single (albeit a moderate one), a cover of ""Real Wild Child."" Released in 1988, Instinct saw Pop try his hand at hard rock/heavy metal, joined by ex-Sex Pistols guitarist Steve Jones. Its ""Cold Metal"" was nominated for a Grammy in the category of Best Hard Rock/Metal Performance. Pop's first album for Virgin, 1990's Brick by Brick, resulted in his first U.S. gold-certified album and Top 20 hit single ""Candy,"" a tuneful duet with the B-52s' Kate Pierson.
Just as in the mid-'70s when Pop was looked up to by a slew of up-and-coming punk bands, history repeated itself in the early '90s with the emergence of such Stooges disciples from Seattle as Nirvana, Mudhoney, Soundgarden, etc. Around the same time, a wide variety of bands covered Pop and/or Stooges tracks -- Slayer, Duran Duran, Guns N' Roses, R.E.M., and Tom Jones -- while Pop issued another fine solo set, 1993's American Caesar. In 1996, Pop attempted to re-create the Stooges' sound and approach with Naughty Little Doggie, and enjoyed another hit when the nearly 20-year-old ""Lust for Life"" was used prominently in the movie Trainspotting. Throughout the decade, Pop also tried his hand at acting in movies, scoring bit parts in such flicks as Cry Baby, Dead Man, and The Crow II: City of Angels, plus a recurring role on the TV show The Adventures of Pete & Pete. Although he wasn't involved in it, the 1998 movie Velvet Goldmine was allegedly based on Bowie and Pop's relationship in the early '70s (Ewan McGregor's character, Curt Wild, was obviously patterned after Stooges-era Pop).
With just about every new rock band listing the Stooges as a major influence by the late '90s, Iggy tentatively began looking back to the band's legacy. He personally remixed a newly remastered version of Raw Power in 1997, after the long-lost original master tapes were rediscovered, and Pop moved the album closer to his original vision of a total sonic onslaught. Also released around this time was another Pop/Stooges-related book, the must-read Please Kill Me: The Oral History of Punk, which recounted the Stooges' career in great detail (featuring interviews with all the band's surviving members). The year 1999 was a busy one for Pop as he was the subject of a VH1 Behind the Music episode, and a new solo album was issued, the laid-back Avenue B. But his more ""refined"" musical approach was strictly a detour, as proven by his next release, 2001's in-your-face rockfest Beat Em Up.
After abandoning a promised Stooges reunion in the late '90s, Pop finally made good on his pledge in 2003, bringing Ron Asheton and Scott Asheton aboard to write and record four songs with him for his album Skull Ring, and taking the reconstituted Stooges on the road for a short but riotously received tour (with Mike Watt standing in for the late Dave Alexander on bass, and with the set dominated by tunes from The Stooges and Fun House). In 2004, Iggy appeared in Jim Jarmusch's Coffee and Cigarettes. After issuing the January 2005 effort Penetration, Pop released the retrospective A Million in Prizes: The Anthology, which spanned his entire career and included a 37-track CD, a previously unreleased live DVD, and a round of essays about Pop's legacy penned by notables like Bowie and Lou Reed. Pop released another compilation, Where the Faces Shine, the following year.
Iggy Pop maintained his profile during the subsequent years by appearing on an album by Praxis, singing on the Teddybears track ""Punkrocker,"" performing several Madonna songs at the induction ceremony of the Rock and Roll Hall of Fame, and appearing in TV advertisements for the British insurance company Swiftcover. Back in Ann Arbor, however, Asheton suffered a fatal heart attack in early 2009, robbing Pop of his best friend and plunging the Stooges' career into instability. Nonetheless, Pop released another solo record, Preliminaires, that May, taking his inspiration from jazz music and the work of French novelist Michel Houellebecq. In 2010, Pop and the rest of the Stooges were inducted into the Rock and Roll Hall of Fame.
Iggy continued to tour with the Stooges (now featuring James Williamson on guitar) throughout 2010 and into 2011, taking time to pursue a couple of solo side projects, including singing with the Lilies and with Ke$ha, plus the 2012 album Apres, where he sang French standards (and the Beatles' ""Michelle,"" which does have a verse in French). In 2013, Pop went full-bore with the Williamson-fueled Raw Power era of the Stooges, touring and releasing the Ready to Die album in April of that year. However, after the death of Stooges drummer Scott Asheton in 2014,the band quietly broke up, and the next time Pop set out on a tour of the United States in 2015, it was as a solo artist with a different backing band.
In January 2016, a surprise announcement from Pop and Josh Homme (Queens of the Stone Age, Eagles of Death Metal) revealed that the pair had written an album together with the help of Dean Fertita (QOTSA, the Dead Weather) and Matt Helders (Arctic Monkeys). Recorded secretly and funded entirely independently, Post Pop Depression (Loma Vista) featured the single ""Gardenia"" and a short supporting tour with live backing from Troy Van Leeuwen (QOTSA) and Matt Sweeney (Chavez). Frequently compared to Pop's first two solo albums with David Bowie, the set was nominated for a Grammy in the Best Alternative Music Album category. Teatime Dub Encounters, a four-track EP produced by fellow Trainspotting soundtrack contributors Underworld, appeared in 2018. Iggy's next solo project found him stepping back from rock & roll; 2019's Free was dominated by trumpet and atmospheric guitar patterns, and included a musical adaptation of Dylan Thomas' ""Do Not Go Gentle Into That Good Night.""
A pair of artifacts from Iggy's past would soon surface: 2019's The Prime Movers Blues Band collected unreleased live recordings of the Ann Arbor blues band he played drums with in the mid-'60s, and 2020's Live at Goose Lake, August 8, 1970 was sourced from a soundboard tape that captured the Stooges' appearance at the Goose Lake International Music Festival, where they played Fun House in full. Pop stayed busy with European touring and collaborations with a rich variety of artists. Bill Laswell and the Opening Performance Orchestra brought him on board to read the narration for their 2020 musical adaptation of William S. Burroughs' The Acid Lands. He popped up on a 2021 release from jazz organ master Dr. Lonnie Smith, Breathe, adding vocals to covers of Donovan's ""Sunshine Superman"" and Timmy Thomas' ""Why Can't We Live Together."" 2021's I'll Be Your Mirror: A Tribute to the Velvet Underground and Nico was an all-star re-creation of the iconic proto-punk album, and he was matched with guitarist Matt Sweeney for an interpretation of ""European Son."" A poem Pop wrote after the death of his parents, ""Mom and Dad,"" was an alternately bitter and poignant meditation on life and loss, and classical harpist Lavinia Meijer set it to music for her 2022 album Are You Still Somewhere?, with Iggy as narrator. Pop lent suitably histrionic vocals to the reworked version of ""Kick Me"" that appeared on Danny Elfman's 2022 remix album Bigger. Messier. Pop encountered the work of Belgian composer/violinist Catherine Graindorge, and quickly became a fan, playing two of her compositions during an appearance on BBC Radio 6. Graindorge reached out to Pop and asked if he would be willing to work together. Pop immediately agreed, and together they created four songs, with Graindorge composing and performing the music and Pop writing and reading the narration. The four pieces appeared on an EP, 2022's The Dictator, from Glitterbeat Records. ~ Greg Prato & Mark Deming",Repo Man,Unknown,https://www.youtube.com/watch?v=wS8fSGSkO5Q&ab_channel=DickNarcowitz,ERROR: Private/Dead/Protected
Repo Man,https://lastfm.freetls.fastly.net/i/u/300x300/e0c3bff4c49b48c99efcf2655c05f531.png,Iggy Pop,1984-01-01,"Often called the Godfather of Punk, Iggy Pop created a Dionysian performance style and a variety of street-smart primitivism that made him one of rock's most influential figures when he co-founded the Stooges in 1967. There are few bands in punk (or any sort of left-of-center hard rock) that didn't draw influence from the three studio albums the Stooges released between 1969 and 1973 (especially 1970's Fun House and 1973's Raw Power). After the original collapse of the Stooges, Pop launched a career on his own that was every bit as uncompromising and significantly more diverse, and his first two solo albums, produced by David Bowie (1977's The Idiot and Lust for Life) helped blaze a trail for post-punk. Through much of the 1970s and '80s, Pop explored a variety of musical avenues for his iconoclastic world view, but found a successful middle ground between the expressive and the commercially viable with 1990's Brick by Brick, which even produced a hit single, ""Candy"" (a duet with Kate Pierson of the B-52's). Into the 2000s, Pop sought to blend a new level of social commentary with impassioned hard rock, which climaxed with a Stooges reunion in 2003; along with extensive touring, the revived band cut a pair of new albums, The Weirdness (2007) and Ready to Die (2013). After the end of the Stooges, Pop collaborated with Josh Homme of Queens of the Stone Age for an album that recalled his work with Bowie, 2016's Post Pop Depression, and he explored new musical avenues outside the boundaries of rock music on 2009's Euro-pop-inspired Preliminaires, the ambient guitar and electronic soundscapes of 2019's Free, and an experimental collaboration with composer Catherine Graindorge, 2022's The Dictator.
Born on April 21, 1947, in Muskegon, Michigan, James Newell Osterberg was raised by his parents in a trailer park close to Ann Arbor, in neighboring Ypsilanti. Intrigued by rock & roll (as well as such non-musical, monotonous, and mechanical sounds as his father's electric razor and the automobile assembly plants in and around Metro Detroit), Osterberg began playing drums and formed his first band, the Iguanas, in the early '60s. Via the Rolling Stones, he discovered the blues and formed a similarly styled outfit called the Prime Movers upon graduating from high school in 1965. When a brief stint at the University of Michigan didn't work out, he moved to Chicago instead, where he played drums alongside the city's bluesmen.
His heart remained with rock & roll, however, and shortly after returning to Ann Arbor, Osterberg decided to form a rock band. This time, he would leave the drums behind and be the frontman, taking inspiration from the likes of the Velvet Underground's Lou Reed and the Doors' Jim Morrison. He tried to find musicians who shared his musical vision: to create a band whose music would be primordial, sexually charged, aggressive, and repetitive (using his early electric razor/car plant memories for reference). In 1967, he hooked up with an old acquaintance from his high school days, guitarist Ron Asheton, who also brought along his brother, drummer Scott, and bassist Dave Alexander, thus forming the Psychedelic Stooges. Although it would take a while for their sound to jell -- they experimented with such non-traditional instruments as empty oil drums, vacuums, and other objects before returning to their respective instruments -- the group fit in perfectly with such other high-energy Detroit bands as the MC5, becoming a local attraction.
It was around this time that the group shortened its name to the Stooges, and Osterberg changed his own stage name to Iggy Pop. Using this moniker, Pop became a man possessed on-stage, going into the crowd nightly to confront members of the audience and working himself into such a frenzy that he would be bleeding by the end of the night from various nicks and scratches. Elektra Records signed the quartet in 1968, issuing their self-titled debut a year later and a follow-up effort, Fun House, in 1970. Although both records sold poorly upon release, they've since become rock classics, and can be pointed to as the official catalysts for what later became punk rock.
The Stooges were dropped from their record company in 1971 due to the public's disinterest and the group's growing addictions to hard drugs. Pop's continuous death-defying acts also worried the label, whose decision to drop the band led to the Stooges' breakup the same year. One of the band's more celebrated fans, David Bowie, tracked Pop down and convinced the newly clean and sober singer to restart his career. Pop enlisted guitarist James Williamson (who was briefly a second guitarist for the Stooges before their breakup) and, after the pair signed to Bowie's Mainman management company and relocated to England, they eventually reunited with the Asheton brothers, with Ron moving from the six-string guitar to the bass.
Signed by Columbia Records and hoping to follow in Bowie's footsteps toward a major commercial breakthrough, the Stooges penned another punk classic, the brutally explosive Raw Power. Pop's plan for the Stooges' third release was equally brutal; he wanted to create a record that would be so powerful, so sonically over the top, that it would physically hurt the listener as it poured forth from the speakers. Although the resulting album wasn't quite that extreme, it came fairly close, with Bowie lending his own contributions as the album's producer. Once again, the album sank without a trace. By 1974, Pop and most of the Stooges had fallen back into the world of heavy drugs, and with their star fading, the band called it quits for a second (and final) time.
After spending a brief spell homeless on the streets of Hollywood, during which time there was an unsuccessful attempt to form a band with Pop and former Doors keyboardist Ray Manzarek, Iggy Pop checked himself into the Neuropsychiatric Institute in Los Angeles. During his stay at the hospital, Pop made an attempt at writing and recording some new tunes with Williamson, but when no labels expressed interest, the two went their separate ways. (Completed demos of the sessions would surface on the Kill City release in 1977; they would also appear on the 2005 compilation Penetration, which featured a number of widely circulated demos, outtakes, and alternate mixes from the Raw Power sessions.)
During his hospital stay, another old friend came to visit him: David Bowie, whose career was still in high gear. Bowie offered to take Pop on the road with him during his tour in support of Station to Station, and the pair got along so well that they both moved to Berlin in late 1976, during which time Bowie helped Pop secure a solo record deal with RCA. Bowie had become interested in European electronic rock (Kraftwerk, Can, etc.) and later admitted that he used Pop as a musical guinea pig on such releases as The Idiot and Lust for Life (both issued in 1977 and produced/co-written by Bowie). Both albums sold better than the singer's previous efforts with the Stooges (particularly in the U.K., where Pop was looked upon as an icon by the burgeoning punk rock movement) as Bowie joined Pop on his world tour as a keyboardist. Shortly thereafter, a live album was culled from Pop's most recent tour, titled TV Eye (1977 Live). It was also around this time that Pop severed his ties with Bowie and struck out on his own.
Signing on with another new label, Arista, Pop reunited once more with James Williamson for 1979's New Values, an album that touched off a string of varied recordings on which Pop tried to reinvent himself as a new waver: 1980's Soldier, 1981's Party, and 1982's Zombie Birdhouse. Also in 1982, Pop penned his autobiography, I Need More, a fascinating book of rock & roll excess that chronicled his early years straight up to the then-present day. Despite the flurry of activity, Pop began succumbing to his vices once again and stepped out of the spotlight for a long stretch to sort his life out, during which time Bowie scored a massive hit with a remake of the Pop/Bowie nugget ""China Girl"" (recorded earlier on Pop's The Idiot). It wasn't until 1986 that Pop resurfaced, signing a new contract with A&M and issuing the Bowie-produced Blah Blah Blah, which featured his first U.S. hit single (albeit a moderate one), a cover of ""Real Wild Child."" Released in 1988, Instinct saw Pop try his hand at hard rock/heavy metal, joined by ex-Sex Pistols guitarist Steve Jones. Its ""Cold Metal"" was nominated for a Grammy in the category of Best Hard Rock/Metal Performance. Pop's first album for Virgin, 1990's Brick by Brick, resulted in his first U.S. gold-certified album and Top 20 hit single ""Candy,"" a tuneful duet with the B-52s' Kate Pierson.
Just as in the mid-'70s when Pop was looked up to by a slew of up-and-coming punk bands, history repeated itself in the early '90s with the emergence of such Stooges disciples from Seattle as Nirvana, Mudhoney, Soundgarden, etc. Around the same time, a wide variety of bands covered Pop and/or Stooges tracks -- Slayer, Duran Duran, Guns N' Roses, R.E.M., and Tom Jones -- while Pop issued another fine solo set, 1993's American Caesar. In 1996, Pop attempted to re-create the Stooges' sound and approach with Naughty Little Doggie, and enjoyed another hit when the nearly 20-year-old ""Lust for Life"" was used prominently in the movie Trainspotting. Throughout the decade, Pop also tried his hand at acting in movies, scoring bit parts in such flicks as Cry Baby, Dead Man, and The Crow II: City of Angels, plus a recurring role on the TV show The Adventures of Pete & Pete. Although he wasn't involved in it, the 1998 movie Velvet Goldmine was allegedly based on Bowie and Pop's relationship in the early '70s (Ewan McGregor's character, Curt Wild, was obviously patterned after Stooges-era Pop).
With just about every new rock band listing the Stooges as a major influence by the late '90s, Iggy tentatively began looking back to the band's legacy. He personally remixed a newly remastered version of Raw Power in 1997, after the long-lost original master tapes were rediscovered, and Pop moved the album closer to his original vision of a total sonic onslaught. Also released around this time was another Pop/Stooges-related book, the must-read Please Kill Me: The Oral History of Punk, which recounted the Stooges' career in great detail (featuring interviews with all the band's surviving members). The year 1999 was a busy one for Pop as he was the subject of a VH1 Behind the Music episode, and a new solo album was issued, the laid-back Avenue B. But his more ""refined"" musical approach was strictly a detour, as proven by his next release, 2001's in-your-face rockfest Beat Em Up.
After abandoning a promised Stooges reunion in the late '90s, Pop finally made good on his pledge in 2003, bringing Ron Asheton and Scott Asheton aboard to write and record four songs with him for his album Skull Ring, and taking the reconstituted Stooges on the road for a short but riotously received tour (with Mike Watt standing in for the late Dave Alexander on bass, and with the set dominated by tunes from The Stooges and Fun House). In 2004, Iggy appeared in Jim Jarmusch's Coffee and Cigarettes. After issuing the January 2005 effort Penetration, Pop released the retrospective A Million in Prizes: The Anthology, which spanned his entire career and included a 37-track CD, a previously unreleased live DVD, and a round of essays about Pop's legacy penned by notables like Bowie and Lou Reed. Pop released another compilation, Where the Faces Shine, the following year.
Iggy Pop maintained his profile during the subsequent years by appearing on an album by Praxis, singing on the Teddybears track ""Punkrocker,"" performing several Madonna songs at the induction ceremony of the Rock and Roll Hall of Fame, and appearing in TV advertisements for the British insurance company Swiftcover. Back in Ann Arbor, however, Asheton suffered a fatal heart attack in early 2009, robbing Pop of his best friend and plunging the Stooges' career into instability. Nonetheless, Pop released another solo record, Preliminaires, that May, taking his inspiration from jazz music and the work of French novelist Michel Houellebecq. In 2010, Pop and the rest of the Stooges were inducted into the Rock and Roll Hall of Fame.
Iggy continued to tour with the Stooges (now featuring James Williamson on guitar) throughout 2010 and into 2011, taking time to pursue a couple of solo side projects, including singing with the Lilies and with Ke$ha, plus the 2012 album Apres, where he sang French standards (and the Beatles' ""Michelle,"" which does have a verse in French). In 2013, Pop went full-bore with the Williamson-fueled Raw Power era of the Stooges, touring and releasing the Ready to Die album in April of that year. However, after the death of Stooges drummer Scott Asheton in 2014,the band quietly broke up, and the next time Pop set out on a tour of the United States in 2015, it was as a solo artist with a different backing band.
In January 2016, a surprise announcement from Pop and Josh Homme (Queens of the Stone Age, Eagles of Death Metal) revealed that the pair had written an album together with the help of Dean Fertita (QOTSA, the Dead Weather) and Matt Helders (Arctic Monkeys). Recorded secretly and funded entirely independently, Post Pop Depression (Loma Vista) featured the single ""Gardenia"" and a short supporting tour with live backing from Troy Van Leeuwen (QOTSA) and Matt Sweeney (Chavez). Frequently compared to Pop's first two solo albums with David Bowie, the set was nominated for a Grammy in the Best Alternative Music Album category. Teatime Dub Encounters, a four-track EP produced by fellow Trainspotting soundtrack contributors Underworld, appeared in 2018. Iggy's next solo project found him stepping back from rock & roll; 2019's Free was dominated by trumpet and atmospheric guitar patterns, and included a musical adaptation of Dylan Thomas' ""Do Not Go Gentle Into That Good Night.""
A pair of artifacts from Iggy's past would soon surface: 2019's The Prime Movers Blues Band collected unreleased live recordings of the Ann Arbor blues band he played drums with in the mid-'60s, and 2020's Live at Goose Lake, August 8, 1970 was sourced from a soundboard tape that captured the Stooges' appearance at the Goose Lake International Music Festival, where they played Fun House in full. Pop stayed busy with European touring and collaborations with a rich variety of artists. Bill Laswell and the Opening Performance Orchestra brought him on board to read the narration for their 2020 musical adaptation of William S. Burroughs' The Acid Lands. He popped up on a 2021 release from jazz organ master Dr. Lonnie Smith, Breathe, adding vocals to covers of Donovan's ""Sunshine Superman"" and Timmy Thomas' ""Why Can't We Live Together."" 2021's I'll Be Your Mirror: A Tribute to the Velvet Underground and Nico was an all-star re-creation of the iconic proto-punk album, and he was matched with guitarist Matt Sweeney for an interpretation of ""European Son."" A poem Pop wrote after the death of his parents, ""Mom and Dad,"" was an alternately bitter and poignant meditation on life and loss, and classical harpist Lavinia Meijer set it to music for her 2022 album Are You Still Somewhere?, with Iggy as narrator. Pop lent suitably histrionic vocals to the reworked version of ""Kick Me"" that appeared on Danny Elfman's 2022 remix album Bigger. Messier. Pop encountered the work of Belgian composer/violinist Catherine Graindorge, and quickly became a fan, playing two of her compositions during an appearance on BBC Radio 6. Graindorge reached out to Pop and asked if he would be willing to work together. Pop immediately agreed, and together they created four songs, with Graindorge composing and performing the music and Pop writing and reading the narration. The four pieces appeared on an EP, 2022's The Dictator, from Glitterbeat Records. ~ Greg Prato & Mark Deming",Pablo Picasso,Unknown,https://www.youtube.com/watch?v=OhXg8w1vgmI&pp=ygUYSWdneSBQb3AgLSBQYWJsbyBQaWNhc3Nv0gcJCYQJAYcqIYzv,ERROR: Private/Dead/Protected
Repo Man,https://lastfm.freetls.fastly.net/i/u/300x300/e0c3bff4c49b48c99efcf2655c05f531.png,Iggy Pop,1984-01-01,"Often called the Godfather of Punk, Iggy Pop created a Dionysian performance style and a variety of street-smart primitivism that made him one of rock's most influential figures when he co-founded the Stooges in 1967. There are few bands in punk (or any sort of left-of-center hard rock) that didn't draw influence from the three studio albums the Stooges released between 1969 and 1973 (especially 1970's Fun House and 1973's Raw Power). After the original collapse of the Stooges, Pop launched a career on his own that was every bit as uncompromising and significantly more diverse, and his first two solo albums, produced by David Bowie (1977's The Idiot and Lust for Life) helped blaze a trail for post-punk. Through much of the 1970s and '80s, Pop explored a variety of musical avenues for his iconoclastic world view, but found a successful middle ground between the expressive and the commercially viable with 1990's Brick by Brick, which even produced a hit single, ""Candy"" (a duet with Kate Pierson of the B-52's). Into the 2000s, Pop sought to blend a new level of social commentary with impassioned hard rock, which climaxed with a Stooges reunion in 2003; along with extensive touring, the revived band cut a pair of new albums, The Weirdness (2007) and Ready to Die (2013). After the end of the Stooges, Pop collaborated with Josh Homme of Queens of the Stone Age for an album that recalled his work with Bowie, 2016's Post Pop Depression, and he explored new musical avenues outside the boundaries of rock music on 2009's Euro-pop-inspired Preliminaires, the ambient guitar and electronic soundscapes of 2019's Free, and an experimental collaboration with composer Catherine Graindorge, 2022's The Dictator.
Born on April 21, 1947, in Muskegon, Michigan, James Newell Osterberg was raised by his parents in a trailer park close to Ann Arbor, in neighboring Ypsilanti. Intrigued by rock & roll (as well as such non-musical, monotonous, and mechanical sounds as his father's electric razor and the automobile assembly plants in and around Metro Detroit), Osterberg began playing drums and formed his first band, the Iguanas, in the early '60s. Via the Rolling Stones, he discovered the blues and formed a similarly styled outfit called the Prime Movers upon graduating from high school in 1965. When a brief stint at the University of Michigan didn't work out, he moved to Chicago instead, where he played drums alongside the city's bluesmen.
His heart remained with rock & roll, however, and shortly after returning to Ann Arbor, Osterberg decided to form a rock band. This time, he would leave the drums behind and be the frontman, taking inspiration from the likes of the Velvet Underground's Lou Reed and the Doors' Jim Morrison. He tried to find musicians who shared his musical vision: to create a band whose music would be primordial, sexually charged, aggressive, and repetitive (using his early electric razor/car plant memories for reference). In 1967, he hooked up with an old acquaintance from his high school days, guitarist Ron Asheton, who also brought along his brother, drummer Scott, and bassist Dave Alexander, thus forming the Psychedelic Stooges. Although it would take a while for their sound to jell -- they experimented with such non-traditional instruments as empty oil drums, vacuums, and other objects before returning to their respective instruments -- the group fit in perfectly with such other high-energy Detroit bands as the MC5, becoming a local attraction.
It was around this time that the group shortened its name to the Stooges, and Osterberg changed his own stage name to Iggy Pop. Using this moniker, Pop became a man possessed on-stage, going into the crowd nightly to confront members of the audience and working himself into such a frenzy that he would be bleeding by the end of the night from various nicks and scratches. Elektra Records signed the quartet in 1968, issuing their self-titled debut a year later and a follow-up effort, Fun House, in 1970. Although both records sold poorly upon release, they've since become rock classics, and can be pointed to as the official catalysts for what later became punk rock.
The Stooges were dropped from their record company in 1971 due to the public's disinterest and the group's growing addictions to hard drugs. Pop's continuous death-defying acts also worried the label, whose decision to drop the band led to the Stooges' breakup the same year. One of the band's more celebrated fans, David Bowie, tracked Pop down and convinced the newly clean and sober singer to restart his career. Pop enlisted guitarist James Williamson (who was briefly a second guitarist for the Stooges before their breakup) and, after the pair signed to Bowie's Mainman management company and relocated to England, they eventually reunited with the Asheton brothers, with Ron moving from the six-string guitar to the bass.
Signed by Columbia Records and hoping to follow in Bowie's footsteps toward a major commercial breakthrough, the Stooges penned another punk classic, the brutally explosive Raw Power. Pop's plan for the Stooges' third release was equally brutal; he wanted to create a record that would be so powerful, so sonically over the top, that it would physically hurt the listener as it poured forth from the speakers. Although the resulting album wasn't quite that extreme, it came fairly close, with Bowie lending his own contributions as the album's producer. Once again, the album sank without a trace. By 1974, Pop and most of the Stooges had fallen back into the world of heavy drugs, and with their star fading, the band called it quits for a second (and final) time.
After spending a brief spell homeless on the streets of Hollywood, during which time there was an unsuccessful attempt to form a band with Pop and former Doors keyboardist Ray Manzarek, Iggy Pop checked himself into the Neuropsychiatric Institute in Los Angeles. During his stay at the hospital, Pop made an attempt at writing and recording some new tunes with Williamson, but when no labels expressed interest, the two went their separate ways. (Completed demos of the sessions would surface on the Kill City release in 1977; they would also appear on the 2005 compilation Penetration, which featured a number of widely circulated demos, outtakes, and alternate mixes from the Raw Power sessions.)
During his hospital stay, another old friend came to visit him: David Bowie, whose career was still in high gear. Bowie offered to take Pop on the road with him during his tour in support of Station to Station, and the pair got along so well that they both moved to Berlin in late 1976, during which time Bowie helped Pop secure a solo record deal with RCA. Bowie had become interested in European electronic rock (Kraftwerk, Can, etc.) and later admitted that he used Pop as a musical guinea pig on such releases as The Idiot and Lust for Life (both issued in 1977 and produced/co-written by Bowie). Both albums sold better than the singer's previous efforts with the Stooges (particularly in the U.K., where Pop was looked upon as an icon by the burgeoning punk rock movement) as Bowie joined Pop on his world tour as a keyboardist. Shortly thereafter, a live album was culled from Pop's most recent tour, titled TV Eye (1977 Live). It was also around this time that Pop severed his ties with Bowie and struck out on his own.
Signing on with another new label, Arista, Pop reunited once more with James Williamson for 1979's New Values, an album that touched off a string of varied recordings on which Pop tried to reinvent himself as a new waver: 1980's Soldier, 1981's Party, and 1982's Zombie Birdhouse. Also in 1982, Pop penned his autobiography, I Need More, a fascinating book of rock & roll excess that chronicled his early years straight up to the then-present day. Despite the flurry of activity, Pop began succumbing to his vices once again and stepped out of the spotlight for a long stretch to sort his life out, during which time Bowie scored a massive hit with a remake of the Pop/Bowie nugget ""China Girl"" (recorded earlier on Pop's The Idiot). It wasn't until 1986 that Pop resurfaced, signing a new contract with A&M and issuing the Bowie-produced Blah Blah Blah, which featured his first U.S. hit single (albeit a moderate one), a cover of ""Real Wild Child."" Released in 1988, Instinct saw Pop try his hand at hard rock/heavy metal, joined by ex-Sex Pistols guitarist Steve Jones. Its ""Cold Metal"" was nominated for a Grammy in the category of Best Hard Rock/Metal Performance. Pop's first album for Virgin, 1990's Brick by Brick, resulted in his first U.S. gold-certified album and Top 20 hit single ""Candy,"" a tuneful duet with the B-52s' Kate Pierson.
Just as in the mid-'70s when Pop was looked up to by a slew of up-and-coming punk bands, history repeated itself in the early '90s with the emergence of such Stooges disciples from Seattle as Nirvana, Mudhoney, Soundgarden, etc. Around the same time, a wide variety of bands covered Pop and/or Stooges tracks -- Slayer, Duran Duran, Guns N' Roses, R.E.M., and Tom Jones -- while Pop issued another fine solo set, 1993's American Caesar. In 1996, Pop attempted to re-create the Stooges' sound and approach with Naughty Little Doggie, and enjoyed another hit when the nearly 20-year-old ""Lust for Life"" was used prominently in the movie Trainspotting. Throughout the decade, Pop also tried his hand at acting in movies, scoring bit parts in such flicks as Cry Baby, Dead Man, and The Crow II: City of Angels, plus a recurring role on the TV show The Adventures of Pete & Pete. Although he wasn't involved in it, the 1998 movie Velvet Goldmine was allegedly based on Bowie and Pop's relationship in the early '70s (Ewan McGregor's character, Curt Wild, was obviously patterned after Stooges-era Pop).
With just about every new rock band listing the Stooges as a major influence by the late '90s, Iggy tentatively began looking back to the band's legacy. He personally remixed a newly remastered version of Raw Power in 1997, after the long-lost original master tapes were rediscovered, and Pop moved the album closer to his original vision of a total sonic onslaught. Also released around this time was another Pop/Stooges-related book, the must-read Please Kill Me: The Oral History of Punk, which recounted the Stooges' career in great detail (featuring interviews with all the band's surviving members). The year 1999 was a busy one for Pop as he was the subject of a VH1 Behind the Music episode, and a new solo album was issued, the laid-back Avenue B. But his more ""refined"" musical approach was strictly a detour, as proven by his next release, 2001's in-your-face rockfest Beat Em Up.
After abandoning a promised Stooges reunion in the late '90s, Pop finally made good on his pledge in 2003, bringing Ron Asheton and Scott Asheton aboard to write and record four songs with him for his album Skull Ring, and taking the reconstituted Stooges on the road for a short but riotously received tour (with Mike Watt standing in for the late Dave Alexander on bass, and with the set dominated by tunes from The Stooges and Fun House). In 2004, Iggy appeared in Jim Jarmusch's Coffee and Cigarettes. After issuing the January 2005 effort Penetration, Pop released the retrospective A Million in Prizes: The Anthology, which spanned his entire career and included a 37-track CD, a previously unreleased live DVD, and a round of essays about Pop's legacy penned by notables like Bowie and Lou Reed. Pop released another compilation, Where the Faces Shine, the following year.
Iggy Pop maintained his profile during the subsequent years by appearing on an album by Praxis, singing on the Teddybears track ""Punkrocker,"" performing several Madonna songs at the induction ceremony of the Rock and Roll Hall of Fame, and appearing in TV advertisements for the British insurance company Swiftcover. Back in Ann Arbor, however, Asheton suffered a fatal heart attack in early 2009, robbing Pop of his best friend and plunging the Stooges' career into instability. Nonetheless, Pop released another solo record, Preliminaires, that May, taking his inspiration from jazz music and the work of French novelist Michel Houellebecq. In 2010, Pop and the rest of the Stooges were inducted into the Rock and Roll Hall of Fame.
Iggy continued to tour with the Stooges (now featuring James Williamson on guitar) throughout 2010 and into 2011, taking time to pursue a couple of solo side projects, including singing with the Lilies and with Ke$ha, plus the 2012 album Apres, where he sang French standards (and the Beatles' ""Michelle,"" which does have a verse in French). In 2013, Pop went full-bore with the Williamson-fueled Raw Power era of the Stooges, touring and releasing the Ready to Die album in April of that year. However, after the death of Stooges drummer Scott Asheton in 2014,the band quietly broke up, and the next time Pop set out on a tour of the United States in 2015, it was as a solo artist with a different backing band.
In January 2016, a surprise announcement from Pop and Josh Homme (Queens of the Stone Age, Eagles of Death Metal) revealed that the pair had written an album together with the help of Dean Fertita (QOTSA, the Dead Weather) and Matt Helders (Arctic Monkeys). Recorded secretly and funded entirely independently, Post Pop Depression (Loma Vista) featured the single ""Gardenia"" and a short supporting tour with live backing from Troy Van Leeuwen (QOTSA) and Matt Sweeney (Chavez). Frequently compared to Pop's first two solo albums with David Bowie, the set was nominated for a Grammy in the Best Alternative Music Album category. Teatime Dub Encounters, a four-track EP produced by fellow Trainspotting soundtrack contributors Underworld, appeared in 2018. Iggy's next solo project found him stepping back from rock & roll; 2019's Free was dominated by trumpet and atmospheric guitar patterns, and included a musical adaptation of Dylan Thomas' ""Do Not Go Gentle Into That Good Night.""
A pair of artifacts from Iggy's past would soon surface: 2019's The Prime Movers Blues Band collected unreleased live recordings of the Ann Arbor blues band he played drums with in the mid-'60s, and 2020's Live at Goose Lake, August 8, 1970 was sourced from a soundboard tape that captured the Stooges' appearance at the Goose Lake International Music Festival, where they played Fun House in full. Pop stayed busy with European touring and collaborations with a rich variety of artists. Bill Laswell and the Opening Performance Orchestra brought him on board to read the narration for their 2020 musical adaptation of William S. Burroughs' The Acid Lands. He popped up on a 2021 release from jazz organ master Dr. Lonnie Smith, Breathe, adding vocals to covers of Donovan's ""Sunshine Superman"" and Timmy Thomas' ""Why Can't We Live Together."" 2021's I'll Be Your Mirror: A Tribute to the Velvet Underground and Nico was an all-star re-creation of the iconic proto-punk album, and he was matched with guitarist Matt Sweeney for an interpretation of ""European Son."" A poem Pop wrote after the death of his parents, ""Mom and Dad,"" was an alternately bitter and poignant meditation on life and loss, and classical harpist Lavinia Meijer set it to music for her 2022 album Are You Still Somewhere?, with Iggy as narrator. Pop lent suitably histrionic vocals to the reworked version of ""Kick Me"" that appeared on Danny Elfman's 2022 remix album Bigger. Messier. Pop encountered the work of Belgian composer/violinist Catherine Graindorge, and quickly became a fan, playing two of her compositions during an appearance on BBC Radio 6. Graindorge reached out to Pop and asked if he would be willing to work together. Pop immediately agreed, and together they created four songs, with Graindorge composing and performing the music and Pop writing and reading the narration. The four pieces appeared on an EP, 2022's The Dictator, from Glitterbeat Records. ~ Greg Prato & Mark Deming",Hombre secreto (Secret Agent Man),Unknown,https://www.youtube.com/watch?v=i2FDqF0i_U4&pp=ygUsSWdneSBQb3AgLSBIb21icmUgc2VjcmV0byAoU2VjcmV0IEFnZW50IE1hbik%3D,ERROR: Private/Dead/Protected
Repo Man,https://lastfm.freetls.fastly.net/i/u/300x300/e0c3bff4c49b48c99efcf2655c05f531.png,Iggy Pop,1984-01-01,"Often called the Godfather of Punk, Iggy Pop created a Dionysian performance style and a variety of street-smart primitivism that made him one of rock's most influential figures when he co-founded the Stooges in 1967. There are few bands in punk (or any sort of left-of-center hard rock) that didn't draw influence from the three studio albums the Stooges released between 1969 and 1973 (especially 1970's Fun House and 1973's Raw Power). After the original collapse of the Stooges, Pop launched a career on his own that was every bit as uncompromising and significantly more diverse, and his first two solo albums, produced by David Bowie (1977's The Idiot and Lust for Life) helped blaze a trail for post-punk. Through much of the 1970s and '80s, Pop explored a variety of musical avenues for his iconoclastic world view, but found a successful middle ground between the expressive and the commercially viable with 1990's Brick by Brick, which even produced a hit single, ""Candy"" (a duet with Kate Pierson of the B-52's). Into the 2000s, Pop sought to blend a new level of social commentary with impassioned hard rock, which climaxed with a Stooges reunion in 2003; along with extensive touring, the revived band cut a pair of new albums, The Weirdness (2007) and Ready to Die (2013). After the end of the Stooges, Pop collaborated with Josh Homme of Queens of the Stone Age for an album that recalled his work with Bowie, 2016's Post Pop Depression, and he explored new musical avenues outside the boundaries of rock music on 2009's Euro-pop-inspired Preliminaires, the ambient guitar and electronic soundscapes of 2019's Free, and an experimental collaboration with composer Catherine Graindorge, 2022's The Dictator.
Born on April 21, 1947, in Muskegon, Michigan, James Newell Osterberg was raised by his parents in a trailer park close to Ann Arbor, in neighboring Ypsilanti. Intrigued by rock & roll (as well as such non-musical, monotonous, and mechanical sounds as his father's electric razor and the automobile assembly plants in and around Metro Detroit), Osterberg began playing drums and formed his first band, the Iguanas, in the early '60s. Via the Rolling Stones, he discovered the blues and formed a similarly styled outfit called the Prime Movers upon graduating from high school in 1965. When a brief stint at the University of Michigan didn't work out, he moved to Chicago instead, where he played drums alongside the city's bluesmen.
His heart remained with rock & roll, however, and shortly after returning to Ann Arbor, Osterberg decided to form a rock band. This time, he would leave the drums behind and be the frontman, taking inspiration from the likes of the Velvet Underground's Lou Reed and the Doors' Jim Morrison. He tried to find musicians who shared his musical vision: to create a band whose music would be primordial, sexually charged, aggressive, and repetitive (using his early electric razor/car plant memories for reference). In 1967, he hooked up with an old acquaintance from his high school days, guitarist Ron Asheton, who also brought along his brother, drummer Scott, and bassist Dave Alexander, thus forming the Psychedelic Stooges. Although it would take a while for their sound to jell -- they experimented with such non-traditional instruments as empty oil drums, vacuums, and other objects before returning to their respective instruments -- the group fit in perfectly with such other high-energy Detroit bands as the MC5, becoming a local attraction.
It was around this time that the group shortened its name to the Stooges, and Osterberg changed his own stage name to Iggy Pop. Using this moniker, Pop became a man possessed on-stage, going into the crowd nightly to confront members of the audience and working himself into such a frenzy that he would be bleeding by the end of the night from various nicks and scratches. Elektra Records signed the quartet in 1968, issuing their self-titled debut a year later and a follow-up effort, Fun House, in 1970. Although both records sold poorly upon release, they've since become rock classics, and can be pointed to as the official catalysts for what later became punk rock.
The Stooges were dropped from their record company in 1971 due to the public's disinterest and the group's growing addictions to hard drugs. Pop's continuous death-defying acts also worried the label, whose decision to drop the band led to the Stooges' breakup the same year. One of the band's more celebrated fans, David Bowie, tracked Pop down and convinced the newly clean and sober singer to restart his career. Pop enlisted guitarist James Williamson (who was briefly a second guitarist for the Stooges before their breakup) and, after the pair signed to Bowie's Mainman management company and relocated to England, they eventually reunited with the Asheton brothers, with Ron moving from the six-string guitar to the bass.
Signed by Columbia Records and hoping to follow in Bowie's footsteps toward a major commercial breakthrough, the Stooges penned another punk classic, the brutally explosive Raw Power. Pop's plan for the Stooges' third release was equally brutal; he wanted to create a record that would be so powerful, so sonically over the top, that it would physically hurt the listener as it poured forth from the speakers. Although the resulting album wasn't quite that extreme, it came fairly close, with Bowie lending his own contributions as the album's producer. Once again, the album sank without a trace. By 1974, Pop and most of the Stooges had fallen back into the world of heavy drugs, and with their star fading, the band called it quits for a second (and final) time.
After spending a brief spell homeless on the streets of Hollywood, during which time there was an unsuccessful attempt to form a band with Pop and former Doors keyboardist Ray Manzarek, Iggy Pop checked himself into the Neuropsychiatric Institute in Los Angeles. During his stay at the hospital, Pop made an attempt at writing and recording some new tunes with Williamson, but when no labels expressed interest, the two went their separate ways. (Completed demos of the sessions would surface on the Kill City release in 1977; they would also appear on the 2005 compilation Penetration, which featured a number of widely circulated demos, outtakes, and alternate mixes from the Raw Power sessions.)
During his hospital stay, another old friend came to visit him: David Bowie, whose career was still in high gear. Bowie offered to take Pop on the road with him during his tour in support of Station to Station, and the pair got along so well that they both moved to Berlin in late 1976, during which time Bowie helped Pop secure a solo record deal with RCA. Bowie had become interested in European electronic rock (Kraftwerk, Can, etc.) and later admitted that he used Pop as a musical guinea pig on such releases as The Idiot and Lust for Life (both issued in 1977 and produced/co-written by Bowie). Both albums sold better than the singer's previous efforts with the Stooges (particularly in the U.K., where Pop was looked upon as an icon by the burgeoning punk rock movement) as Bowie joined Pop on his world tour as a keyboardist. Shortly thereafter, a live album was culled from Pop's most recent tour, titled TV Eye (1977 Live). It was also around this time that Pop severed his ties with Bowie and struck out on his own.
Signing on with another new label, Arista, Pop reunited once more with James Williamson for 1979's New Values, an album that touched off a string of varied recordings on which Pop tried to reinvent himself as a new waver: 1980's Soldier, 1981's Party, and 1982's Zombie Birdhouse. Also in 1982, Pop penned his autobiography, I Need More, a fascinating book of rock & roll excess that chronicled his early years straight up to the then-present day. Despite the flurry of activity, Pop began succumbing to his vices once again and stepped out of the spotlight for a long stretch to sort his life out, during which time Bowie scored a massive hit with a remake of the Pop/Bowie nugget ""China Girl"" (recorded earlier on Pop's The Idiot). It wasn't until 1986 that Pop resurfaced, signing a new contract with A&M and issuing the Bowie-produced Blah Blah Blah, which featured his first U.S. hit single (albeit a moderate one), a cover of ""Real Wild Child."" Released in 1988, Instinct saw Pop try his hand at hard rock/heavy metal, joined by ex-Sex Pistols guitarist Steve Jones. Its ""Cold Metal"" was nominated for a Grammy in the category of Best Hard Rock/Metal Performance. Pop's first album for Virgin, 1990's Brick by Brick, resulted in his first U.S. gold-certified album and Top 20 hit single ""Candy,"" a tuneful duet with the B-52s' Kate Pierson.
Just as in the mid-'70s when Pop was looked up to by a slew of up-and-coming punk bands, history repeated itself in the early '90s with the emergence of such Stooges disciples from Seattle as Nirvana, Mudhoney, Soundgarden, etc. Around the same time, a wide variety of bands covered Pop and/or Stooges tracks -- Slayer, Duran Duran, Guns N' Roses, R.E.M., and Tom Jones -- while Pop issued another fine solo set, 1993's American Caesar. In 1996, Pop attempted to re-create the Stooges' sound and approach with Naughty Little Doggie, and enjoyed another hit when the nearly 20-year-old ""Lust for Life"" was used prominently in the movie Trainspotting. Throughout the decade, Pop also tried his hand at acting in movies, scoring bit parts in such flicks as Cry Baby, Dead Man, and The Crow II: City of Angels, plus a recurring role on the TV show The Adventures of Pete & Pete. Although he wasn't involved in it, the 1998 movie Velvet Goldmine was allegedly based on Bowie and Pop's relationship in the early '70s (Ewan McGregor's character, Curt Wild, was obviously patterned after Stooges-era Pop).
With just about every new rock band listing the Stooges as a major influence by the late '90s, Iggy tentatively began looking back to the band's legacy. He personally remixed a newly remastered version of Raw Power in 1997, after the long-lost original master tapes were rediscovered, and Pop moved the album closer to his original vision of a total sonic onslaught. Also released around this time was another Pop/Stooges-related book, the must-read Please Kill Me: The Oral History of Punk, which recounted the Stooges' career in great detail (featuring interviews with all the band's surviving members). The year 1999 was a busy one for Pop as he was the subject of a VH1 Behind the Music episode, and a new solo album was issued, the laid-back Avenue B. But his more ""refined"" musical approach was strictly a detour, as proven by his next release, 2001's in-your-face rockfest Beat Em Up.
After abandoning a promised Stooges reunion in the late '90s, Pop finally made good on his pledge in 2003, bringing Ron Asheton and Scott Asheton aboard to write and record four songs with him for his album Skull Ring, and taking the reconstituted Stooges on the road for a short but riotously received tour (with Mike Watt standing in for the late Dave Alexander on bass, and with the set dominated by tunes from The Stooges and Fun House). In 2004, Iggy appeared in Jim Jarmusch's Coffee and Cigarettes. After issuing the January 2005 effort Penetration, Pop released the retrospective A Million in Prizes: The Anthology, which spanned his entire career and included a 37-track CD, a previously unreleased live DVD, and a round of essays about Pop's legacy penned by notables like Bowie and Lou Reed. Pop released another compilation, Where the Faces Shine, the following year.
Iggy Pop maintained his profile during the subsequent years by appearing on an album by Praxis, singing on the Teddybears track ""Punkrocker,"" performing several Madonna songs at the induction ceremony of the Rock and Roll Hall of Fame, and appearing in TV advertisements for the British insurance company Swiftcover. Back in Ann Arbor, however, Asheton suffered a fatal heart attack in early 2009, robbing Pop of his best friend and plunging the Stooges' career into instability. Nonetheless, Pop released another solo record, Preliminaires, that May, taking his inspiration from jazz music and the work of French novelist Michel Houellebecq. In 2010, Pop and the rest of the Stooges were inducted into the Rock and Roll Hall of Fame.
Iggy continued to tour with the Stooges (now featuring James Williamson on guitar) throughout 2010 and into 2011, taking time to pursue a couple of solo side projects, including singing with the Lilies and with Ke$ha, plus the 2012 album Apres, where he sang French standards (and the Beatles' ""Michelle,"" which does have a verse in French). In 2013, Pop went full-bore with the Williamson-fueled Raw Power era of the Stooges, touring and releasing the Ready to Die album in April of that year. However, after the death of Stooges drummer Scott Asheton in 2014,the band quietly broke up, and the next time Pop set out on a tour of the United States in 2015, it was as a solo artist with a different backing band.
In January 2016, a surprise announcement from Pop and Josh Homme (Queens of the Stone Age, Eagles of Death Metal) revealed that the pair had written an album together with the help of Dean Fertita (QOTSA, the Dead Weather) and Matt Helders (Arctic Monkeys). Recorded secretly and funded entirely independently, Post Pop Depression (Loma Vista) featured the single ""Gardenia"" and a short supporting tour with live backing from Troy Van Leeuwen (QOTSA) and Matt Sweeney (Chavez). Frequently compared to Pop's first two solo albums with David Bowie, the set was nominated for a Grammy in the Best Alternative Music Album category. Teatime Dub Encounters, a four-track EP produced by fellow Trainspotting soundtrack contributors Underworld, appeared in 2018. Iggy's next solo project found him stepping back from rock & roll; 2019's Free was dominated by trumpet and atmospheric guitar patterns, and included a musical adaptation of Dylan Thomas' ""Do Not Go Gentle Into That Good Night.""
A pair of artifacts from Iggy's past would soon surface: 2019's The Prime Movers Blues Band collected unreleased live recordings of the Ann Arbor blues band he played drums with in the mid-'60s, and 2020's Live at Goose Lake, August 8, 1970 was sourced from a soundboard tape that captured the Stooges' appearance at the Goose Lake International Music Festival, where they played Fun House in full. Pop stayed busy with European touring and collaborations with a rich variety of artists. Bill Laswell and the Opening Performance Orchestra brought him on board to read the narration for their 2020 musical adaptation of William S. Burroughs' The Acid Lands. He popped up on a 2021 release from jazz organ master Dr. Lonnie Smith, Breathe, adding vocals to covers of Donovan's ""Sunshine Superman"" and Timmy Thomas' ""Why Can't We Live Together."" 2021's I'll Be Your Mirror: A Tribute to the Velvet Underground and Nico was an all-star re-creation of the iconic proto-punk album, and he was matched with guitarist Matt Sweeney for an interpretation of ""European Son."" A poem Pop wrote after the death of his parents, ""Mom and Dad,"" was an alternately bitter and poignant meditation on life and loss, and classical harpist Lavinia Meijer set it to music for her 2022 album Are You Still Somewhere?, with Iggy as narrator. Pop lent suitably histrionic vocals to the reworked version of ""Kick Me"" that appeared on Danny Elfman's 2022 remix album Bigger. Messier. Pop encountered the work of Belgian composer/violinist Catherine Graindorge, and quickly became a fan, playing two of her compositions during an appearance on BBC Radio 6. Graindorge reached out to Pop and asked if he would be willing to work together. Pop immediately agreed, and together they created four songs, with Graindorge composing and performing the music and Pop writing and reading the narration. The four pieces appeared on an EP, 2022's The Dictator, from Glitterbeat Records. ~ Greg Prato & Mark Deming",Bad Man,Unknown,https://www.youtube.com/watch?v=10Qzsr_8IbA&pp=ygUSSWdneSBQb3AgLSBCYWQgTWFu,ERROR: Private/Dead/Protected
Repo Man,https://lastfm.freetls.fastly.net/i/u/300x300/e0c3bff4c49b48c99efcf2655c05f531.png,Iggy Pop,1984-01-01,"Often called the Godfather of Punk, Iggy Pop created a Dionysian performance style and a variety of street-smart primitivism that made him one of rock's most influential figures when he co-founded the Stooges in 1967. There are few bands in punk (or any sort of left-of-center hard rock) that didn't draw influence from the three studio albums the Stooges released between 1969 and 1973 (especially 1970's Fun House and 1973's Raw Power). After the original collapse of the Stooges, Pop launched a career on his own that was every bit as uncompromising and significantly more diverse, and his first two solo albums, produced by David Bowie (1977's The Idiot and Lust for Life) helped blaze a trail for post-punk. Through much of the 1970s and '80s, Pop explored a variety of musical avenues for his iconoclastic world view, but found a successful middle ground between the expressive and the commercially viable with 1990's Brick by Brick, which even produced a hit single, ""Candy"" (a duet with Kate Pierson of the B-52's). Into the 2000s, Pop sought to blend a new level of social commentary with impassioned hard rock, which climaxed with a Stooges reunion in 2003; along with extensive touring, the revived band cut a pair of new albums, The Weirdness (2007) and Ready to Die (2013). After the end of the Stooges, Pop collaborated with Josh Homme of Queens of the Stone Age for an album that recalled his work with Bowie, 2016's Post Pop Depression, and he explored new musical avenues outside the boundaries of rock music on 2009's Euro-pop-inspired Preliminaires, the ambient guitar and electronic soundscapes of 2019's Free, and an experimental collaboration with composer Catherine Graindorge, 2022's The Dictator.
Born on April 21, 1947, in Muskegon, Michigan, James Newell Osterberg was raised by his parents in a trailer park close to Ann Arbor, in neighboring Ypsilanti. Intrigued by rock & roll (as well as such non-musical, monotonous, and mechanical sounds as his father's electric razor and the automobile assembly plants in and around Metro Detroit), Osterberg began playing drums and formed his first band, the Iguanas, in the early '60s. Via the Rolling Stones, he discovered the blues and formed a similarly styled outfit called the Prime Movers upon graduating from high school in 1965. When a brief stint at the University of Michigan didn't work out, he moved to Chicago instead, where he played drums alongside the city's bluesmen.
His heart remained with rock & roll, however, and shortly after returning to Ann Arbor, Osterberg decided to form a rock band. This time, he would leave the drums behind and be the frontman, taking inspiration from the likes of the Velvet Underground's Lou Reed and the Doors' Jim Morrison. He tried to find musicians who shared his musical vision: to create a band whose music would be primordial, sexually charged, aggressive, and repetitive (using his early electric razor/car plant memories for reference). In 1967, he hooked up with an old acquaintance from his high school days, guitarist Ron Asheton, who also brought along his brother, drummer Scott, and bassist Dave Alexander, thus forming the Psychedelic Stooges. Although it would take a while for their sound to jell -- they experimented with such non-traditional instruments as empty oil drums, vacuums, and other objects before returning to their respective instruments -- the group fit in perfectly with such other high-energy Detroit bands as the MC5, becoming a local attraction.
It was around this time that the group shortened its name to the Stooges, and Osterberg changed his own stage name to Iggy Pop. Using this moniker, Pop became a man possessed on-stage, going into the crowd nightly to confront members of the audience and working himself into such a frenzy that he would be bleeding by the end of the night from various nicks and scratches. Elektra Records signed the quartet in 1968, issuing their self-titled debut a year later and a follow-up effort, Fun House, in 1970. Although both records sold poorly upon release, they've since become rock classics, and can be pointed to as the official catalysts for what later became punk rock.
The Stooges were dropped from their record company in 1971 due to the public's disinterest and the group's growing addictions to hard drugs. Pop's continuous death-defying acts also worried the label, whose decision to drop the band led to the Stooges' breakup the same year. One of the band's more celebrated fans, David Bowie, tracked Pop down and convinced the newly clean and sober singer to restart his career. Pop enlisted guitarist James Williamson (who was briefly a second guitarist for the Stooges before their breakup) and, after the pair signed to Bowie's Mainman management company and relocated to England, they eventually reunited with the Asheton brothers, with Ron moving from the six-string guitar to the bass.
Signed by Columbia Records and hoping to follow in Bowie's footsteps toward a major commercial breakthrough, the Stooges penned another punk classic, the brutally explosive Raw Power. Pop's plan for the Stooges' third release was equally brutal; he wanted to create a record that would be so powerful, so sonically over the top, that it would physically hurt the listener as it poured forth from the speakers. Although the resulting album wasn't quite that extreme, it came fairly close, with Bowie lending his own contributions as the album's producer. Once again, the album sank without a trace. By 1974, Pop and most of the Stooges had fallen back into the world of heavy drugs, and with their star fading, the band called it quits for a second (and final) time.
After spending a brief spell homeless on the streets of Hollywood, during which time there was an unsuccessful attempt to form a band with Pop and former Doors keyboardist Ray Manzarek, Iggy Pop checked himself into the Neuropsychiatric Institute in Los Angeles. During his stay at the hospital, Pop made an attempt at writing and recording some new tunes with Williamson, but when no labels expressed interest, the two went their separate ways. (Completed demos of the sessions would surface on the Kill City release in 1977; they would also appear on the 2005 compilation Penetration, which featured a number of widely circulated demos, outtakes, and alternate mixes from the Raw Power sessions.)
During his hospital stay, another old friend came to visit him: David Bowie, whose career was still in high gear. Bowie offered to take Pop on the road with him during his tour in support of Station to Station, and the pair got along so well that they both moved to Berlin in late 1976, during which time Bowie helped Pop secure a solo record deal with RCA. Bowie had become interested in European electronic rock (Kraftwerk, Can, etc.) and later admitted that he used Pop as a musical guinea pig on such releases as The Idiot and Lust for Life (both issued in 1977 and produced/co-written by Bowie). Both albums sold better than the singer's previous efforts with the Stooges (particularly in the U.K., where Pop was looked upon as an icon by the burgeoning punk rock movement) as Bowie joined Pop on his world tour as a keyboardist. Shortly thereafter, a live album was culled from Pop's most recent tour, titled TV Eye (1977 Live). It was also around this time that Pop severed his ties with Bowie and struck out on his own.
Signing on with another new label, Arista, Pop reunited once more with James Williamson for 1979's New Values, an album that touched off a string of varied recordings on which Pop tried to reinvent himself as a new waver: 1980's Soldier, 1981's Party, and 1982's Zombie Birdhouse. Also in 1982, Pop penned his autobiography, I Need More, a fascinating book of rock & roll excess that chronicled his early years straight up to the then-present day. Despite the flurry of activity, Pop began succumbing to his vices once again and stepped out of the spotlight for a long stretch to sort his life out, during which time Bowie scored a massive hit with a remake of the Pop/Bowie nugget ""China Girl"" (recorded earlier on Pop's The Idiot). It wasn't until 1986 that Pop resurfaced, signing a new contract with A&M and issuing the Bowie-produced Blah Blah Blah, which featured his first U.S. hit single (albeit a moderate one), a cover of ""Real Wild Child."" Released in 1988, Instinct saw Pop try his hand at hard rock/heavy metal, joined by ex-Sex Pistols guitarist Steve Jones. Its ""Cold Metal"" was nominated for a Grammy in the category of Best Hard Rock/Metal Performance. Pop's first album for Virgin, 1990's Brick by Brick, resulted in his first U.S. gold-certified album and Top 20 hit single ""Candy,"" a tuneful duet with the B-52s' Kate Pierson.
Just as in the mid-'70s when Pop was looked up to by a slew of up-and-coming punk bands, history repeated itself in the early '90s with the emergence of such Stooges disciples from Seattle as Nirvana, Mudhoney, Soundgarden, etc. Around the same time, a wide variety of bands covered Pop and/or Stooges tracks -- Slayer, Duran Duran, Guns N' Roses, R.E.M., and Tom Jones -- while Pop issued another fine solo set, 1993's American Caesar. In 1996, Pop attempted to re-create the Stooges' sound and approach with Naughty Little Doggie, and enjoyed another hit when the nearly 20-year-old ""Lust for Life"" was used prominently in the movie Trainspotting. Throughout the decade, Pop also tried his hand at acting in movies, scoring bit parts in such flicks as Cry Baby, Dead Man, and The Crow II: City of Angels, plus a recurring role on the TV show The Adventures of Pete & Pete. Although he wasn't involved in it, the 1998 movie Velvet Goldmine was allegedly based on Bowie and Pop's relationship in the early '70s (Ewan McGregor's character, Curt Wild, was obviously patterned after Stooges-era Pop).
With just about every new rock band listing the Stooges as a major influence by the late '90s, Iggy tentatively began looking back to the band's legacy. He personally remixed a newly remastered version of Raw Power in 1997, after the long-lost original master tapes were rediscovered, and Pop moved the album closer to his original vision of a total sonic onslaught. Also released around this time was another Pop/Stooges-related book, the must-read Please Kill Me: The Oral History of Punk, which recounted the Stooges' career in great detail (featuring interviews with all the band's surviving members). The year 1999 was a busy one for Pop as he was the subject of a VH1 Behind the Music episode, and a new solo album was issued, the laid-back Avenue B. But his more ""refined"" musical approach was strictly a detour, as proven by his next release, 2001's in-your-face rockfest Beat Em Up.
After abandoning a promised Stooges reunion in the late '90s, Pop finally made good on his pledge in 2003, bringing Ron Asheton and Scott Asheton aboard to write and record four songs with him for his album Skull Ring, and taking the reconstituted Stooges on the road for a short but riotously received tour (with Mike Watt standing in for the late Dave Alexander on bass, and with the set dominated by tunes from The Stooges and Fun House). In 2004, Iggy appeared in Jim Jarmusch's Coffee and Cigarettes. After issuing the January 2005 effort Penetration, Pop released the retrospective A Million in Prizes: The Anthology, which spanned his entire career and included a 37-track CD, a previously unreleased live DVD, and a round of essays about Pop's legacy penned by notables like Bowie and Lou Reed. Pop released another compilation, Where the Faces Shine, the following year.
Iggy Pop maintained his profile during the subsequent years by appearing on an album by Praxis, singing on the Teddybears track ""Punkrocker,"" performing several Madonna songs at the induction ceremony of the Rock and Roll Hall of Fame, and appearing in TV advertisements for the British insurance company Swiftcover. Back in Ann Arbor, however, Asheton suffered a fatal heart attack in early 2009, robbing Pop of his best friend and plunging the Stooges' career into instability. Nonetheless, Pop released another solo record, Preliminaires, that May, taking his inspiration from jazz music and the work of French novelist Michel Houellebecq. In 2010, Pop and the rest of the Stooges were inducted into the Rock and Roll Hall of Fame.
Iggy continued to tour with the Stooges (now featuring James Williamson on guitar) throughout 2010 and into 2011, taking time to pursue a couple of solo side projects, including singing with the Lilies and with Ke$ha, plus the 2012 album Apres, where he sang French standards (and the Beatles' ""Michelle,"" which does have a verse in French). In 2013, Pop went full-bore with the Williamson-fueled Raw Power era of the Stooges, touring and releasing the Ready to Die album in April of that year. However, after the death of Stooges drummer Scott Asheton in 2014,the band quietly broke up, and the next time Pop set out on a tour of the United States in 2015, it was as a solo artist with a different backing band.
In January 2016, a surprise announcement from Pop and Josh Homme (Queens of the Stone Age, Eagles of Death Metal) revealed that the pair had written an album together with the help of Dean Fertita (QOTSA, the Dead Weather) and Matt Helders (Arctic Monkeys). Recorded secretly and funded entirely independently, Post Pop Depression (Loma Vista) featured the single ""Gardenia"" and a short supporting tour with live backing from Troy Van Leeuwen (QOTSA) and Matt Sweeney (Chavez). Frequently compared to Pop's first two solo albums with David Bowie, the set was nominated for a Grammy in the Best Alternative Music Album category. Teatime Dub Encounters, a four-track EP produced by fellow Trainspotting soundtrack contributors Underworld, appeared in 2018. Iggy's next solo project found him stepping back from rock & roll; 2019's Free was dominated by trumpet and atmospheric guitar patterns, and included a musical adaptation of Dylan Thomas' ""Do Not Go Gentle Into That Good Night.""
A pair of artifacts from Iggy's past would soon surface: 2019's The Prime Movers Blues Band collected unreleased live recordings of the Ann Arbor blues band he played drums with in the mid-'60s, and 2020's Live at Goose Lake, August 8, 1970 was sourced from a soundboard tape that captured the Stooges' appearance at the Goose Lake International Music Festival, where they played Fun House in full. Pop stayed busy with European touring and collaborations with a rich variety of artists. Bill Laswell and the Opening Performance Orchestra brought him on board to read the narration for their 2020 musical adaptation of William S. Burroughs' The Acid Lands. He popped up on a 2021 release from jazz organ master Dr. Lonnie Smith, Breathe, adding vocals to covers of Donovan's ""Sunshine Superman"" and Timmy Thomas' ""Why Can't We Live Together."" 2021's I'll Be Your Mirror: A Tribute to the Velvet Underground and Nico was an all-star re-creation of the iconic proto-punk album, and he was matched with guitarist Matt Sweeney for an interpretation of ""European Son."" A poem Pop wrote after the death of his parents, ""Mom and Dad,"" was an alternately bitter and poignant meditation on life and loss, and classical harpist Lavinia Meijer set it to music for her 2022 album Are You Still Somewhere?, with Iggy as narrator. Pop lent suitably histrionic vocals to the reworked version of ""Kick Me"" that appeared on Danny Elfman's 2022 remix album Bigger. Messier. Pop encountered the work of Belgian composer/violinist Catherine Graindorge, and quickly became a fan, playing two of her compositions during an appearance on BBC Radio 6. Graindorge reached out to Pop and asked if he would be willing to work together. Pop immediately agreed, and together they created four songs, with Graindorge composing and performing the music and Pop writing and reading the narration. The four pieces appeared on an EP, 2022's The Dictator, from Glitterbeat Records. ~ Greg Prato & Mark Deming",Reel Ten,Unknown,https://www.youtube.com/watch?v=8H7KcasScIU&pp=ygURSWdneSBQb3AgUmVlbCBUZW4%3D,ERROR: Private/Dead/Protected
Chaco,https://lastfm.freetls.fastly.net/i/u/300x300/3958c270e0d00f5c6e4e8b22f128e6a2.jpg,Illya Kuryaki and the Valderramas,1995-01-01,"Latin hardcore/rap Illya Kuryaki & the Valderramas was formed by ex-Pechugo Emmanuel Horvilleur and Argentine rock icon Luis Alberto Spinetta's son Dante Spinetta, making their debut with the release of Fabrico Cuero in 1991, being voted Revelation of the Year by local newspaper Clarín. 1993's Horno Para Calentar los Mares was followed by Chaco in 1995. A year later, Illya Kuryaki & the Valderramas moved to the U.S. to make an MTV Unplugged, released under the name of Ninja Mental, later, successfully performing that same show at Buenos Aires' Opera Theater. In 1997 the Latin rappers recorded Versus, followed by 1999's Leche and 2014's live outing Aplaudan en el Luna. ~ Drago Bonacich",Chaco,Unknown,https://www.youtube.com/watch?v=kOQXhNoR27k&pp=ygUpSWxseWEgS3VyeWFraSBhbmQgdGhlIFZhbGRlcnJhbWFzIC0gQ2hhY28%3D,ERROR: Private/Dead/Protected
Solo para fanáticos,https://lastfm.freetls.fastly.net/i/u/300x300/27b3c2dcdb9251bc3079908ac986cf13.jpg,Illya Kuryaki and the Valderramas,2005-02-08,"Latin hardcore/rap Illya Kuryaki & the Valderramas was formed by ex-Pechugo Emmanuel Horvilleur and Argentine rock icon Luis Alberto Spinetta's son Dante Spinetta, making their debut with the release of Fabrico Cuero in 1991, being voted Revelation of the Year by local newspaper Clarín. 1993's Horno Para Calentar los Mares was followed by Chaco in 1995. A year later, Illya Kuryaki & the Valderramas moved to the U.S. to make an MTV Unplugged, released under the name of Ninja Mental, later, successfully performing that same show at Buenos Aires' Opera Theater. In 1997 the Latin rappers recorded Versus, followed by 1999's Leche and 2014's live outing Aplaudan en el Luna. ~ Drago Bonacich",Abarajame,Unknown,https://www.youtube.com/watch?v=sz3zJaeCkCI&pp=ygUrSWxseWEgS3VyeWFraSBhbmQgdGhlIFZhbGRlcnJhbWFzIEFiYXJhamFtZQ%3D%3D,ERROR: Private/Dead/Protected
The 3rd World,https://lastfm.freetls.fastly.net/i/u/300x300/05ed3e14e1d8a0349e990ec77c38477a.jpg,Immortal Technique,2008-06-17,"Born Felipe Coronel in a military hospital in Lima, Peru in 1978, Immortal Technique moved to Harlem with his parents when he was two years old. At age nine he started rapping, though he didn't take it seriously until he was in high school. Despite the fact he was in and out of trouble throughout his teen years, Tech was accepted at Penn State University, but before he could get through much of college, he was arrested and eventually ended up spending a year in prison. It was there that he began to study the lives and teachings of Black and Latino revolutionaries like Che Guevara and Malcolm X, as well as to devote himself to writing songs. Out in 1999 and on parole, he moved back to New York, where he spent his days working various jobs and his nights battling other rappers, a forum that allowed him the opportunity to show off his aggressive, vituperative style.
Concerned that he was being pigeonholed as a one-trick pony, Tech set about writing complete tracks, finding beats to accompany them, and eventually releasing his debut, Revolutionary, Vol. 1, in 2001 (an album that was later re-released by his own company, Viper Records, in 2004 and Babygrande in 2005). The record, plus his indefatigable work ethic, earned him local recognition and a spot as The Source's ""unsigned hype"" in November 2002; the following year he issued his second album, Revolutionary, Vol. 2. Although he promised his third release would see the light of day in 2005, it wasn't until the summer of 2007 that -- besides a few singles and mixtapes -- fans got any new material from Immortal Technique, coming in the form of the full-length The Middle Passage. ~ Marisa Brown",Open Your Eyes,Unknown,https://www.youtube.com/watch?v=6xU5zI7ibek&pp=ygUjSW1tb3J0YWwgVGVjaG5pcXVlIC0gT3BlbiBZb3VyIEV5ZXM%3D,ERROR: Private/Dead/Protected
Behind the Bars,https://lastfm.freetls.fastly.net/i/u/300x300/505b674d313f4be4a81a28ee073647c6.jpg,Immortal Technique,2005-01-01,"Born Felipe Coronel in a military hospital in Lima, Peru in 1978, Immortal Technique moved to Harlem with his parents when he was two years old. At age nine he started rapping, though he didn't take it seriously until he was in high school. Despite the fact he was in and out of trouble throughout his teen years, Tech was accepted at Penn State University, but before he could get through much of college, he was arrested and eventually ended up spending a year in prison. It was there that he began to study the lives and teachings of Black and Latino revolutionaries like Che Guevara and Malcolm X, as well as to devote himself to writing songs. Out in 1999 and on parole, he moved back to New York, where he spent his days working various jobs and his nights battling other rappers, a forum that allowed him the opportunity to show off his aggressive, vituperative style.
Concerned that he was being pigeonholed as a one-trick pony, Tech set about writing complete tracks, finding beats to accompany them, and eventually releasing his debut, Revolutionary, Vol. 1, in 2001 (an album that was later re-released by his own company, Viper Records, in 2004 and Babygrande in 2005). The record, plus his indefatigable work ethic, earned him local recognition and a spot as The Source's ""unsigned hype"" in November 2002; the following year he issued his second album, Revolutionary, Vol. 2. Although he promised his third release would see the light of day in 2005, it wasn't until the summer of 2007 that -- besides a few singles and mixtapes -- fans got any new material from Immortal Technique, coming in the form of the full-length The Middle Passage. ~ Marisa Brown",Creation and Destruction (Instrumental),Unknown,https://www.youtube.com/watch?v=F8sAU-JeMto&pp=ygU4SW1tb3J0YWwgVGVjaG5pcXVlIENyZWF0aW9uIGFuZCBEZXN0cnVjdGlvbiBJbnN0cnVtZW50YWw%3D,ERROR: Private/Dead/Protected
Black Cargo,https://lastfm.freetls.fastly.net/i/u/300x300/ba10545300dc49f083ceeb2ed43c4386.jpg,Immortal Technique,2005-12-30,"Born Felipe Coronel in a military hospital in Lima, Peru in 1978, Immortal Technique moved to Harlem with his parents when he was two years old. At age nine he started rapping, though he didn't take it seriously until he was in high school. Despite the fact he was in and out of trouble throughout his teen years, Tech was accepted at Penn State University, but before he could get through much of college, he was arrested and eventually ended up spending a year in prison. It was there that he began to study the lives and teachings of Black and Latino revolutionaries like Che Guevara and Malcolm X, as well as to devote himself to writing songs. Out in 1999 and on parole, he moved back to New York, where he spent his days working various jobs and his nights battling other rappers, a forum that allowed him the opportunity to show off his aggressive, vituperative style.
Concerned that he was being pigeonholed as a one-trick pony, Tech set about writing complete tracks, finding beats to accompany them, and eventually releasing his debut, Revolutionary, Vol. 1, in 2001 (an album that was later re-released by his own company, Viper Records, in 2004 and Babygrande in 2005). The record, plus his indefatigable work ethic, earned him local recognition and a spot as The Source's ""unsigned hype"" in November 2002; the following year he issued his second album, Revolutionary, Vol. 2. Although he promised his third release would see the light of day in 2005, it wasn't until the summer of 2007 that -- besides a few singles and mixtapes -- fans got any new material from Immortal Technique, coming in the form of the full-length The Middle Passage. ~ Marisa Brown",Bin Laden,Unknown,https://www.youtube.com/watch?v=2Z8yUuAolVY&list=RD2Z8yUuAolVY&start_radio=1&pp=ygUcSW1tb3J0YWwgVGVjaG5pcXVlIEJpbiBMYWRlbqAHAQ%3D%3D,ERROR: Private/Dead/Protected
Mein rasend Herz,https://lastfm.freetls.fastly.net/i/u/300x300/f2a8f1240a134d2eba3057ca6a95f560.jpg,In Extremo,2005-05-30,"Germany's In Extremo (Latin for ""at the edge"") deliver a powerful, melody-driven amalgam of folk and heavy metal that incorporates a standard hard rock lineup of vocals, guitar, bass, and drums, in addition to folk instruments from the middle ages like bagpipes, hurdy-gurdy, harp, and shawm. Known for their medieval themes, lyrics, and instrumentation, colorful aliases, and period outfits, the band's songs are both originals and traditionals, the latter often in medieval languages such as Latin or archaic dialects of German. Since debuting in 1997, In Extremo have grown in popularity, especially in Germany, Austria, and Switzerland, via chart-topping outings like 7, Mein Rasend Herz, and Sängerkrieg. Though their eclectic instrumentation has remained largely unchanged through years, the late 2000s and 2010s saw the group leaning harder toward the heavy metal end of the sonic spectrum.
Founded in 1995 in Berlin and formed over the course of the next two years, the band comprises Das Letzte Einhorn (born Michael Robert Rhein, vocals), Der Lange (Sebastian Oliver Lange, guitar), Die Lutter (Kay Lutter, bass), Dr. Pymonte (André Strugala, bagpipes), Flex der Biegsame (Marco Ernst-Felix Zorzytzky, bagpipes), and Specki T.D. (Florian Speckardt, drums). Former members include Die Rote Füchsin (Conny Fuchs, bagpipes, 1995-1996), Thomas der Münzer (Thomas Mund, guitar, 1995-1999), Sen Pusterbalg (bagpipes, 1995-1997), Der Morgenstern (Reiner Morgenroth, drums, 1995–2010), and Yellow Pfeiffer (Boris Pfeiffer, bagpipes, 1997-2021). In Extremo made their recording debut in 1997 with the five-track single ""Der Galgen,"" followed by the full-length debut album Gold (aka In Extremo Gold; reissued with bonus tracks in 2006). Subsequent albums included their commercial breakthrough, 7 (2003), as well as Mein Rasend Herz (2005) and Raue Spree 2005 (2006), all of which were Top Five hits on the German albums chart. The band also scored a series of modestly successful hit singles, most notably the Top 40 hits ""Küss Mich"" (2003) and ""Nur Ihr Allein"" (2005).
In 2008, In Extremo scored their first German number one album with the release of Sängerkrieg. Citing musical differences, drummer Der Morgenstern departed in 2010, though the band continued on and released 2011's Sterneneisen, followed a year later by a live version of the record, 2012's Sterneneisen Live. The 2013 album Kunstraub introduced new drummer Florian ""Specki T.D."" Speckardt, and proved that the group's German fans were still behind them -- the set peaked at number two on the German sales charts. 2015 saw the release of the massive, career-spanning, 13-track box set 20 Wahre Jahre, and in 2016, the band issued their 12th studio long-player, Quid Pro Quo. Boris Pfeiffer (aka Yellow Pfeiffer) died in Wandlitz, Germany, shortly after attending a rally protesting COVID-19 restrictions on January 24, 2022; he was 53 years old. ~ Jason Birchmeier",Horizont,Unknown,https://www.youtube.com/watch?v=H1Dq3kmiyeI&list=RDH1Dq3kmiyeI&start_radio=1&pp=ygUVSW4gRXh0cmVtbyAtIEhvcml6b250oAcB,Mix - In Extremo - Horizont
Mein rasend Herz,https://lastfm.freetls.fastly.net/i/u/300x300/f2a8f1240a134d2eba3057ca6a95f560.jpg,In Extremo,2005-05-30,"Germany's In Extremo (Latin for ""at the edge"") deliver a powerful, melody-driven amalgam of folk and heavy metal that incorporates a standard hard rock lineup of vocals, guitar, bass, and drums, in addition to folk instruments from the middle ages like bagpipes, hurdy-gurdy, harp, and shawm. Known for their medieval themes, lyrics, and instrumentation, colorful aliases, and period outfits, the band's songs are both originals and traditionals, the latter often in medieval languages such as Latin or archaic dialects of German. Since debuting in 1997, In Extremo have grown in popularity, especially in Germany, Austria, and Switzerland, via chart-topping outings like 7, Mein Rasend Herz, and Sängerkrieg. Though their eclectic instrumentation has remained largely unchanged through years, the late 2000s and 2010s saw the group leaning harder toward the heavy metal end of the sonic spectrum.
Founded in 1995 in Berlin and formed over the course of the next two years, the band comprises Das Letzte Einhorn (born Michael Robert Rhein, vocals), Der Lange (Sebastian Oliver Lange, guitar), Die Lutter (Kay Lutter, bass), Dr. Pymonte (André Strugala, bagpipes), Flex der Biegsame (Marco Ernst-Felix Zorzytzky, bagpipes), and Specki T.D. (Florian Speckardt, drums). Former members include Die Rote Füchsin (Conny Fuchs, bagpipes, 1995-1996), Thomas der Münzer (Thomas Mund, guitar, 1995-1999), Sen Pusterbalg (bagpipes, 1995-1997), Der Morgenstern (Reiner Morgenroth, drums, 1995–2010), and Yellow Pfeiffer (Boris Pfeiffer, bagpipes, 1997-2021). In Extremo made their recording debut in 1997 with the five-track single ""Der Galgen,"" followed by the full-length debut album Gold (aka In Extremo Gold; reissued with bonus tracks in 2006). Subsequent albums included their commercial breakthrough, 7 (2003), as well as Mein Rasend Herz (2005) and Raue Spree 2005 (2006), all of which were Top Five hits on the German albums chart. The band also scored a series of modestly successful hit singles, most notably the Top 40 hits ""Küss Mich"" (2003) and ""Nur Ihr Allein"" (2005).
In 2008, In Extremo scored their first German number one album with the release of Sängerkrieg. Citing musical differences, drummer Der Morgenstern departed in 2010, though the band continued on and released 2011's Sterneneisen, followed a year later by a live version of the record, 2012's Sterneneisen Live. The 2013 album Kunstraub introduced new drummer Florian ""Specki T.D."" Speckardt, and proved that the group's German fans were still behind them -- the set peaked at number two on the German sales charts. 2015 saw the release of the massive, career-spanning, 13-track box set 20 Wahre Jahre, and in 2016, the band issued their 12th studio long-player, Quid Pro Quo. Boris Pfeiffer (aka Yellow Pfeiffer) died in Wandlitz, Germany, shortly after attending a rally protesting COVID-19 restrictions on January 24, 2022; he was 53 years old. ~ Jason Birchmeier",Nur ihr allein,Unknown,https://www.youtube.com/watch?v=4teFpkKDJWo&list=RD4teFpkKDJWo&start_radio=1&pp=ygUZSW4gRXh0cmVtbyBOdXIgaWhyIGFsbGVpbqAHAQ%3D%3D,ERROR: Private/Dead/Protected
Mein rasend Herz,https://lastfm.freetls.fastly.net/i/u/300x300/f2a8f1240a134d2eba3057ca6a95f560.jpg,In Extremo,2005-05-30,"Germany's In Extremo (Latin for ""at the edge"") deliver a powerful, melody-driven amalgam of folk and heavy metal that incorporates a standard hard rock lineup of vocals, guitar, bass, and drums, in addition to folk instruments from the middle ages like bagpipes, hurdy-gurdy, harp, and shawm. Known for their medieval themes, lyrics, and instrumentation, colorful aliases, and period outfits, the band's songs are both originals and traditionals, the latter often in medieval languages such as Latin or archaic dialects of German. Since debuting in 1997, In Extremo have grown in popularity, especially in Germany, Austria, and Switzerland, via chart-topping outings like 7, Mein Rasend Herz, and Sängerkrieg. Though their eclectic instrumentation has remained largely unchanged through years, the late 2000s and 2010s saw the group leaning harder toward the heavy metal end of the sonic spectrum.
Founded in 1995 in Berlin and formed over the course of the next two years, the band comprises Das Letzte Einhorn (born Michael Robert Rhein, vocals), Der Lange (Sebastian Oliver Lange, guitar), Die Lutter (Kay Lutter, bass), Dr. Pymonte (André Strugala, bagpipes), Flex der Biegsame (Marco Ernst-Felix Zorzytzky, bagpipes), and Specki T.D. (Florian Speckardt, drums). Former members include Die Rote Füchsin (Conny Fuchs, bagpipes, 1995-1996), Thomas der Münzer (Thomas Mund, guitar, 1995-1999), Sen Pusterbalg (bagpipes, 1995-1997), Der Morgenstern (Reiner Morgenroth, drums, 1995–2010), and Yellow Pfeiffer (Boris Pfeiffer, bagpipes, 1997-2021). In Extremo made their recording debut in 1997 with the five-track single ""Der Galgen,"" followed by the full-length debut album Gold (aka In Extremo Gold; reissued with bonus tracks in 2006). Subsequent albums included their commercial breakthrough, 7 (2003), as well as Mein Rasend Herz (2005) and Raue Spree 2005 (2006), all of which were Top Five hits on the German albums chart. The band also scored a series of modestly successful hit singles, most notably the Top 40 hits ""Küss Mich"" (2003) and ""Nur Ihr Allein"" (2005).
In 2008, In Extremo scored their first German number one album with the release of Sängerkrieg. Citing musical differences, drummer Der Morgenstern departed in 2010, though the band continued on and released 2011's Sterneneisen, followed a year later by a live version of the record, 2012's Sterneneisen Live. The 2013 album Kunstraub introduced new drummer Florian ""Specki T.D."" Speckardt, and proved that the group's German fans were still behind them -- the set peaked at number two on the German sales charts. 2015 saw the release of the massive, career-spanning, 13-track box set 20 Wahre Jahre, and in 2016, the band issued their 12th studio long-player, Quid Pro Quo. Boris Pfeiffer (aka Yellow Pfeiffer) died in Wandlitz, Germany, shortly after attending a rally protesting COVID-19 restrictions on January 24, 2022; he was 53 years old. ~ Jason Birchmeier",Macht und Dummheit,Unknown,https://www.youtube.com/watch?v=aDq7oJpNXqg&list=RDaDq7oJpNXqg&start_radio=1&pp=ygUdSW4gRXh0cmVtbyBNYWNodCB1bmQgRHVtbWhlaXSgBwE%3D,Mix - Macht und Dummheit
Mein rasend Herz,https://lastfm.freetls.fastly.net/i/u/300x300/f2a8f1240a134d2eba3057ca6a95f560.jpg,In Extremo,2005-05-30,"Germany's In Extremo (Latin for ""at the edge"") deliver a powerful, melody-driven amalgam of folk and heavy metal that incorporates a standard hard rock lineup of vocals, guitar, bass, and drums, in addition to folk instruments from the middle ages like bagpipes, hurdy-gurdy, harp, and shawm. Known for their medieval themes, lyrics, and instrumentation, colorful aliases, and period outfits, the band's songs are both originals and traditionals, the latter often in medieval languages such as Latin or archaic dialects of German. Since debuting in 1997, In Extremo have grown in popularity, especially in Germany, Austria, and Switzerland, via chart-topping outings like 7, Mein Rasend Herz, and Sängerkrieg. Though their eclectic instrumentation has remained largely unchanged through years, the late 2000s and 2010s saw the group leaning harder toward the heavy metal end of the sonic spectrum.
Founded in 1995 in Berlin and formed over the course of the next two years, the band comprises Das Letzte Einhorn (born Michael Robert Rhein, vocals), Der Lange (Sebastian Oliver Lange, guitar), Die Lutter (Kay Lutter, bass), Dr. Pymonte (André Strugala, bagpipes), Flex der Biegsame (Marco Ernst-Felix Zorzytzky, bagpipes), and Specki T.D. (Florian Speckardt, drums). Former members include Die Rote Füchsin (Conny Fuchs, bagpipes, 1995-1996), Thomas der Münzer (Thomas Mund, guitar, 1995-1999), Sen Pusterbalg (bagpipes, 1995-1997), Der Morgenstern (Reiner Morgenroth, drums, 1995–2010), and Yellow Pfeiffer (Boris Pfeiffer, bagpipes, 1997-2021). In Extremo made their recording debut in 1997 with the five-track single ""Der Galgen,"" followed by the full-length debut album Gold (aka In Extremo Gold; reissued with bonus tracks in 2006). Subsequent albums included their commercial breakthrough, 7 (2003), as well as Mein Rasend Herz (2005) and Raue Spree 2005 (2006), all of which were Top Five hits on the German albums chart. The band also scored a series of modestly successful hit singles, most notably the Top 40 hits ""Küss Mich"" (2003) and ""Nur Ihr Allein"" (2005).
In 2008, In Extremo scored their first German number one album with the release of Sängerkrieg. Citing musical differences, drummer Der Morgenstern departed in 2010, though the band continued on and released 2011's Sterneneisen, followed a year later by a live version of the record, 2012's Sterneneisen Live. The 2013 album Kunstraub introduced new drummer Florian ""Specki T.D."" Speckardt, and proved that the group's German fans were still behind them -- the set peaked at number two on the German sales charts. 2015 saw the release of the massive, career-spanning, 13-track box set 20 Wahre Jahre, and in 2016, the band issued their 12th studio long-player, Quid Pro Quo. Boris Pfeiffer (aka Yellow Pfeiffer) died in Wandlitz, Germany, shortly after attending a rally protesting COVID-19 restrictions on January 24, 2022; he was 53 years old. ~ Jason Birchmeier",Liam,Unknown,https://www.youtube.com/watch?v=ksfWmJsQg4A&list=RDksfWmJsQg4A&start_radio=1&pp=ygUPSW4gRXh0cmVtbyBMaWFtoAcB,Mix - In Extremo - Liam (Live)
Mein rasend Herz,https://lastfm.freetls.fastly.net/i/u/300x300/f2a8f1240a134d2eba3057ca6a95f560.jpg,In Extremo,2005-05-30,"Germany's In Extremo (Latin for ""at the edge"") deliver a powerful, melody-driven amalgam of folk and heavy metal that incorporates a standard hard rock lineup of vocals, guitar, bass, and drums, in addition to folk instruments from the middle ages like bagpipes, hurdy-gurdy, harp, and shawm. Known for their medieval themes, lyrics, and instrumentation, colorful aliases, and period outfits, the band's songs are both originals and traditionals, the latter often in medieval languages such as Latin or archaic dialects of German. Since debuting in 1997, In Extremo have grown in popularity, especially in Germany, Austria, and Switzerland, via chart-topping outings like 7, Mein Rasend Herz, and Sängerkrieg. Though their eclectic instrumentation has remained largely unchanged through years, the late 2000s and 2010s saw the group leaning harder toward the heavy metal end of the sonic spectrum.
Founded in 1995 in Berlin and formed over the course of the next two years, the band comprises Das Letzte Einhorn (born Michael Robert Rhein, vocals), Der Lange (Sebastian Oliver Lange, guitar), Die Lutter (Kay Lutter, bass), Dr. Pymonte (André Strugala, bagpipes), Flex der Biegsame (Marco Ernst-Felix Zorzytzky, bagpipes), and Specki T.D. (Florian Speckardt, drums). Former members include Die Rote Füchsin (Conny Fuchs, bagpipes, 1995-1996), Thomas der Münzer (Thomas Mund, guitar, 1995-1999), Sen Pusterbalg (bagpipes, 1995-1997), Der Morgenstern (Reiner Morgenroth, drums, 1995–2010), and Yellow Pfeiffer (Boris Pfeiffer, bagpipes, 1997-2021). In Extremo made their recording debut in 1997 with the five-track single ""Der Galgen,"" followed by the full-length debut album Gold (aka In Extremo Gold; reissued with bonus tracks in 2006). Subsequent albums included their commercial breakthrough, 7 (2003), as well as Mein Rasend Herz (2005) and Raue Spree 2005 (2006), all of which were Top Five hits on the German albums chart. The band also scored a series of modestly successful hit singles, most notably the Top 40 hits ""Küss Mich"" (2003) and ""Nur Ihr Allein"" (2005).
In 2008, In Extremo scored their first German number one album with the release of Sängerkrieg. Citing musical differences, drummer Der Morgenstern departed in 2010, though the band continued on and released 2011's Sterneneisen, followed a year later by a live version of the record, 2012's Sterneneisen Live. The 2013 album Kunstraub introduced new drummer Florian ""Specki T.D."" Speckardt, and proved that the group's German fans were still behind them -- the set peaked at number two on the German sales charts. 2015 saw the release of the massive, career-spanning, 13-track box set 20 Wahre Jahre, and in 2016, the band issued their 12th studio long-player, Quid Pro Quo. Boris Pfeiffer (aka Yellow Pfeiffer) died in Wandlitz, Germany, shortly after attending a rally protesting COVID-19 restrictions on January 24, 2022; he was 53 years old. ~ Jason Birchmeier",Singapur,Unknown,https://www.youtube.com/watch?v=Px855q9xim8&list=RDPx855q9xim8&start_radio=1&pp=ygUTSW4gRXh0cmVtbyBTaW5nYXB1cqAHAQ%3D%3D,ERROR: Private/Dead/Protected
Mein rasend Herz,https://lastfm.freetls.fastly.net/i/u/300x300/f2a8f1240a134d2eba3057ca6a95f560.jpg,In Extremo,2005-05-30,"Germany's In Extremo (Latin for ""at the edge"") deliver a powerful, melody-driven amalgam of folk and heavy metal that incorporates a standard hard rock lineup of vocals, guitar, bass, and drums, in addition to folk instruments from the middle ages like bagpipes, hurdy-gurdy, harp, and shawm. Known for their medieval themes, lyrics, and instrumentation, colorful aliases, and period outfits, the band's songs are both originals and traditionals, the latter often in medieval languages such as Latin or archaic dialects of German. Since debuting in 1997, In Extremo have grown in popularity, especially in Germany, Austria, and Switzerland, via chart-topping outings like 7, Mein Rasend Herz, and Sängerkrieg. Though their eclectic instrumentation has remained largely unchanged through years, the late 2000s and 2010s saw the group leaning harder toward the heavy metal end of the sonic spectrum.
Founded in 1995 in Berlin and formed over the course of the next two years, the band comprises Das Letzte Einhorn (born Michael Robert Rhein, vocals), Der Lange (Sebastian Oliver Lange, guitar), Die Lutter (Kay Lutter, bass), Dr. Pymonte (André Strugala, bagpipes), Flex der Biegsame (Marco Ernst-Felix Zorzytzky, bagpipes), and Specki T.D. (Florian Speckardt, drums). Former members include Die Rote Füchsin (Conny Fuchs, bagpipes, 1995-1996), Thomas der Münzer (Thomas Mund, guitar, 1995-1999), Sen Pusterbalg (bagpipes, 1995-1997), Der Morgenstern (Reiner Morgenroth, drums, 1995–2010), and Yellow Pfeiffer (Boris Pfeiffer, bagpipes, 1997-2021). In Extremo made their recording debut in 1997 with the five-track single ""Der Galgen,"" followed by the full-length debut album Gold (aka In Extremo Gold; reissued with bonus tracks in 2006). Subsequent albums included their commercial breakthrough, 7 (2003), as well as Mein Rasend Herz (2005) and Raue Spree 2005 (2006), all of which were Top Five hits on the German albums chart. The band also scored a series of modestly successful hit singles, most notably the Top 40 hits ""Küss Mich"" (2003) and ""Nur Ihr Allein"" (2005).
In 2008, In Extremo scored their first German number one album with the release of Sängerkrieg. Citing musical differences, drummer Der Morgenstern departed in 2010, though the band continued on and released 2011's Sterneneisen, followed a year later by a live version of the record, 2012's Sterneneisen Live. The 2013 album Kunstraub introduced new drummer Florian ""Specki T.D."" Speckardt, and proved that the group's German fans were still behind them -- the set peaked at number two on the German sales charts. 2015 saw the release of the massive, career-spanning, 13-track box set 20 Wahre Jahre, and in 2016, the band issued their 12th studio long-player, Quid Pro Quo. Boris Pfeiffer (aka Yellow Pfeiffer) died in Wandlitz, Germany, shortly after attending a rally protesting COVID-19 restrictions on January 24, 2022; he was 53 years old. ~ Jason Birchmeier",Spielmann,Unknown,https://www.youtube.com/watch?v=55-7_q9GLlI&list=RD55-7_q9GLlI&start_radio=1&pp=ygUUSW4gRXh0cmVtbyBTcGllbG1hbm6gBwE%3D,Mix - In Extremo   Spielmann
Music. Magic. Ironic.,https://lastfm.freetls.fastly.net/i/u/300x300/f05cffacd1e422ae395ba54e77d1dc2f.jpg,Incognito,2025-01-01,"Among the most prolific and popular of the 90s UK jazz funk generation, Incognito’s origins can be traced back to the previous decade’s Britfunk movement. The mainstay of the band is Jean Paul ‘Bluey’ Maunick, a veteran of Light Of The World. His original co-conspirator in Incognito was Paul ‘Tubs’ Williams (b. 11 October 1962, Hackney, London, England, d. 10 January 2007, Rotterdam, Netherlands), plus a loose collection of friends and associates including Ganiyu ‘Gee’ Bello, Ray Carless, Jef Dunn, Vin Gordon and Peter Hinds. Incognito made their debut when a demo single, ‘Parisienne Girl’, received such strong club and radio support that it was made an official release, peaking at number 73 in the UK charts in 1980. However, this early incarnation of the band was a brief one, and yielded just a single album for Ensign Records. Williams joined The Team, a funk group assembled by Bello, also working with Maunick on his Warriors side project. However, at the prompting of Gilles Peterson of Talkin’ Loud Records, Incognito reconvened in the 90s with Maunick again at the helm. This time, a variety of guest singers were included in the package. ‘Always There’ (1991) featured the vocals of Jocelyn Brown, and was also remixed by David Morales (though Maunick was none too happy with the experiment). It reached number 6 in the UK charts. Maysa Leak, who had begun by guesting on their 1991 single ‘Crazy For You’, left the band amicably in June 1994. She was previously best known for her contribution to Stock, Aitken And Waterman’s hit single ‘Roadblock’. The highly-rated Positivity sold over 350, 000 copies in the USA, a market where Maunick was also beginning to enjoy success as a producer (Chaka Khan, George Benson). For 1995’s fifth album the new vocal recruits were Joy Malcolm (ex-Young Disciples) and Pamela Anderson (a relative of Carleen and Jhelisa Anderson). This time the sound veered from jazz funk to include Philly soul-styled orchestral arrangements and more luxuriant vocal interplay. Further releases honed the Incognito sound to perfection, and the band entered the new millennium with their popularity greater than ever.",It's About Time,Unknown,https://www.youtube.com/watch?v=pHnMCnV0QNA&list=RDpHnMCnV0QNA&start_radio=1&pp=ygUYSW5jb2duaXRvIEl0cyBBYm91dCBUaW1loAcB,ERROR: Private/Dead/Protected
Music. Magic. Ironic.,https://lastfm.freetls.fastly.net/i/u/300x300/f05cffacd1e422ae395ba54e77d1dc2f.jpg,Incognito,2025-01-01,"Among the most prolific and popular of the 90s UK jazz funk generation, Incognito’s origins can be traced back to the previous decade’s Britfunk movement. The mainstay of the band is Jean Paul ‘Bluey’ Maunick, a veteran of Light Of The World. His original co-conspirator in Incognito was Paul ‘Tubs’ Williams (b. 11 October 1962, Hackney, London, England, d. 10 January 2007, Rotterdam, Netherlands), plus a loose collection of friends and associates including Ganiyu ‘Gee’ Bello, Ray Carless, Jef Dunn, Vin Gordon and Peter Hinds. Incognito made their debut when a demo single, ‘Parisienne Girl’, received such strong club and radio support that it was made an official release, peaking at number 73 in the UK charts in 1980. However, this early incarnation of the band was a brief one, and yielded just a single album for Ensign Records. Williams joined The Team, a funk group assembled by Bello, also working with Maunick on his Warriors side project. However, at the prompting of Gilles Peterson of Talkin’ Loud Records, Incognito reconvened in the 90s with Maunick again at the helm. This time, a variety of guest singers were included in the package. ‘Always There’ (1991) featured the vocals of Jocelyn Brown, and was also remixed by David Morales (though Maunick was none too happy with the experiment). It reached number 6 in the UK charts. Maysa Leak, who had begun by guesting on their 1991 single ‘Crazy For You’, left the band amicably in June 1994. She was previously best known for her contribution to Stock, Aitken And Waterman’s hit single ‘Roadblock’. The highly-rated Positivity sold over 350, 000 copies in the USA, a market where Maunick was also beginning to enjoy success as a producer (Chaka Khan, George Benson). For 1995’s fifth album the new vocal recruits were Joy Malcolm (ex-Young Disciples) and Pamela Anderson (a relative of Carleen and Jhelisa Anderson). This time the sound veered from jazz funk to include Philly soul-styled orchestral arrangements and more luxuriant vocal interplay. Further releases honed the Incognito sound to perfection, and the band entered the new millennium with their popularity greater than ever.",Running Away,Unknown,https://www.youtube.com/watch?v=U2zMVVcS4gc&list=RDU2zMVVcS4gc&start_radio=1&pp=ygUWSW5jb2duaXRvIFJ1bm5pbmcgQXdheaAHAQ%3D%3D,ERROR: Private/Dead/Protected
Music. Magic. Ironic.,https://lastfm.freetls.fastly.net/i/u/300x300/f05cffacd1e422ae395ba54e77d1dc2f.jpg,Incognito,2025-01-01,"Among the most prolific and popular of the 90s UK jazz funk generation, Incognito’s origins can be traced back to the previous decade’s Britfunk movement. The mainstay of the band is Jean Paul ‘Bluey’ Maunick, a veteran of Light Of The World. His original co-conspirator in Incognito was Paul ‘Tubs’ Williams (b. 11 October 1962, Hackney, London, England, d. 10 January 2007, Rotterdam, Netherlands), plus a loose collection of friends and associates including Ganiyu ‘Gee’ Bello, Ray Carless, Jef Dunn, Vin Gordon and Peter Hinds. Incognito made their debut when a demo single, ‘Parisienne Girl’, received such strong club and radio support that it was made an official release, peaking at number 73 in the UK charts in 1980. However, this early incarnation of the band was a brief one, and yielded just a single album for Ensign Records. Williams joined The Team, a funk group assembled by Bello, also working with Maunick on his Warriors side project. However, at the prompting of Gilles Peterson of Talkin’ Loud Records, Incognito reconvened in the 90s with Maunick again at the helm. This time, a variety of guest singers were included in the package. ‘Always There’ (1991) featured the vocals of Jocelyn Brown, and was also remixed by David Morales (though Maunick was none too happy with the experiment). It reached number 6 in the UK charts. Maysa Leak, who had begun by guesting on their 1991 single ‘Crazy For You’, left the band amicably in June 1994. She was previously best known for her contribution to Stock, Aitken And Waterman’s hit single ‘Roadblock’. The highly-rated Positivity sold over 350, 000 copies in the USA, a market where Maunick was also beginning to enjoy success as a producer (Chaka Khan, George Benson). For 1995’s fifth album the new vocal recruits were Joy Malcolm (ex-Young Disciples) and Pamela Anderson (a relative of Carleen and Jhelisa Anderson). This time the sound veered from jazz funk to include Philly soul-styled orchestral arrangements and more luxuriant vocal interplay. Further releases honed the Incognito sound to perfection, and the band entered the new millennium with their popularity greater than ever.",Can't Be a Fool,Unknown,https://www.youtube.com/watch?v=NMb6WkP-3P4&list=RDNMb6WkP-3P4&start_radio=1&pp=ygUYSW5jb2duaXRvIENhbnQgQmUgYSBGb29soAcB,ERROR: Private/Dead/Protected
Music. Magic. Ironic.,https://lastfm.freetls.fastly.net/i/u/300x300/f05cffacd1e422ae395ba54e77d1dc2f.jpg,Incognito,2025-01-01,"Among the most prolific and popular of the 90s UK jazz funk generation, Incognito’s origins can be traced back to the previous decade’s Britfunk movement. The mainstay of the band is Jean Paul ‘Bluey’ Maunick, a veteran of Light Of The World. His original co-conspirator in Incognito was Paul ‘Tubs’ Williams (b. 11 October 1962, Hackney, London, England, d. 10 January 2007, Rotterdam, Netherlands), plus a loose collection of friends and associates including Ganiyu ‘Gee’ Bello, Ray Carless, Jef Dunn, Vin Gordon and Peter Hinds. Incognito made their debut when a demo single, ‘Parisienne Girl’, received such strong club and radio support that it was made an official release, peaking at number 73 in the UK charts in 1980. However, this early incarnation of the band was a brief one, and yielded just a single album for Ensign Records. Williams joined The Team, a funk group assembled by Bello, also working with Maunick on his Warriors side project. However, at the prompting of Gilles Peterson of Talkin’ Loud Records, Incognito reconvened in the 90s with Maunick again at the helm. This time, a variety of guest singers were included in the package. ‘Always There’ (1991) featured the vocals of Jocelyn Brown, and was also remixed by David Morales (though Maunick was none too happy with the experiment). It reached number 6 in the UK charts. Maysa Leak, who had begun by guesting on their 1991 single ‘Crazy For You’, left the band amicably in June 1994. She was previously best known for her contribution to Stock, Aitken And Waterman’s hit single ‘Roadblock’. The highly-rated Positivity sold over 350, 000 copies in the USA, a market where Maunick was also beginning to enjoy success as a producer (Chaka Khan, George Benson). For 1995’s fifth album the new vocal recruits were Joy Malcolm (ex-Young Disciples) and Pamela Anderson (a relative of Carleen and Jhelisa Anderson). This time the sound veered from jazz funk to include Philly soul-styled orchestral arrangements and more luxuriant vocal interplay. Further releases honed the Incognito sound to perfection, and the band entered the new millennium with their popularity greater than ever.",Lost Until I Want to Be Found,Unknown,https://www.youtube.com/watch?v=-pcPydPVGK4&list=RD-pcPydPVGK4&start_radio=1&pp=ygUpSW5jb2duaXRvIC0gTG9zdCBVbnRpbCBJIFdhbnQgdG8gQmUgRm91bmSgBwE%3D,ERROR: Private/Dead/Protected
Music. Magic. Ironic.,https://lastfm.freetls.fastly.net/i/u/300x300/f05cffacd1e422ae395ba54e77d1dc2f.jpg,Incognito,2025-01-01,"Among the most prolific and popular of the 90s UK jazz funk generation, Incognito’s origins can be traced back to the previous decade’s Britfunk movement. The mainstay of the band is Jean Paul ‘Bluey’ Maunick, a veteran of Light Of The World. His original co-conspirator in Incognito was Paul ‘Tubs’ Williams (b. 11 October 1962, Hackney, London, England, d. 10 January 2007, Rotterdam, Netherlands), plus a loose collection of friends and associates including Ganiyu ‘Gee’ Bello, Ray Carless, Jef Dunn, Vin Gordon and Peter Hinds. Incognito made their debut when a demo single, ‘Parisienne Girl’, received such strong club and radio support that it was made an official release, peaking at number 73 in the UK charts in 1980. However, this early incarnation of the band was a brief one, and yielded just a single album for Ensign Records. Williams joined The Team, a funk group assembled by Bello, also working with Maunick on his Warriors side project. However, at the prompting of Gilles Peterson of Talkin’ Loud Records, Incognito reconvened in the 90s with Maunick again at the helm. This time, a variety of guest singers were included in the package. ‘Always There’ (1991) featured the vocals of Jocelyn Brown, and was also remixed by David Morales (though Maunick was none too happy with the experiment). It reached number 6 in the UK charts. Maysa Leak, who had begun by guesting on their 1991 single ‘Crazy For You’, left the band amicably in June 1994. She was previously best known for her contribution to Stock, Aitken And Waterman’s hit single ‘Roadblock’. The highly-rated Positivity sold over 350, 000 copies in the USA, a market where Maunick was also beginning to enjoy success as a producer (Chaka Khan, George Benson). For 1995’s fifth album the new vocal recruits were Joy Malcolm (ex-Young Disciples) and Pamela Anderson (a relative of Carleen and Jhelisa Anderson). This time the sound veered from jazz funk to include Philly soul-styled orchestral arrangements and more luxuriant vocal interplay. Further releases honed the Incognito sound to perfection, and the band entered the new millennium with their popularity greater than ever.",Reasons to Love,Unknown,https://www.youtube.com/watch?v=pTNvPzLTaq4&list=RDpTNvPzLTaq4&start_radio=1&pp=ygUbSW5jb2duaXRvIC0gUmVhc29ucyB0byBMb3ZloAcB,ERROR: Private/Dead/Protected
Music. Magic. Ironic.,https://lastfm.freetls.fastly.net/i/u/300x300/f05cffacd1e422ae395ba54e77d1dc2f.jpg,Incognito,2025-01-01,"Among the most prolific and popular of the 90s UK jazz funk generation, Incognito’s origins can be traced back to the previous decade’s Britfunk movement. The mainstay of the band is Jean Paul ‘Bluey’ Maunick, a veteran of Light Of The World. His original co-conspirator in Incognito was Paul ‘Tubs’ Williams (b. 11 October 1962, Hackney, London, England, d. 10 January 2007, Rotterdam, Netherlands), plus a loose collection of friends and associates including Ganiyu ‘Gee’ Bello, Ray Carless, Jef Dunn, Vin Gordon and Peter Hinds. Incognito made their debut when a demo single, ‘Parisienne Girl’, received such strong club and radio support that it was made an official release, peaking at number 73 in the UK charts in 1980. However, this early incarnation of the band was a brief one, and yielded just a single album for Ensign Records. Williams joined The Team, a funk group assembled by Bello, also working with Maunick on his Warriors side project. However, at the prompting of Gilles Peterson of Talkin’ Loud Records, Incognito reconvened in the 90s with Maunick again at the helm. This time, a variety of guest singers were included in the package. ‘Always There’ (1991) featured the vocals of Jocelyn Brown, and was also remixed by David Morales (though Maunick was none too happy with the experiment). It reached number 6 in the UK charts. Maysa Leak, who had begun by guesting on their 1991 single ‘Crazy For You’, left the band amicably in June 1994. She was previously best known for her contribution to Stock, Aitken And Waterman’s hit single ‘Roadblock’. The highly-rated Positivity sold over 350, 000 copies in the USA, a market where Maunick was also beginning to enjoy success as a producer (Chaka Khan, George Benson). For 1995’s fifth album the new vocal recruits were Joy Malcolm (ex-Young Disciples) and Pamela Anderson (a relative of Carleen and Jhelisa Anderson). This time the sound veered from jazz funk to include Philly soul-styled orchestral arrangements and more luxuriant vocal interplay. Further releases honed the Incognito sound to perfection, and the band entered the new millennium with their popularity greater than ever.",Can't Give Up on This Feeling,Unknown,https://www.youtube.com/watch?v=vJ-pjzRdp1Q&list=RDvJ-pjzRdp1Q&start_radio=1&pp=ygUpSW5jb2duaXRvIC0gQ2FuJ3QgR2l2ZSBVcCBvbiBUaGlzIEZlZWxpbmegBwE%3D,ERROR: Private/Dead/Protected
Inside Life,https://lastfm.freetls.fastly.net/i/u/300x300/90c7f3d883a4964529c6b6a01fae1c81.png,Incognito,1991-06-25,"Among the most prolific and popular of the 90s UK jazz funk generation, Incognito’s origins can be traced back to the previous decade’s Britfunk movement. The mainstay of the band is Jean Paul ‘Bluey’ Maunick, a veteran of Light Of The World. His original co-conspirator in Incognito was Paul ‘Tubs’ Williams (b. 11 October 1962, Hackney, London, England, d. 10 January 2007, Rotterdam, Netherlands), plus a loose collection of friends and associates including Ganiyu ‘Gee’ Bello, Ray Carless, Jef Dunn, Vin Gordon and Peter Hinds. Incognito made their debut when a demo single, ‘Parisienne Girl’, received such strong club and radio support that it was made an official release, peaking at number 73 in the UK charts in 1980. However, this early incarnation of the band was a brief one, and yielded just a single album for Ensign Records. Williams joined The Team, a funk group assembled by Bello, also working with Maunick on his Warriors side project. However, at the prompting of Gilles Peterson of Talkin’ Loud Records, Incognito reconvened in the 90s with Maunick again at the helm. This time, a variety of guest singers were included in the package. ‘Always There’ (1991) featured the vocals of Jocelyn Brown, and was also remixed by David Morales (though Maunick was none too happy with the experiment). It reached number 6 in the UK charts. Maysa Leak, who had begun by guesting on their 1991 single ‘Crazy For You’, left the band amicably in June 1994. She was previously best known for her contribution to Stock, Aitken And Waterman’s hit single ‘Roadblock’. The highly-rated Positivity sold over 350, 000 copies in the USA, a market where Maunick was also beginning to enjoy success as a producer (Chaka Khan, George Benson). For 1995’s fifth album the new vocal recruits were Joy Malcolm (ex-Young Disciples) and Pamela Anderson (a relative of Carleen and Jhelisa Anderson). This time the sound veered from jazz funk to include Philly soul-styled orchestral arrangements and more luxuriant vocal interplay. Further releases honed the Incognito sound to perfection, and the band entered the new millennium with their popularity greater than ever.",One Step to a Miracle,Unknown,https://www.youtube.com/watch?v=zQX7jJwjZdk&list=RDzQX7jJwjZdk&start_radio=1&pp=ygUfSW5jb2duaXRvIE9uZSBTdGVwIHRvIGEgTWlyYWNsZaAHAQ%3D%3D,ERROR: Private/Dead/Protected
Inside Life,https://lastfm.freetls.fastly.net/i/u/300x300/90c7f3d883a4964529c6b6a01fae1c81.png,Incognito,1991-06-25,"Among the most prolific and popular of the 90s UK jazz funk generation, Incognito’s origins can be traced back to the previous decade’s Britfunk movement. The mainstay of the band is Jean Paul ‘Bluey’ Maunick, a veteran of Light Of The World. His original co-conspirator in Incognito was Paul ‘Tubs’ Williams (b. 11 October 1962, Hackney, London, England, d. 10 January 2007, Rotterdam, Netherlands), plus a loose collection of friends and associates including Ganiyu ‘Gee’ Bello, Ray Carless, Jef Dunn, Vin Gordon and Peter Hinds. Incognito made their debut when a demo single, ‘Parisienne Girl’, received such strong club and radio support that it was made an official release, peaking at number 73 in the UK charts in 1980. However, this early incarnation of the band was a brief one, and yielded just a single album for Ensign Records. Williams joined The Team, a funk group assembled by Bello, also working with Maunick on his Warriors side project. However, at the prompting of Gilles Peterson of Talkin’ Loud Records, Incognito reconvened in the 90s with Maunick again at the helm. This time, a variety of guest singers were included in the package. ‘Always There’ (1991) featured the vocals of Jocelyn Brown, and was also remixed by David Morales (though Maunick was none too happy with the experiment). It reached number 6 in the UK charts. Maysa Leak, who had begun by guesting on their 1991 single ‘Crazy For You’, left the band amicably in June 1994. She was previously best known for her contribution to Stock, Aitken And Waterman’s hit single ‘Roadblock’. The highly-rated Positivity sold over 350, 000 copies in the USA, a market where Maunick was also beginning to enjoy success as a producer (Chaka Khan, George Benson). For 1995’s fifth album the new vocal recruits were Joy Malcolm (ex-Young Disciples) and Pamela Anderson (a relative of Carleen and Jhelisa Anderson). This time the sound veered from jazz funk to include Philly soul-styled orchestral arrangements and more luxuriant vocal interplay. Further releases honed the Incognito sound to perfection, and the band entered the new millennium with their popularity greater than ever.",Crazy for You,Unknown,https://www.youtube.com/watch?v=PMIgcWh5Iy4&list=RDPMIgcWh5Iy4&start_radio=1&pp=ygUXSW5jb2duaXRvIENyYXp5IGZvciBZb3WgBwE%3D,ERROR: Private/Dead/Protected
Inside Life,https://lastfm.freetls.fastly.net/i/u/300x300/90c7f3d883a4964529c6b6a01fae1c81.png,Incognito,1991-06-25,"Among the most prolific and popular of the 90s UK jazz funk generation, Incognito’s origins can be traced back to the previous decade’s Britfunk movement. The mainstay of the band is Jean Paul ‘Bluey’ Maunick, a veteran of Light Of The World. His original co-conspirator in Incognito was Paul ‘Tubs’ Williams (b. 11 October 1962, Hackney, London, England, d. 10 January 2007, Rotterdam, Netherlands), plus a loose collection of friends and associates including Ganiyu ‘Gee’ Bello, Ray Carless, Jef Dunn, Vin Gordon and Peter Hinds. Incognito made their debut when a demo single, ‘Parisienne Girl’, received such strong club and radio support that it was made an official release, peaking at number 73 in the UK charts in 1980. However, this early incarnation of the band was a brief one, and yielded just a single album for Ensign Records. Williams joined The Team, a funk group assembled by Bello, also working with Maunick on his Warriors side project. However, at the prompting of Gilles Peterson of Talkin’ Loud Records, Incognito reconvened in the 90s with Maunick again at the helm. This time, a variety of guest singers were included in the package. ‘Always There’ (1991) featured the vocals of Jocelyn Brown, and was also remixed by David Morales (though Maunick was none too happy with the experiment). It reached number 6 in the UK charts. Maysa Leak, who had begun by guesting on their 1991 single ‘Crazy For You’, left the band amicably in June 1994. She was previously best known for her contribution to Stock, Aitken And Waterman’s hit single ‘Roadblock’. The highly-rated Positivity sold over 350, 000 copies in the USA, a market where Maunick was also beginning to enjoy success as a producer (Chaka Khan, George Benson). For 1995’s fifth album the new vocal recruits were Joy Malcolm (ex-Young Disciples) and Pamela Anderson (a relative of Carleen and Jhelisa Anderson). This time the sound veered from jazz funk to include Philly soul-styled orchestral arrangements and more luxuriant vocal interplay. Further releases honed the Incognito sound to perfection, and the band entered the new millennium with their popularity greater than ever.",Always There,Unknown,https://www.youtube.com/watch?v=X6JM8iagb8o&list=RDX6JM8iagb8o&start_radio=1&pp=ygUWSW5jb2duaXRvIEFsd2F5cyBUaGVyZaAHAdIHCQnbCgGHKiGM7w%3D%3D,ERROR: Private/Dead/Protected
Positivity,https://lastfm.freetls.fastly.net/i/u/300x300/b613f14dd5d141c79fbd22d6b5512b3f.jpg,Incognito,1993-11-17,"Among the most prolific and popular of the 90s UK jazz funk generation, Incognito’s origins can be traced back to the previous decade’s Britfunk movement. The mainstay of the band is Jean Paul ‘Bluey’ Maunick, a veteran of Light Of The World. His original co-conspirator in Incognito was Paul ‘Tubs’ Williams (b. 11 October 1962, Hackney, London, England, d. 10 January 2007, Rotterdam, Netherlands), plus a loose collection of friends and associates including Ganiyu ‘Gee’ Bello, Ray Carless, Jef Dunn, Vin Gordon and Peter Hinds. Incognito made their debut when a demo single, ‘Parisienne Girl’, received such strong club and radio support that it was made an official release, peaking at number 73 in the UK charts in 1980. However, this early incarnation of the band was a brief one, and yielded just a single album for Ensign Records. Williams joined The Team, a funk group assembled by Bello, also working with Maunick on his Warriors side project. However, at the prompting of Gilles Peterson of Talkin’ Loud Records, Incognito reconvened in the 90s with Maunick again at the helm. This time, a variety of guest singers were included in the package. ‘Always There’ (1991) featured the vocals of Jocelyn Brown, and was also remixed by David Morales (though Maunick was none too happy with the experiment). It reached number 6 in the UK charts. Maysa Leak, who had begun by guesting on their 1991 single ‘Crazy For You’, left the band amicably in June 1994. She was previously best known for her contribution to Stock, Aitken And Waterman’s hit single ‘Roadblock’. The highly-rated Positivity sold over 350, 000 copies in the USA, a market where Maunick was also beginning to enjoy success as a producer (Chaka Khan, George Benson). For 1995’s fifth album the new vocal recruits were Joy Malcolm (ex-Young Disciples) and Pamela Anderson (a relative of Carleen and Jhelisa Anderson). This time the sound veered from jazz funk to include Philly soul-styled orchestral arrangements and more luxuriant vocal interplay. Further releases honed the Incognito sound to perfection, and the band entered the new millennium with their popularity greater than ever.",Still a Friend of Mine,Unknown,https://www.youtube.com/watch?v=X0tPaeW5lQk&list=RDX0tPaeW5lQk&start_radio=1&pp=ygUgSW5jb2duaXRvIFN0aWxsIGEgRnJpZW5kIG9mIE1pbmWgBwE%3D,ERROR: Private/Dead/Protected
Positivity,https://lastfm.freetls.fastly.net/i/u/300x300/b613f14dd5d141c79fbd22d6b5512b3f.jpg,Incognito,1993-11-17,"Among the most prolific and popular of the 90s UK jazz funk generation, Incognito’s origins can be traced back to the previous decade’s Britfunk movement. The mainstay of the band is Jean Paul ‘Bluey’ Maunick, a veteran of Light Of The World. His original co-conspirator in Incognito was Paul ‘Tubs’ Williams (b. 11 October 1962, Hackney, London, England, d. 10 January 2007, Rotterdam, Netherlands), plus a loose collection of friends and associates including Ganiyu ‘Gee’ Bello, Ray Carless, Jef Dunn, Vin Gordon and Peter Hinds. Incognito made their debut when a demo single, ‘Parisienne Girl’, received such strong club and radio support that it was made an official release, peaking at number 73 in the UK charts in 1980. However, this early incarnation of the band was a brief one, and yielded just a single album for Ensign Records. Williams joined The Team, a funk group assembled by Bello, also working with Maunick on his Warriors side project. However, at the prompting of Gilles Peterson of Talkin’ Loud Records, Incognito reconvened in the 90s with Maunick again at the helm. This time, a variety of guest singers were included in the package. ‘Always There’ (1991) featured the vocals of Jocelyn Brown, and was also remixed by David Morales (though Maunick was none too happy with the experiment). It reached number 6 in the UK charts. Maysa Leak, who had begun by guesting on their 1991 single ‘Crazy For You’, left the band amicably in June 1994. She was previously best known for her contribution to Stock, Aitken And Waterman’s hit single ‘Roadblock’. The highly-rated Positivity sold over 350, 000 copies in the USA, a market where Maunick was also beginning to enjoy success as a producer (Chaka Khan, George Benson). For 1995’s fifth album the new vocal recruits were Joy Malcolm (ex-Young Disciples) and Pamela Anderson (a relative of Carleen and Jhelisa Anderson). This time the sound veered from jazz funk to include Philly soul-styled orchestral arrangements and more luxuriant vocal interplay. Further releases honed the Incognito sound to perfection, and the band entered the new millennium with their popularity greater than ever.",Smiling Faces,Unknown,https://www.youtube.com/watch?v=RphCWcoNRGg&list=RDRphCWcoNRGg&start_radio=1&pp=ygUXSW5jb2duaXRvIFNtaWxpbmcgRmFjZXOgBwE%3D,ERROR: Private/Dead/Protected
Positivity,https://lastfm.freetls.fastly.net/i/u/300x300/b613f14dd5d141c79fbd22d6b5512b3f.jpg,Incognito,1993-11-17,"Among the most prolific and popular of the 90s UK jazz funk generation, Incognito’s origins can be traced back to the previous decade’s Britfunk movement. The mainstay of the band is Jean Paul ‘Bluey’ Maunick, a veteran of Light Of The World. His original co-conspirator in Incognito was Paul ‘Tubs’ Williams (b. 11 October 1962, Hackney, London, England, d. 10 January 2007, Rotterdam, Netherlands), plus a loose collection of friends and associates including Ganiyu ‘Gee’ Bello, Ray Carless, Jef Dunn, Vin Gordon and Peter Hinds. Incognito made their debut when a demo single, ‘Parisienne Girl’, received such strong club and radio support that it was made an official release, peaking at number 73 in the UK charts in 1980. However, this early incarnation of the band was a brief one, and yielded just a single album for Ensign Records. Williams joined The Team, a funk group assembled by Bello, also working with Maunick on his Warriors side project. However, at the prompting of Gilles Peterson of Talkin’ Loud Records, Incognito reconvened in the 90s with Maunick again at the helm. This time, a variety of guest singers were included in the package. ‘Always There’ (1991) featured the vocals of Jocelyn Brown, and was also remixed by David Morales (though Maunick was none too happy with the experiment). It reached number 6 in the UK charts. Maysa Leak, who had begun by guesting on their 1991 single ‘Crazy For You’, left the band amicably in June 1994. She was previously best known for her contribution to Stock, Aitken And Waterman’s hit single ‘Roadblock’. The highly-rated Positivity sold over 350, 000 copies in the USA, a market where Maunick was also beginning to enjoy success as a producer (Chaka Khan, George Benson). For 1995’s fifth album the new vocal recruits were Joy Malcolm (ex-Young Disciples) and Pamela Anderson (a relative of Carleen and Jhelisa Anderson). This time the sound veered from jazz funk to include Philly soul-styled orchestral arrangements and more luxuriant vocal interplay. Further releases honed the Incognito sound to perfection, and the band entered the new millennium with their popularity greater than ever.",Positivity,Unknown,https://www.youtube.com/watch?v=q6_ZqL29uSs&list=RDq6_ZqL29uSs&start_radio=1&pp=ygUWSW5jb2duaXRvIC0gUG9zaXRpdml0eaAHAQ%3D%3D,ERROR: Private/Dead/Protected
Positivity,https://lastfm.freetls.fastly.net/i/u/300x300/b613f14dd5d141c79fbd22d6b5512b3f.jpg,Incognito,1993-11-17,"Among the most prolific and popular of the 90s UK jazz funk generation, Incognito’s origins can be traced back to the previous decade’s Britfunk movement. The mainstay of the band is Jean Paul ‘Bluey’ Maunick, a veteran of Light Of The World. His original co-conspirator in Incognito was Paul ‘Tubs’ Williams (b. 11 October 1962, Hackney, London, England, d. 10 January 2007, Rotterdam, Netherlands), plus a loose collection of friends and associates including Ganiyu ‘Gee’ Bello, Ray Carless, Jef Dunn, Vin Gordon and Peter Hinds. Incognito made their debut when a demo single, ‘Parisienne Girl’, received such strong club and radio support that it was made an official release, peaking at number 73 in the UK charts in 1980. However, this early incarnation of the band was a brief one, and yielded just a single album for Ensign Records. Williams joined The Team, a funk group assembled by Bello, also working with Maunick on his Warriors side project. However, at the prompting of Gilles Peterson of Talkin’ Loud Records, Incognito reconvened in the 90s with Maunick again at the helm. This time, a variety of guest singers were included in the package. ‘Always There’ (1991) featured the vocals of Jocelyn Brown, and was also remixed by David Morales (though Maunick was none too happy with the experiment). It reached number 6 in the UK charts. Maysa Leak, who had begun by guesting on their 1991 single ‘Crazy For You’, left the band amicably in June 1994. She was previously best known for her contribution to Stock, Aitken And Waterman’s hit single ‘Roadblock’. The highly-rated Positivity sold over 350, 000 copies in the USA, a market where Maunick was also beginning to enjoy success as a producer (Chaka Khan, George Benson). For 1995’s fifth album the new vocal recruits were Joy Malcolm (ex-Young Disciples) and Pamela Anderson (a relative of Carleen and Jhelisa Anderson). This time the sound veered from jazz funk to include Philly soul-styled orchestral arrangements and more luxuriant vocal interplay. Further releases honed the Incognito sound to perfection, and the band entered the new millennium with their popularity greater than ever.",Inversions,Unknown,https://www.youtube.com/watch?v=pJ0FEcx3j7s&list=RDpJ0FEcx3j7s&start_radio=1&pp=ygUUSW5jb2duaXRvIEludmVyc2lvbnOgBwE%3D,ERROR: Private/Dead/Protected
Positivity,https://lastfm.freetls.fastly.net/i/u/300x300/b613f14dd5d141c79fbd22d6b5512b3f.jpg,Incognito,1993-11-17,"Among the most prolific and popular of the 90s UK jazz funk generation, Incognito’s origins can be traced back to the previous decade’s Britfunk movement. The mainstay of the band is Jean Paul ‘Bluey’ Maunick, a veteran of Light Of The World. His original co-conspirator in Incognito was Paul ‘Tubs’ Williams (b. 11 October 1962, Hackney, London, England, d. 10 January 2007, Rotterdam, Netherlands), plus a loose collection of friends and associates including Ganiyu ‘Gee’ Bello, Ray Carless, Jef Dunn, Vin Gordon and Peter Hinds. Incognito made their debut when a demo single, ‘Parisienne Girl’, received such strong club and radio support that it was made an official release, peaking at number 73 in the UK charts in 1980. However, this early incarnation of the band was a brief one, and yielded just a single album for Ensign Records. Williams joined The Team, a funk group assembled by Bello, also working with Maunick on his Warriors side project. However, at the prompting of Gilles Peterson of Talkin’ Loud Records, Incognito reconvened in the 90s with Maunick again at the helm. This time, a variety of guest singers were included in the package. ‘Always There’ (1991) featured the vocals of Jocelyn Brown, and was also remixed by David Morales (though Maunick was none too happy with the experiment). It reached number 6 in the UK charts. Maysa Leak, who had begun by guesting on their 1991 single ‘Crazy For You’, left the band amicably in June 1994. She was previously best known for her contribution to Stock, Aitken And Waterman’s hit single ‘Roadblock’. The highly-rated Positivity sold over 350, 000 copies in the USA, a market where Maunick was also beginning to enjoy success as a producer (Chaka Khan, George Benson). For 1995’s fifth album the new vocal recruits were Joy Malcolm (ex-Young Disciples) and Pamela Anderson (a relative of Carleen and Jhelisa Anderson). This time the sound veered from jazz funk to include Philly soul-styled orchestral arrangements and more luxuriant vocal interplay. Further releases honed the Incognito sound to perfection, and the band entered the new millennium with their popularity greater than ever.",Keep the Fires Burning,Unknown,https://www.youtube.com/watch?v=j7ZVX9aUjzY&list=RDj7ZVX9aUjzY&start_radio=1&pp=ygUiSW5jb2duaXRvIC0gS2VlcCB0aGUgRmlyZXMgQnVybmluZ6AHAdIHCQnZCgGHKiGM7w%3D%3D,ERROR: Private/Dead/Protected
Positivity,https://lastfm.freetls.fastly.net/i/u/300x300/b613f14dd5d141c79fbd22d6b5512b3f.jpg,Incognito,1993-11-17,"Among the most prolific and popular of the 90s UK jazz funk generation, Incognito’s origins can be traced back to the previous decade’s Britfunk movement. The mainstay of the band is Jean Paul ‘Bluey’ Maunick, a veteran of Light Of The World. His original co-conspirator in Incognito was Paul ‘Tubs’ Williams (b. 11 October 1962, Hackney, London, England, d. 10 January 2007, Rotterdam, Netherlands), plus a loose collection of friends and associates including Ganiyu ‘Gee’ Bello, Ray Carless, Jef Dunn, Vin Gordon and Peter Hinds. Incognito made their debut when a demo single, ‘Parisienne Girl’, received such strong club and radio support that it was made an official release, peaking at number 73 in the UK charts in 1980. However, this early incarnation of the band was a brief one, and yielded just a single album for Ensign Records. Williams joined The Team, a funk group assembled by Bello, also working with Maunick on his Warriors side project. However, at the prompting of Gilles Peterson of Talkin’ Loud Records, Incognito reconvened in the 90s with Maunick again at the helm. This time, a variety of guest singers were included in the package. ‘Always There’ (1991) featured the vocals of Jocelyn Brown, and was also remixed by David Morales (though Maunick was none too happy with the experiment). It reached number 6 in the UK charts. Maysa Leak, who had begun by guesting on their 1991 single ‘Crazy For You’, left the band amicably in June 1994. She was previously best known for her contribution to Stock, Aitken And Waterman’s hit single ‘Roadblock’. The highly-rated Positivity sold over 350, 000 copies in the USA, a market where Maunick was also beginning to enjoy success as a producer (Chaka Khan, George Benson). For 1995’s fifth album the new vocal recruits were Joy Malcolm (ex-Young Disciples) and Pamela Anderson (a relative of Carleen and Jhelisa Anderson). This time the sound veered from jazz funk to include Philly soul-styled orchestral arrangements and more luxuriant vocal interplay. Further releases honed the Incognito sound to perfection, and the band entered the new millennium with their popularity greater than ever.",Givin’ It Up,Unknown,https://www.youtube.com/watch?v=aIl5dBKyOWw&list=RDaIl5dBKyOWw&start_radio=1&pp=ygUVSW5jb2duaXRvIEdpdmluIEl0IFVwoAcB,ERROR: Private/Dead/Protected
Positivity,https://lastfm.freetls.fastly.net/i/u/300x300/b613f14dd5d141c79fbd22d6b5512b3f.jpg,Incognito,1993-11-17,"Among the most prolific and popular of the 90s UK jazz funk generation, Incognito’s origins can be traced back to the previous decade’s Britfunk movement. The mainstay of the band is Jean Paul ‘Bluey’ Maunick, a veteran of Light Of The World. His original co-conspirator in Incognito was Paul ‘Tubs’ Williams (b. 11 October 1962, Hackney, London, England, d. 10 January 2007, Rotterdam, Netherlands), plus a loose collection of friends and associates including Ganiyu ‘Gee’ Bello, Ray Carless, Jef Dunn, Vin Gordon and Peter Hinds. Incognito made their debut when a demo single, ‘Parisienne Girl’, received such strong club and radio support that it was made an official release, peaking at number 73 in the UK charts in 1980. However, this early incarnation of the band was a brief one, and yielded just a single album for Ensign Records. Williams joined The Team, a funk group assembled by Bello, also working with Maunick on his Warriors side project. However, at the prompting of Gilles Peterson of Talkin’ Loud Records, Incognito reconvened in the 90s with Maunick again at the helm. This time, a variety of guest singers were included in the package. ‘Always There’ (1991) featured the vocals of Jocelyn Brown, and was also remixed by David Morales (though Maunick was none too happy with the experiment). It reached number 6 in the UK charts. Maysa Leak, who had begun by guesting on their 1991 single ‘Crazy For You’, left the band amicably in June 1994. She was previously best known for her contribution to Stock, Aitken And Waterman’s hit single ‘Roadblock’. The highly-rated Positivity sold over 350, 000 copies in the USA, a market where Maunick was also beginning to enjoy success as a producer (Chaka Khan, George Benson). For 1995’s fifth album the new vocal recruits were Joy Malcolm (ex-Young Disciples) and Pamela Anderson (a relative of Carleen and Jhelisa Anderson). This time the sound veered from jazz funk to include Philly soul-styled orchestral arrangements and more luxuriant vocal interplay. Further releases honed the Incognito sound to perfection, and the band entered the new millennium with their popularity greater than ever.",Still a Friend of Mine (a cappella),Unknown,https://www.youtube.com/watch?v=OeUIk6oaDJk&list=RDOeUIk6oaDJk&start_radio=1&pp=ygUrSW5jb2duaXRvIFN0aWxsIGEgRnJpZW5kIG9mIE1pbmUgYSBjYXBwZWxsYaAHAQ%3D%3D,ERROR: Private/Dead/Protected
Morning View,https://lastfm.freetls.fastly.net/i/u/300x300/71c45e62e5624d32cdbc3063dad0d2ed.png,Incubus,2001-10-22,"Incubus became one of the most popular alt-metal bands of the new millennium and they continue to set themselves apart from a crowded field with a tireless touring ethic and a broad musical palette. Employing a versatile blend of heavy metal, funk, jazz, hip-hop, techno, post-grunge, and alternative rock, the band hit the mainstream in 1999 with their multi-platinum third album, Make Yourself, which featured the chart-topping single ""Drive."" They continued their reign over the ensuing decade, issuing a string of gold- and platinum-selling records -- Morning View (2001), A Crow Left of the Murder... (2004), and Light Grenades (2006) -- culminating in the release of a greatest-hits LP in 2009. Incubus spent the next decade focusing on playing live but also issued two more studio albums (2011's If Not Now, When? and 2017's 8) plus a handful of singles and EPs that continued to expand their sonic oeuvre. On 2024's Morning View XXIII, the band re-recorded their massively successful fourth album.
Formed in 1991 in the San Fernando Valley suburb of Calabasas, California, the band's early lineup comprised tenth-grade classmates Brandon Boyd (vocals, percussion), Mike Einziger (guitar), Alex Katunich (aka Dirk Lance; bass), and José Pasillas (drums). Their early funk-metal sound was heavily influenced by the Red Hot Chili Peppers, but broadened over the next few years to incorporate thrash, rap-metal, post-grunge rock, and grinding alt-metal à la Korn or the Deftones. By the time the musicians had graduated from high school, they had already been playing all-ages shows around Southern California on a regular basis. In 1995, Incubus added hip-hop turntablist DJ Lyfe (aka Gavin Koppel) to their lineup and recorded the independently released album Fungus Amongus. That, coupled with a strong local following, helped the band earn a deal with the Epic Records subsidiary Immortal.
Incubus' first major-label release was the six-song EP Enjoy Incubus, which was released in early 1997 and consisted of previous demos that were revamped in the studio. Their full-length debut album, S.C.I.E.N.C.E., followed before the year's end. Incubus then hit the road with a vengeance, opening for bands like Korn, Primus, 311, Sublime, and Unwritten Law. They had amassed enough of a following by 1998 to land a slot on that summer's Ozzfest tour, and they rounded out the year with a stint on Korn's inaugural Family Values tour, by which time DJ Lyfe had departed and been replaced by DJ Kilmore (first name Chris). With their momentum and exposure slowly building, Incubus returned to the studio and delivered their follow-up album, Make Yourself, in late 1999. The group went right back out on the road, and their stint on the 2000 Ozzfest helped cement the new audience that the band's new single, ""Pardon Me,"" was pulling in.
Although Make Yourself barely broke the Top 50 on the album charts, it was a tenacious seller that eventually pushed past the double-platinum mark. The second single, ""Stellar,"" was a smaller-sized hit on rock radio, but the album's biggest song didn't hit the airwaves until 2001, when ""Drive"" became their first Top Ten hit on the pop charts. Incubus expanded their audience by playing Moby's Area:One package tour that summer, and with ""Drive"" still fresh in the public's mind, they released Morning View during the fall of 2001. It entered the charts at number two, confirming that Incubus had diligently worked themselves into stardom. ""Wish You Were Here,"" ""Nice to Know You,"" and ""Warning"" were all popular on rock radio, and the band naturally toured heavily in support, this time as a headliner.
In early 2003, Incubus became embroiled in a contract dispute with Sony and filed a lawsuit to have their deal terminated under California labor laws. In April, the band announced the departure of bassist Dirk Lance. Within days, fellow Incubus guitarist Mike Einziger called upon his Time Lapse Consortium mate Ben Kenney (who had also played with the Roots) to be Lance's permanent replacement. The group remained a part of the Sony empire, however, and released A Crow Left of the Murder... on Epic/Immortal in early 2004, which hit number two on the Billboard Top 200. Touring dates followed before Incubus headed home in November to take a well-deserved break.
The guys spent the next two years individually exploring things outside of the band -- including music, art, film, and literature -- though they also remembered to work on and finish their sixth album, which was recorded over a year's time in both L.A. and Atlanta. The resulting record, Light Grenades, debuted atop the charts upon its release in November 2006. The musicians then returned to their individual endeavors, with Boyd announcing in early 2008 that the group had taken a loose hiatus. Nevertheless, the following year found them issuing the double-LP hits compilation Monuments and Melodies and returning to the road for a summer tour. By 2010, they'd returned to the studio with longtime collaborator Brendan O'Brien, who helped them compose one of their darker albums to date, 2011's If Not Now, When? The album debuted at number two on the Billboard charts upon its July 2011 release.
As promotion for If Not Now, When?, Incubus rented a storefront on LaBrea Avenue in Los Angeles and launched a multimedia retrospective of their career, highlighted by four nights of live music by the band. Selections from those four nights were compiled for the 2012 live album Incubus HQ Live, released in August of that year. In early 2015 the band released a new single called ""Absolution Calling,"" which would appear on Trust Fall (Side A), the first of two planned EPs. February 2017 saw the release of a new single, ""Nimble Bastard,"" in anticipation of their eighth studio album. Aptly named 8 and co-produced by Skrillex, it dropped in April, preceded by a further single, ""Glitterbomb."" The following year saw the band issue the single ""Into the Summer"" and celebrate the 20th anniversary of the release of Make Yourself with a massive U.S. tour. A second single, ""Our Love,"" arrived in early 2020. Both these tracks landed on the sequel to their 2015 EP, Trust Fall (Side B), which was released that April.
In 2021, the band intended to celebrate the twentieth anniversary of their double-platinum-selling 2001 effort Morning View, but the original plans were delayed due to the COVID-19 pandemic. So they decamped to the original Morning View house for a livestream performance, which was so well-received that Incubus decided to just remake the entire album. Recorded with the album's original players -- Boyd, Einziger, Kilmore, and Pasillas -- and new bassist Nicole Row, 2024's Morning View XXIII stuck close to the original, with over two decades of experience and improved technology adding polish and higher production quality. They celebrated the release by playing the album in full on a brief U.S. tour. ~ Steve Huey",Nice To Know You,Unknown,https://www.youtube.com/watch?v=Qf_7mEPMIAc&pp=ygUYSW5jdWJ1cyBOaWNlIFRvIEtub3cgWW91,Incubus - Nice To Know You
Morning View,https://lastfm.freetls.fastly.net/i/u/300x300/71c45e62e5624d32cdbc3063dad0d2ed.png,Incubus,2001-10-22,"Incubus became one of the most popular alt-metal bands of the new millennium and they continue to set themselves apart from a crowded field with a tireless touring ethic and a broad musical palette. Employing a versatile blend of heavy metal, funk, jazz, hip-hop, techno, post-grunge, and alternative rock, the band hit the mainstream in 1999 with their multi-platinum third album, Make Yourself, which featured the chart-topping single ""Drive."" They continued their reign over the ensuing decade, issuing a string of gold- and platinum-selling records -- Morning View (2001), A Crow Left of the Murder... (2004), and Light Grenades (2006) -- culminating in the release of a greatest-hits LP in 2009. Incubus spent the next decade focusing on playing live but also issued two more studio albums (2011's If Not Now, When? and 2017's 8) plus a handful of singles and EPs that continued to expand their sonic oeuvre. On 2024's Morning View XXIII, the band re-recorded their massively successful fourth album.
Formed in 1991 in the San Fernando Valley suburb of Calabasas, California, the band's early lineup comprised tenth-grade classmates Brandon Boyd (vocals, percussion), Mike Einziger (guitar), Alex Katunich (aka Dirk Lance; bass), and José Pasillas (drums). Their early funk-metal sound was heavily influenced by the Red Hot Chili Peppers, but broadened over the next few years to incorporate thrash, rap-metal, post-grunge rock, and grinding alt-metal à la Korn or the Deftones. By the time the musicians had graduated from high school, they had already been playing all-ages shows around Southern California on a regular basis. In 1995, Incubus added hip-hop turntablist DJ Lyfe (aka Gavin Koppel) to their lineup and recorded the independently released album Fungus Amongus. That, coupled with a strong local following, helped the band earn a deal with the Epic Records subsidiary Immortal.
Incubus' first major-label release was the six-song EP Enjoy Incubus, which was released in early 1997 and consisted of previous demos that were revamped in the studio. Their full-length debut album, S.C.I.E.N.C.E., followed before the year's end. Incubus then hit the road with a vengeance, opening for bands like Korn, Primus, 311, Sublime, and Unwritten Law. They had amassed enough of a following by 1998 to land a slot on that summer's Ozzfest tour, and they rounded out the year with a stint on Korn's inaugural Family Values tour, by which time DJ Lyfe had departed and been replaced by DJ Kilmore (first name Chris). With their momentum and exposure slowly building, Incubus returned to the studio and delivered their follow-up album, Make Yourself, in late 1999. The group went right back out on the road, and their stint on the 2000 Ozzfest helped cement the new audience that the band's new single, ""Pardon Me,"" was pulling in.
Although Make Yourself barely broke the Top 50 on the album charts, it was a tenacious seller that eventually pushed past the double-platinum mark. The second single, ""Stellar,"" was a smaller-sized hit on rock radio, but the album's biggest song didn't hit the airwaves until 2001, when ""Drive"" became their first Top Ten hit on the pop charts. Incubus expanded their audience by playing Moby's Area:One package tour that summer, and with ""Drive"" still fresh in the public's mind, they released Morning View during the fall of 2001. It entered the charts at number two, confirming that Incubus had diligently worked themselves into stardom. ""Wish You Were Here,"" ""Nice to Know You,"" and ""Warning"" were all popular on rock radio, and the band naturally toured heavily in support, this time as a headliner.
In early 2003, Incubus became embroiled in a contract dispute with Sony and filed a lawsuit to have their deal terminated under California labor laws. In April, the band announced the departure of bassist Dirk Lance. Within days, fellow Incubus guitarist Mike Einziger called upon his Time Lapse Consortium mate Ben Kenney (who had also played with the Roots) to be Lance's permanent replacement. The group remained a part of the Sony empire, however, and released A Crow Left of the Murder... on Epic/Immortal in early 2004, which hit number two on the Billboard Top 200. Touring dates followed before Incubus headed home in November to take a well-deserved break.
The guys spent the next two years individually exploring things outside of the band -- including music, art, film, and literature -- though they also remembered to work on and finish their sixth album, which was recorded over a year's time in both L.A. and Atlanta. The resulting record, Light Grenades, debuted atop the charts upon its release in November 2006. The musicians then returned to their individual endeavors, with Boyd announcing in early 2008 that the group had taken a loose hiatus. Nevertheless, the following year found them issuing the double-LP hits compilation Monuments and Melodies and returning to the road for a summer tour. By 2010, they'd returned to the studio with longtime collaborator Brendan O'Brien, who helped them compose one of their darker albums to date, 2011's If Not Now, When? The album debuted at number two on the Billboard charts upon its July 2011 release.
As promotion for If Not Now, When?, Incubus rented a storefront on LaBrea Avenue in Los Angeles and launched a multimedia retrospective of their career, highlighted by four nights of live music by the band. Selections from those four nights were compiled for the 2012 live album Incubus HQ Live, released in August of that year. In early 2015 the band released a new single called ""Absolution Calling,"" which would appear on Trust Fall (Side A), the first of two planned EPs. February 2017 saw the release of a new single, ""Nimble Bastard,"" in anticipation of their eighth studio album. Aptly named 8 and co-produced by Skrillex, it dropped in April, preceded by a further single, ""Glitterbomb."" The following year saw the band issue the single ""Into the Summer"" and celebrate the 20th anniversary of the release of Make Yourself with a massive U.S. tour. A second single, ""Our Love,"" arrived in early 2020. Both these tracks landed on the sequel to their 2015 EP, Trust Fall (Side B), which was released that April.
In 2021, the band intended to celebrate the twentieth anniversary of their double-platinum-selling 2001 effort Morning View, but the original plans were delayed due to the COVID-19 pandemic. So they decamped to the original Morning View house for a livestream performance, which was so well-received that Incubus decided to just remake the entire album. Recorded with the album's original players -- Boyd, Einziger, Kilmore, and Pasillas -- and new bassist Nicole Row, 2024's Morning View XXIII stuck close to the original, with over two decades of experience and improved technology adding polish and higher production quality. They celebrated the release by playing the album in full on a brief U.S. tour. ~ Steve Huey",Wish You Were Here,Unknown,https://www.youtube.com/watch?v=8295rOMvtQI&pp=ygUaSW5jdWJ1cyBXaXNoIFlvdSBXZXJlIEhlcmU%3D,Incubus - Wish You Were Here
Trust Fall (side B),https://lastfm.freetls.fastly.net/i/u/300x300/6b216041d4c8d0946c8295a469730388.jpg,Incubus,2020-04-17,"Incubus became one of the most popular alt-metal bands of the new millennium and they continue to set themselves apart from a crowded field with a tireless touring ethic and a broad musical palette. Employing a versatile blend of heavy metal, funk, jazz, hip-hop, techno, post-grunge, and alternative rock, the band hit the mainstream in 1999 with their multi-platinum third album, Make Yourself, which featured the chart-topping single ""Drive."" They continued their reign over the ensuing decade, issuing a string of gold- and platinum-selling records -- Morning View (2001), A Crow Left of the Murder... (2004), and Light Grenades (2006) -- culminating in the release of a greatest-hits LP in 2009. Incubus spent the next decade focusing on playing live but also issued two more studio albums (2011's If Not Now, When? and 2017's 8) plus a handful of singles and EPs that continued to expand their sonic oeuvre. On 2024's Morning View XXIII, the band re-recorded their massively successful fourth album.
Formed in 1991 in the San Fernando Valley suburb of Calabasas, California, the band's early lineup comprised tenth-grade classmates Brandon Boyd (vocals, percussion), Mike Einziger (guitar), Alex Katunich (aka Dirk Lance; bass), and José Pasillas (drums). Their early funk-metal sound was heavily influenced by the Red Hot Chili Peppers, but broadened over the next few years to incorporate thrash, rap-metal, post-grunge rock, and grinding alt-metal à la Korn or the Deftones. By the time the musicians had graduated from high school, they had already been playing all-ages shows around Southern California on a regular basis. In 1995, Incubus added hip-hop turntablist DJ Lyfe (aka Gavin Koppel) to their lineup and recorded the independently released album Fungus Amongus. That, coupled with a strong local following, helped the band earn a deal with the Epic Records subsidiary Immortal.
Incubus' first major-label release was the six-song EP Enjoy Incubus, which was released in early 1997 and consisted of previous demos that were revamped in the studio. Their full-length debut album, S.C.I.E.N.C.E., followed before the year's end. Incubus then hit the road with a vengeance, opening for bands like Korn, Primus, 311, Sublime, and Unwritten Law. They had amassed enough of a following by 1998 to land a slot on that summer's Ozzfest tour, and they rounded out the year with a stint on Korn's inaugural Family Values tour, by which time DJ Lyfe had departed and been replaced by DJ Kilmore (first name Chris). With their momentum and exposure slowly building, Incubus returned to the studio and delivered their follow-up album, Make Yourself, in late 1999. The group went right back out on the road, and their stint on the 2000 Ozzfest helped cement the new audience that the band's new single, ""Pardon Me,"" was pulling in.
Although Make Yourself barely broke the Top 50 on the album charts, it was a tenacious seller that eventually pushed past the double-platinum mark. The second single, ""Stellar,"" was a smaller-sized hit on rock radio, but the album's biggest song didn't hit the airwaves until 2001, when ""Drive"" became their first Top Ten hit on the pop charts. Incubus expanded their audience by playing Moby's Area:One package tour that summer, and with ""Drive"" still fresh in the public's mind, they released Morning View during the fall of 2001. It entered the charts at number two, confirming that Incubus had diligently worked themselves into stardom. ""Wish You Were Here,"" ""Nice to Know You,"" and ""Warning"" were all popular on rock radio, and the band naturally toured heavily in support, this time as a headliner.
In early 2003, Incubus became embroiled in a contract dispute with Sony and filed a lawsuit to have their deal terminated under California labor laws. In April, the band announced the departure of bassist Dirk Lance. Within days, fellow Incubus guitarist Mike Einziger called upon his Time Lapse Consortium mate Ben Kenney (who had also played with the Roots) to be Lance's permanent replacement. The group remained a part of the Sony empire, however, and released A Crow Left of the Murder... on Epic/Immortal in early 2004, which hit number two on the Billboard Top 200. Touring dates followed before Incubus headed home in November to take a well-deserved break.
The guys spent the next two years individually exploring things outside of the band -- including music, art, film, and literature -- though they also remembered to work on and finish their sixth album, which was recorded over a year's time in both L.A. and Atlanta. The resulting record, Light Grenades, debuted atop the charts upon its release in November 2006. The musicians then returned to their individual endeavors, with Boyd announcing in early 2008 that the group had taken a loose hiatus. Nevertheless, the following year found them issuing the double-LP hits compilation Monuments and Melodies and returning to the road for a summer tour. By 2010, they'd returned to the studio with longtime collaborator Brendan O'Brien, who helped them compose one of their darker albums to date, 2011's If Not Now, When? The album debuted at number two on the Billboard charts upon its July 2011 release.
As promotion for If Not Now, When?, Incubus rented a storefront on LaBrea Avenue in Los Angeles and launched a multimedia retrospective of their career, highlighted by four nights of live music by the band. Selections from those four nights were compiled for the 2012 live album Incubus HQ Live, released in August of that year. In early 2015 the band released a new single called ""Absolution Calling,"" which would appear on Trust Fall (Side A), the first of two planned EPs. February 2017 saw the release of a new single, ""Nimble Bastard,"" in anticipation of their eighth studio album. Aptly named 8 and co-produced by Skrillex, it dropped in April, preceded by a further single, ""Glitterbomb."" The following year saw the band issue the single ""Into the Summer"" and celebrate the 20th anniversary of the release of Make Yourself with a massive U.S. tour. A second single, ""Our Love,"" arrived in early 2020. Both these tracks landed on the sequel to their 2015 EP, Trust Fall (Side B), which was released that April.
In 2021, the band intended to celebrate the twentieth anniversary of their double-platinum-selling 2001 effort Morning View, but the original plans were delayed due to the COVID-19 pandemic. So they decamped to the original Morning View house for a livestream performance, which was so well-received that Incubus decided to just remake the entire album. Recorded with the album's original players -- Boyd, Einziger, Kilmore, and Pasillas -- and new bassist Nicole Row, 2024's Morning View XXIII stuck close to the original, with over two decades of experience and improved technology adding polish and higher production quality. They celebrated the release by playing the album in full on a brief U.S. tour. ~ Steve Huey","Karma, Come Back",Unknown,https://www.youtube.com/watch?v=m_TnFw9J8AI&pp=ygUXSW5jdWJ1cyBLYXJtYSBDb21lIEJhY2s%3D,"Incubus - Karma, Come Back (Official Audio)"
"Pajaritos, bravos muchachitos",https://lastfm.freetls.fastly.net/i/u/300x300/13d40ca41367093101bda1e843c3664a.jpg,Indio Solari y Los Fundamentalistas del Aire Acondicionado,2013-12-11,,A los pájaros que cantan sobre las selvas de Internet,Unknown,https://www.youtube.com/watch?v=Hihoftxtmtk&pp=ygVxSW5kaW8gU29sYXJpIHkgTG9zIEZ1bmRhbWVudGFsaXN0YXMgZGVsIEFpcmUgQWNvbmRpY2lvbmFkbyBBIGxvcyBww6FqYXJvcyBxdWUgY2FudGFuIHNvYnJlIGxhcyBzZWx2YXMgZGUgSW50ZXJuZXQ%3D,"A los Pájaros que cantan sobre las selvas de Internet (Pajaritos, Bravos Muchachitos) - Indio Solari"
"Pajaritos, bravos muchachitos",https://lastfm.freetls.fastly.net/i/u/300x300/13d40ca41367093101bda1e843c3664a.jpg,Indio Solari y Los Fundamentalistas del Aire Acondicionado,2013-12-11,,Beemedobleve,Unknown,https://www.youtube.com/watch?v=srMSlbAhfRw&pp=ygVHSW5kaW8gU29sYXJpIHkgTG9zIEZ1bmRhbWVudGFsaXN0YXMgZGVsIEFpcmUgQWNvbmRpY2lvbmFkbyBCZWVtZWRvYmxldmU%3D,"Beemedobleve (Pajaritos, Bravos Muchachitos) - Indio Solari y LFDAA"
"Pajaritos, bravos muchachitos",https://lastfm.freetls.fastly.net/i/u/300x300/13d40ca41367093101bda1e843c3664a.jpg,Indio Solari y Los Fundamentalistas del Aire Acondicionado,2013-12-11,,A la luz de la luna,Unknown,https://www.youtube.com/watch?v=WlBwsQ2NWB8&pp=ygVOSW5kaW8gU29sYXJpIHkgTG9zIEZ1bmRhbWVudGFsaXN0YXMgZGVsIEFpcmUgQWNvbmRpY2lvbmFkbyBBIGxhIGx1eiBkZSBsYSBsdW5h,"A la luz de la luna (Pajaritos, Bravos Muchachitos) - Indio Solari y LFDAA"
"Pajaritos, bravos muchachitos",https://lastfm.freetls.fastly.net/i/u/300x300/13d40ca41367093101bda1e843c3664a.jpg,Indio Solari y Los Fundamentalistas del Aire Acondicionado,2013-12-11,,Las supersticiones traen mala suerte,Unknown,https://www.youtube.com/watch?v=vr3ucFNAFcg&pp=ygVfSW5kaW8gU29sYXJpIHkgTG9zIEZ1bmRhbWVudGFsaXN0YXMgZGVsIEFpcmUgQWNvbmRpY2lvbmFkbyBMYXMgc3VwZXJzdGljaW9uZXMgdHJhZW4gbWFsYSBzdWVydGU%3D,"Las supersticiones traen mala suerte (Pajaritos, Bravos Muchachitos) - Indio Solari y LFDAA"
"Pajaritos, bravos muchachitos",https://lastfm.freetls.fastly.net/i/u/300x300/13d40ca41367093101bda1e843c3664a.jpg,Indio Solari y Los Fundamentalistas del Aire Acondicionado,2013-12-11,,Amok! Amok!,Unknown,https://www.youtube.com/watch?v=GueLBFmNUt8&pp=ygVESW5kaW8gU29sYXJpIHkgTG9zIEZ1bmRhbWVudGFsaXN0YXMgZGVsIEFpcmUgQWNvbmRpY2lvbmFkbyBBbW9rIEFtb2s%3D,"Amok! Amok! (Pajaritos, Bravos Muchachitos) - Indio Solari y LFDAA"
"Pajaritos, bravos muchachitos",https://lastfm.freetls.fastly.net/i/u/300x300/13d40ca41367093101bda1e843c3664a.jpg,Indio Solari y Los Fundamentalistas del Aire Acondicionado,2013-12-11,,Chau mohicano,Unknown,https://www.youtube.com/watch?v=v5IlsZoaock&pp=ygVISW5kaW8gU29sYXJpIHkgTG9zIEZ1bmRhbWVudGFsaXN0YXMgZGVsIEFpcmUgQWNvbmRpY2lvbmFkbyBDaGF1IG1vaGljYW5v,"Chau Mohicano (Pajaritos, Bravos Muchachitos) - Indio Solari y LFDAA"
"Pajaritos, bravos muchachitos",https://lastfm.freetls.fastly.net/i/u/300x300/13d40ca41367093101bda1e843c3664a.jpg,Indio Solari y Los Fundamentalistas del Aire Acondicionado,2013-12-11,,Arca Monster,Unknown,https://www.youtube.com/watch?v=wbJOkC6VaQg&pp=ygVHSW5kaW8gU29sYXJpIHkgTG9zIEZ1bmRhbWVudGFsaXN0YXMgZGVsIEFpcmUgQWNvbmRpY2lvbmFkbyBBcmNhIE1vbnN0ZXI%3D,"Arca Monster (Pajaritos, Bravos Muchachitos) - Indio Solari y LFDAA"
"Pajaritos, bravos muchachitos",https://lastfm.freetls.fastly.net/i/u/300x300/13d40ca41367093101bda1e843c3664a.jpg,Indio Solari y Los Fundamentalistas del Aire Acondicionado,2013-12-11,,Cada pequeña muerte,Unknown,https://www.youtube.com/watch?v=yK2uRVtxWQ0&pp=ygVPSW5kaW8gU29sYXJpIHkgTG9zIEZ1bmRhbWVudGFsaXN0YXMgZGVsIEFpcmUgQWNvbmRpY2lvbmFkbyBDYWRhIHBlcXVlw7FhIG11ZXJ0ZQ%3D%3D,"Cada Pequeña Muerte (Pajaritos, Bravos Muchachitos) - Indio Solari y LFDAA"
"Pajaritos, bravos muchachitos",https://lastfm.freetls.fastly.net/i/u/300x300/13d40ca41367093101bda1e843c3664a.jpg,Indio Solari y Los Fundamentalistas del Aire Acondicionado,2013-12-11,,Babas del Diablo,Unknown,https://www.youtube.com/watch?v=ajfLkBoXYQQ&pp=ygVLSW5kaW8gU29sYXJpIHkgTG9zIEZ1bmRhbWVudGFsaXN0YXMgZGVsIEFpcmUgQWNvbmRpY2lvbmFkbyBCYWJhcyBkZWwgRGlhYmxv,"Babas del Diablo (Pajaritos, Bravos Muchachitos) - Indio Solari y LFDAA"
"Pajaritos, bravos muchachitos",https://lastfm.freetls.fastly.net/i/u/300x300/13d40ca41367093101bda1e843c3664a.jpg,Indio Solari y Los Fundamentalistas del Aire Acondicionado,2013-12-11,,Había una vez...,Unknown,https://www.youtube.com/watch?v=zgdl59zOANQ&pp=ygVJSW5kaW8gU29sYXJpIHkgTG9zIEZ1bmRhbWVudGFsaXN0YXMgZGVsIEFpcmUgQWNvbmRpY2lvbmFkbyBIYWLDrWEgdW5hIHZletIHCQl-CQGHKiGM7w%3D%3D,"Había una vez (Pajaritos, Bravos Muchachitos) - Indio Solari y LFDAA"
El tesoro de los inocentes (Bingo Fuel),https://lastfm.freetls.fastly.net/i/u/300x300/a7e426e4ce06691cf541bd3ea6d586ef.jpg,Indio Solari y Los Fundamentalistas del Aire Acondicionado,2004-12-06,,Nike es la cultura,Unknown,https://www.youtube.com/watch?v=UnsNQrtZzCs&pp=ygVNSW5kaW8gU29sYXJpIHkgTG9zIEZ1bmRhbWVudGFsaXN0YXMgZGVsIEFpcmUgQWNvbmRpY2lvbmFkbyBOaWtlIGVzIGxhIGN1bHR1cmE%3D,Nike es la cultura (El tesoro de los inocentes) - Indio Solari y LFDAA
El tesoro de los inocentes (Bingo Fuel),https://lastfm.freetls.fastly.net/i/u/300x300/a7e426e4ce06691cf541bd3ea6d586ef.jpg,Indio Solari y Los Fundamentalistas del Aire Acondicionado,2004-12-06,,Amnesia,Unknown,https://www.youtube.com/watch?v=Bv87G51QXAA&pp=ygVCSW5kaW8gU29sYXJpIHkgTG9zIEZ1bmRhbWVudGFsaXN0YXMgZGVsIEFpcmUgQWNvbmRpY2lvbmFkbyBBbW5lc2lh,Amnesia (El tesoro de los inocentes) - Indio Solari y LFDAA
El tesoro de los inocentes (Bingo Fuel),https://lastfm.freetls.fastly.net/i/u/300x300/a7e426e4ce06691cf541bd3ea6d586ef.jpg,Indio Solari y Los Fundamentalistas del Aire Acondicionado,2004-12-06,,El tesoro de los inocentes,Unknown,https://www.youtube.com/watch?v=R5BLseQkma0&pp=ygVVSW5kaW8gU29sYXJpIHkgTG9zIEZ1bmRhbWVudGFsaXN0YXMgZGVsIEFpcmUgQWNvbmRpY2lvbmFkbyBFbCB0ZXNvcm8gZGUgbG9zIGlub2NlbnRlcw%3D%3D,El tesoro de los inocentes (El tesoro de los inocentes) - Indio Solari y LFDAA
El tesoro de los inocentes (Bingo Fuel),https://lastfm.freetls.fastly.net/i/u/300x300/a7e426e4ce06691cf541bd3ea6d586ef.jpg,Indio Solari y Los Fundamentalistas del Aire Acondicionado,2004-12-06,,La piba de Blockbuster,Unknown,https://www.youtube.com/watch?v=ZESobYXIFqs&pp=ygVRSW5kaW8gU29sYXJpIHkgTG9zIEZ1bmRhbWVudGFsaXN0YXMgZGVsIEFpcmUgQWNvbmRpY2lvbmFkbyBMYSBwaWJhIGRlIEJsb2NrYnVzdGVy,La piba de Blockbuster (El tesoro de los inocentes) - Indio Solari y LFDAA
El tesoro de los inocentes (Bingo Fuel),https://lastfm.freetls.fastly.net/i/u/300x300/a7e426e4ce06691cf541bd3ea6d586ef.jpg,Indio Solari y Los Fundamentalistas del Aire Acondicionado,2004-12-06,,Tomasito podés oírme? Tomasito podés verme?,Unknown,https://www.youtube.com/watch?v=lknp5cEPy5A&pp=ygVnSW5kaW8gU29sYXJpIHkgTG9zIEZ1bmRhbWVudGFsaXN0YXMgZGVsIEFpcmUgQWNvbmRpY2lvbmFkbyBUb21hc2l0byBwb2TDqXMgb8Otcm1lIFRvbWFzaXRvIHBvZMOpcyB2ZXJtZQ%3D%3D,Tomasito podes oírme? Tomasito podes verme? (El tesoro de los inocentes) - Indio Solari y LFDAA
El tesoro de los inocentes (Bingo Fuel),https://lastfm.freetls.fastly.net/i/u/300x300/a7e426e4ce06691cf541bd3ea6d586ef.jpg,Indio Solari y Los Fundamentalistas del Aire Acondicionado,2004-12-06,,Mi caramel machiato,Unknown,https://www.youtube.com/watch?v=GyeKuhRJcxc&pp=ygVOSW5kaW8gU29sYXJpIHkgTG9zIEZ1bmRhbWVudGFsaXN0YXMgZGVsIEFpcmUgQWNvbmRpY2lvbmFkbyBNaSBjYXJhbWVsIG1hY2hpYXRv,Mi caramel machiato (El tesoro de los inocentes) - Indio Solari y LFDAA
El tesoro de los inocentes (Bingo Fuel),https://lastfm.freetls.fastly.net/i/u/300x300/a7e426e4ce06691cf541bd3ea6d586ef.jpg,Indio Solari y Los Fundamentalistas del Aire Acondicionado,2004-12-06,,La muerte y yo,Unknown,https://www.youtube.com/watch?v=3rmtO2PhsNE&pp=ygVJSW5kaW8gU29sYXJpIHkgTG9zIEZ1bmRhbWVudGFsaXN0YXMgZGVsIEFpcmUgQWNvbmRpY2lvbmFkbyBMYSBtdWVydGUgeSB5bw%3D%3D,La Muerte y yo (El tesoro de los inocentes) - Indio Solari y LFDAA
El tesoro de los inocentes (Bingo Fuel),https://lastfm.freetls.fastly.net/i/u/300x300/a7e426e4ce06691cf541bd3ea6d586ef.jpg,Indio Solari y Los Fundamentalistas del Aire Acondicionado,2004-12-06,,Adieu! Bye Bye! Aufwiedersehen!,Unknown,https://www.youtube.com/watch?v=qCDmVYcXZ_Y&pp=ygVXSW5kaW8gU29sYXJpIHkgTG9zIEZ1bmRhbWVudGFsaXN0YXMgZGVsIEFpcmUgQWNvbmRpY2lvbmFkbyBBZGlldSBCeWUgQnllIEF1ZndpZWRlcnNlaGVu,Adieu! Bye Bye! Aufwiedersehen! (El tesoro de los inocentes) - Indio Solari y LFDAA
El tesoro de los inocentes (Bingo Fuel),https://lastfm.freetls.fastly.net/i/u/300x300/a7e426e4ce06691cf541bd3ea6d586ef.jpg,Indio Solari y Los Fundamentalistas del Aire Acondicionado,2004-12-06,,Pabellón séptimo (Relato de horacio),Unknown,https://www.youtube.com/watch?v=hVeFX1fkoPo&pp=ygVfSW5kaW8gU29sYXJpIHkgTG9zIEZ1bmRhbWVudGFsaXN0YXMgZGVsIEFpcmUgQWNvbmRpY2lvbmFkbyBQYWJlbGzDs24gc8OpcHRpbW8gUmVsYXRvIGRlIGhvcmFjaW8%3D,Pabellón Séptimo (Relato de Horacio) - Estadio Único de La Plata - Indio en Concierto [2008] Full HD
El tesoro de los inocentes (Bingo Fuel),https://lastfm.freetls.fastly.net/i/u/300x300/a7e426e4ce06691cf541bd3ea6d586ef.jpg,Indio Solari y Los Fundamentalistas del Aire Acondicionado,2004-12-06,,El charro chino,Unknown,https://www.youtube.com/watch?v=Y3iTsRPeXHo&pp=ygVKSW5kaW8gU29sYXJpIHkgTG9zIEZ1bmRhbWVudGFsaXN0YXMgZGVsIEFpcmUgQWNvbmRpY2lvbmFkbyBFbCBjaGFycm8gY2hpbm_SBwkJfgkBhyohjO8%3D,El Charro Chino - Indio y Los Fundamentalistas del Aire Acondicionado - Tandil 2016
El tesoro de los inocentes (Bingo Fuel),https://lastfm.freetls.fastly.net/i/u/300x300/a7e426e4ce06691cf541bd3ea6d586ef.jpg,Indio Solari y Los Fundamentalistas del Aire Acondicionado,2004-12-06,,Tsunami,Unknown,https://www.youtube.com/watch?v=m2abxmcgm2E&pp=ygVCSW5kaW8gU29sYXJpIHkgTG9zIEZ1bmRhbWVudGFsaXN0YXMgZGVsIEFpcmUgQWNvbmRpY2lvbmFkbyBUc3VuYW1p,Tsunami (El tesoro de los inocentes) - Indio Solari y LFDAA
El tesoro de los inocentes (Bingo Fuel),https://lastfm.freetls.fastly.net/i/u/300x300/a7e426e4ce06691cf541bd3ea6d586ef.jpg,Indio Solari y Los Fundamentalistas del Aire Acondicionado,2004-12-06,,To Beef or Not to Beef,Unknown,https://www.youtube.com/watch?v=ZuZjfUlxdU4&pp=ygVRSW5kaW8gU29sYXJpIHkgTG9zIEZ1bmRhbWVudGFsaXN0YXMgZGVsIEFpcmUgQWNvbmRpY2lvbmFkbyBUbyBCZWVmIG9yIE5vdCB0byBCZWVm,To beef or not to beef (El tesoro de los inocentes) - Indio Solari y LFDAA
El tesoro de los inocentes (Bingo Fuel),https://lastfm.freetls.fastly.net/i/u/300x300/a7e426e4ce06691cf541bd3ea6d586ef.jpg,Indio Solari y Los Fundamentalistas del Aire Acondicionado,2004-12-06,,Ciudad Baigón,Unknown,https://www.youtube.com/watch?v=LdqS5wwS0gk&pp=ygVJSW5kaW8gU29sYXJpIHkgTG9zIEZ1bmRhbWVudGFsaXN0YXMgZGVsIEFpcmUgQWNvbmRpY2lvbmFkbyBDaXVkYWQgQmFpZ8OzbtIHCQl-CQGHKiGM7w%3D%3D,Ciudad Baigón (El tesoro de los inocentes) - Indio Solari y LFDAA
El tesoro de los inocentes (Bingo Fuel),https://lastfm.freetls.fastly.net/i/u/300x300/a7e426e4ce06691cf541bd3ea6d586ef.jpg,Indio Solari y Los Fundamentalistas del Aire Acondicionado,2004-12-06,"El grupo Indio Solari y Los Fundamentalistas del Aire Acondicionado fue formado por el Indio Solari tras la disolución de Los Redondos, inicialmente compuesto por Julio Sáez y Baltasar Comotto en guitarras, Marcelo Torres en bajo, y Hernán Aramberri en batería, Sergio Colombo en saxo, Miguel Ángel Tallarita en trompeta, Déborah Dixon en coro y Pablo Sbaraglia en teclados. En los sucesivos trabajos discográficos con esta banda, Solari aparece en los créditos de los álbumes con seudónimos: «Caballo Loco», «Monsieur Sandoz», «Artista Invitado», «El Fisgón Ciego» y «Protoplasman». Desde su periodo inicial en 2004 hasta la actualidad la banda de Los Fundamentalistas del Aire Acondicionado a sufrido cambios, en 2015 Hernan Aramberri se fué de la banda y dejó tanto la Bateria y la dirección musical a Martín Carrizo, que se integró en el 2008, también el original bajista Marcelo Torres, se fué de la banda en 2015 y fué reemplazado Fernando Nalé, que fue anunciado por Solari en el show de Tandil, en el 2016 y posteriormente participó en el siguiente show de Olavarria en el año 2017. Ademas en los fundamentalistas y sus ultimos dos conciertos, participaron los musicos Emanuel Saez y Axel Lang

Discografía

El tesoro de los inocentes (2004)

Porco rex (2007)

El perfume de la tempestad (2010)

Pajaritos, bravos muchachitos (2013)

El ruiseñor, el amor y la muerte (2018) Read more on Last.fm. User-contributed text is available under the Creative Commons By-SA License; additional terms may apply.",Canción para un goldfish,Unknown,https://www.youtube.com/watch?v=AbBGoU2We48&list=RDAbBGoU2We48&start_radio=1&pp=ygVUSW5kaW8gU29sYXJpIHkgTG9zIEZ1bmRhbWVudGFsaXN0YXMgZGVsIEFpcmUgQWNvbmRpY2lvbmFkbyBDYW5jacOzbiBwYXJhIHVuIGdvbGRmaXNooAcB,ERROR: Private/Dead/Protected
A City Drowned in God’s Black Tears,https://lastfm.freetls.fastly.net/i/u/770x0/62025d22d38c70352bc133ff3a94ee4d.jpg#62025d22d38c70352bc133ff3a94ee4d,Infinity Knives,2025-04-04,These mosh bros from Moshinnati are going to make you mosh. Read more on Last.fm. User-contributed text is available under the Creative Commons By-SA License; additional terms may apply.,The Iron Wall,Unknown,https://www.youtube.com/watch?v=x5cz1_yNRQw&pp=ygUdSW5maW5pdHkgS25pdmVzIFRoZSBJcm9uIFdhbGw%3D,Infinity Knives x Brian Ennals – The Iron Wall (Official Lyrics Video)
A City Drowned in God’s Black Tears,https://lastfm.freetls.fastly.net/i/u/770x0/62025d22d38c70352bc133ff3a94ee4d.jpg#62025d22d38c70352bc133ff3a94ee4d,Infinity Knives,2025-04-04,These mosh bros from Moshinnati are going to make you mosh. Read more on Last.fm. User-contributed text is available under the Creative Commons By-SA License; additional terms may apply.,Live at the Chinese Buffett,Unknown,https://www.youtube.com/watch?v=DMdjtdYFHgQ&list=RDDMdjtdYFHgQ&start_radio=1&pp=ygUtSW5maW5pdHkgS25pdmVzIC0gTGl2ZSBhdCB0aGUgQ2hpbmVzZSBCdWZmZXR0oAcB,ERROR: Private/Dead/Protected
A City Drowned in God’s Black Tears,https://lastfm.freetls.fastly.net/i/u/770x0/62025d22d38c70352bc133ff3a94ee4d.jpg#62025d22d38c70352bc133ff3a94ee4d,Infinity Knives,2025-04-04,These mosh bros from Moshinnati are going to make you mosh. Read more on Last.fm. User-contributed text is available under the Creative Commons By-SA License; additional terms may apply.,"Sometimes, Papi Chulo",Unknown,https://www.youtube.com/watch?v=AsuHb2nOJ0Q&pp=ygUkSW5maW5pdHkgS25pdmVzIFNvbWV0aW1lcyBQYXBpIENodWxv,"""Sometimes, Papi Chulo"" Infinity Knives x Brian Ennals ft. Gabriela Bibiana OFFICIAL VIDEO"
A City Drowned in God’s Black Tears,https://lastfm.freetls.fastly.net/i/u/770x0/62025d22d38c70352bc133ff3a94ee4d.jpg#62025d22d38c70352bc133ff3a94ee4d,Infinity Knives,2025-04-04,These mosh bros from Moshinnati are going to make you mosh. Read more on Last.fm. User-contributed text is available under the Creative Commons By-SA License; additional terms may apply.,Everyone I Love Is Depressed,Unknown,https://www.youtube.com/watch?v=lv7698r7maM&list=RDlv7698r7maM&start_radio=1&pp=ygUuSW5maW5pdHkgS25pdmVzIC0gRXZlcnlvbmUgSSBMb3ZlIElzIERlcHJlc3NlZKAHAQ%3D%3D,ERROR: Private/Dead/Protected
Don’t Be Afraid,,Information Society,1997-01-01,"An agreeable dance outfit with ties to industrial music, techno, and funk plus an equally appreciable pop sense, Information Society hit the dance clubs and later the charts with their infectious breakout single, 1988's ""What's on Your Mind (Pure Energy)."" The group, a quartet formed in Minneapolis by James Cassidy, Paul Robb, Kurt Harland (aka Kurt Valaquen), and Amanda Kramer, signed to Tommy Boy Records a few years later and recorded a self-titled debut album. The single ""What's on Your Mind (Pure Energy),"" propelled by a Leonard Nimoy sample and Valaquen's smooth, assured vocals, became a club hit and eventually landed at number three in the pop charts. Later that year, ""Walking Away"" hit the Top Ten as well, and the album reached gold-certified status. Kramer left soon after, however, to record with the Golden Palominos, 10,000 Maniacs, and also on her own. Information Society's sophomore album, similar to not-so-famous follow-ups by dance-popsters EMF and Jesus Jones, was more than competent but mostly ignored by critics who had pegged them as one-hit wonders. Several singles managed shallow chart exposure, but after the third album (1994's Peace & Love, Inc.), both Robb and Cassidy exited. Harland continued on, signing with the Cleopatra label and releasing the industrial-tinged Don't Be Afraid in 1997 along with the remix album InSoc Recombinant in 1999. Harland then moved onto a career in video game music, working for publishers like Crystal Dynamics and Electronic Arts. Little Information Society activity happened until the group was featured on an episode of VH1's Bands Reunited in 2004, but Kurt was a holdout. Amanda Kramer moved on to join the Psychedelic Furs. A couple of shows with Harland, Cassidy, and Robb took place in 2005 before Harland left the band; although he remained a silent fourth member, he gave a 2006 lineup with vocalist Christopher Anton his blessing. This lineup was responsible for the 2007 album Synthesizer, but Anton was out by the end of 2009 and Harland returned soon after. The band released _Hello World in 2014 on Robb's Hakatak label and supported the album with a world tour. In 2016, the all-covers album Orders of Magnitude arrived with songs originally performed by Human League (""Don't You Want Me""), Devo (""Beautiful World""), and the Sisters of Mercy (""Dominion""). ~ John Bush",Are ’Friends’ Electric?,Unknown,https://www.youtube.com/watch?v=uDE_XHo8ZBM&pp=ygUxSW5mb3JtYXRpb24gU29jaWV0eSAtIEFyZSDigJlGcmllbmRz4oCZIEVsZWN0cmljPw%3D%3D,Are 'Friends' Electric?
Dragon Age: Origins,https://lastfm.freetls.fastly.net/i/u/300x300/c437a260c1d86c79af6e8901e045458e.jpg,Inon Zur,2009-12-08,"Inon Zur (born July 4, 1965) is an Israeli American award-winning music composer. Originally writing for movies and television, he later moved into composing for video games. He has been described as being ""internationally recognized as one of the A-list orchestral composers in the video games industry"". During his career to date, Zur has composed the music to over 40 video games, 15 television shows, and 10 movies, as well as many movie trailers. He has been nominated for numerous awards, and has won three—a Telly Award in 1997 for Best Score on ''Power Rangers: Turbo'', a Game Audio Network Guild award in 2004 for Best Original Instrumental track for ''Men of Valor'', and a Hollywood Music in Media Award in 2009 for Best Original Song – Video Game for ''Dragon Age: Origins''. He currently lives in Encino, California, in the United States, and is composing the scores for several unreleased games. ==Biography== ===Early life=== Inon Zur was born in Israel. As early as five years old, he was trying to compose harmonies with his mother's singing, and became inspired by classical music. He learned to play french horn as a child, studied piano by the age of eight, and was studying composition by the age of ten.He graduated from the Music Academy of Tel Aviv, and spent four years in the Israeli military. Zur feels that this military experience matured him as a person and taught him to appreciate life and work hard at what he does. He emigrated to the United States in 1990 to study at the Dick Grove School of Music for a year, and then under private tutor Jack Smalley, a television music composer, and others for two years at the University of California, Los Angeles. ===Career=== Zur began his career in 1994 by working on soundtracks for movies, such as ''Yellow Lotus'', featured at the Sundance Film Festival. He then signed on to compose for Fox Family for six years, and made soundtracks for various children's television shows, including ''Digimon'' and ''Power Rangers''. By 2002 he estimated that he had composed the soundtrack to over 360 ''Power Rangers'' episodes alone. He won his first award during this period in his career, a Telly Award for his work on ''Power Rangers: Turbo''. While he enjoyed the work, he began to want to go work somewhere ""more intriguing, more advanced, and basically a place that people really appreciate music more""; his agent overcame his initial reluctance and convinced him to work in the video games industry. His first video game soundtrack was 2000's ''Star Trek: Klingon Academy'', though he started composing for the game in 1997. Zur quickly moved on to prestigious titles, composing for the award-winning and critically acclaimed ''Baldur's Gate II: Throne of Bhaal'' in 2001 and ''Icewind Dale II'' in 2002, among many others. ''Icewind Dale II'' earned him the first of many nominations for video game music awards, that of the Game Audio Network Guild's Music of the Year award. He continued to work on movies and television programs during these years, composing the soundtrack to ''Au Pair'' in 1999 and the English version of the 2000 anime series ''Escaflowne''. Zur's latest movie soundtrack to date was that of 2001's ''Au Pair II''. He has worked on a few television series since then; his last traditional television soundtrack was for ''The Bachelor (TV series)'' in 2002, though he has composed music for three webisode series since then. He continued to work on numerous best-selling video games, including ''Prince of Persia: The Two Thrones'' in 2005 and ''Crysis'' in 2007. He has also garnered several nominations for video game music awards, including his first win, for ''Men of Valor'' in the Best Original Instrumental track category of the 2004 Game Audio Network Guild awards.His latest released titles have been the highly successful ''Fallout 3'' and ''Prince of Persia'' in 2008, and 2009's ''Dragon Age: Origins'' and the Nintendo DS version of ''James Cameron's Avatar: The Game''. He is currently working on the soundtracks to several unreleased video games, and continues to live in Encino, California. ''Dragon Age'' has earned Zur his third career award, that of Best Original Song – Video Game in the 2009 Hollywood Music In Media Awards. ==Performances== Zur's compositions have been played several times in live concerts. The first of these was a concert held in Seoul, South Korea on May 30, 2006 dedicated to his music for ''Lineage II: Chronicle V: Oath of Blood''. On August 20, 2008, music from his soundtrack to ''Crysis'' was played in Leipzig, Germany at a 'Video Games Live'' concert. His music from ''Dragon Age: Origins'' and ''Prince of Persia'' was performed at the September 26, 2009 ""A Night in Fantasia 2009"" concert in Sydney, Australia by the Eminence Symphony Orchestra. Inon Zur was a special guest at the concert. ==Musical style and influences== Zur's compositions frequently are focused on full orchestras, choir and, in some games like ''Prince of Persia'', ethnic instruments like Arabic flutes and the woodwind duduk. He has often collaborated with the Northwest Sinfonia orchestra from Seattle, though he has on occasion used other orchestras. Whenever Zur works with a real orchestra, he always conducts it himself. He has named some of his musical influences as classical artists such as Sergey Prokofiev, Igor Stravinsky, and Beethoven, movie composers like John Williams and Jerry Goldsmith, and jazz artists like George Gershwin and Henry McFeeny. While he would one day like to compose music not intended to be part of a larger piece of media, he finds that the pressure of a deadline and the feedback from the developers are crucial in his development process. He feels that his music sounds best when it is in the context given by the media is was made for, though he feels that performances of the music by itself transforms it ""from just a soundtrack to an art form on its own"". Zur typically is brought in to compose for a game once it is mostly complete, though he notes that that is earlier than for films and television—where nothing changes after he starts besides post-production effects—making video game music composition a more ""flexible"" process. He finds that it is ""crucial"" for him to play a game before he can compose music for it, even if it only a development version. Rather than compose music based around the setting in the game where it will be played, Zur composes music around the emotion that he wants the player to feel at that point in the game. While he feels that music composition technology has come far enough in recent years to no longer be a limiting factor in his music, he does feel that the music budgets for games limit what he can create. Zur feels that he is considered in the industry to be a very fast composer, which he attributes to his tendency to compose music ""intuitively"", rather than spending a lot of time planning it out. When not composing, Zur likes to play video games, especially those he has composed for, as well as play basketball and spend time with his family. The types of projects that he would like to work on in the future that he has not yet done are children's games and soundtracks incorporating jazz music. Read more on Last.fm. User-contributed text is available under the Creative Commons By-SA License; additional terms may apply.",I Am The One (High Fantasy Version),Unknown,https://www.youtube.com/watch?v=XfZVVursfTQ&pp=ygUqSW5vbiBadXIgSSBBbSBUaGUgT25lIEhpZ2ggRmFudGFzeSBWZXJzaW9u,Inon Zur - I Am The One (High Fantasy Version) | Dragon Age: Origins (OST)
Dragon Age: Origins,https://lastfm.freetls.fastly.net/i/u/300x300/c437a260c1d86c79af6e8901e045458e.jpg,Inon Zur,2009-12-08,"Inon Zur (born July 4, 1965) is an Israeli American award-winning music composer. Originally writing for movies and television, he later moved into composing for video games. He has been described as being ""internationally recognized as one of the A-list orchestral composers in the video games industry"". During his career to date, Zur has composed the music to over 40 video games, 15 television shows, and 10 movies, as well as many movie trailers. He has been nominated for numerous awards, and has won three—a Telly Award in 1997 for Best Score on ''Power Rangers: Turbo'', a Game Audio Network Guild award in 2004 for Best Original Instrumental track for ''Men of Valor'', and a Hollywood Music in Media Award in 2009 for Best Original Song – Video Game for ''Dragon Age: Origins''. He currently lives in Encino, California, in the United States, and is composing the scores for several unreleased games. ==Biography== ===Early life=== Inon Zur was born in Israel. As early as five years old, he was trying to compose harmonies with his mother's singing, and became inspired by classical music. He learned to play french horn as a child, studied piano by the age of eight, and was studying composition by the age of ten.He graduated from the Music Academy of Tel Aviv, and spent four years in the Israeli military. Zur feels that this military experience matured him as a person and taught him to appreciate life and work hard at what he does. He emigrated to the United States in 1990 to study at the Dick Grove School of Music for a year, and then under private tutor Jack Smalley, a television music composer, and others for two years at the University of California, Los Angeles. ===Career=== Zur began his career in 1994 by working on soundtracks for movies, such as ''Yellow Lotus'', featured at the Sundance Film Festival. He then signed on to compose for Fox Family for six years, and made soundtracks for various children's television shows, including ''Digimon'' and ''Power Rangers''. By 2002 he estimated that he had composed the soundtrack to over 360 ''Power Rangers'' episodes alone. He won his first award during this period in his career, a Telly Award for his work on ''Power Rangers: Turbo''. While he enjoyed the work, he began to want to go work somewhere ""more intriguing, more advanced, and basically a place that people really appreciate music more""; his agent overcame his initial reluctance and convinced him to work in the video games industry. His first video game soundtrack was 2000's ''Star Trek: Klingon Academy'', though he started composing for the game in 1997. Zur quickly moved on to prestigious titles, composing for the award-winning and critically acclaimed ''Baldur's Gate II: Throne of Bhaal'' in 2001 and ''Icewind Dale II'' in 2002, among many others. ''Icewind Dale II'' earned him the first of many nominations for video game music awards, that of the Game Audio Network Guild's Music of the Year award. He continued to work on movies and television programs during these years, composing the soundtrack to ''Au Pair'' in 1999 and the English version of the 2000 anime series ''Escaflowne''. Zur's latest movie soundtrack to date was that of 2001's ''Au Pair II''. He has worked on a few television series since then; his last traditional television soundtrack was for ''The Bachelor (TV series)'' in 2002, though he has composed music for three webisode series since then. He continued to work on numerous best-selling video games, including ''Prince of Persia: The Two Thrones'' in 2005 and ''Crysis'' in 2007. He has also garnered several nominations for video game music awards, including his first win, for ''Men of Valor'' in the Best Original Instrumental track category of the 2004 Game Audio Network Guild awards.His latest released titles have been the highly successful ''Fallout 3'' and ''Prince of Persia'' in 2008, and 2009's ''Dragon Age: Origins'' and the Nintendo DS version of ''James Cameron's Avatar: The Game''. He is currently working on the soundtracks to several unreleased video games, and continues to live in Encino, California. ''Dragon Age'' has earned Zur his third career award, that of Best Original Song – Video Game in the 2009 Hollywood Music In Media Awards. ==Performances== Zur's compositions have been played several times in live concerts. The first of these was a concert held in Seoul, South Korea on May 30, 2006 dedicated to his music for ''Lineage II: Chronicle V: Oath of Blood''. On August 20, 2008, music from his soundtrack to ''Crysis'' was played in Leipzig, Germany at a 'Video Games Live'' concert. His music from ''Dragon Age: Origins'' and ''Prince of Persia'' was performed at the September 26, 2009 ""A Night in Fantasia 2009"" concert in Sydney, Australia by the Eminence Symphony Orchestra. Inon Zur was a special guest at the concert. ==Musical style and influences== Zur's compositions frequently are focused on full orchestras, choir and, in some games like ''Prince of Persia'', ethnic instruments like Arabic flutes and the woodwind duduk. He has often collaborated with the Northwest Sinfonia orchestra from Seattle, though he has on occasion used other orchestras. Whenever Zur works with a real orchestra, he always conducts it himself. He has named some of his musical influences as classical artists such as Sergey Prokofiev, Igor Stravinsky, and Beethoven, movie composers like John Williams and Jerry Goldsmith, and jazz artists like George Gershwin and Henry McFeeny. While he would one day like to compose music not intended to be part of a larger piece of media, he finds that the pressure of a deadline and the feedback from the developers are crucial in his development process. He feels that his music sounds best when it is in the context given by the media is was made for, though he feels that performances of the music by itself transforms it ""from just a soundtrack to an art form on its own"". Zur typically is brought in to compose for a game once it is mostly complete, though he notes that that is earlier than for films and television—where nothing changes after he starts besides post-production effects—making video game music composition a more ""flexible"" process. He finds that it is ""crucial"" for him to play a game before he can compose music for it, even if it only a development version. Rather than compose music based around the setting in the game where it will be played, Zur composes music around the emotion that he wants the player to feel at that point in the game. While he feels that music composition technology has come far enough in recent years to no longer be a limiting factor in his music, he does feel that the music budgets for games limit what he can create. Zur feels that he is considered in the industry to be a very fast composer, which he attributes to his tendency to compose music ""intuitively"", rather than spending a lot of time planning it out. When not composing, Zur likes to play video games, especially those he has composed for, as well as play basketball and spend time with his family. The types of projects that he would like to work on in the future that he has not yet done are children's games and soundtracks incorporating jazz music. Read more on Last.fm. User-contributed text is available under the Creative Commons By-SA License; additional terms may apply.",Rogue Heart,Unknown,https://www.youtube.com/watch?v=OpmrRFYZtHc&pp=ygUUSW5vbiBadXIgUm9ndWUgSGVhcnQ%3D,Inon Zur - Rogue Heart | Dragon Age 2 (OST)
The Amazing Jeckel Brothers,https://lastfm.freetls.fastly.net/i/u/300x300/8a15dfff97694b9b1e6fae0f8b3c237e.jpg,Insane Clown Posse,1999-05-25,"Part rap group, part societal phenomenon, Insane Clown Posse amassed an unlikely cult around their cartoonish and critically loathed horrorcore rap styles. Loosely connected themes of psychopathic clowns, Faygo soda, and the importance of friendship were enough for thousands of die-hard fans to don clown make up and proclaim themselves ""juggalos,"" part of a community of Insane Clown Posse superfans drawn to their lowest-common-denominator humor and shock-factor rhymes. Staunchly independent, ICP only had brief and controversy-heavy associations with major labels around the time of their 1997 album The Great Milenko, but spent most of their decades of existence releasing their albums (as well as the music of an extended family of artists) on their own Psychopathic Records label. The group's grassroots approach resulted in millions of album sales, with a creative and commercial peak around the time of their highly conceptual late-'90s/early-2000s output. A loose narrative exposed over the course of several albums -- records like 1995's Riddle Box and 1999's The Amazing Jeckel Brothers -- was presented as different ""joker's cards,"" culminating with the spiritual reveal of 2002's The Wraith: Shangri-La. At that point, however, the wicked clowns were the center of a global counterculture, and they charged ahead for decades to come with releases like 2007's The Tempest, and the unveiling of a second deck of joker's cards with albums like 2011's Bang! Pow! Boom! and 2021's Yum Yum Bedlam.
Down to a duo, ICP were originally formed in 1989 as a hardcore Detroit rap group called Inner City Posse. After combusting in 1991, the only members left, Violent J (born Joseph Bruce) and Shaggy 2 Dope (born Joseph Utsler), slightly altered their name to reflect the fact that they had been visited by the Carnival Spirit, who ordered them to carry the word of an impending apocalypse by touring the nation and releasing six ""joker cards"" (popularly known as LPs) with successive revelations of the final judgment. The first, Carnival of Carnage, appeared in 1992 on their own Psychopathic Records label. The group became notorious in Detroit's underground scene, but several tours around the region failed to ignite much more than the rage of community leaders.
After the release of 1994's The Ringmaster, ICP began to get a bit of attention as a possible follower of cartoon metal bands like GWAR and Green Jelly. Jive Records signed the group and released The Riddle Box in 1995, but the record bombed and ICP returned to the ranks of the indies. Just one year later, Hollywood Records gambled on the band and spent more than a million dollars while ICP recorded their new album, The Great Milenko. On the day of its release in 1997, however, Hollywood pulled the release, citing obscene lyrics and gruesome content -- possibly a move by its owner, Disney, to deflect criticism of its practices by the Southern Baptist Federation. In a bizarre twist, yet another major-label, Island Records, stepped in to release the album and capitalize on ICP's notoriety, which continued to increase thanks to several incidents that kept them in the headlines: J was arrested after clubbing an audience member with his microphone in late 1997, and shortly thereafter, the group's tour bus ran off the road, leaving J with a concussion. Next, the group and their entourage were involved in a brawl at a Waffle House in Indiana, and both members eventually pleaded guilty to disorderly conduct charges.
All the chaos took its toll, as J suffered a panic attack in April 1998 while on-stage in Minnesota. However, all of the publicity helped expand the group's cult following to the point where their next album, the 1999 concept record The Amazing Jeckel Brothers, debuted in the Top Five. As evidenced by the numerous different collectible covers for The Amazing Jeckel Brothers, ICP had become a virtual merchandising machine, complete with comic books to flesh out their elaborate Dark Carnival mythology. They also wrote and starred in their own straight-to-video movie, Big Money Hustlas, and made guest appearances at wrestling events. The group spent the summer of 1999 bickering with various tourmates (Coal Chamber in particular) and played at the ill-fated Woodstock '99. Early in 2000, Shaggy collapsed on-stage, but the cause was deemed to be nothing more than a combination of the flu and low blood sugar; however, while staging a wrestling event several months later, Shaggy fell off a steel cage, breaking his nose and cheekbone. Still, ICP managed to make it into the studio to record a follow-up album, and Big Money Hustlas was finally released.
In the 2000s, the first Gathering of the Juggalos Festival took place in Novi, Michigan. Organized by ICP, the two-day show included live wrestling and performances by ICP, Twiztid, Blaze Ya Dead Homie, and other Psychopathic Records performers. Thousands of juggalos flocked to the event even at its beginning, and it would grow to become an annual summit for fans of the band and participants in the strange subculture that was the juggalo. By 2009, attendance at the gatherings was in the tens of thousands.
On Halloween 2000, the group issued its sixth album, which apparently did not count (as all the other albums had) as a joker card (in the ICP fantasy world, the sixth joker card was supposed to signal the apocalypse). Similar to Guns N' Roses' Use Your Illusion, the album was released in two completely different, separate versions, titled Bizzar and Bizaar. Finally needing to live up to the years of hype, 2002's The Wraith: Shangri-La revealed that the hidden message of their music was always to follow God and make it to Heaven. Considering the murder fantasies of ""Beverly Kills 50187"" and the necrophiliac overtones of ""Cemetery Girl,"" this may have been a shock to longtime fans.
In August 2004, the band released the sixth and final joker card, Hell's Pit, in two separate editions; both had the same CD but were packed with different DVDs. Nevertheless, the Dark Carnival wasn't fully shuttered. Spring 2005 found ICP hyping a new direction for the mythology, to be revealed with the May release of Calm. The EP also prepped Insane Clown Posse's devoted fan base for the sixth annual Gathering of the Juggalos that July. Their 2007 effort, The Tempest, found the duo reuniting with producer Mike E. Clark, the man behind the first four joker card releases. Clark stuck around for their 2009 Bang! Pow! Boom! album. That same year, the duo presented a second feature-length film. This time exploring a western motif, Big Money Rustlas featured the clowns in gunslinger garb and was again released outside of theaters.
Featuring Freshness, a two-disc collection of the group's work with other artists, arrived in 2011. A year later, the conceptual The Mighty Death Pop focused on their detractors and other ""certified hoes,"" with Clark returning as producer. In 2015, The Marvelous Missing Link (Lost) landed as the first of that year's two albums, while The Marvelous Missing Link (Found) landed later in the year. In 2017, while recording the next joker card, the duo released a pair of solo albums, with Shaggy 2 Dope's F.T.F.O.M.F. arriving months before Violent J's American Life/Lives. In mid-2018, the group announced that their 15th studio album, Fearless Fred Fury, would be released in October of that year, but it was ultimately pushed back until February 2019. An eight-song EP, Flip the Rat, was scheduled for release on the same day. In advance of the group's next studio album, they released the eight-song EP Yum Yum's Lure in February of 2021, eventually delivering a full album, Yum Yum Bedlam, on the last day of October that same year. The album represented the fifth joker's card in the second deck of the ongoing Dark Carnival saga, and included guest appearances from Roadside Ghost and Vinnie Dombroski. ~ John Bush",Terrible,Unknown,https://www.youtube.com/watch?v=tBKCX6jligE&pp=ygUdSW5zYW5lIENsb3duIFBvc3NlIC0gVGVycmlibGU%3D,Terrible
The Amazing Jeckel Brothers,https://lastfm.freetls.fastly.net/i/u/300x300/8a15dfff97694b9b1e6fae0f8b3c237e.jpg,Insane Clown Posse,1999-05-25,"Part rap group, part societal phenomenon, Insane Clown Posse amassed an unlikely cult around their cartoonish and critically loathed horrorcore rap styles. Loosely connected themes of psychopathic clowns, Faygo soda, and the importance of friendship were enough for thousands of die-hard fans to don clown make up and proclaim themselves ""juggalos,"" part of a community of Insane Clown Posse superfans drawn to their lowest-common-denominator humor and shock-factor rhymes. Staunchly independent, ICP only had brief and controversy-heavy associations with major labels around the time of their 1997 album The Great Milenko, but spent most of their decades of existence releasing their albums (as well as the music of an extended family of artists) on their own Psychopathic Records label. The group's grassroots approach resulted in millions of album sales, with a creative and commercial peak around the time of their highly conceptual late-'90s/early-2000s output. A loose narrative exposed over the course of several albums -- records like 1995's Riddle Box and 1999's The Amazing Jeckel Brothers -- was presented as different ""joker's cards,"" culminating with the spiritual reveal of 2002's The Wraith: Shangri-La. At that point, however, the wicked clowns were the center of a global counterculture, and they charged ahead for decades to come with releases like 2007's The Tempest, and the unveiling of a second deck of joker's cards with albums like 2011's Bang! Pow! Boom! and 2021's Yum Yum Bedlam.
Down to a duo, ICP were originally formed in 1989 as a hardcore Detroit rap group called Inner City Posse. After combusting in 1991, the only members left, Violent J (born Joseph Bruce) and Shaggy 2 Dope (born Joseph Utsler), slightly altered their name to reflect the fact that they had been visited by the Carnival Spirit, who ordered them to carry the word of an impending apocalypse by touring the nation and releasing six ""joker cards"" (popularly known as LPs) with successive revelations of the final judgment. The first, Carnival of Carnage, appeared in 1992 on their own Psychopathic Records label. The group became notorious in Detroit's underground scene, but several tours around the region failed to ignite much more than the rage of community leaders.
After the release of 1994's The Ringmaster, ICP began to get a bit of attention as a possible follower of cartoon metal bands like GWAR and Green Jelly. Jive Records signed the group and released The Riddle Box in 1995, but the record bombed and ICP returned to the ranks of the indies. Just one year later, Hollywood Records gambled on the band and spent more than a million dollars while ICP recorded their new album, The Great Milenko. On the day of its release in 1997, however, Hollywood pulled the release, citing obscene lyrics and gruesome content -- possibly a move by its owner, Disney, to deflect criticism of its practices by the Southern Baptist Federation. In a bizarre twist, yet another major-label, Island Records, stepped in to release the album and capitalize on ICP's notoriety, which continued to increase thanks to several incidents that kept them in the headlines: J was arrested after clubbing an audience member with his microphone in late 1997, and shortly thereafter, the group's tour bus ran off the road, leaving J with a concussion. Next, the group and their entourage were involved in a brawl at a Waffle House in Indiana, and both members eventually pleaded guilty to disorderly conduct charges.
All the chaos took its toll, as J suffered a panic attack in April 1998 while on-stage in Minnesota. However, all of the publicity helped expand the group's cult following to the point where their next album, the 1999 concept record The Amazing Jeckel Brothers, debuted in the Top Five. As evidenced by the numerous different collectible covers for The Amazing Jeckel Brothers, ICP had become a virtual merchandising machine, complete with comic books to flesh out their elaborate Dark Carnival mythology. They also wrote and starred in their own straight-to-video movie, Big Money Hustlas, and made guest appearances at wrestling events. The group spent the summer of 1999 bickering with various tourmates (Coal Chamber in particular) and played at the ill-fated Woodstock '99. Early in 2000, Shaggy collapsed on-stage, but the cause was deemed to be nothing more than a combination of the flu and low blood sugar; however, while staging a wrestling event several months later, Shaggy fell off a steel cage, breaking his nose and cheekbone. Still, ICP managed to make it into the studio to record a follow-up album, and Big Money Hustlas was finally released.
In the 2000s, the first Gathering of the Juggalos Festival took place in Novi, Michigan. Organized by ICP, the two-day show included live wrestling and performances by ICP, Twiztid, Blaze Ya Dead Homie, and other Psychopathic Records performers. Thousands of juggalos flocked to the event even at its beginning, and it would grow to become an annual summit for fans of the band and participants in the strange subculture that was the juggalo. By 2009, attendance at the gatherings was in the tens of thousands.
On Halloween 2000, the group issued its sixth album, which apparently did not count (as all the other albums had) as a joker card (in the ICP fantasy world, the sixth joker card was supposed to signal the apocalypse). Similar to Guns N' Roses' Use Your Illusion, the album was released in two completely different, separate versions, titled Bizzar and Bizaar. Finally needing to live up to the years of hype, 2002's The Wraith: Shangri-La revealed that the hidden message of their music was always to follow God and make it to Heaven. Considering the murder fantasies of ""Beverly Kills 50187"" and the necrophiliac overtones of ""Cemetery Girl,"" this may have been a shock to longtime fans.
In August 2004, the band released the sixth and final joker card, Hell's Pit, in two separate editions; both had the same CD but were packed with different DVDs. Nevertheless, the Dark Carnival wasn't fully shuttered. Spring 2005 found ICP hyping a new direction for the mythology, to be revealed with the May release of Calm. The EP also prepped Insane Clown Posse's devoted fan base for the sixth annual Gathering of the Juggalos that July. Their 2007 effort, The Tempest, found the duo reuniting with producer Mike E. Clark, the man behind the first four joker card releases. Clark stuck around for their 2009 Bang! Pow! Boom! album. That same year, the duo presented a second feature-length film. This time exploring a western motif, Big Money Rustlas featured the clowns in gunslinger garb and was again released outside of theaters.
Featuring Freshness, a two-disc collection of the group's work with other artists, arrived in 2011. A year later, the conceptual The Mighty Death Pop focused on their detractors and other ""certified hoes,"" with Clark returning as producer. In 2015, The Marvelous Missing Link (Lost) landed as the first of that year's two albums, while The Marvelous Missing Link (Found) landed later in the year. In 2017, while recording the next joker card, the duo released a pair of solo albums, with Shaggy 2 Dope's F.T.F.O.M.F. arriving months before Violent J's American Life/Lives. In mid-2018, the group announced that their 15th studio album, Fearless Fred Fury, would be released in October of that year, but it was ultimately pushed back until February 2019. An eight-song EP, Flip the Rat, was scheduled for release on the same day. In advance of the group's next studio album, they released the eight-song EP Yum Yum's Lure in February of 2021, eventually delivering a full album, Yum Yum Bedlam, on the last day of October that same year. The album represented the fifth joker's card in the second deck of the ongoing Dark Carnival saga, and included guest appearances from Roadside Ghost and Vinnie Dombroski. ~ John Bush",I Stab People,Unknown,https://www.youtube.com/watch?v=9fz-XuobpVc&pp=ygUgSW5zYW5lIENsb3duIFBvc3NlIEkgU3RhYiBQZW9wbGU%3D,I Stab People
The Amazing Jeckel Brothers,https://lastfm.freetls.fastly.net/i/u/300x300/8a15dfff97694b9b1e6fae0f8b3c237e.jpg,Insane Clown Posse,1999-05-25,"Part rap group, part societal phenomenon, Insane Clown Posse amassed an unlikely cult around their cartoonish and critically loathed horrorcore rap styles. Loosely connected themes of psychopathic clowns, Faygo soda, and the importance of friendship were enough for thousands of die-hard fans to don clown make up and proclaim themselves ""juggalos,"" part of a community of Insane Clown Posse superfans drawn to their lowest-common-denominator humor and shock-factor rhymes. Staunchly independent, ICP only had brief and controversy-heavy associations with major labels around the time of their 1997 album The Great Milenko, but spent most of their decades of existence releasing their albums (as well as the music of an extended family of artists) on their own Psychopathic Records label. The group's grassroots approach resulted in millions of album sales, with a creative and commercial peak around the time of their highly conceptual late-'90s/early-2000s output. A loose narrative exposed over the course of several albums -- records like 1995's Riddle Box and 1999's The Amazing Jeckel Brothers -- was presented as different ""joker's cards,"" culminating with the spiritual reveal of 2002's The Wraith: Shangri-La. At that point, however, the wicked clowns were the center of a global counterculture, and they charged ahead for decades to come with releases like 2007's The Tempest, and the unveiling of a second deck of joker's cards with albums like 2011's Bang! Pow! Boom! and 2021's Yum Yum Bedlam.
Down to a duo, ICP were originally formed in 1989 as a hardcore Detroit rap group called Inner City Posse. After combusting in 1991, the only members left, Violent J (born Joseph Bruce) and Shaggy 2 Dope (born Joseph Utsler), slightly altered their name to reflect the fact that they had been visited by the Carnival Spirit, who ordered them to carry the word of an impending apocalypse by touring the nation and releasing six ""joker cards"" (popularly known as LPs) with successive revelations of the final judgment. The first, Carnival of Carnage, appeared in 1992 on their own Psychopathic Records label. The group became notorious in Detroit's underground scene, but several tours around the region failed to ignite much more than the rage of community leaders.
After the release of 1994's The Ringmaster, ICP began to get a bit of attention as a possible follower of cartoon metal bands like GWAR and Green Jelly. Jive Records signed the group and released The Riddle Box in 1995, but the record bombed and ICP returned to the ranks of the indies. Just one year later, Hollywood Records gambled on the band and spent more than a million dollars while ICP recorded their new album, The Great Milenko. On the day of its release in 1997, however, Hollywood pulled the release, citing obscene lyrics and gruesome content -- possibly a move by its owner, Disney, to deflect criticism of its practices by the Southern Baptist Federation. In a bizarre twist, yet another major-label, Island Records, stepped in to release the album and capitalize on ICP's notoriety, which continued to increase thanks to several incidents that kept them in the headlines: J was arrested after clubbing an audience member with his microphone in late 1997, and shortly thereafter, the group's tour bus ran off the road, leaving J with a concussion. Next, the group and their entourage were involved in a brawl at a Waffle House in Indiana, and both members eventually pleaded guilty to disorderly conduct charges.
All the chaos took its toll, as J suffered a panic attack in April 1998 while on-stage in Minnesota. However, all of the publicity helped expand the group's cult following to the point where their next album, the 1999 concept record The Amazing Jeckel Brothers, debuted in the Top Five. As evidenced by the numerous different collectible covers for The Amazing Jeckel Brothers, ICP had become a virtual merchandising machine, complete with comic books to flesh out their elaborate Dark Carnival mythology. They also wrote and starred in their own straight-to-video movie, Big Money Hustlas, and made guest appearances at wrestling events. The group spent the summer of 1999 bickering with various tourmates (Coal Chamber in particular) and played at the ill-fated Woodstock '99. Early in 2000, Shaggy collapsed on-stage, but the cause was deemed to be nothing more than a combination of the flu and low blood sugar; however, while staging a wrestling event several months later, Shaggy fell off a steel cage, breaking his nose and cheekbone. Still, ICP managed to make it into the studio to record a follow-up album, and Big Money Hustlas was finally released.
In the 2000s, the first Gathering of the Juggalos Festival took place in Novi, Michigan. Organized by ICP, the two-day show included live wrestling and performances by ICP, Twiztid, Blaze Ya Dead Homie, and other Psychopathic Records performers. Thousands of juggalos flocked to the event even at its beginning, and it would grow to become an annual summit for fans of the band and participants in the strange subculture that was the juggalo. By 2009, attendance at the gatherings was in the tens of thousands.
On Halloween 2000, the group issued its sixth album, which apparently did not count (as all the other albums had) as a joker card (in the ICP fantasy world, the sixth joker card was supposed to signal the apocalypse). Similar to Guns N' Roses' Use Your Illusion, the album was released in two completely different, separate versions, titled Bizzar and Bizaar. Finally needing to live up to the years of hype, 2002's The Wraith: Shangri-La revealed that the hidden message of their music was always to follow God and make it to Heaven. Considering the murder fantasies of ""Beverly Kills 50187"" and the necrophiliac overtones of ""Cemetery Girl,"" this may have been a shock to longtime fans.
In August 2004, the band released the sixth and final joker card, Hell's Pit, in two separate editions; both had the same CD but were packed with different DVDs. Nevertheless, the Dark Carnival wasn't fully shuttered. Spring 2005 found ICP hyping a new direction for the mythology, to be revealed with the May release of Calm. The EP also prepped Insane Clown Posse's devoted fan base for the sixth annual Gathering of the Juggalos that July. Their 2007 effort, The Tempest, found the duo reuniting with producer Mike E. Clark, the man behind the first four joker card releases. Clark stuck around for their 2009 Bang! Pow! Boom! album. That same year, the duo presented a second feature-length film. This time exploring a western motif, Big Money Rustlas featured the clowns in gunslinger garb and was again released outside of theaters.
Featuring Freshness, a two-disc collection of the group's work with other artists, arrived in 2011. A year later, the conceptual The Mighty Death Pop focused on their detractors and other ""certified hoes,"" with Clark returning as producer. In 2015, The Marvelous Missing Link (Lost) landed as the first of that year's two albums, while The Marvelous Missing Link (Found) landed later in the year. In 2017, while recording the next joker card, the duo released a pair of solo albums, with Shaggy 2 Dope's F.T.F.O.M.F. arriving months before Violent J's American Life/Lives. In mid-2018, the group announced that their 15th studio album, Fearless Fred Fury, would be released in October of that year, but it was ultimately pushed back until February 2019. An eight-song EP, Flip the Rat, was scheduled for release on the same day. In advance of the group's next studio album, they released the eight-song EP Yum Yum's Lure in February of 2021, eventually delivering a full album, Yum Yum Bedlam, on the last day of October that same year. The album represented the fifth joker's card in the second deck of the ongoing Dark Carnival saga, and included guest appearances from Roadside Ghost and Vinnie Dombroski. ~ John Bush",Another Love Song,Unknown,https://www.youtube.com/watch?v=BWi5k0wo56I&pp=ygUkSW5zYW5lIENsb3duIFBvc3NlIEFub3RoZXIgTG92ZSBTb25n,Insane Clown Posse - Another Love Song (Official HD Video)
The Amazing Jeckel Brothers,https://lastfm.freetls.fastly.net/i/u/300x300/8a15dfff97694b9b1e6fae0f8b3c237e.jpg,Insane Clown Posse,1999-05-25,"Part rap group, part societal phenomenon, Insane Clown Posse amassed an unlikely cult around their cartoonish and critically loathed horrorcore rap styles. Loosely connected themes of psychopathic clowns, Faygo soda, and the importance of friendship were enough for thousands of die-hard fans to don clown make up and proclaim themselves ""juggalos,"" part of a community of Insane Clown Posse superfans drawn to their lowest-common-denominator humor and shock-factor rhymes. Staunchly independent, ICP only had brief and controversy-heavy associations with major labels around the time of their 1997 album The Great Milenko, but spent most of their decades of existence releasing their albums (as well as the music of an extended family of artists) on their own Psychopathic Records label. The group's grassroots approach resulted in millions of album sales, with a creative and commercial peak around the time of their highly conceptual late-'90s/early-2000s output. A loose narrative exposed over the course of several albums -- records like 1995's Riddle Box and 1999's The Amazing Jeckel Brothers -- was presented as different ""joker's cards,"" culminating with the spiritual reveal of 2002's The Wraith: Shangri-La. At that point, however, the wicked clowns were the center of a global counterculture, and they charged ahead for decades to come with releases like 2007's The Tempest, and the unveiling of a second deck of joker's cards with albums like 2011's Bang! Pow! Boom! and 2021's Yum Yum Bedlam.
Down to a duo, ICP were originally formed in 1989 as a hardcore Detroit rap group called Inner City Posse. After combusting in 1991, the only members left, Violent J (born Joseph Bruce) and Shaggy 2 Dope (born Joseph Utsler), slightly altered their name to reflect the fact that they had been visited by the Carnival Spirit, who ordered them to carry the word of an impending apocalypse by touring the nation and releasing six ""joker cards"" (popularly known as LPs) with successive revelations of the final judgment. The first, Carnival of Carnage, appeared in 1992 on their own Psychopathic Records label. The group became notorious in Detroit's underground scene, but several tours around the region failed to ignite much more than the rage of community leaders.
After the release of 1994's The Ringmaster, ICP began to get a bit of attention as a possible follower of cartoon metal bands like GWAR and Green Jelly. Jive Records signed the group and released The Riddle Box in 1995, but the record bombed and ICP returned to the ranks of the indies. Just one year later, Hollywood Records gambled on the band and spent more than a million dollars while ICP recorded their new album, The Great Milenko. On the day of its release in 1997, however, Hollywood pulled the release, citing obscene lyrics and gruesome content -- possibly a move by its owner, Disney, to deflect criticism of its practices by the Southern Baptist Federation. In a bizarre twist, yet another major-label, Island Records, stepped in to release the album and capitalize on ICP's notoriety, which continued to increase thanks to several incidents that kept them in the headlines: J was arrested after clubbing an audience member with his microphone in late 1997, and shortly thereafter, the group's tour bus ran off the road, leaving J with a concussion. Next, the group and their entourage were involved in a brawl at a Waffle House in Indiana, and both members eventually pleaded guilty to disorderly conduct charges.
All the chaos took its toll, as J suffered a panic attack in April 1998 while on-stage in Minnesota. However, all of the publicity helped expand the group's cult following to the point where their next album, the 1999 concept record The Amazing Jeckel Brothers, debuted in the Top Five. As evidenced by the numerous different collectible covers for The Amazing Jeckel Brothers, ICP had become a virtual merchandising machine, complete with comic books to flesh out their elaborate Dark Carnival mythology. They also wrote and starred in their own straight-to-video movie, Big Money Hustlas, and made guest appearances at wrestling events. The group spent the summer of 1999 bickering with various tourmates (Coal Chamber in particular) and played at the ill-fated Woodstock '99. Early in 2000, Shaggy collapsed on-stage, but the cause was deemed to be nothing more than a combination of the flu and low blood sugar; however, while staging a wrestling event several months later, Shaggy fell off a steel cage, breaking his nose and cheekbone. Still, ICP managed to make it into the studio to record a follow-up album, and Big Money Hustlas was finally released.
In the 2000s, the first Gathering of the Juggalos Festival took place in Novi, Michigan. Organized by ICP, the two-day show included live wrestling and performances by ICP, Twiztid, Blaze Ya Dead Homie, and other Psychopathic Records performers. Thousands of juggalos flocked to the event even at its beginning, and it would grow to become an annual summit for fans of the band and participants in the strange subculture that was the juggalo. By 2009, attendance at the gatherings was in the tens of thousands.
On Halloween 2000, the group issued its sixth album, which apparently did not count (as all the other albums had) as a joker card (in the ICP fantasy world, the sixth joker card was supposed to signal the apocalypse). Similar to Guns N' Roses' Use Your Illusion, the album was released in two completely different, separate versions, titled Bizzar and Bizaar. Finally needing to live up to the years of hype, 2002's The Wraith: Shangri-La revealed that the hidden message of their music was always to follow God and make it to Heaven. Considering the murder fantasies of ""Beverly Kills 50187"" and the necrophiliac overtones of ""Cemetery Girl,"" this may have been a shock to longtime fans.
In August 2004, the band released the sixth and final joker card, Hell's Pit, in two separate editions; both had the same CD but were packed with different DVDs. Nevertheless, the Dark Carnival wasn't fully shuttered. Spring 2005 found ICP hyping a new direction for the mythology, to be revealed with the May release of Calm. The EP also prepped Insane Clown Posse's devoted fan base for the sixth annual Gathering of the Juggalos that July. Their 2007 effort, The Tempest, found the duo reuniting with producer Mike E. Clark, the man behind the first four joker card releases. Clark stuck around for their 2009 Bang! Pow! Boom! album. That same year, the duo presented a second feature-length film. This time exploring a western motif, Big Money Rustlas featured the clowns in gunslinger garb and was again released outside of theaters.
Featuring Freshness, a two-disc collection of the group's work with other artists, arrived in 2011. A year later, the conceptual The Mighty Death Pop focused on their detractors and other ""certified hoes,"" with Clark returning as producer. In 2015, The Marvelous Missing Link (Lost) landed as the first of that year's two albums, while The Marvelous Missing Link (Found) landed later in the year. In 2017, while recording the next joker card, the duo released a pair of solo albums, with Shaggy 2 Dope's F.T.F.O.M.F. arriving months before Violent J's American Life/Lives. In mid-2018, the group announced that their 15th studio album, Fearless Fred Fury, would be released in October of that year, but it was ultimately pushed back until February 2019. An eight-song EP, Flip the Rat, was scheduled for release on the same day. In advance of the group's next studio album, they released the eight-song EP Yum Yum's Lure in February of 2021, eventually delivering a full album, Yum Yum Bedlam, on the last day of October that same year. The album represented the fifth joker's card in the second deck of the ongoing Dark Carnival saga, and included guest appearances from Roadside Ghost and Vinnie Dombroski. ~ John Bush",I Want My Shit,Unknown,https://www.youtube.com/watch?v=qkgKccKlu2g&pp=ygUjSW5zYW5lIENsb3duIFBvc3NlIC0gSSBXYW50IE15IFNoaXQ%3D,I Want My Sh*t
The Amazing Jeckel Brothers,https://lastfm.freetls.fastly.net/i/u/300x300/8a15dfff97694b9b1e6fae0f8b3c237e.jpg,Insane Clown Posse,1999-05-25,"Part rap group, part societal phenomenon, Insane Clown Posse amassed an unlikely cult around their cartoonish and critically loathed horrorcore rap styles. Loosely connected themes of psychopathic clowns, Faygo soda, and the importance of friendship were enough for thousands of die-hard fans to don clown make up and proclaim themselves ""juggalos,"" part of a community of Insane Clown Posse superfans drawn to their lowest-common-denominator humor and shock-factor rhymes. Staunchly independent, ICP only had brief and controversy-heavy associations with major labels around the time of their 1997 album The Great Milenko, but spent most of their decades of existence releasing their albums (as well as the music of an extended family of artists) on their own Psychopathic Records label. The group's grassroots approach resulted in millions of album sales, with a creative and commercial peak around the time of their highly conceptual late-'90s/early-2000s output. A loose narrative exposed over the course of several albums -- records like 1995's Riddle Box and 1999's The Amazing Jeckel Brothers -- was presented as different ""joker's cards,"" culminating with the spiritual reveal of 2002's The Wraith: Shangri-La. At that point, however, the wicked clowns were the center of a global counterculture, and they charged ahead for decades to come with releases like 2007's The Tempest, and the unveiling of a second deck of joker's cards with albums like 2011's Bang! Pow! Boom! and 2021's Yum Yum Bedlam.
Down to a duo, ICP were originally formed in 1989 as a hardcore Detroit rap group called Inner City Posse. After combusting in 1991, the only members left, Violent J (born Joseph Bruce) and Shaggy 2 Dope (born Joseph Utsler), slightly altered their name to reflect the fact that they had been visited by the Carnival Spirit, who ordered them to carry the word of an impending apocalypse by touring the nation and releasing six ""joker cards"" (popularly known as LPs) with successive revelations of the final judgment. The first, Carnival of Carnage, appeared in 1992 on their own Psychopathic Records label. The group became notorious in Detroit's underground scene, but several tours around the region failed to ignite much more than the rage of community leaders.
After the release of 1994's The Ringmaster, ICP began to get a bit of attention as a possible follower of cartoon metal bands like GWAR and Green Jelly. Jive Records signed the group and released The Riddle Box in 1995, but the record bombed and ICP returned to the ranks of the indies. Just one year later, Hollywood Records gambled on the band and spent more than a million dollars while ICP recorded their new album, The Great Milenko. On the day of its release in 1997, however, Hollywood pulled the release, citing obscene lyrics and gruesome content -- possibly a move by its owner, Disney, to deflect criticism of its practices by the Southern Baptist Federation. In a bizarre twist, yet another major-label, Island Records, stepped in to release the album and capitalize on ICP's notoriety, which continued to increase thanks to several incidents that kept them in the headlines: J was arrested after clubbing an audience member with his microphone in late 1997, and shortly thereafter, the group's tour bus ran off the road, leaving J with a concussion. Next, the group and their entourage were involved in a brawl at a Waffle House in Indiana, and both members eventually pleaded guilty to disorderly conduct charges.
All the chaos took its toll, as J suffered a panic attack in April 1998 while on-stage in Minnesota. However, all of the publicity helped expand the group's cult following to the point where their next album, the 1999 concept record The Amazing Jeckel Brothers, debuted in the Top Five. As evidenced by the numerous different collectible covers for The Amazing Jeckel Brothers, ICP had become a virtual merchandising machine, complete with comic books to flesh out their elaborate Dark Carnival mythology. They also wrote and starred in their own straight-to-video movie, Big Money Hustlas, and made guest appearances at wrestling events. The group spent the summer of 1999 bickering with various tourmates (Coal Chamber in particular) and played at the ill-fated Woodstock '99. Early in 2000, Shaggy collapsed on-stage, but the cause was deemed to be nothing more than a combination of the flu and low blood sugar; however, while staging a wrestling event several months later, Shaggy fell off a steel cage, breaking his nose and cheekbone. Still, ICP managed to make it into the studio to record a follow-up album, and Big Money Hustlas was finally released.
In the 2000s, the first Gathering of the Juggalos Festival took place in Novi, Michigan. Organized by ICP, the two-day show included live wrestling and performances by ICP, Twiztid, Blaze Ya Dead Homie, and other Psychopathic Records performers. Thousands of juggalos flocked to the event even at its beginning, and it would grow to become an annual summit for fans of the band and participants in the strange subculture that was the juggalo. By 2009, attendance at the gatherings was in the tens of thousands.
On Halloween 2000, the group issued its sixth album, which apparently did not count (as all the other albums had) as a joker card (in the ICP fantasy world, the sixth joker card was supposed to signal the apocalypse). Similar to Guns N' Roses' Use Your Illusion, the album was released in two completely different, separate versions, titled Bizzar and Bizaar. Finally needing to live up to the years of hype, 2002's The Wraith: Shangri-La revealed that the hidden message of their music was always to follow God and make it to Heaven. Considering the murder fantasies of ""Beverly Kills 50187"" and the necrophiliac overtones of ""Cemetery Girl,"" this may have been a shock to longtime fans.
In August 2004, the band released the sixth and final joker card, Hell's Pit, in two separate editions; both had the same CD but were packed with different DVDs. Nevertheless, the Dark Carnival wasn't fully shuttered. Spring 2005 found ICP hyping a new direction for the mythology, to be revealed with the May release of Calm. The EP also prepped Insane Clown Posse's devoted fan base for the sixth annual Gathering of the Juggalos that July. Their 2007 effort, The Tempest, found the duo reuniting with producer Mike E. Clark, the man behind the first four joker card releases. Clark stuck around for their 2009 Bang! Pow! Boom! album. That same year, the duo presented a second feature-length film. This time exploring a western motif, Big Money Rustlas featured the clowns in gunslinger garb and was again released outside of theaters.
Featuring Freshness, a two-disc collection of the group's work with other artists, arrived in 2011. A year later, the conceptual The Mighty Death Pop focused on their detractors and other ""certified hoes,"" with Clark returning as producer. In 2015, The Marvelous Missing Link (Lost) landed as the first of that year's two albums, while The Marvelous Missing Link (Found) landed later in the year. In 2017, while recording the next joker card, the duo released a pair of solo albums, with Shaggy 2 Dope's F.T.F.O.M.F. arriving months before Violent J's American Life/Lives. In mid-2018, the group announced that their 15th studio album, Fearless Fred Fury, would be released in October of that year, but it was ultimately pushed back until February 2019. An eight-song EP, Flip the Rat, was scheduled for release on the same day. In advance of the group's next studio album, they released the eight-song EP Yum Yum's Lure in February of 2021, eventually delivering a full album, Yum Yum Bedlam, on the last day of October that same year. The album represented the fifth joker's card in the second deck of the ongoing Dark Carnival saga, and included guest appearances from Roadside Ghost and Vinnie Dombroski. ~ John Bush",Fuck the World,Unknown,https://www.youtube.com/watch?v=muOhib1QsOQ&pp=ygUjSW5zYW5lIENsb3duIFBvc3NlIC0gRnVjayB0aGUgV29ybGQ%3D,F*ck The World
The Amazing Jeckel Brothers,https://lastfm.freetls.fastly.net/i/u/300x300/8a15dfff97694b9b1e6fae0f8b3c237e.jpg,Insane Clown Posse,1999-05-25,"Part rap group, part societal phenomenon, Insane Clown Posse amassed an unlikely cult around their cartoonish and critically loathed horrorcore rap styles. Loosely connected themes of psychopathic clowns, Faygo soda, and the importance of friendship were enough for thousands of die-hard fans to don clown make up and proclaim themselves ""juggalos,"" part of a community of Insane Clown Posse superfans drawn to their lowest-common-denominator humor and shock-factor rhymes. Staunchly independent, ICP only had brief and controversy-heavy associations with major labels around the time of their 1997 album The Great Milenko, but spent most of their decades of existence releasing their albums (as well as the music of an extended family of artists) on their own Psychopathic Records label. The group's grassroots approach resulted in millions of album sales, with a creative and commercial peak around the time of their highly conceptual late-'90s/early-2000s output. A loose narrative exposed over the course of several albums -- records like 1995's Riddle Box and 1999's The Amazing Jeckel Brothers -- was presented as different ""joker's cards,"" culminating with the spiritual reveal of 2002's The Wraith: Shangri-La. At that point, however, the wicked clowns were the center of a global counterculture, and they charged ahead for decades to come with releases like 2007's The Tempest, and the unveiling of a second deck of joker's cards with albums like 2011's Bang! Pow! Boom! and 2021's Yum Yum Bedlam.
Down to a duo, ICP were originally formed in 1989 as a hardcore Detroit rap group called Inner City Posse. After combusting in 1991, the only members left, Violent J (born Joseph Bruce) and Shaggy 2 Dope (born Joseph Utsler), slightly altered their name to reflect the fact that they had been visited by the Carnival Spirit, who ordered them to carry the word of an impending apocalypse by touring the nation and releasing six ""joker cards"" (popularly known as LPs) with successive revelations of the final judgment. The first, Carnival of Carnage, appeared in 1992 on their own Psychopathic Records label. The group became notorious in Detroit's underground scene, but several tours around the region failed to ignite much more than the rage of community leaders.
After the release of 1994's The Ringmaster, ICP began to get a bit of attention as a possible follower of cartoon metal bands like GWAR and Green Jelly. Jive Records signed the group and released The Riddle Box in 1995, but the record bombed and ICP returned to the ranks of the indies. Just one year later, Hollywood Records gambled on the band and spent more than a million dollars while ICP recorded their new album, The Great Milenko. On the day of its release in 1997, however, Hollywood pulled the release, citing obscene lyrics and gruesome content -- possibly a move by its owner, Disney, to deflect criticism of its practices by the Southern Baptist Federation. In a bizarre twist, yet another major-label, Island Records, stepped in to release the album and capitalize on ICP's notoriety, which continued to increase thanks to several incidents that kept them in the headlines: J was arrested after clubbing an audience member with his microphone in late 1997, and shortly thereafter, the group's tour bus ran off the road, leaving J with a concussion. Next, the group and their entourage were involved in a brawl at a Waffle House in Indiana, and both members eventually pleaded guilty to disorderly conduct charges.
All the chaos took its toll, as J suffered a panic attack in April 1998 while on-stage in Minnesota. However, all of the publicity helped expand the group's cult following to the point where their next album, the 1999 concept record The Amazing Jeckel Brothers, debuted in the Top Five. As evidenced by the numerous different collectible covers for The Amazing Jeckel Brothers, ICP had become a virtual merchandising machine, complete with comic books to flesh out their elaborate Dark Carnival mythology. They also wrote and starred in their own straight-to-video movie, Big Money Hustlas, and made guest appearances at wrestling events. The group spent the summer of 1999 bickering with various tourmates (Coal Chamber in particular) and played at the ill-fated Woodstock '99. Early in 2000, Shaggy collapsed on-stage, but the cause was deemed to be nothing more than a combination of the flu and low blood sugar; however, while staging a wrestling event several months later, Shaggy fell off a steel cage, breaking his nose and cheekbone. Still, ICP managed to make it into the studio to record a follow-up album, and Big Money Hustlas was finally released.
In the 2000s, the first Gathering of the Juggalos Festival took place in Novi, Michigan. Organized by ICP, the two-day show included live wrestling and performances by ICP, Twiztid, Blaze Ya Dead Homie, and other Psychopathic Records performers. Thousands of juggalos flocked to the event even at its beginning, and it would grow to become an annual summit for fans of the band and participants in the strange subculture that was the juggalo. By 2009, attendance at the gatherings was in the tens of thousands.
On Halloween 2000, the group issued its sixth album, which apparently did not count (as all the other albums had) as a joker card (in the ICP fantasy world, the sixth joker card was supposed to signal the apocalypse). Similar to Guns N' Roses' Use Your Illusion, the album was released in two completely different, separate versions, titled Bizzar and Bizaar. Finally needing to live up to the years of hype, 2002's The Wraith: Shangri-La revealed that the hidden message of their music was always to follow God and make it to Heaven. Considering the murder fantasies of ""Beverly Kills 50187"" and the necrophiliac overtones of ""Cemetery Girl,"" this may have been a shock to longtime fans.
In August 2004, the band released the sixth and final joker card, Hell's Pit, in two separate editions; both had the same CD but were packed with different DVDs. Nevertheless, the Dark Carnival wasn't fully shuttered. Spring 2005 found ICP hyping a new direction for the mythology, to be revealed with the May release of Calm. The EP also prepped Insane Clown Posse's devoted fan base for the sixth annual Gathering of the Juggalos that July. Their 2007 effort, The Tempest, found the duo reuniting with producer Mike E. Clark, the man behind the first four joker card releases. Clark stuck around for their 2009 Bang! Pow! Boom! album. That same year, the duo presented a second feature-length film. This time exploring a western motif, Big Money Rustlas featured the clowns in gunslinger garb and was again released outside of theaters.
Featuring Freshness, a two-disc collection of the group's work with other artists, arrived in 2011. A year later, the conceptual The Mighty Death Pop focused on their detractors and other ""certified hoes,"" with Clark returning as producer. In 2015, The Marvelous Missing Link (Lost) landed as the first of that year's two albums, while The Marvelous Missing Link (Found) landed later in the year. In 2017, while recording the next joker card, the duo released a pair of solo albums, with Shaggy 2 Dope's F.T.F.O.M.F. arriving months before Violent J's American Life/Lives. In mid-2018, the group announced that their 15th studio album, Fearless Fred Fury, would be released in October of that year, but it was ultimately pushed back until February 2019. An eight-song EP, Flip the Rat, was scheduled for release on the same day. In advance of the group's next studio album, they released the eight-song EP Yum Yum's Lure in February of 2021, eventually delivering a full album, Yum Yum Bedlam, on the last day of October that same year. The album represented the fifth joker's card in the second deck of the ongoing Dark Carnival saga, and included guest appearances from Roadside Ghost and Vinnie Dombroski. ~ John Bush",Nothing’s Left,Unknown,https://www.youtube.com/watch?v=8Q5LbnZagJo&pp=ygUgSW5zYW5lIENsb3duIFBvc3NlIE5vdGhpbmdzIExlZnQ%3D,Nothing's Left
Carnival of Carnage,https://lastfm.freetls.fastly.net/i/u/300x300/84a670a93ffe7f45044e025feb890bb3.png,Insane Clown Posse,1992-10-18,"Part rap group, part societal phenomenon, Insane Clown Posse amassed an unlikely cult around their cartoonish and critically loathed horrorcore rap styles. Loosely connected themes of psychopathic clowns, Faygo soda, and the importance of friendship were enough for thousands of die-hard fans to don clown make up and proclaim themselves ""juggalos,"" part of a community of Insane Clown Posse superfans drawn to their lowest-common-denominator humor and shock-factor rhymes. Staunchly independent, ICP only had brief and controversy-heavy associations with major labels around the time of their 1997 album The Great Milenko, but spent most of their decades of existence releasing their albums (as well as the music of an extended family of artists) on their own Psychopathic Records label. The group's grassroots approach resulted in millions of album sales, with a creative and commercial peak around the time of their highly conceptual late-'90s/early-2000s output. A loose narrative exposed over the course of several albums -- records like 1995's Riddle Box and 1999's The Amazing Jeckel Brothers -- was presented as different ""joker's cards,"" culminating with the spiritual reveal of 2002's The Wraith: Shangri-La. At that point, however, the wicked clowns were the center of a global counterculture, and they charged ahead for decades to come with releases like 2007's The Tempest, and the unveiling of a second deck of joker's cards with albums like 2011's Bang! Pow! Boom! and 2021's Yum Yum Bedlam.
Down to a duo, ICP were originally formed in 1989 as a hardcore Detroit rap group called Inner City Posse. After combusting in 1991, the only members left, Violent J (born Joseph Bruce) and Shaggy 2 Dope (born Joseph Utsler), slightly altered their name to reflect the fact that they had been visited by the Carnival Spirit, who ordered them to carry the word of an impending apocalypse by touring the nation and releasing six ""joker cards"" (popularly known as LPs) with successive revelations of the final judgment. The first, Carnival of Carnage, appeared in 1992 on their own Psychopathic Records label. The group became notorious in Detroit's underground scene, but several tours around the region failed to ignite much more than the rage of community leaders.
After the release of 1994's The Ringmaster, ICP began to get a bit of attention as a possible follower of cartoon metal bands like GWAR and Green Jelly. Jive Records signed the group and released The Riddle Box in 1995, but the record bombed and ICP returned to the ranks of the indies. Just one year later, Hollywood Records gambled on the band and spent more than a million dollars while ICP recorded their new album, The Great Milenko. On the day of its release in 1997, however, Hollywood pulled the release, citing obscene lyrics and gruesome content -- possibly a move by its owner, Disney, to deflect criticism of its practices by the Southern Baptist Federation. In a bizarre twist, yet another major-label, Island Records, stepped in to release the album and capitalize on ICP's notoriety, which continued to increase thanks to several incidents that kept them in the headlines: J was arrested after clubbing an audience member with his microphone in late 1997, and shortly thereafter, the group's tour bus ran off the road, leaving J with a concussion. Next, the group and their entourage were involved in a brawl at a Waffle House in Indiana, and both members eventually pleaded guilty to disorderly conduct charges.
All the chaos took its toll, as J suffered a panic attack in April 1998 while on-stage in Minnesota. However, all of the publicity helped expand the group's cult following to the point where their next album, the 1999 concept record The Amazing Jeckel Brothers, debuted in the Top Five. As evidenced by the numerous different collectible covers for The Amazing Jeckel Brothers, ICP had become a virtual merchandising machine, complete with comic books to flesh out their elaborate Dark Carnival mythology. They also wrote and starred in their own straight-to-video movie, Big Money Hustlas, and made guest appearances at wrestling events. The group spent the summer of 1999 bickering with various tourmates (Coal Chamber in particular) and played at the ill-fated Woodstock '99. Early in 2000, Shaggy collapsed on-stage, but the cause was deemed to be nothing more than a combination of the flu and low blood sugar; however, while staging a wrestling event several months later, Shaggy fell off a steel cage, breaking his nose and cheekbone. Still, ICP managed to make it into the studio to record a follow-up album, and Big Money Hustlas was finally released.
In the 2000s, the first Gathering of the Juggalos Festival took place in Novi, Michigan. Organized by ICP, the two-day show included live wrestling and performances by ICP, Twiztid, Blaze Ya Dead Homie, and other Psychopathic Records performers. Thousands of juggalos flocked to the event even at its beginning, and it would grow to become an annual summit for fans of the band and participants in the strange subculture that was the juggalo. By 2009, attendance at the gatherings was in the tens of thousands.
On Halloween 2000, the group issued its sixth album, which apparently did not count (as all the other albums had) as a joker card (in the ICP fantasy world, the sixth joker card was supposed to signal the apocalypse). Similar to Guns N' Roses' Use Your Illusion, the album was released in two completely different, separate versions, titled Bizzar and Bizaar. Finally needing to live up to the years of hype, 2002's The Wraith: Shangri-La revealed that the hidden message of their music was always to follow God and make it to Heaven. Considering the murder fantasies of ""Beverly Kills 50187"" and the necrophiliac overtones of ""Cemetery Girl,"" this may have been a shock to longtime fans.
In August 2004, the band released the sixth and final joker card, Hell's Pit, in two separate editions; both had the same CD but were packed with different DVDs. Nevertheless, the Dark Carnival wasn't fully shuttered. Spring 2005 found ICP hyping a new direction for the mythology, to be revealed with the May release of Calm. The EP also prepped Insane Clown Posse's devoted fan base for the sixth annual Gathering of the Juggalos that July. Their 2007 effort, The Tempest, found the duo reuniting with producer Mike E. Clark, the man behind the first four joker card releases. Clark stuck around for their 2009 Bang! Pow! Boom! album. That same year, the duo presented a second feature-length film. This time exploring a western motif, Big Money Rustlas featured the clowns in gunslinger garb and was again released outside of theaters.
Featuring Freshness, a two-disc collection of the group's work with other artists, arrived in 2011. A year later, the conceptual The Mighty Death Pop focused on their detractors and other ""certified hoes,"" with Clark returning as producer. In 2015, The Marvelous Missing Link (Lost) landed as the first of that year's two albums, while The Marvelous Missing Link (Found) landed later in the year. In 2017, while recording the next joker card, the duo released a pair of solo albums, with Shaggy 2 Dope's F.T.F.O.M.F. arriving months before Violent J's American Life/Lives. In mid-2018, the group announced that their 15th studio album, Fearless Fred Fury, would be released in October of that year, but it was ultimately pushed back until February 2019. An eight-song EP, Flip the Rat, was scheduled for release on the same day. In advance of the group's next studio album, they released the eight-song EP Yum Yum's Lure in February of 2021, eventually delivering a full album, Yum Yum Bedlam, on the last day of October that same year. The album represented the fifth joker's card in the second deck of the ongoing Dark Carnival saga, and included guest appearances from Roadside Ghost and Vinnie Dombroski. ~ John Bush",The Juggla,Unknown,https://www.youtube.com/watch?v=ejfxf6hxdeM&pp=ygUdSW5zYW5lIENsb3duIFBvc3NlIFRoZSBKdWdnbGE%3D,The Juggla
The Great Milenko (20th Anniversary),https://lastfm.freetls.fastly.net/i/u/300x300/833ce24e3874d04b07adddac40771301.jpg,Insane Clown Posse,1997-06-24,"Part rap group, part societal phenomenon, Insane Clown Posse amassed an unlikely cult around their cartoonish and critically loathed horrorcore rap styles. Loosely connected themes of psychopathic clowns, Faygo soda, and the importance of friendship were enough for thousands of die-hard fans to don clown make up and proclaim themselves ""juggalos,"" part of a community of Insane Clown Posse superfans drawn to their lowest-common-denominator humor and shock-factor rhymes. Staunchly independent, ICP only had brief and controversy-heavy associations with major labels around the time of their 1997 album The Great Milenko, but spent most of their decades of existence releasing their albums (as well as the music of an extended family of artists) on their own Psychopathic Records label. The group's grassroots approach resulted in millions of album sales, with a creative and commercial peak around the time of their highly conceptual late-'90s/early-2000s output. A loose narrative exposed over the course of several albums -- records like 1995's Riddle Box and 1999's The Amazing Jeckel Brothers -- was presented as different ""joker's cards,"" culminating with the spiritual reveal of 2002's The Wraith: Shangri-La. At that point, however, the wicked clowns were the center of a global counterculture, and they charged ahead for decades to come with releases like 2007's The Tempest, and the unveiling of a second deck of joker's cards with albums like 2011's Bang! Pow! Boom! and 2021's Yum Yum Bedlam.
Down to a duo, ICP were originally formed in 1989 as a hardcore Detroit rap group called Inner City Posse. After combusting in 1991, the only members left, Violent J (born Joseph Bruce) and Shaggy 2 Dope (born Joseph Utsler), slightly altered their name to reflect the fact that they had been visited by the Carnival Spirit, who ordered them to carry the word of an impending apocalypse by touring the nation and releasing six ""joker cards"" (popularly known as LPs) with successive revelations of the final judgment. The first, Carnival of Carnage, appeared in 1992 on their own Psychopathic Records label. The group became notorious in Detroit's underground scene, but several tours around the region failed to ignite much more than the rage of community leaders.
After the release of 1994's The Ringmaster, ICP began to get a bit of attention as a possible follower of cartoon metal bands like GWAR and Green Jelly. Jive Records signed the group and released The Riddle Box in 1995, but the record bombed and ICP returned to the ranks of the indies. Just one year later, Hollywood Records gambled on the band and spent more than a million dollars while ICP recorded their new album, The Great Milenko. On the day of its release in 1997, however, Hollywood pulled the release, citing obscene lyrics and gruesome content -- possibly a move by its owner, Disney, to deflect criticism of its practices by the Southern Baptist Federation. In a bizarre twist, yet another major-label, Island Records, stepped in to release the album and capitalize on ICP's notoriety, which continued to increase thanks to several incidents that kept them in the headlines: J was arrested after clubbing an audience member with his microphone in late 1997, and shortly thereafter, the group's tour bus ran off the road, leaving J with a concussion. Next, the group and their entourage were involved in a brawl at a Waffle House in Indiana, and both members eventually pleaded guilty to disorderly conduct charges.
All the chaos took its toll, as J suffered a panic attack in April 1998 while on-stage in Minnesota. However, all of the publicity helped expand the group's cult following to the point where their next album, the 1999 concept record The Amazing Jeckel Brothers, debuted in the Top Five. As evidenced by the numerous different collectible covers for The Amazing Jeckel Brothers, ICP had become a virtual merchandising machine, complete with comic books to flesh out their elaborate Dark Carnival mythology. They also wrote and starred in their own straight-to-video movie, Big Money Hustlas, and made guest appearances at wrestling events. The group spent the summer of 1999 bickering with various tourmates (Coal Chamber in particular) and played at the ill-fated Woodstock '99. Early in 2000, Shaggy collapsed on-stage, but the cause was deemed to be nothing more than a combination of the flu and low blood sugar; however, while staging a wrestling event several months later, Shaggy fell off a steel cage, breaking his nose and cheekbone. Still, ICP managed to make it into the studio to record a follow-up album, and Big Money Hustlas was finally released.
In the 2000s, the first Gathering of the Juggalos Festival took place in Novi, Michigan. Organized by ICP, the two-day show included live wrestling and performances by ICP, Twiztid, Blaze Ya Dead Homie, and other Psychopathic Records performers. Thousands of juggalos flocked to the event even at its beginning, and it would grow to become an annual summit for fans of the band and participants in the strange subculture that was the juggalo. By 2009, attendance at the gatherings was in the tens of thousands.
On Halloween 2000, the group issued its sixth album, which apparently did not count (as all the other albums had) as a joker card (in the ICP fantasy world, the sixth joker card was supposed to signal the apocalypse). Similar to Guns N' Roses' Use Your Illusion, the album was released in two completely different, separate versions, titled Bizzar and Bizaar. Finally needing to live up to the years of hype, 2002's The Wraith: Shangri-La revealed that the hidden message of their music was always to follow God and make it to Heaven. Considering the murder fantasies of ""Beverly Kills 50187"" and the necrophiliac overtones of ""Cemetery Girl,"" this may have been a shock to longtime fans.
In August 2004, the band released the sixth and final joker card, Hell's Pit, in two separate editions; both had the same CD but were packed with different DVDs. Nevertheless, the Dark Carnival wasn't fully shuttered. Spring 2005 found ICP hyping a new direction for the mythology, to be revealed with the May release of Calm. The EP also prepped Insane Clown Posse's devoted fan base for the sixth annual Gathering of the Juggalos that July. Their 2007 effort, The Tempest, found the duo reuniting with producer Mike E. Clark, the man behind the first four joker card releases. Clark stuck around for their 2009 Bang! Pow! Boom! album. That same year, the duo presented a second feature-length film. This time exploring a western motif, Big Money Rustlas featured the clowns in gunslinger garb and was again released outside of theaters.
Featuring Freshness, a two-disc collection of the group's work with other artists, arrived in 2011. A year later, the conceptual The Mighty Death Pop focused on their detractors and other ""certified hoes,"" with Clark returning as producer. In 2015, The Marvelous Missing Link (Lost) landed as the first of that year's two albums, while The Marvelous Missing Link (Found) landed later in the year. In 2017, while recording the next joker card, the duo released a pair of solo albums, with Shaggy 2 Dope's F.T.F.O.M.F. arriving months before Violent J's American Life/Lives. In mid-2018, the group announced that their 15th studio album, Fearless Fred Fury, would be released in October of that year, but it was ultimately pushed back until February 2019. An eight-song EP, Flip the Rat, was scheduled for release on the same day. In advance of the group's next studio album, they released the eight-song EP Yum Yum's Lure in February of 2021, eventually delivering a full album, Yum Yum Bedlam, on the last day of October that same year. The album represented the fifth joker's card in the second deck of the ongoing Dark Carnival saga, and included guest appearances from Roadside Ghost and Vinnie Dombroski. ~ John Bush",Hokus Pokus,Unknown,https://www.youtube.com/watch?v=8hyMG3b05u0&pp=ygUgSW5zYW5lIENsb3duIFBvc3NlIC0gSG9rdXMgUG9rdXM%3D,Insane Clown Posse - Hokus Pokus
The Great Milenko (20th Anniversary),https://lastfm.freetls.fastly.net/i/u/300x300/833ce24e3874d04b07adddac40771301.jpg,Insane Clown Posse,1997-06-24,"Part rap group, part societal phenomenon, Insane Clown Posse amassed an unlikely cult around their cartoonish and critically loathed horrorcore rap styles. Loosely connected themes of psychopathic clowns, Faygo soda, and the importance of friendship were enough for thousands of die-hard fans to don clown make up and proclaim themselves ""juggalos,"" part of a community of Insane Clown Posse superfans drawn to their lowest-common-denominator humor and shock-factor rhymes. Staunchly independent, ICP only had brief and controversy-heavy associations with major labels around the time of their 1997 album The Great Milenko, but spent most of their decades of existence releasing their albums (as well as the music of an extended family of artists) on their own Psychopathic Records label. The group's grassroots approach resulted in millions of album sales, with a creative and commercial peak around the time of their highly conceptual late-'90s/early-2000s output. A loose narrative exposed over the course of several albums -- records like 1995's Riddle Box and 1999's The Amazing Jeckel Brothers -- was presented as different ""joker's cards,"" culminating with the spiritual reveal of 2002's The Wraith: Shangri-La. At that point, however, the wicked clowns were the center of a global counterculture, and they charged ahead for decades to come with releases like 2007's The Tempest, and the unveiling of a second deck of joker's cards with albums like 2011's Bang! Pow! Boom! and 2021's Yum Yum Bedlam.
Down to a duo, ICP were originally formed in 1989 as a hardcore Detroit rap group called Inner City Posse. After combusting in 1991, the only members left, Violent J (born Joseph Bruce) and Shaggy 2 Dope (born Joseph Utsler), slightly altered their name to reflect the fact that they had been visited by the Carnival Spirit, who ordered them to carry the word of an impending apocalypse by touring the nation and releasing six ""joker cards"" (popularly known as LPs) with successive revelations of the final judgment. The first, Carnival of Carnage, appeared in 1992 on their own Psychopathic Records label. The group became notorious in Detroit's underground scene, but several tours around the region failed to ignite much more than the rage of community leaders.
After the release of 1994's The Ringmaster, ICP began to get a bit of attention as a possible follower of cartoon metal bands like GWAR and Green Jelly. Jive Records signed the group and released The Riddle Box in 1995, but the record bombed and ICP returned to the ranks of the indies. Just one year later, Hollywood Records gambled on the band and spent more than a million dollars while ICP recorded their new album, The Great Milenko. On the day of its release in 1997, however, Hollywood pulled the release, citing obscene lyrics and gruesome content -- possibly a move by its owner, Disney, to deflect criticism of its practices by the Southern Baptist Federation. In a bizarre twist, yet another major-label, Island Records, stepped in to release the album and capitalize on ICP's notoriety, which continued to increase thanks to several incidents that kept them in the headlines: J was arrested after clubbing an audience member with his microphone in late 1997, and shortly thereafter, the group's tour bus ran off the road, leaving J with a concussion. Next, the group and their entourage were involved in a brawl at a Waffle House in Indiana, and both members eventually pleaded guilty to disorderly conduct charges.
All the chaos took its toll, as J suffered a panic attack in April 1998 while on-stage in Minnesota. However, all of the publicity helped expand the group's cult following to the point where their next album, the 1999 concept record The Amazing Jeckel Brothers, debuted in the Top Five. As evidenced by the numerous different collectible covers for The Amazing Jeckel Brothers, ICP had become a virtual merchandising machine, complete with comic books to flesh out their elaborate Dark Carnival mythology. They also wrote and starred in their own straight-to-video movie, Big Money Hustlas, and made guest appearances at wrestling events. The group spent the summer of 1999 bickering with various tourmates (Coal Chamber in particular) and played at the ill-fated Woodstock '99. Early in 2000, Shaggy collapsed on-stage, but the cause was deemed to be nothing more than a combination of the flu and low blood sugar; however, while staging a wrestling event several months later, Shaggy fell off a steel cage, breaking his nose and cheekbone. Still, ICP managed to make it into the studio to record a follow-up album, and Big Money Hustlas was finally released.
In the 2000s, the first Gathering of the Juggalos Festival took place in Novi, Michigan. Organized by ICP, the two-day show included live wrestling and performances by ICP, Twiztid, Blaze Ya Dead Homie, and other Psychopathic Records performers. Thousands of juggalos flocked to the event even at its beginning, and it would grow to become an annual summit for fans of the band and participants in the strange subculture that was the juggalo. By 2009, attendance at the gatherings was in the tens of thousands.
On Halloween 2000, the group issued its sixth album, which apparently did not count (as all the other albums had) as a joker card (in the ICP fantasy world, the sixth joker card was supposed to signal the apocalypse). Similar to Guns N' Roses' Use Your Illusion, the album was released in two completely different, separate versions, titled Bizzar and Bizaar. Finally needing to live up to the years of hype, 2002's The Wraith: Shangri-La revealed that the hidden message of their music was always to follow God and make it to Heaven. Considering the murder fantasies of ""Beverly Kills 50187"" and the necrophiliac overtones of ""Cemetery Girl,"" this may have been a shock to longtime fans.
In August 2004, the band released the sixth and final joker card, Hell's Pit, in two separate editions; both had the same CD but were packed with different DVDs. Nevertheless, the Dark Carnival wasn't fully shuttered. Spring 2005 found ICP hyping a new direction for the mythology, to be revealed with the May release of Calm. The EP also prepped Insane Clown Posse's devoted fan base for the sixth annual Gathering of the Juggalos that July. Their 2007 effort, The Tempest, found the duo reuniting with producer Mike E. Clark, the man behind the first four joker card releases. Clark stuck around for their 2009 Bang! Pow! Boom! album. That same year, the duo presented a second feature-length film. This time exploring a western motif, Big Money Rustlas featured the clowns in gunslinger garb and was again released outside of theaters.
Featuring Freshness, a two-disc collection of the group's work with other artists, arrived in 2011. A year later, the conceptual The Mighty Death Pop focused on their detractors and other ""certified hoes,"" with Clark returning as producer. In 2015, The Marvelous Missing Link (Lost) landed as the first of that year's two albums, while The Marvelous Missing Link (Found) landed later in the year. In 2017, while recording the next joker card, the duo released a pair of solo albums, with Shaggy 2 Dope's F.T.F.O.M.F. arriving months before Violent J's American Life/Lives. In mid-2018, the group announced that their 15th studio album, Fearless Fred Fury, would be released in October of that year, but it was ultimately pushed back until February 2019. An eight-song EP, Flip the Rat, was scheduled for release on the same day. In advance of the group's next studio album, they released the eight-song EP Yum Yum's Lure in February of 2021, eventually delivering a full album, Yum Yum Bedlam, on the last day of October that same year. The album represented the fifth joker's card in the second deck of the ongoing Dark Carnival saga, and included guest appearances from Roadside Ghost and Vinnie Dombroski. ~ John Bush",How Many Times?,Unknown,https://www.youtube.com/watch?v=Xj6lTI2djFw&pp=ygUhSW5zYW5lIENsb3duIFBvc3NlIEhvdyBNYW55IFRpbWVz,ICP Insane Clown Posse / How Many Times / Official High Quality Video
The Great Milenko (20th Anniversary),https://lastfm.freetls.fastly.net/i/u/300x300/833ce24e3874d04b07adddac40771301.jpg,Insane Clown Posse,1997-06-24,"Part rap group, part societal phenomenon, Insane Clown Posse amassed an unlikely cult around their cartoonish and critically loathed horrorcore rap styles. Loosely connected themes of psychopathic clowns, Faygo soda, and the importance of friendship were enough for thousands of die-hard fans to don clown make up and proclaim themselves ""juggalos,"" part of a community of Insane Clown Posse superfans drawn to their lowest-common-denominator humor and shock-factor rhymes. Staunchly independent, ICP only had brief and controversy-heavy associations with major labels around the time of their 1997 album The Great Milenko, but spent most of their decades of existence releasing their albums (as well as the music of an extended family of artists) on their own Psychopathic Records label. The group's grassroots approach resulted in millions of album sales, with a creative and commercial peak around the time of their highly conceptual late-'90s/early-2000s output. A loose narrative exposed over the course of several albums -- records like 1995's Riddle Box and 1999's The Amazing Jeckel Brothers -- was presented as different ""joker's cards,"" culminating with the spiritual reveal of 2002's The Wraith: Shangri-La. At that point, however, the wicked clowns were the center of a global counterculture, and they charged ahead for decades to come with releases like 2007's The Tempest, and the unveiling of a second deck of joker's cards with albums like 2011's Bang! Pow! Boom! and 2021's Yum Yum Bedlam.
Down to a duo, ICP were originally formed in 1989 as a hardcore Detroit rap group called Inner City Posse. After combusting in 1991, the only members left, Violent J (born Joseph Bruce) and Shaggy 2 Dope (born Joseph Utsler), slightly altered their name to reflect the fact that they had been visited by the Carnival Spirit, who ordered them to carry the word of an impending apocalypse by touring the nation and releasing six ""joker cards"" (popularly known as LPs) with successive revelations of the final judgment. The first, Carnival of Carnage, appeared in 1992 on their own Psychopathic Records label. The group became notorious in Detroit's underground scene, but several tours around the region failed to ignite much more than the rage of community leaders.
After the release of 1994's The Ringmaster, ICP began to get a bit of attention as a possible follower of cartoon metal bands like GWAR and Green Jelly. Jive Records signed the group and released The Riddle Box in 1995, but the record bombed and ICP returned to the ranks of the indies. Just one year later, Hollywood Records gambled on the band and spent more than a million dollars while ICP recorded their new album, The Great Milenko. On the day of its release in 1997, however, Hollywood pulled the release, citing obscene lyrics and gruesome content -- possibly a move by its owner, Disney, to deflect criticism of its practices by the Southern Baptist Federation. In a bizarre twist, yet another major-label, Island Records, stepped in to release the album and capitalize on ICP's notoriety, which continued to increase thanks to several incidents that kept them in the headlines: J was arrested after clubbing an audience member with his microphone in late 1997, and shortly thereafter, the group's tour bus ran off the road, leaving J with a concussion. Next, the group and their entourage were involved in a brawl at a Waffle House in Indiana, and both members eventually pleaded guilty to disorderly conduct charges.
All the chaos took its toll, as J suffered a panic attack in April 1998 while on-stage in Minnesota. However, all of the publicity helped expand the group's cult following to the point where their next album, the 1999 concept record The Amazing Jeckel Brothers, debuted in the Top Five. As evidenced by the numerous different collectible covers for The Amazing Jeckel Brothers, ICP had become a virtual merchandising machine, complete with comic books to flesh out their elaborate Dark Carnival mythology. They also wrote and starred in their own straight-to-video movie, Big Money Hustlas, and made guest appearances at wrestling events. The group spent the summer of 1999 bickering with various tourmates (Coal Chamber in particular) and played at the ill-fated Woodstock '99. Early in 2000, Shaggy collapsed on-stage, but the cause was deemed to be nothing more than a combination of the flu and low blood sugar; however, while staging a wrestling event several months later, Shaggy fell off a steel cage, breaking his nose and cheekbone. Still, ICP managed to make it into the studio to record a follow-up album, and Big Money Hustlas was finally released.
In the 2000s, the first Gathering of the Juggalos Festival took place in Novi, Michigan. Organized by ICP, the two-day show included live wrestling and performances by ICP, Twiztid, Blaze Ya Dead Homie, and other Psychopathic Records performers. Thousands of juggalos flocked to the event even at its beginning, and it would grow to become an annual summit for fans of the band and participants in the strange subculture that was the juggalo. By 2009, attendance at the gatherings was in the tens of thousands.
On Halloween 2000, the group issued its sixth album, which apparently did not count (as all the other albums had) as a joker card (in the ICP fantasy world, the sixth joker card was supposed to signal the apocalypse). Similar to Guns N' Roses' Use Your Illusion, the album was released in two completely different, separate versions, titled Bizzar and Bizaar. Finally needing to live up to the years of hype, 2002's The Wraith: Shangri-La revealed that the hidden message of their music was always to follow God and make it to Heaven. Considering the murder fantasies of ""Beverly Kills 50187"" and the necrophiliac overtones of ""Cemetery Girl,"" this may have been a shock to longtime fans.
In August 2004, the band released the sixth and final joker card, Hell's Pit, in two separate editions; both had the same CD but were packed with different DVDs. Nevertheless, the Dark Carnival wasn't fully shuttered. Spring 2005 found ICP hyping a new direction for the mythology, to be revealed with the May release of Calm. The EP also prepped Insane Clown Posse's devoted fan base for the sixth annual Gathering of the Juggalos that July. Their 2007 effort, The Tempest, found the duo reuniting with producer Mike E. Clark, the man behind the first four joker card releases. Clark stuck around for their 2009 Bang! Pow! Boom! album. That same year, the duo presented a second feature-length film. This time exploring a western motif, Big Money Rustlas featured the clowns in gunslinger garb and was again released outside of theaters.
Featuring Freshness, a two-disc collection of the group's work with other artists, arrived in 2011. A year later, the conceptual The Mighty Death Pop focused on their detractors and other ""certified hoes,"" with Clark returning as producer. In 2015, The Marvelous Missing Link (Lost) landed as the first of that year's two albums, while The Marvelous Missing Link (Found) landed later in the year. In 2017, while recording the next joker card, the duo released a pair of solo albums, with Shaggy 2 Dope's F.T.F.O.M.F. arriving months before Violent J's American Life/Lives. In mid-2018, the group announced that their 15th studio album, Fearless Fred Fury, would be released in October of that year, but it was ultimately pushed back until February 2019. An eight-song EP, Flip the Rat, was scheduled for release on the same day. In advance of the group's next studio album, they released the eight-song EP Yum Yum's Lure in February of 2021, eventually delivering a full album, Yum Yum Bedlam, on the last day of October that same year. The album represented the fifth joker's card in the second deck of the ongoing Dark Carnival saga, and included guest appearances from Roadside Ghost and Vinnie Dombroski. ~ John Bush",Pass Me By,Unknown,https://www.youtube.com/watch?v=-E7LZTV5kNI&pp=ygUdSW5zYW5lIENsb3duIFBvc3NlIFBhc3MgTWUgQnk%3D,Insane Clown Posse - Pass Me By
The Great Milenko (20th Anniversary),https://lastfm.freetls.fastly.net/i/u/300x300/833ce24e3874d04b07adddac40771301.jpg,Insane Clown Posse,1997-06-24,"Part rap group, part societal phenomenon, Insane Clown Posse amassed an unlikely cult around their cartoonish and critically loathed horrorcore rap styles. Loosely connected themes of psychopathic clowns, Faygo soda, and the importance of friendship were enough for thousands of die-hard fans to don clown make up and proclaim themselves ""juggalos,"" part of a community of Insane Clown Posse superfans drawn to their lowest-common-denominator humor and shock-factor rhymes. Staunchly independent, ICP only had brief and controversy-heavy associations with major labels around the time of their 1997 album The Great Milenko, but spent most of their decades of existence releasing their albums (as well as the music of an extended family of artists) on their own Psychopathic Records label. The group's grassroots approach resulted in millions of album sales, with a creative and commercial peak around the time of their highly conceptual late-'90s/early-2000s output. A loose narrative exposed over the course of several albums -- records like 1995's Riddle Box and 1999's The Amazing Jeckel Brothers -- was presented as different ""joker's cards,"" culminating with the spiritual reveal of 2002's The Wraith: Shangri-La. At that point, however, the wicked clowns were the center of a global counterculture, and they charged ahead for decades to come with releases like 2007's The Tempest, and the unveiling of a second deck of joker's cards with albums like 2011's Bang! Pow! Boom! and 2021's Yum Yum Bedlam.
Down to a duo, ICP were originally formed in 1989 as a hardcore Detroit rap group called Inner City Posse. After combusting in 1991, the only members left, Violent J (born Joseph Bruce) and Shaggy 2 Dope (born Joseph Utsler), slightly altered their name to reflect the fact that they had been visited by the Carnival Spirit, who ordered them to carry the word of an impending apocalypse by touring the nation and releasing six ""joker cards"" (popularly known as LPs) with successive revelations of the final judgment. The first, Carnival of Carnage, appeared in 1992 on their own Psychopathic Records label. The group became notorious in Detroit's underground scene, but several tours around the region failed to ignite much more than the rage of community leaders.
After the release of 1994's The Ringmaster, ICP began to get a bit of attention as a possible follower of cartoon metal bands like GWAR and Green Jelly. Jive Records signed the group and released The Riddle Box in 1995, but the record bombed and ICP returned to the ranks of the indies. Just one year later, Hollywood Records gambled on the band and spent more than a million dollars while ICP recorded their new album, The Great Milenko. On the day of its release in 1997, however, Hollywood pulled the release, citing obscene lyrics and gruesome content -- possibly a move by its owner, Disney, to deflect criticism of its practices by the Southern Baptist Federation. In a bizarre twist, yet another major-label, Island Records, stepped in to release the album and capitalize on ICP's notoriety, which continued to increase thanks to several incidents that kept them in the headlines: J was arrested after clubbing an audience member with his microphone in late 1997, and shortly thereafter, the group's tour bus ran off the road, leaving J with a concussion. Next, the group and their entourage were involved in a brawl at a Waffle House in Indiana, and both members eventually pleaded guilty to disorderly conduct charges.
All the chaos took its toll, as J suffered a panic attack in April 1998 while on-stage in Minnesota. However, all of the publicity helped expand the group's cult following to the point where their next album, the 1999 concept record The Amazing Jeckel Brothers, debuted in the Top Five. As evidenced by the numerous different collectible covers for The Amazing Jeckel Brothers, ICP had become a virtual merchandising machine, complete with comic books to flesh out their elaborate Dark Carnival mythology. They also wrote and starred in their own straight-to-video movie, Big Money Hustlas, and made guest appearances at wrestling events. The group spent the summer of 1999 bickering with various tourmates (Coal Chamber in particular) and played at the ill-fated Woodstock '99. Early in 2000, Shaggy collapsed on-stage, but the cause was deemed to be nothing more than a combination of the flu and low blood sugar; however, while staging a wrestling event several months later, Shaggy fell off a steel cage, breaking his nose and cheekbone. Still, ICP managed to make it into the studio to record a follow-up album, and Big Money Hustlas was finally released.
In the 2000s, the first Gathering of the Juggalos Festival took place in Novi, Michigan. Organized by ICP, the two-day show included live wrestling and performances by ICP, Twiztid, Blaze Ya Dead Homie, and other Psychopathic Records performers. Thousands of juggalos flocked to the event even at its beginning, and it would grow to become an annual summit for fans of the band and participants in the strange subculture that was the juggalo. By 2009, attendance at the gatherings was in the tens of thousands.
On Halloween 2000, the group issued its sixth album, which apparently did not count (as all the other albums had) as a joker card (in the ICP fantasy world, the sixth joker card was supposed to signal the apocalypse). Similar to Guns N' Roses' Use Your Illusion, the album was released in two completely different, separate versions, titled Bizzar and Bizaar. Finally needing to live up to the years of hype, 2002's The Wraith: Shangri-La revealed that the hidden message of their music was always to follow God and make it to Heaven. Considering the murder fantasies of ""Beverly Kills 50187"" and the necrophiliac overtones of ""Cemetery Girl,"" this may have been a shock to longtime fans.
In August 2004, the band released the sixth and final joker card, Hell's Pit, in two separate editions; both had the same CD but were packed with different DVDs. Nevertheless, the Dark Carnival wasn't fully shuttered. Spring 2005 found ICP hyping a new direction for the mythology, to be revealed with the May release of Calm. The EP also prepped Insane Clown Posse's devoted fan base for the sixth annual Gathering of the Juggalos that July. Their 2007 effort, The Tempest, found the duo reuniting with producer Mike E. Clark, the man behind the first four joker card releases. Clark stuck around for their 2009 Bang! Pow! Boom! album. That same year, the duo presented a second feature-length film. This time exploring a western motif, Big Money Rustlas featured the clowns in gunslinger garb and was again released outside of theaters.
Featuring Freshness, a two-disc collection of the group's work with other artists, arrived in 2011. A year later, the conceptual The Mighty Death Pop focused on their detractors and other ""certified hoes,"" with Clark returning as producer. In 2015, The Marvelous Missing Link (Lost) landed as the first of that year's two albums, while The Marvelous Missing Link (Found) landed later in the year. In 2017, while recording the next joker card, the duo released a pair of solo albums, with Shaggy 2 Dope's F.T.F.O.M.F. arriving months before Violent J's American Life/Lives. In mid-2018, the group announced that their 15th studio album, Fearless Fred Fury, would be released in October of that year, but it was ultimately pushed back until February 2019. An eight-song EP, Flip the Rat, was scheduled for release on the same day. In advance of the group's next studio album, they released the eight-song EP Yum Yum's Lure in February of 2021, eventually delivering a full album, Yum Yum Bedlam, on the last day of October that same year. The album represented the fifth joker's card in the second deck of the ongoing Dark Carnival saga, and included guest appearances from Roadside Ghost and Vinnie Dombroski. ~ John Bush",85 Bucks An Hour,Unknown,https://www.youtube.com/watch?v=td4Oc1ZboAI&pp=ygUlSW5zYW5lIENsb3duIFBvc3NlIC0gODUgQnVja3MgQW4gSG91cg%3D%3D,ICP - 85 Bucks An Hour
Riddle Box,https://lastfm.freetls.fastly.net/i/u/300x300/c2d0a0593fb048ac9f255c8c86cf7f8d.png,Insane Clown Posse,1995-10-10,"Part rap group, part societal phenomenon, Insane Clown Posse amassed an unlikely cult around their cartoonish and critically loathed horrorcore rap styles. Loosely connected themes of psychopathic clowns, Faygo soda, and the importance of friendship were enough for thousands of die-hard fans to don clown make up and proclaim themselves ""juggalos,"" part of a community of Insane Clown Posse superfans drawn to their lowest-common-denominator humor and shock-factor rhymes. Staunchly independent, ICP only had brief and controversy-heavy associations with major labels around the time of their 1997 album The Great Milenko, but spent most of their decades of existence releasing their albums (as well as the music of an extended family of artists) on their own Psychopathic Records label. The group's grassroots approach resulted in millions of album sales, with a creative and commercial peak around the time of their highly conceptual late-'90s/early-2000s output. A loose narrative exposed over the course of several albums -- records like 1995's Riddle Box and 1999's The Amazing Jeckel Brothers -- was presented as different ""joker's cards,"" culminating with the spiritual reveal of 2002's The Wraith: Shangri-La. At that point, however, the wicked clowns were the center of a global counterculture, and they charged ahead for decades to come with releases like 2007's The Tempest, and the unveiling of a second deck of joker's cards with albums like 2011's Bang! Pow! Boom! and 2021's Yum Yum Bedlam.
Down to a duo, ICP were originally formed in 1989 as a hardcore Detroit rap group called Inner City Posse. After combusting in 1991, the only members left, Violent J (born Joseph Bruce) and Shaggy 2 Dope (born Joseph Utsler), slightly altered their name to reflect the fact that they had been visited by the Carnival Spirit, who ordered them to carry the word of an impending apocalypse by touring the nation and releasing six ""joker cards"" (popularly known as LPs) with successive revelations of the final judgment. The first, Carnival of Carnage, appeared in 1992 on their own Psychopathic Records label. The group became notorious in Detroit's underground scene, but several tours around the region failed to ignite much more than the rage of community leaders.
After the release of 1994's The Ringmaster, ICP began to get a bit of attention as a possible follower of cartoon metal bands like GWAR and Green Jelly. Jive Records signed the group and released The Riddle Box in 1995, but the record bombed and ICP returned to the ranks of the indies. Just one year later, Hollywood Records gambled on the band and spent more than a million dollars while ICP recorded their new album, The Great Milenko. On the day of its release in 1997, however, Hollywood pulled the release, citing obscene lyrics and gruesome content -- possibly a move by its owner, Disney, to deflect criticism of its practices by the Southern Baptist Federation. In a bizarre twist, yet another major-label, Island Records, stepped in to release the album and capitalize on ICP's notoriety, which continued to increase thanks to several incidents that kept them in the headlines: J was arrested after clubbing an audience member with his microphone in late 1997, and shortly thereafter, the group's tour bus ran off the road, leaving J with a concussion. Next, the group and their entourage were involved in a brawl at a Waffle House in Indiana, and both members eventually pleaded guilty to disorderly conduct charges.
All the chaos took its toll, as J suffered a panic attack in April 1998 while on-stage in Minnesota. However, all of the publicity helped expand the group's cult following to the point where their next album, the 1999 concept record The Amazing Jeckel Brothers, debuted in the Top Five. As evidenced by the numerous different collectible covers for The Amazing Jeckel Brothers, ICP had become a virtual merchandising machine, complete with comic books to flesh out their elaborate Dark Carnival mythology. They also wrote and starred in their own straight-to-video movie, Big Money Hustlas, and made guest appearances at wrestling events. The group spent the summer of 1999 bickering with various tourmates (Coal Chamber in particular) and played at the ill-fated Woodstock '99. Early in 2000, Shaggy collapsed on-stage, but the cause was deemed to be nothing more than a combination of the flu and low blood sugar; however, while staging a wrestling event several months later, Shaggy fell off a steel cage, breaking his nose and cheekbone. Still, ICP managed to make it into the studio to record a follow-up album, and Big Money Hustlas was finally released.
In the 2000s, the first Gathering of the Juggalos Festival took place in Novi, Michigan. Organized by ICP, the two-day show included live wrestling and performances by ICP, Twiztid, Blaze Ya Dead Homie, and other Psychopathic Records performers. Thousands of juggalos flocked to the event even at its beginning, and it would grow to become an annual summit for fans of the band and participants in the strange subculture that was the juggalo. By 2009, attendance at the gatherings was in the tens of thousands.
On Halloween 2000, the group issued its sixth album, which apparently did not count (as all the other albums had) as a joker card (in the ICP fantasy world, the sixth joker card was supposed to signal the apocalypse). Similar to Guns N' Roses' Use Your Illusion, the album was released in two completely different, separate versions, titled Bizzar and Bizaar. Finally needing to live up to the years of hype, 2002's The Wraith: Shangri-La revealed that the hidden message of their music was always to follow God and make it to Heaven. Considering the murder fantasies of ""Beverly Kills 50187"" and the necrophiliac overtones of ""Cemetery Girl,"" this may have been a shock to longtime fans.
In August 2004, the band released the sixth and final joker card, Hell's Pit, in two separate editions; both had the same CD but were packed with different DVDs. Nevertheless, the Dark Carnival wasn't fully shuttered. Spring 2005 found ICP hyping a new direction for the mythology, to be revealed with the May release of Calm. The EP also prepped Insane Clown Posse's devoted fan base for the sixth annual Gathering of the Juggalos that July. Their 2007 effort, The Tempest, found the duo reuniting with producer Mike E. Clark, the man behind the first four joker card releases. Clark stuck around for their 2009 Bang! Pow! Boom! album. That same year, the duo presented a second feature-length film. This time exploring a western motif, Big Money Rustlas featured the clowns in gunslinger garb and was again released outside of theaters.
Featuring Freshness, a two-disc collection of the group's work with other artists, arrived in 2011. A year later, the conceptual The Mighty Death Pop focused on their detractors and other ""certified hoes,"" with Clark returning as producer. In 2015, The Marvelous Missing Link (Lost) landed as the first of that year's two albums, while The Marvelous Missing Link (Found) landed later in the year. In 2017, while recording the next joker card, the duo released a pair of solo albums, with Shaggy 2 Dope's F.T.F.O.M.F. arriving months before Violent J's American Life/Lives. In mid-2018, the group announced that their 15th studio album, Fearless Fred Fury, would be released in October of that year, but it was ultimately pushed back until February 2019. An eight-song EP, Flip the Rat, was scheduled for release on the same day. In advance of the group's next studio album, they released the eight-song EP Yum Yum's Lure in February of 2021, eventually delivering a full album, Yum Yum Bedlam, on the last day of October that same year. The album represented the fifth joker's card in the second deck of the ongoing Dark Carnival saga, and included guest appearances from Roadside Ghost and Vinnie Dombroski. ~ John Bush",Chicken Huntin’ (Slaughterhouse remix),Unknown,https://www.youtube.com/watch?v=CyHQ3fkqBig&ab_channel=wickedshit,ICP chicken huntin ( unedited )
Tunnel of Love,https://lastfm.freetls.fastly.net/i/u/300x300/3e8ab38e9111495eb4fe4eddd12b0b6d.jpg,Insane Clown Posse,1996-06-11,"Part rap group, part societal phenomenon, Insane Clown Posse amassed an unlikely cult around their cartoonish and critically loathed horrorcore rap styles. Loosely connected themes of psychopathic clowns, Faygo soda, and the importance of friendship were enough for thousands of die-hard fans to don clown make up and proclaim themselves ""juggalos,"" part of a community of Insane Clown Posse superfans drawn to their lowest-common-denominator humor and shock-factor rhymes. Staunchly independent, ICP only had brief and controversy-heavy associations with major labels around the time of their 1997 album The Great Milenko, but spent most of their decades of existence releasing their albums (as well as the music of an extended family of artists) on their own Psychopathic Records label. The group's grassroots approach resulted in millions of album sales, with a creative and commercial peak around the time of their highly conceptual late-'90s/early-2000s output. A loose narrative exposed over the course of several albums -- records like 1995's Riddle Box and 1999's The Amazing Jeckel Brothers -- was presented as different ""joker's cards,"" culminating with the spiritual reveal of 2002's The Wraith: Shangri-La. At that point, however, the wicked clowns were the center of a global counterculture, and they charged ahead for decades to come with releases like 2007's The Tempest, and the unveiling of a second deck of joker's cards with albums like 2011's Bang! Pow! Boom! and 2021's Yum Yum Bedlam.
Down to a duo, ICP were originally formed in 1989 as a hardcore Detroit rap group called Inner City Posse. After combusting in 1991, the only members left, Violent J (born Joseph Bruce) and Shaggy 2 Dope (born Joseph Utsler), slightly altered their name to reflect the fact that they had been visited by the Carnival Spirit, who ordered them to carry the word of an impending apocalypse by touring the nation and releasing six ""joker cards"" (popularly known as LPs) with successive revelations of the final judgment. The first, Carnival of Carnage, appeared in 1992 on their own Psychopathic Records label. The group became notorious in Detroit's underground scene, but several tours around the region failed to ignite much more than the rage of community leaders.
After the release of 1994's The Ringmaster, ICP began to get a bit of attention as a possible follower of cartoon metal bands like GWAR and Green Jelly. Jive Records signed the group and released The Riddle Box in 1995, but the record bombed and ICP returned to the ranks of the indies. Just one year later, Hollywood Records gambled on the band and spent more than a million dollars while ICP recorded their new album, The Great Milenko. On the day of its release in 1997, however, Hollywood pulled the release, citing obscene lyrics and gruesome content -- possibly a move by its owner, Disney, to deflect criticism of its practices by the Southern Baptist Federation. In a bizarre twist, yet another major-label, Island Records, stepped in to release the album and capitalize on ICP's notoriety, which continued to increase thanks to several incidents that kept them in the headlines: J was arrested after clubbing an audience member with his microphone in late 1997, and shortly thereafter, the group's tour bus ran off the road, leaving J with a concussion. Next, the group and their entourage were involved in a brawl at a Waffle House in Indiana, and both members eventually pleaded guilty to disorderly conduct charges.
All the chaos took its toll, as J suffered a panic attack in April 1998 while on-stage in Minnesota. However, all of the publicity helped expand the group's cult following to the point where their next album, the 1999 concept record The Amazing Jeckel Brothers, debuted in the Top Five. As evidenced by the numerous different collectible covers for The Amazing Jeckel Brothers, ICP had become a virtual merchandising machine, complete with comic books to flesh out their elaborate Dark Carnival mythology. They also wrote and starred in their own straight-to-video movie, Big Money Hustlas, and made guest appearances at wrestling events. The group spent the summer of 1999 bickering with various tourmates (Coal Chamber in particular) and played at the ill-fated Woodstock '99. Early in 2000, Shaggy collapsed on-stage, but the cause was deemed to be nothing more than a combination of the flu and low blood sugar; however, while staging a wrestling event several months later, Shaggy fell off a steel cage, breaking his nose and cheekbone. Still, ICP managed to make it into the studio to record a follow-up album, and Big Money Hustlas was finally released.
In the 2000s, the first Gathering of the Juggalos Festival took place in Novi, Michigan. Organized by ICP, the two-day show included live wrestling and performances by ICP, Twiztid, Blaze Ya Dead Homie, and other Psychopathic Records performers. Thousands of juggalos flocked to the event even at its beginning, and it would grow to become an annual summit for fans of the band and participants in the strange subculture that was the juggalo. By 2009, attendance at the gatherings was in the tens of thousands.
On Halloween 2000, the group issued its sixth album, which apparently did not count (as all the other albums had) as a joker card (in the ICP fantasy world, the sixth joker card was supposed to signal the apocalypse). Similar to Guns N' Roses' Use Your Illusion, the album was released in two completely different, separate versions, titled Bizzar and Bizaar. Finally needing to live up to the years of hype, 2002's The Wraith: Shangri-La revealed that the hidden message of their music was always to follow God and make it to Heaven. Considering the murder fantasies of ""Beverly Kills 50187"" and the necrophiliac overtones of ""Cemetery Girl,"" this may have been a shock to longtime fans.
In August 2004, the band released the sixth and final joker card, Hell's Pit, in two separate editions; both had the same CD but were packed with different DVDs. Nevertheless, the Dark Carnival wasn't fully shuttered. Spring 2005 found ICP hyping a new direction for the mythology, to be revealed with the May release of Calm. The EP also prepped Insane Clown Posse's devoted fan base for the sixth annual Gathering of the Juggalos that July. Their 2007 effort, The Tempest, found the duo reuniting with producer Mike E. Clark, the man behind the first four joker card releases. Clark stuck around for their 2009 Bang! Pow! Boom! album. That same year, the duo presented a second feature-length film. This time exploring a western motif, Big Money Rustlas featured the clowns in gunslinger garb and was again released outside of theaters.
Featuring Freshness, a two-disc collection of the group's work with other artists, arrived in 2011. A year later, the conceptual The Mighty Death Pop focused on their detractors and other ""certified hoes,"" with Clark returning as producer. In 2015, The Marvelous Missing Link (Lost) landed as the first of that year's two albums, while The Marvelous Missing Link (Found) landed later in the year. In 2017, while recording the next joker card, the duo released a pair of solo albums, with Shaggy 2 Dope's F.T.F.O.M.F. arriving months before Violent J's American Life/Lives. In mid-2018, the group announced that their 15th studio album, Fearless Fred Fury, would be released in October of that year, but it was ultimately pushed back until February 2019. An eight-song EP, Flip the Rat, was scheduled for release on the same day. In advance of the group's next studio album, they released the eight-song EP Yum Yum's Lure in February of 2021, eventually delivering a full album, Yum Yum Bedlam, on the last day of October that same year. The album represented the fifth joker's card in the second deck of the ongoing Dark Carnival saga, and included guest appearances from Roadside Ghost and Vinnie Dombroski. ~ John Bush",Ninja,Unknown,https://www.youtube.com/watch?v=zh1GCx2CcKM&pp=ygUaSW5zYW5lIENsb3duIFBvc3NlIC0gTmluamE%3D,Ninja
Dazzle Paint,,Institute,2019-03-21,"Austin, Texas dark punk rippers Institute combined the anarcho-punk of forebears like Warsaw and Crisis, Dada's absurdism, and dark atmospheres into their own volatile concoction. Signing to Sacred Bones shortly after their self-released demo made the rounds, the band brought their dissonant assault into full focus on their 2015 debut full-length Catharsis.
Institute was formed in 2013 when Moses Brown of the Austin hardcore band Glue began writing and recording songs on his own. After sketching out some rough song ideas on a four-track, he was joined by Wiccans bassist Adam Cahoon, fellow Glue member Arak Avakian on guitar, and Albert, the drummer from Recide. The four players fleshed-out Brown's charged sketches in the form of a demo that was ultimately reissued as a self-titled EP on Deranged; A 7"" on Katorga Works followed in June of 2014. Institute made their debut on Sacred Bones in October 2014 with the Salt EP, which found them taking a slightly more focused yet wide-ranging approach. Drummer Barry Elkanick of Houston's Back to Back joined the fold for Institute's first full-length, 2015's Catharsis, which was engineered by Ben Greenberg of Uniform and the Men. The band reunited with Greenberg on 2017's Subordination, which added elements of glam and hard rock -- as well as a more overtly political outlook -- to their propulsive sound. This sound sharpened as it grew more frustrated on third album Readjusting the Locks, released on Sacred Bones in 2019. ~ Heather Phares",Dazzle Paint,Unknown,https://www.youtube.com/watch?v=ORTAbiXmseQ&pp=ygUWSW5zdGl0dXRlIERhenpsZSBQYWludA%3D%3D,Institute - Dazzle Paint (Official Audio)
Fluid Existential Inversions,https://lastfm.freetls.fastly.net/i/u/300x300/8b57ecf0d8c66df02cb2869ada79b493.jpg,Intronaut,2020-02-28,"First conceived in 2004, Los Angeles, California's Intronaut started out as a friendly but loose side project concocted between Anubis Rising vocalist/guitarist Sacha Dunable and then-Uphill Battle drummer Danny Walker (also ex-Exhumed). When their songwriting started to bear impressive fruit -- based upon the aggressive and progressive new sound made popular by Mastodon and, to a lesser degree, their own groups -- the duo called in fellow Exhumed guitarist/vocalist Leon del Muerte and bassist Joe Lester to help them cut the Null EP, released in early 2006 by Goodfellow Records. Barely six months later, Intronaut returned with that EP's logically named follow-up and debut studio long-player, Void. Del Muerte left the group the following year to focus on Murder Construct, and was replaced by Dave Timnick, who would make his studio debut with the group on its 2008 Century Media-issued sophomore full-length, Prehistoricisms. Valley of Smoke arrived in 2010, followed in 2013 by Habitual Levitations (Instilling Words with Tones). The band issued its fourth studio LP, The Direction of Last Things, in 2015. ~ Eduardo Rivadavia",Contrapasso,Unknown,https://www.youtube.com/watch?v=Td-CM0u4Aiw&pp=ygUXSW50cm9uYXV0IC0gQ29udHJhcGFzc28%3D,Contrapasso
Pangloss,https://lastfm.freetls.fastly.net/i/u/300x300/db916915f6b07207265f0456ab0264f5.jpg,Intronaut,2020-01-29,"First conceived in 2004, Los Angeles, California's Intronaut started out as a friendly but loose side project concocted between Anubis Rising vocalist/guitarist Sacha Dunable and then-Uphill Battle drummer Danny Walker (also ex-Exhumed). When their songwriting started to bear impressive fruit -- based upon the aggressive and progressive new sound made popular by Mastodon and, to a lesser degree, their own groups -- the duo called in fellow Exhumed guitarist/vocalist Leon del Muerte and bassist Joe Lester to help them cut the Null EP, released in early 2006 by Goodfellow Records. Barely six months later, Intronaut returned with that EP's logically named follow-up and debut studio long-player, Void. Del Muerte left the group the following year to focus on Murder Construct, and was replaced by Dave Timnick, who would make his studio debut with the group on its 2008 Century Media-issued sophomore full-length, Prehistoricisms. Valley of Smoke arrived in 2010, followed in 2013 by Habitual Levitations (Instilling Words with Tones). The band issued its fourth studio LP, The Direction of Last Things, in 2015. ~ Eduardo Rivadavia",Pangloss,Unknown,https://www.youtube.com/watch?v=enGlW6qZGNM&pp=ygUSSW50cm9uYXV0IFBhbmdsb3Nz,Intronaut - Pangloss (OFFICIAL)
Iron Maiden,https://lastfm.freetls.fastly.net/i/u/300x300/72e43a38898e88c285a131f497ae7092.png,Iron Maiden,1980-04-14,"Known for such powerful hits as ""Run to the Hills, ""Two Minutes to Midnight,"" and ""The Trooper,"" and landmark albums like Number of the Beast, Piece of Mind, Powerslave, and Seventh Son of a Seventh Son, Iron Maiden are one of heavy metal's most prolific and influential bands. They're also one of metal's most enduring and distinctive acts, thanks to their dual-lead guitar melodies, ambitious songwriting, powerhouse vocalist Bruce Dickinson, and iconic mascot Eddie. One of the first groups to be classified as ""British metal,"" Iron Maiden helped set the table for the hard rock/heavy metal scene of the '80s and inspired generations of subsequent bands, including Metallica, Dream Theater, Slipknot, In Flames, and Avenged Sevenfold. Despitethe lack of radio airplay or mainstream media support, early allegations of Satanism, and a revolving lineup, they have remained consistently popular throughout their career, releasing late-period triumphs like The Final Frontier (2010), Book of Souls (2015), and Senjutsu (2021).
Iron Maiden were formed in 1975 in Leyton, East London, by bassist Steve Harris, formerly of the band Smiler. The group's lineup was volatile during their early years, but eventually settled on drummer Doug Sampson, guitarist Dave Murray, and vocalist Paul Di'Anno in 1978. Late that year, this incarnation of the band recorded a four-song demo and circulated it to club owners and others involved in the London scene, including the group's soon-to-be manager Ron Smallwood. The demo's popularity led Iron Maiden to self-release it as 1979's The Soundhouse Tapes EP, which soon sold out its 5,000-copy run. After scoring a deal with EMI, the band enlisted a second guitarist, Dennis Stratton. Late in 1979, Sampson departed due to health issues and former Samson drummer Clive Burr took his place behind the kit. The group's self-titled debut arrived in 1980; though it was recorded in a hurry, it was nonetheless a U.K. hit due to the single ""Running Free."" Its 1981 follow-up, Killers, had a harder approach thanks in part to producer Martin Birch -- with whom the group worked until his 1992 retirement -- and also saw the replacement of Stratton with Murray's childhood friend Adrian Smith.
Due to substance abuse issues, Di'Anno was dismissed from Iron Maiden after the Killer World Tour in 1981. His replacement was Bruce Dickinson, another former Samson member who joined that September and made his recorded debut with the band on 1982's groundbreaking The Number of the Beast. Boasting songs such as the title track and ""Hallowed Be Thy Name,"" it became known as one of the all-time great rock albums. Though it was the group's first chart-topping album in the U.K. and was a Top Ten seller in several other countries, Christian activists and conservative politicians in America claimed the band was Satanic (which Iron Maiden denied). Nevertheless, The Number of the Beast's success made Iron Maiden international superstars, and despite the replacement of Burr with former Trust drummer Nicko McBrain, they changed very little of their style on 1983's Piece of Mind. The band undertook two major tours before recording 1984's Powerslave, which would go on to be another cult hit and featured the 13-minute epic ""The Rime of the Ancient Mariner,"" which was inspired by Samuel Taylor Coleridge's poem. The product of Powerslave's 11-month tour was 1985's Live After Death, a double-live album featuring their biggest hit singles.
Now established as a powerful and unique metal band, Iron Maiden experimented on their long-awaited 1986 album Somewhere in Time, incorporating synthesized bass and guitar and futuristic themes. They continued to expand their sound and subject matter with 1988's Seventh Son of a Seventh Son. Another concept album featuring the singles ""The Evil That Men Do"" and ""The Clairvoyant,"" as well as the group's first use of keyboards, it was Maiden's most critically acclaimed record since The Number of the Beast. After that album's release, Smith and Dickinson worked on their own projects: Smith's album with his band ASAP arrived in 1989, while Dickinson's solo album, Tattooed Millionaire, appeared the following year.
When Iron Maiden reconvened to work on a new album, Smith left over creative differences; ex-Gillan guitarist Janick Gers, who played on Tattooed Millionaire, joined the fold for 1990's No Prayer for the Dying. A return to the band's stripped-down sound of the early '80s, it gave Iron Maiden their first number one U.K. single with ""Bring Your Daughter...To the Slaughter."" At the end of the band's 1991 tour, Dickinson expressed his desire to leave and work on his own music. However, he recorded another album, 1992's Fear of the Dark, and toured with the band, ultimately leaving in 1993. That year, two live albums were released: A Real Live One, which focused on their contemporaneous hit singles, and A Real Dead One, which featured Maiden's classic songs.
Iron Maiden took some time off after Dickinson's departure, returning with 1995's The X Factor, which featured new singer and ex-Wolfsbane member Blaze Bayley. While the record didn't perform as well commercially as some of its predecessors, it was still a success in England. Its follow-up, 1998's Virtual XI, was one of the band's lowest-selling albums; in addition, Bayley was having issues with his voice, and he left Iron Maiden early in 1999. Soon after, Dickinson and Smith returned to the group, who released the ambitious, Kevin Shirley-produced Brave New World the following year.
Iron Maiden remained reinvigorated throughout the 2000s, touring and recording almost as consistently as they did in the '80s. They reunited with Shirley for 2003's critically acclaimed Dance of Death, which was inspired by battles ranging from the conquering of a 13th century Cathar stronghold (""Montségur"") to a notable World War I campaign (""Paschendale""). The Rainmaker EP, as well as the live DVDs History of Iron Maiden, Pt. 1: The Early Days and Raising Hell, followed in 2004. Sanctuary put out the two-disc The Essential Iron Maiden in 2005 to coincide with their gig co-headlining an Ozzfest tour with Black Sabbath, which the band left due to a series of confrontations with Ozzy's wife/manager, Sharon. Another live set, Death on the Road, appeared in September 2005, shortly before Iron Maiden returned to the studio to work on their 14th album. The results were 2006's A Matter of Life and Death, the group's first album to enter the Top Ten of the Billboard 200. Three years later, Iron Maiden released the soundtrack for the film Flight 666, a documentary/concert film recorded in 16 different cities during Maiden's first leg of their 2008 Somewhere Back in Time World Tour, which saw the band traveling in a customized Boeing 747 (called Ed Force One) flown by Dickinson, who is also a licensed pilot.
Iron Maiden worked with Shirley once again on 2010's The Final Frontier, which reached the top of the charts in 28 countries and earned the band a Grammy Award for Best Hard Rock/Metal Performance for the single ""El Dorado."" It was followed in 2012 by En Vivo!, a live video/album filmed at Estadio Nacional, Santiago, Chile, in April 2011. In 2013, the band began work on their 16th studio album, with plans to release it in 2015. Though the album was completed, the discovery of cancerous tumors on Dickinson's tongue and neck in late 2014 slowed things down. He underwent rigorous chemotherapy. He was declared cancer-free in May 2015. Iron Maiden put the finishing touches on the record and issued the video pre-release single ""Speed of Light"" in August. The 92-minute double-length album Book of Souls followed in September. In 2016 and 2017, the band set out on the Book of Souls World Tour in support of the album, and later released the live collection Book of Souls: Live Chapter, which was recorded during the tour. 2016 also saw the release of an Iron Maiden-themed video game, Legacy of the Beast; the group later undertook a promotional tour of the same name, airing older and rarely played songs from their back catalog. The live album Nights of the Dead, Legacy of the Beast: Live in Mexico City was recorded on the tour and released in 2020, and in 2021 the band issued the ambitious double-album Senjutsu, their 17th studio effort. ~ Barry Weber & Heather Phares",Running Free,Unknown,https://www.youtube.com/watch?v=kbK9vqF8EOc&pp=ygUYSXJvbiBNYWlkZW4gUnVubmluZyBGcmVl,Iron Maiden - Running Free/ Burning Ambition (Official Audio)
Killers,https://lastfm.freetls.fastly.net/i/u/300x300/7b5c2d721d41276a626c606748971ba9.png,Iron Maiden,1981-02-02,"Known for such powerful hits as ""Run to the Hills, ""Two Minutes to Midnight,"" and ""The Trooper,"" and landmark albums like Number of the Beast, Piece of Mind, Powerslave, and Seventh Son of a Seventh Son, Iron Maiden are one of heavy metal's most prolific and influential bands. They're also one of metal's most enduring and distinctive acts, thanks to their dual-lead guitar melodies, ambitious songwriting, powerhouse vocalist Bruce Dickinson, and iconic mascot Eddie. One of the first groups to be classified as ""British metal,"" Iron Maiden helped set the table for the hard rock/heavy metal scene of the '80s and inspired generations of subsequent bands, including Metallica, Dream Theater, Slipknot, In Flames, and Avenged Sevenfold. Despitethe lack of radio airplay or mainstream media support, early allegations of Satanism, and a revolving lineup, they have remained consistently popular throughout their career, releasing late-period triumphs like The Final Frontier (2010), Book of Souls (2015), and Senjutsu (2021).
Iron Maiden were formed in 1975 in Leyton, East London, by bassist Steve Harris, formerly of the band Smiler. The group's lineup was volatile during their early years, but eventually settled on drummer Doug Sampson, guitarist Dave Murray, and vocalist Paul Di'Anno in 1978. Late that year, this incarnation of the band recorded a four-song demo and circulated it to club owners and others involved in the London scene, including the group's soon-to-be manager Ron Smallwood. The demo's popularity led Iron Maiden to self-release it as 1979's The Soundhouse Tapes EP, which soon sold out its 5,000-copy run. After scoring a deal with EMI, the band enlisted a second guitarist, Dennis Stratton. Late in 1979, Sampson departed due to health issues and former Samson drummer Clive Burr took his place behind the kit. The group's self-titled debut arrived in 1980; though it was recorded in a hurry, it was nonetheless a U.K. hit due to the single ""Running Free."" Its 1981 follow-up, Killers, had a harder approach thanks in part to producer Martin Birch -- with whom the group worked until his 1992 retirement -- and also saw the replacement of Stratton with Murray's childhood friend Adrian Smith.
Due to substance abuse issues, Di'Anno was dismissed from Iron Maiden after the Killer World Tour in 1981. His replacement was Bruce Dickinson, another former Samson member who joined that September and made his recorded debut with the band on 1982's groundbreaking The Number of the Beast. Boasting songs such as the title track and ""Hallowed Be Thy Name,"" it became known as one of the all-time great rock albums. Though it was the group's first chart-topping album in the U.K. and was a Top Ten seller in several other countries, Christian activists and conservative politicians in America claimed the band was Satanic (which Iron Maiden denied). Nevertheless, The Number of the Beast's success made Iron Maiden international superstars, and despite the replacement of Burr with former Trust drummer Nicko McBrain, they changed very little of their style on 1983's Piece of Mind. The band undertook two major tours before recording 1984's Powerslave, which would go on to be another cult hit and featured the 13-minute epic ""The Rime of the Ancient Mariner,"" which was inspired by Samuel Taylor Coleridge's poem. The product of Powerslave's 11-month tour was 1985's Live After Death, a double-live album featuring their biggest hit singles.
Now established as a powerful and unique metal band, Iron Maiden experimented on their long-awaited 1986 album Somewhere in Time, incorporating synthesized bass and guitar and futuristic themes. They continued to expand their sound and subject matter with 1988's Seventh Son of a Seventh Son. Another concept album featuring the singles ""The Evil That Men Do"" and ""The Clairvoyant,"" as well as the group's first use of keyboards, it was Maiden's most critically acclaimed record since The Number of the Beast. After that album's release, Smith and Dickinson worked on their own projects: Smith's album with his band ASAP arrived in 1989, while Dickinson's solo album, Tattooed Millionaire, appeared the following year.
When Iron Maiden reconvened to work on a new album, Smith left over creative differences; ex-Gillan guitarist Janick Gers, who played on Tattooed Millionaire, joined the fold for 1990's No Prayer for the Dying. A return to the band's stripped-down sound of the early '80s, it gave Iron Maiden their first number one U.K. single with ""Bring Your Daughter...To the Slaughter."" At the end of the band's 1991 tour, Dickinson expressed his desire to leave and work on his own music. However, he recorded another album, 1992's Fear of the Dark, and toured with the band, ultimately leaving in 1993. That year, two live albums were released: A Real Live One, which focused on their contemporaneous hit singles, and A Real Dead One, which featured Maiden's classic songs.
Iron Maiden took some time off after Dickinson's departure, returning with 1995's The X Factor, which featured new singer and ex-Wolfsbane member Blaze Bayley. While the record didn't perform as well commercially as some of its predecessors, it was still a success in England. Its follow-up, 1998's Virtual XI, was one of the band's lowest-selling albums; in addition, Bayley was having issues with his voice, and he left Iron Maiden early in 1999. Soon after, Dickinson and Smith returned to the group, who released the ambitious, Kevin Shirley-produced Brave New World the following year.
Iron Maiden remained reinvigorated throughout the 2000s, touring and recording almost as consistently as they did in the '80s. They reunited with Shirley for 2003's critically acclaimed Dance of Death, which was inspired by battles ranging from the conquering of a 13th century Cathar stronghold (""Montségur"") to a notable World War I campaign (""Paschendale""). The Rainmaker EP, as well as the live DVDs History of Iron Maiden, Pt. 1: The Early Days and Raising Hell, followed in 2004. Sanctuary put out the two-disc The Essential Iron Maiden in 2005 to coincide with their gig co-headlining an Ozzfest tour with Black Sabbath, which the band left due to a series of confrontations with Ozzy's wife/manager, Sharon. Another live set, Death on the Road, appeared in September 2005, shortly before Iron Maiden returned to the studio to work on their 14th album. The results were 2006's A Matter of Life and Death, the group's first album to enter the Top Ten of the Billboard 200. Three years later, Iron Maiden released the soundtrack for the film Flight 666, a documentary/concert film recorded in 16 different cities during Maiden's first leg of their 2008 Somewhere Back in Time World Tour, which saw the band traveling in a customized Boeing 747 (called Ed Force One) flown by Dickinson, who is also a licensed pilot.
Iron Maiden worked with Shirley once again on 2010's The Final Frontier, which reached the top of the charts in 28 countries and earned the band a Grammy Award for Best Hard Rock/Metal Performance for the single ""El Dorado."" It was followed in 2012 by En Vivo!, a live video/album filmed at Estadio Nacional, Santiago, Chile, in April 2011. In 2013, the band began work on their 16th studio album, with plans to release it in 2015. Though the album was completed, the discovery of cancerous tumors on Dickinson's tongue and neck in late 2014 slowed things down. He underwent rigorous chemotherapy. He was declared cancer-free in May 2015. Iron Maiden put the finishing touches on the record and issued the video pre-release single ""Speed of Light"" in August. The 92-minute double-length album Book of Souls followed in September. In 2016 and 2017, the band set out on the Book of Souls World Tour in support of the album, and later released the live collection Book of Souls: Live Chapter, which was recorded during the tour. 2016 also saw the release of an Iron Maiden-themed video game, Legacy of the Beast; the group later undertook a promotional tour of the same name, airing older and rarely played songs from their back catalog. The live album Nights of the Dead, Legacy of the Beast: Live in Mexico City was recorded on the tour and released in 2020, and in 2021 the band issued the ambitious double-album Senjutsu, their 17th studio effort. ~ Barry Weber & Heather Phares",Drifter,Unknown,https://www.youtube.com/watch?v=agkToCU8Sb0&pp=ygUTSXJvbiBNYWlkZW4gRHJpZnRlcg%3D%3D,Iron Maiden - Sanctuary / Drifter / I've Got The Fire (Official Audio)
No Prayer for the Dying,https://lastfm.freetls.fastly.net/i/u/300x300/e44cc97ae23b1b325f8ede6c0deaa634.jpg,Iron Maiden,1990-10-01,"Known for such powerful hits as ""Run to the Hills, ""Two Minutes to Midnight,"" and ""The Trooper,"" and landmark albums like Number of the Beast, Piece of Mind, Powerslave, and Seventh Son of a Seventh Son, Iron Maiden are one of heavy metal's most prolific and influential bands. They're also one of metal's most enduring and distinctive acts, thanks to their dual-lead guitar melodies, ambitious songwriting, powerhouse vocalist Bruce Dickinson, and iconic mascot Eddie. One of the first groups to be classified as ""British metal,"" Iron Maiden helped set the table for the hard rock/heavy metal scene of the '80s and inspired generations of subsequent bands, including Metallica, Dream Theater, Slipknot, In Flames, and Avenged Sevenfold. Despitethe lack of radio airplay or mainstream media support, early allegations of Satanism, and a revolving lineup, they have remained consistently popular throughout their career, releasing late-period triumphs like The Final Frontier (2010), Book of Souls (2015), and Senjutsu (2021).
Iron Maiden were formed in 1975 in Leyton, East London, by bassist Steve Harris, formerly of the band Smiler. The group's lineup was volatile during their early years, but eventually settled on drummer Doug Sampson, guitarist Dave Murray, and vocalist Paul Di'Anno in 1978. Late that year, this incarnation of the band recorded a four-song demo and circulated it to club owners and others involved in the London scene, including the group's soon-to-be manager Ron Smallwood. The demo's popularity led Iron Maiden to self-release it as 1979's The Soundhouse Tapes EP, which soon sold out its 5,000-copy run. After scoring a deal with EMI, the band enlisted a second guitarist, Dennis Stratton. Late in 1979, Sampson departed due to health issues and former Samson drummer Clive Burr took his place behind the kit. The group's self-titled debut arrived in 1980; though it was recorded in a hurry, it was nonetheless a U.K. hit due to the single ""Running Free."" Its 1981 follow-up, Killers, had a harder approach thanks in part to producer Martin Birch -- with whom the group worked until his 1992 retirement -- and also saw the replacement of Stratton with Murray's childhood friend Adrian Smith.
Due to substance abuse issues, Di'Anno was dismissed from Iron Maiden after the Killer World Tour in 1981. His replacement was Bruce Dickinson, another former Samson member who joined that September and made his recorded debut with the band on 1982's groundbreaking The Number of the Beast. Boasting songs such as the title track and ""Hallowed Be Thy Name,"" it became known as one of the all-time great rock albums. Though it was the group's first chart-topping album in the U.K. and was a Top Ten seller in several other countries, Christian activists and conservative politicians in America claimed the band was Satanic (which Iron Maiden denied). Nevertheless, The Number of the Beast's success made Iron Maiden international superstars, and despite the replacement of Burr with former Trust drummer Nicko McBrain, they changed very little of their style on 1983's Piece of Mind. The band undertook two major tours before recording 1984's Powerslave, which would go on to be another cult hit and featured the 13-minute epic ""The Rime of the Ancient Mariner,"" which was inspired by Samuel Taylor Coleridge's poem. The product of Powerslave's 11-month tour was 1985's Live After Death, a double-live album featuring their biggest hit singles.
Now established as a powerful and unique metal band, Iron Maiden experimented on their long-awaited 1986 album Somewhere in Time, incorporating synthesized bass and guitar and futuristic themes. They continued to expand their sound and subject matter with 1988's Seventh Son of a Seventh Son. Another concept album featuring the singles ""The Evil That Men Do"" and ""The Clairvoyant,"" as well as the group's first use of keyboards, it was Maiden's most critically acclaimed record since The Number of the Beast. After that album's release, Smith and Dickinson worked on their own projects: Smith's album with his band ASAP arrived in 1989, while Dickinson's solo album, Tattooed Millionaire, appeared the following year.
When Iron Maiden reconvened to work on a new album, Smith left over creative differences; ex-Gillan guitarist Janick Gers, who played on Tattooed Millionaire, joined the fold for 1990's No Prayer for the Dying. A return to the band's stripped-down sound of the early '80s, it gave Iron Maiden their first number one U.K. single with ""Bring Your Daughter...To the Slaughter."" At the end of the band's 1991 tour, Dickinson expressed his desire to leave and work on his own music. However, he recorded another album, 1992's Fear of the Dark, and toured with the band, ultimately leaving in 1993. That year, two live albums were released: A Real Live One, which focused on their contemporaneous hit singles, and A Real Dead One, which featured Maiden's classic songs.
Iron Maiden took some time off after Dickinson's departure, returning with 1995's The X Factor, which featured new singer and ex-Wolfsbane member Blaze Bayley. While the record didn't perform as well commercially as some of its predecessors, it was still a success in England. Its follow-up, 1998's Virtual XI, was one of the band's lowest-selling albums; in addition, Bayley was having issues with his voice, and he left Iron Maiden early in 1999. Soon after, Dickinson and Smith returned to the group, who released the ambitious, Kevin Shirley-produced Brave New World the following year.
Iron Maiden remained reinvigorated throughout the 2000s, touring and recording almost as consistently as they did in the '80s. They reunited with Shirley for 2003's critically acclaimed Dance of Death, which was inspired by battles ranging from the conquering of a 13th century Cathar stronghold (""Montségur"") to a notable World War I campaign (""Paschendale""). The Rainmaker EP, as well as the live DVDs History of Iron Maiden, Pt. 1: The Early Days and Raising Hell, followed in 2004. Sanctuary put out the two-disc The Essential Iron Maiden in 2005 to coincide with their gig co-headlining an Ozzfest tour with Black Sabbath, which the band left due to a series of confrontations with Ozzy's wife/manager, Sharon. Another live set, Death on the Road, appeared in September 2005, shortly before Iron Maiden returned to the studio to work on their 14th album. The results were 2006's A Matter of Life and Death, the group's first album to enter the Top Ten of the Billboard 200. Three years later, Iron Maiden released the soundtrack for the film Flight 666, a documentary/concert film recorded in 16 different cities during Maiden's first leg of their 2008 Somewhere Back in Time World Tour, which saw the band traveling in a customized Boeing 747 (called Ed Force One) flown by Dickinson, who is also a licensed pilot.
Iron Maiden worked with Shirley once again on 2010's The Final Frontier, which reached the top of the charts in 28 countries and earned the band a Grammy Award for Best Hard Rock/Metal Performance for the single ""El Dorado."" It was followed in 2012 by En Vivo!, a live video/album filmed at Estadio Nacional, Santiago, Chile, in April 2011. In 2013, the band began work on their 16th studio album, with plans to release it in 2015. Though the album was completed, the discovery of cancerous tumors on Dickinson's tongue and neck in late 2014 slowed things down. He underwent rigorous chemotherapy. He was declared cancer-free in May 2015. Iron Maiden put the finishing touches on the record and issued the video pre-release single ""Speed of Light"" in August. The 92-minute double-length album Book of Souls followed in September. In 2016 and 2017, the band set out on the Book of Souls World Tour in support of the album, and later released the live collection Book of Souls: Live Chapter, which was recorded during the tour. 2016 also saw the release of an Iron Maiden-themed video game, Legacy of the Beast; the group later undertook a promotional tour of the same name, airing older and rarely played songs from their back catalog. The live album Nights of the Dead, Legacy of the Beast: Live in Mexico City was recorded on the tour and released in 2020, and in 2021 the band issued the ambitious double-album Senjutsu, their 17th studio effort. ~ Barry Weber & Heather Phares",Tailgunner,Unknown,https://www.youtube.com/watch?v=YbMGXXrF7ac&pp=ygUWSXJvbiBNYWlkZW4gVGFpbGd1bm5lcg%3D%3D,Iron Maiden - Tailgunner (Official Video)
The Number of the Beast,https://lastfm.freetls.fastly.net/i/u/300x300/4848a0ce2f98376b71c932e409e9afb4.jpg,Iron Maiden,1982-03-29,"Known for such powerful hits as ""Run to the Hills, ""Two Minutes to Midnight,"" and ""The Trooper,"" and landmark albums like Number of the Beast, Piece of Mind, Powerslave, and Seventh Son of a Seventh Son, Iron Maiden are one of heavy metal's most prolific and influential bands. They're also one of metal's most enduring and distinctive acts, thanks to their dual-lead guitar melodies, ambitious songwriting, powerhouse vocalist Bruce Dickinson, and iconic mascot Eddie. One of the first groups to be classified as ""British metal,"" Iron Maiden helped set the table for the hard rock/heavy metal scene of the '80s and inspired generations of subsequent bands, including Metallica, Dream Theater, Slipknot, In Flames, and Avenged Sevenfold. Despitethe lack of radio airplay or mainstream media support, early allegations of Satanism, and a revolving lineup, they have remained consistently popular throughout their career, releasing late-period triumphs like The Final Frontier (2010), Book of Souls (2015), and Senjutsu (2021).
Iron Maiden were formed in 1975 in Leyton, East London, by bassist Steve Harris, formerly of the band Smiler. The group's lineup was volatile during their early years, but eventually settled on drummer Doug Sampson, guitarist Dave Murray, and vocalist Paul Di'Anno in 1978. Late that year, this incarnation of the band recorded a four-song demo and circulated it to club owners and others involved in the London scene, including the group's soon-to-be manager Ron Smallwood. The demo's popularity led Iron Maiden to self-release it as 1979's The Soundhouse Tapes EP, which soon sold out its 5,000-copy run. After scoring a deal with EMI, the band enlisted a second guitarist, Dennis Stratton. Late in 1979, Sampson departed due to health issues and former Samson drummer Clive Burr took his place behind the kit. The group's self-titled debut arrived in 1980; though it was recorded in a hurry, it was nonetheless a U.K. hit due to the single ""Running Free."" Its 1981 follow-up, Killers, had a harder approach thanks in part to producer Martin Birch -- with whom the group worked until his 1992 retirement -- and also saw the replacement of Stratton with Murray's childhood friend Adrian Smith.
Due to substance abuse issues, Di'Anno was dismissed from Iron Maiden after the Killer World Tour in 1981. His replacement was Bruce Dickinson, another former Samson member who joined that September and made his recorded debut with the band on 1982's groundbreaking The Number of the Beast. Boasting songs such as the title track and ""Hallowed Be Thy Name,"" it became known as one of the all-time great rock albums. Though it was the group's first chart-topping album in the U.K. and was a Top Ten seller in several other countries, Christian activists and conservative politicians in America claimed the band was Satanic (which Iron Maiden denied). Nevertheless, The Number of the Beast's success made Iron Maiden international superstars, and despite the replacement of Burr with former Trust drummer Nicko McBrain, they changed very little of their style on 1983's Piece of Mind. The band undertook two major tours before recording 1984's Powerslave, which would go on to be another cult hit and featured the 13-minute epic ""The Rime of the Ancient Mariner,"" which was inspired by Samuel Taylor Coleridge's poem. The product of Powerslave's 11-month tour was 1985's Live After Death, a double-live album featuring their biggest hit singles.
Now established as a powerful and unique metal band, Iron Maiden experimented on their long-awaited 1986 album Somewhere in Time, incorporating synthesized bass and guitar and futuristic themes. They continued to expand their sound and subject matter with 1988's Seventh Son of a Seventh Son. Another concept album featuring the singles ""The Evil That Men Do"" and ""The Clairvoyant,"" as well as the group's first use of keyboards, it was Maiden's most critically acclaimed record since The Number of the Beast. After that album's release, Smith and Dickinson worked on their own projects: Smith's album with his band ASAP arrived in 1989, while Dickinson's solo album, Tattooed Millionaire, appeared the following year.
When Iron Maiden reconvened to work on a new album, Smith left over creative differences; ex-Gillan guitarist Janick Gers, who played on Tattooed Millionaire, joined the fold for 1990's No Prayer for the Dying. A return to the band's stripped-down sound of the early '80s, it gave Iron Maiden their first number one U.K. single with ""Bring Your Daughter...To the Slaughter."" At the end of the band's 1991 tour, Dickinson expressed his desire to leave and work on his own music. However, he recorded another album, 1992's Fear of the Dark, and toured with the band, ultimately leaving in 1993. That year, two live albums were released: A Real Live One, which focused on their contemporaneous hit singles, and A Real Dead One, which featured Maiden's classic songs.
Iron Maiden took some time off after Dickinson's departure, returning with 1995's The X Factor, which featured new singer and ex-Wolfsbane member Blaze Bayley. While the record didn't perform as well commercially as some of its predecessors, it was still a success in England. Its follow-up, 1998's Virtual XI, was one of the band's lowest-selling albums; in addition, Bayley was having issues with his voice, and he left Iron Maiden early in 1999. Soon after, Dickinson and Smith returned to the group, who released the ambitious, Kevin Shirley-produced Brave New World the following year.
Iron Maiden remained reinvigorated throughout the 2000s, touring and recording almost as consistently as they did in the '80s. They reunited with Shirley for 2003's critically acclaimed Dance of Death, which was inspired by battles ranging from the conquering of a 13th century Cathar stronghold (""Montségur"") to a notable World War I campaign (""Paschendale""). The Rainmaker EP, as well as the live DVDs History of Iron Maiden, Pt. 1: The Early Days and Raising Hell, followed in 2004. Sanctuary put out the two-disc The Essential Iron Maiden in 2005 to coincide with their gig co-headlining an Ozzfest tour with Black Sabbath, which the band left due to a series of confrontations with Ozzy's wife/manager, Sharon. Another live set, Death on the Road, appeared in September 2005, shortly before Iron Maiden returned to the studio to work on their 14th album. The results were 2006's A Matter of Life and Death, the group's first album to enter the Top Ten of the Billboard 200. Three years later, Iron Maiden released the soundtrack for the film Flight 666, a documentary/concert film recorded in 16 different cities during Maiden's first leg of their 2008 Somewhere Back in Time World Tour, which saw the band traveling in a customized Boeing 747 (called Ed Force One) flown by Dickinson, who is also a licensed pilot.
Iron Maiden worked with Shirley once again on 2010's The Final Frontier, which reached the top of the charts in 28 countries and earned the band a Grammy Award for Best Hard Rock/Metal Performance for the single ""El Dorado."" It was followed in 2012 by En Vivo!, a live video/album filmed at Estadio Nacional, Santiago, Chile, in April 2011. In 2013, the band began work on their 16th studio album, with plans to release it in 2015. Though the album was completed, the discovery of cancerous tumors on Dickinson's tongue and neck in late 2014 slowed things down. He underwent rigorous chemotherapy. He was declared cancer-free in May 2015. Iron Maiden put the finishing touches on the record and issued the video pre-release single ""Speed of Light"" in August. The 92-minute double-length album Book of Souls followed in September. In 2016 and 2017, the band set out on the Book of Souls World Tour in support of the album, and later released the live collection Book of Souls: Live Chapter, which was recorded during the tour. 2016 also saw the release of an Iron Maiden-themed video game, Legacy of the Beast; the group later undertook a promotional tour of the same name, airing older and rarely played songs from their back catalog. The live album Nights of the Dead, Legacy of the Beast: Live in Mexico City was recorded on the tour and released in 2020, and in 2021 the band issued the ambitious double-album Senjutsu, their 17th studio effort. ~ Barry Weber & Heather Phares",Run to the Hills,Unknown,https://www.youtube.com/watch?v=86URGgqONvA&pp=ygUcSXJvbiBNYWlkZW4gUnVuIHRvIHRoZSBIaWxscw%3D%3D,Iron Maiden - Run To The Hills (Official Video)
Piece of Mind,https://lastfm.freetls.fastly.net/i/u/300x300/7753e1296c3c49565bc1967f408d95d3.jpg,Iron Maiden,1983-05-16,"Known for such powerful hits as ""Run to the Hills, ""Two Minutes to Midnight,"" and ""The Trooper,"" and landmark albums like Number of the Beast, Piece of Mind, Powerslave, and Seventh Son of a Seventh Son, Iron Maiden are one of heavy metal's most prolific and influential bands. They're also one of metal's most enduring and distinctive acts, thanks to their dual-lead guitar melodies, ambitious songwriting, powerhouse vocalist Bruce Dickinson, and iconic mascot Eddie. One of the first groups to be classified as ""British metal,"" Iron Maiden helped set the table for the hard rock/heavy metal scene of the '80s and inspired generations of subsequent bands, including Metallica, Dream Theater, Slipknot, In Flames, and Avenged Sevenfold. Despitethe lack of radio airplay or mainstream media support, early allegations of Satanism, and a revolving lineup, they have remained consistently popular throughout their career, releasing late-period triumphs like The Final Frontier (2010), Book of Souls (2015), and Senjutsu (2021).
Iron Maiden were formed in 1975 in Leyton, East London, by bassist Steve Harris, formerly of the band Smiler. The group's lineup was volatile during their early years, but eventually settled on drummer Doug Sampson, guitarist Dave Murray, and vocalist Paul Di'Anno in 1978. Late that year, this incarnation of the band recorded a four-song demo and circulated it to club owners and others involved in the London scene, including the group's soon-to-be manager Ron Smallwood. The demo's popularity led Iron Maiden to self-release it as 1979's The Soundhouse Tapes EP, which soon sold out its 5,000-copy run. After scoring a deal with EMI, the band enlisted a second guitarist, Dennis Stratton. Late in 1979, Sampson departed due to health issues and former Samson drummer Clive Burr took his place behind the kit. The group's self-titled debut arrived in 1980; though it was recorded in a hurry, it was nonetheless a U.K. hit due to the single ""Running Free."" Its 1981 follow-up, Killers, had a harder approach thanks in part to producer Martin Birch -- with whom the group worked until his 1992 retirement -- and also saw the replacement of Stratton with Murray's childhood friend Adrian Smith.
Due to substance abuse issues, Di'Anno was dismissed from Iron Maiden after the Killer World Tour in 1981. His replacement was Bruce Dickinson, another former Samson member who joined that September and made his recorded debut with the band on 1982's groundbreaking The Number of the Beast. Boasting songs such as the title track and ""Hallowed Be Thy Name,"" it became known as one of the all-time great rock albums. Though it was the group's first chart-topping album in the U.K. and was a Top Ten seller in several other countries, Christian activists and conservative politicians in America claimed the band was Satanic (which Iron Maiden denied). Nevertheless, The Number of the Beast's success made Iron Maiden international superstars, and despite the replacement of Burr with former Trust drummer Nicko McBrain, they changed very little of their style on 1983's Piece of Mind. The band undertook two major tours before recording 1984's Powerslave, which would go on to be another cult hit and featured the 13-minute epic ""The Rime of the Ancient Mariner,"" which was inspired by Samuel Taylor Coleridge's poem. The product of Powerslave's 11-month tour was 1985's Live After Death, a double-live album featuring their biggest hit singles.
Now established as a powerful and unique metal band, Iron Maiden experimented on their long-awaited 1986 album Somewhere in Time, incorporating synthesized bass and guitar and futuristic themes. They continued to expand their sound and subject matter with 1988's Seventh Son of a Seventh Son. Another concept album featuring the singles ""The Evil That Men Do"" and ""The Clairvoyant,"" as well as the group's first use of keyboards, it was Maiden's most critically acclaimed record since The Number of the Beast. After that album's release, Smith and Dickinson worked on their own projects: Smith's album with his band ASAP arrived in 1989, while Dickinson's solo album, Tattooed Millionaire, appeared the following year.
When Iron Maiden reconvened to work on a new album, Smith left over creative differences; ex-Gillan guitarist Janick Gers, who played on Tattooed Millionaire, joined the fold for 1990's No Prayer for the Dying. A return to the band's stripped-down sound of the early '80s, it gave Iron Maiden their first number one U.K. single with ""Bring Your Daughter...To the Slaughter."" At the end of the band's 1991 tour, Dickinson expressed his desire to leave and work on his own music. However, he recorded another album, 1992's Fear of the Dark, and toured with the band, ultimately leaving in 1993. That year, two live albums were released: A Real Live One, which focused on their contemporaneous hit singles, and A Real Dead One, which featured Maiden's classic songs.
Iron Maiden took some time off after Dickinson's departure, returning with 1995's The X Factor, which featured new singer and ex-Wolfsbane member Blaze Bayley. While the record didn't perform as well commercially as some of its predecessors, it was still a success in England. Its follow-up, 1998's Virtual XI, was one of the band's lowest-selling albums; in addition, Bayley was having issues with his voice, and he left Iron Maiden early in 1999. Soon after, Dickinson and Smith returned to the group, who released the ambitious, Kevin Shirley-produced Brave New World the following year.
Iron Maiden remained reinvigorated throughout the 2000s, touring and recording almost as consistently as they did in the '80s. They reunited with Shirley for 2003's critically acclaimed Dance of Death, which was inspired by battles ranging from the conquering of a 13th century Cathar stronghold (""Montségur"") to a notable World War I campaign (""Paschendale""). The Rainmaker EP, as well as the live DVDs History of Iron Maiden, Pt. 1: The Early Days and Raising Hell, followed in 2004. Sanctuary put out the two-disc The Essential Iron Maiden in 2005 to coincide with their gig co-headlining an Ozzfest tour with Black Sabbath, which the band left due to a series of confrontations with Ozzy's wife/manager, Sharon. Another live set, Death on the Road, appeared in September 2005, shortly before Iron Maiden returned to the studio to work on their 14th album. The results were 2006's A Matter of Life and Death, the group's first album to enter the Top Ten of the Billboard 200. Three years later, Iron Maiden released the soundtrack for the film Flight 666, a documentary/concert film recorded in 16 different cities during Maiden's first leg of their 2008 Somewhere Back in Time World Tour, which saw the band traveling in a customized Boeing 747 (called Ed Force One) flown by Dickinson, who is also a licensed pilot.
Iron Maiden worked with Shirley once again on 2010's The Final Frontier, which reached the top of the charts in 28 countries and earned the band a Grammy Award for Best Hard Rock/Metal Performance for the single ""El Dorado."" It was followed in 2012 by En Vivo!, a live video/album filmed at Estadio Nacional, Santiago, Chile, in April 2011. In 2013, the band began work on their 16th studio album, with plans to release it in 2015. Though the album was completed, the discovery of cancerous tumors on Dickinson's tongue and neck in late 2014 slowed things down. He underwent rigorous chemotherapy. He was declared cancer-free in May 2015. Iron Maiden put the finishing touches on the record and issued the video pre-release single ""Speed of Light"" in August. The 92-minute double-length album Book of Souls followed in September. In 2016 and 2017, the band set out on the Book of Souls World Tour in support of the album, and later released the live collection Book of Souls: Live Chapter, which was recorded during the tour. 2016 also saw the release of an Iron Maiden-themed video game, Legacy of the Beast; the group later undertook a promotional tour of the same name, airing older and rarely played songs from their back catalog. The live album Nights of the Dead, Legacy of the Beast: Live in Mexico City was recorded on the tour and released in 2020, and in 2021 the band issued the ambitious double-album Senjutsu, their 17th studio effort. ~ Barry Weber & Heather Phares",Revelations,Unknown,https://www.youtube.com/watch?v=jRqPFEb3CLs&pp=ygUXSXJvbiBNYWlkZW4gUmV2ZWxhdGlvbnM%3D,Revelations (2015 Remaster)
Piece of Mind,https://lastfm.freetls.fastly.net/i/u/300x300/7753e1296c3c49565bc1967f408d95d3.jpg,Iron Maiden,1983-05-16,"Known for such powerful hits as ""Run to the Hills, ""Two Minutes to Midnight,"" and ""The Trooper,"" and landmark albums like Number of the Beast, Piece of Mind, Powerslave, and Seventh Son of a Seventh Son, Iron Maiden are one of heavy metal's most prolific and influential bands. They're also one of metal's most enduring and distinctive acts, thanks to their dual-lead guitar melodies, ambitious songwriting, powerhouse vocalist Bruce Dickinson, and iconic mascot Eddie. One of the first groups to be classified as ""British metal,"" Iron Maiden helped set the table for the hard rock/heavy metal scene of the '80s and inspired generations of subsequent bands, including Metallica, Dream Theater, Slipknot, In Flames, and Avenged Sevenfold. Despitethe lack of radio airplay or mainstream media support, early allegations of Satanism, and a revolving lineup, they have remained consistently popular throughout their career, releasing late-period triumphs like The Final Frontier (2010), Book of Souls (2015), and Senjutsu (2021).
Iron Maiden were formed in 1975 in Leyton, East London, by bassist Steve Harris, formerly of the band Smiler. The group's lineup was volatile during their early years, but eventually settled on drummer Doug Sampson, guitarist Dave Murray, and vocalist Paul Di'Anno in 1978. Late that year, this incarnation of the band recorded a four-song demo and circulated it to club owners and others involved in the London scene, including the group's soon-to-be manager Ron Smallwood. The demo's popularity led Iron Maiden to self-release it as 1979's The Soundhouse Tapes EP, which soon sold out its 5,000-copy run. After scoring a deal with EMI, the band enlisted a second guitarist, Dennis Stratton. Late in 1979, Sampson departed due to health issues and former Samson drummer Clive Burr took his place behind the kit. The group's self-titled debut arrived in 1980; though it was recorded in a hurry, it was nonetheless a U.K. hit due to the single ""Running Free."" Its 1981 follow-up, Killers, had a harder approach thanks in part to producer Martin Birch -- with whom the group worked until his 1992 retirement -- and also saw the replacement of Stratton with Murray's childhood friend Adrian Smith.
Due to substance abuse issues, Di'Anno was dismissed from Iron Maiden after the Killer World Tour in 1981. His replacement was Bruce Dickinson, another former Samson member who joined that September and made his recorded debut with the band on 1982's groundbreaking The Number of the Beast. Boasting songs such as the title track and ""Hallowed Be Thy Name,"" it became known as one of the all-time great rock albums. Though it was the group's first chart-topping album in the U.K. and was a Top Ten seller in several other countries, Christian activists and conservative politicians in America claimed the band was Satanic (which Iron Maiden denied). Nevertheless, The Number of the Beast's success made Iron Maiden international superstars, and despite the replacement of Burr with former Trust drummer Nicko McBrain, they changed very little of their style on 1983's Piece of Mind. The band undertook two major tours before recording 1984's Powerslave, which would go on to be another cult hit and featured the 13-minute epic ""The Rime of the Ancient Mariner,"" which was inspired by Samuel Taylor Coleridge's poem. The product of Powerslave's 11-month tour was 1985's Live After Death, a double-live album featuring their biggest hit singles.
Now established as a powerful and unique metal band, Iron Maiden experimented on their long-awaited 1986 album Somewhere in Time, incorporating synthesized bass and guitar and futuristic themes. They continued to expand their sound and subject matter with 1988's Seventh Son of a Seventh Son. Another concept album featuring the singles ""The Evil That Men Do"" and ""The Clairvoyant,"" as well as the group's first use of keyboards, it was Maiden's most critically acclaimed record since The Number of the Beast. After that album's release, Smith and Dickinson worked on their own projects: Smith's album with his band ASAP arrived in 1989, while Dickinson's solo album, Tattooed Millionaire, appeared the following year.
When Iron Maiden reconvened to work on a new album, Smith left over creative differences; ex-Gillan guitarist Janick Gers, who played on Tattooed Millionaire, joined the fold for 1990's No Prayer for the Dying. A return to the band's stripped-down sound of the early '80s, it gave Iron Maiden their first number one U.K. single with ""Bring Your Daughter...To the Slaughter."" At the end of the band's 1991 tour, Dickinson expressed his desire to leave and work on his own music. However, he recorded another album, 1992's Fear of the Dark, and toured with the band, ultimately leaving in 1993. That year, two live albums were released: A Real Live One, which focused on their contemporaneous hit singles, and A Real Dead One, which featured Maiden's classic songs.
Iron Maiden took some time off after Dickinson's departure, returning with 1995's The X Factor, which featured new singer and ex-Wolfsbane member Blaze Bayley. While the record didn't perform as well commercially as some of its predecessors, it was still a success in England. Its follow-up, 1998's Virtual XI, was one of the band's lowest-selling albums; in addition, Bayley was having issues with his voice, and he left Iron Maiden early in 1999. Soon after, Dickinson and Smith returned to the group, who released the ambitious, Kevin Shirley-produced Brave New World the following year.
Iron Maiden remained reinvigorated throughout the 2000s, touring and recording almost as consistently as they did in the '80s. They reunited with Shirley for 2003's critically acclaimed Dance of Death, which was inspired by battles ranging from the conquering of a 13th century Cathar stronghold (""Montségur"") to a notable World War I campaign (""Paschendale""). The Rainmaker EP, as well as the live DVDs History of Iron Maiden, Pt. 1: The Early Days and Raising Hell, followed in 2004. Sanctuary put out the two-disc The Essential Iron Maiden in 2005 to coincide with their gig co-headlining an Ozzfest tour with Black Sabbath, which the band left due to a series of confrontations with Ozzy's wife/manager, Sharon. Another live set, Death on the Road, appeared in September 2005, shortly before Iron Maiden returned to the studio to work on their 14th album. The results were 2006's A Matter of Life and Death, the group's first album to enter the Top Ten of the Billboard 200. Three years later, Iron Maiden released the soundtrack for the film Flight 666, a documentary/concert film recorded in 16 different cities during Maiden's first leg of their 2008 Somewhere Back in Time World Tour, which saw the band traveling in a customized Boeing 747 (called Ed Force One) flown by Dickinson, who is also a licensed pilot.
Iron Maiden worked with Shirley once again on 2010's The Final Frontier, which reached the top of the charts in 28 countries and earned the band a Grammy Award for Best Hard Rock/Metal Performance for the single ""El Dorado."" It was followed in 2012 by En Vivo!, a live video/album filmed at Estadio Nacional, Santiago, Chile, in April 2011. In 2013, the band began work on their 16th studio album, with plans to release it in 2015. Though the album was completed, the discovery of cancerous tumors on Dickinson's tongue and neck in late 2014 slowed things down. He underwent rigorous chemotherapy. He was declared cancer-free in May 2015. Iron Maiden put the finishing touches on the record and issued the video pre-release single ""Speed of Light"" in August. The 92-minute double-length album Book of Souls followed in September. In 2016 and 2017, the band set out on the Book of Souls World Tour in support of the album, and later released the live collection Book of Souls: Live Chapter, which was recorded during the tour. 2016 also saw the release of an Iron Maiden-themed video game, Legacy of the Beast; the group later undertook a promotional tour of the same name, airing older and rarely played songs from their back catalog. The live album Nights of the Dead, Legacy of the Beast: Live in Mexico City was recorded on the tour and released in 2020, and in 2021 the band issued the ambitious double-album Senjutsu, their 17th studio effort. ~ Barry Weber & Heather Phares",Die With Your Boots On,Unknown,https://www.youtube.com/watch?v=eeJu_eQPKKI&pp=ygUkSXJvbiBNYWlkZW4gLSBEaWUgV2l0aCBZb3VyIEJvb3RzIE9u,Die With Your Boots On (2015 Remaster)
Piece of Mind,https://lastfm.freetls.fastly.net/i/u/300x300/7753e1296c3c49565bc1967f408d95d3.jpg,Iron Maiden,1983-05-16,"Known for such powerful hits as ""Run to the Hills, ""Two Minutes to Midnight,"" and ""The Trooper,"" and landmark albums like Number of the Beast, Piece of Mind, Powerslave, and Seventh Son of a Seventh Son, Iron Maiden are one of heavy metal's most prolific and influential bands. They're also one of metal's most enduring and distinctive acts, thanks to their dual-lead guitar melodies, ambitious songwriting, powerhouse vocalist Bruce Dickinson, and iconic mascot Eddie. One of the first groups to be classified as ""British metal,"" Iron Maiden helped set the table for the hard rock/heavy metal scene of the '80s and inspired generations of subsequent bands, including Metallica, Dream Theater, Slipknot, In Flames, and Avenged Sevenfold. Despitethe lack of radio airplay or mainstream media support, early allegations of Satanism, and a revolving lineup, they have remained consistently popular throughout their career, releasing late-period triumphs like The Final Frontier (2010), Book of Souls (2015), and Senjutsu (2021).
Iron Maiden were formed in 1975 in Leyton, East London, by bassist Steve Harris, formerly of the band Smiler. The group's lineup was volatile during their early years, but eventually settled on drummer Doug Sampson, guitarist Dave Murray, and vocalist Paul Di'Anno in 1978. Late that year, this incarnation of the band recorded a four-song demo and circulated it to club owners and others involved in the London scene, including the group's soon-to-be manager Ron Smallwood. The demo's popularity led Iron Maiden to self-release it as 1979's The Soundhouse Tapes EP, which soon sold out its 5,000-copy run. After scoring a deal with EMI, the band enlisted a second guitarist, Dennis Stratton. Late in 1979, Sampson departed due to health issues and former Samson drummer Clive Burr took his place behind the kit. The group's self-titled debut arrived in 1980; though it was recorded in a hurry, it was nonetheless a U.K. hit due to the single ""Running Free."" Its 1981 follow-up, Killers, had a harder approach thanks in part to producer Martin Birch -- with whom the group worked until his 1992 retirement -- and also saw the replacement of Stratton with Murray's childhood friend Adrian Smith.
Due to substance abuse issues, Di'Anno was dismissed from Iron Maiden after the Killer World Tour in 1981. His replacement was Bruce Dickinson, another former Samson member who joined that September and made his recorded debut with the band on 1982's groundbreaking The Number of the Beast. Boasting songs such as the title track and ""Hallowed Be Thy Name,"" it became known as one of the all-time great rock albums. Though it was the group's first chart-topping album in the U.K. and was a Top Ten seller in several other countries, Christian activists and conservative politicians in America claimed the band was Satanic (which Iron Maiden denied). Nevertheless, The Number of the Beast's success made Iron Maiden international superstars, and despite the replacement of Burr with former Trust drummer Nicko McBrain, they changed very little of their style on 1983's Piece of Mind. The band undertook two major tours before recording 1984's Powerslave, which would go on to be another cult hit and featured the 13-minute epic ""The Rime of the Ancient Mariner,"" which was inspired by Samuel Taylor Coleridge's poem. The product of Powerslave's 11-month tour was 1985's Live After Death, a double-live album featuring their biggest hit singles.
Now established as a powerful and unique metal band, Iron Maiden experimented on their long-awaited 1986 album Somewhere in Time, incorporating synthesized bass and guitar and futuristic themes. They continued to expand their sound and subject matter with 1988's Seventh Son of a Seventh Son. Another concept album featuring the singles ""The Evil That Men Do"" and ""The Clairvoyant,"" as well as the group's first use of keyboards, it was Maiden's most critically acclaimed record since The Number of the Beast. After that album's release, Smith and Dickinson worked on their own projects: Smith's album with his band ASAP arrived in 1989, while Dickinson's solo album, Tattooed Millionaire, appeared the following year.
When Iron Maiden reconvened to work on a new album, Smith left over creative differences; ex-Gillan guitarist Janick Gers, who played on Tattooed Millionaire, joined the fold for 1990's No Prayer for the Dying. A return to the band's stripped-down sound of the early '80s, it gave Iron Maiden their first number one U.K. single with ""Bring Your Daughter...To the Slaughter."" At the end of the band's 1991 tour, Dickinson expressed his desire to leave and work on his own music. However, he recorded another album, 1992's Fear of the Dark, and toured with the band, ultimately leaving in 1993. That year, two live albums were released: A Real Live One, which focused on their contemporaneous hit singles, and A Real Dead One, which featured Maiden's classic songs.
Iron Maiden took some time off after Dickinson's departure, returning with 1995's The X Factor, which featured new singer and ex-Wolfsbane member Blaze Bayley. While the record didn't perform as well commercially as some of its predecessors, it was still a success in England. Its follow-up, 1998's Virtual XI, was one of the band's lowest-selling albums; in addition, Bayley was having issues with his voice, and he left Iron Maiden early in 1999. Soon after, Dickinson and Smith returned to the group, who released the ambitious, Kevin Shirley-produced Brave New World the following year.
Iron Maiden remained reinvigorated throughout the 2000s, touring and recording almost as consistently as they did in the '80s. They reunited with Shirley for 2003's critically acclaimed Dance of Death, which was inspired by battles ranging from the conquering of a 13th century Cathar stronghold (""Montségur"") to a notable World War I campaign (""Paschendale""). The Rainmaker EP, as well as the live DVDs History of Iron Maiden, Pt. 1: The Early Days and Raising Hell, followed in 2004. Sanctuary put out the two-disc The Essential Iron Maiden in 2005 to coincide with their gig co-headlining an Ozzfest tour with Black Sabbath, which the band left due to a series of confrontations with Ozzy's wife/manager, Sharon. Another live set, Death on the Road, appeared in September 2005, shortly before Iron Maiden returned to the studio to work on their 14th album. The results were 2006's A Matter of Life and Death, the group's first album to enter the Top Ten of the Billboard 200. Three years later, Iron Maiden released the soundtrack for the film Flight 666, a documentary/concert film recorded in 16 different cities during Maiden's first leg of their 2008 Somewhere Back in Time World Tour, which saw the band traveling in a customized Boeing 747 (called Ed Force One) flown by Dickinson, who is also a licensed pilot.
Iron Maiden worked with Shirley once again on 2010's The Final Frontier, which reached the top of the charts in 28 countries and earned the band a Grammy Award for Best Hard Rock/Metal Performance for the single ""El Dorado."" It was followed in 2012 by En Vivo!, a live video/album filmed at Estadio Nacional, Santiago, Chile, in April 2011. In 2013, the band began work on their 16th studio album, with plans to release it in 2015. Though the album was completed, the discovery of cancerous tumors on Dickinson's tongue and neck in late 2014 slowed things down. He underwent rigorous chemotherapy. He was declared cancer-free in May 2015. Iron Maiden put the finishing touches on the record and issued the video pre-release single ""Speed of Light"" in August. The 92-minute double-length album Book of Souls followed in September. In 2016 and 2017, the band set out on the Book of Souls World Tour in support of the album, and later released the live collection Book of Souls: Live Chapter, which was recorded during the tour. 2016 also saw the release of an Iron Maiden-themed video game, Legacy of the Beast; the group later undertook a promotional tour of the same name, airing older and rarely played songs from their back catalog. The live album Nights of the Dead, Legacy of the Beast: Live in Mexico City was recorded on the tour and released in 2020, and in 2021 the band issued the ambitious double-album Senjutsu, their 17th studio effort. ~ Barry Weber & Heather Phares",The Trooper,Unknown,https://www.youtube.com/watch?v=X4bgXH3sJ2Q&pp=ygUXSXJvbiBNYWlkZW4gVGhlIFRyb29wZXI%3D,Iron Maiden - The Trooper (Official Video)
Piece of Mind,https://lastfm.freetls.fastly.net/i/u/300x300/7753e1296c3c49565bc1967f408d95d3.jpg,Iron Maiden,1983-05-16,"Known for such powerful hits as ""Run to the Hills, ""Two Minutes to Midnight,"" and ""The Trooper,"" and landmark albums like Number of the Beast, Piece of Mind, Powerslave, and Seventh Son of a Seventh Son, Iron Maiden are one of heavy metal's most prolific and influential bands. They're also one of metal's most enduring and distinctive acts, thanks to their dual-lead guitar melodies, ambitious songwriting, powerhouse vocalist Bruce Dickinson, and iconic mascot Eddie. One of the first groups to be classified as ""British metal,"" Iron Maiden helped set the table for the hard rock/heavy metal scene of the '80s and inspired generations of subsequent bands, including Metallica, Dream Theater, Slipknot, In Flames, and Avenged Sevenfold. Despitethe lack of radio airplay or mainstream media support, early allegations of Satanism, and a revolving lineup, they have remained consistently popular throughout their career, releasing late-period triumphs like The Final Frontier (2010), Book of Souls (2015), and Senjutsu (2021).
Iron Maiden were formed in 1975 in Leyton, East London, by bassist Steve Harris, formerly of the band Smiler. The group's lineup was volatile during their early years, but eventually settled on drummer Doug Sampson, guitarist Dave Murray, and vocalist Paul Di'Anno in 1978. Late that year, this incarnation of the band recorded a four-song demo and circulated it to club owners and others involved in the London scene, including the group's soon-to-be manager Ron Smallwood. The demo's popularity led Iron Maiden to self-release it as 1979's The Soundhouse Tapes EP, which soon sold out its 5,000-copy run. After scoring a deal with EMI, the band enlisted a second guitarist, Dennis Stratton. Late in 1979, Sampson departed due to health issues and former Samson drummer Clive Burr took his place behind the kit. The group's self-titled debut arrived in 1980; though it was recorded in a hurry, it was nonetheless a U.K. hit due to the single ""Running Free."" Its 1981 follow-up, Killers, had a harder approach thanks in part to producer Martin Birch -- with whom the group worked until his 1992 retirement -- and also saw the replacement of Stratton with Murray's childhood friend Adrian Smith.
Due to substance abuse issues, Di'Anno was dismissed from Iron Maiden after the Killer World Tour in 1981. His replacement was Bruce Dickinson, another former Samson member who joined that September and made his recorded debut with the band on 1982's groundbreaking The Number of the Beast. Boasting songs such as the title track and ""Hallowed Be Thy Name,"" it became known as one of the all-time great rock albums. Though it was the group's first chart-topping album in the U.K. and was a Top Ten seller in several other countries, Christian activists and conservative politicians in America claimed the band was Satanic (which Iron Maiden denied). Nevertheless, The Number of the Beast's success made Iron Maiden international superstars, and despite the replacement of Burr with former Trust drummer Nicko McBrain, they changed very little of their style on 1983's Piece of Mind. The band undertook two major tours before recording 1984's Powerslave, which would go on to be another cult hit and featured the 13-minute epic ""The Rime of the Ancient Mariner,"" which was inspired by Samuel Taylor Coleridge's poem. The product of Powerslave's 11-month tour was 1985's Live After Death, a double-live album featuring their biggest hit singles.
Now established as a powerful and unique metal band, Iron Maiden experimented on their long-awaited 1986 album Somewhere in Time, incorporating synthesized bass and guitar and futuristic themes. They continued to expand their sound and subject matter with 1988's Seventh Son of a Seventh Son. Another concept album featuring the singles ""The Evil That Men Do"" and ""The Clairvoyant,"" as well as the group's first use of keyboards, it was Maiden's most critically acclaimed record since The Number of the Beast. After that album's release, Smith and Dickinson worked on their own projects: Smith's album with his band ASAP arrived in 1989, while Dickinson's solo album, Tattooed Millionaire, appeared the following year.
When Iron Maiden reconvened to work on a new album, Smith left over creative differences; ex-Gillan guitarist Janick Gers, who played on Tattooed Millionaire, joined the fold for 1990's No Prayer for the Dying. A return to the band's stripped-down sound of the early '80s, it gave Iron Maiden their first number one U.K. single with ""Bring Your Daughter...To the Slaughter."" At the end of the band's 1991 tour, Dickinson expressed his desire to leave and work on his own music. However, he recorded another album, 1992's Fear of the Dark, and toured with the band, ultimately leaving in 1993. That year, two live albums were released: A Real Live One, which focused on their contemporaneous hit singles, and A Real Dead One, which featured Maiden's classic songs.
Iron Maiden took some time off after Dickinson's departure, returning with 1995's The X Factor, which featured new singer and ex-Wolfsbane member Blaze Bayley. While the record didn't perform as well commercially as some of its predecessors, it was still a success in England. Its follow-up, 1998's Virtual XI, was one of the band's lowest-selling albums; in addition, Bayley was having issues with his voice, and he left Iron Maiden early in 1999. Soon after, Dickinson and Smith returned to the group, who released the ambitious, Kevin Shirley-produced Brave New World the following year.
Iron Maiden remained reinvigorated throughout the 2000s, touring and recording almost as consistently as they did in the '80s. They reunited with Shirley for 2003's critically acclaimed Dance of Death, which was inspired by battles ranging from the conquering of a 13th century Cathar stronghold (""Montségur"") to a notable World War I campaign (""Paschendale""). The Rainmaker EP, as well as the live DVDs History of Iron Maiden, Pt. 1: The Early Days and Raising Hell, followed in 2004. Sanctuary put out the two-disc The Essential Iron Maiden in 2005 to coincide with their gig co-headlining an Ozzfest tour with Black Sabbath, which the band left due to a series of confrontations with Ozzy's wife/manager, Sharon. Another live set, Death on the Road, appeared in September 2005, shortly before Iron Maiden returned to the studio to work on their 14th album. The results were 2006's A Matter of Life and Death, the group's first album to enter the Top Ten of the Billboard 200. Three years later, Iron Maiden released the soundtrack for the film Flight 666, a documentary/concert film recorded in 16 different cities during Maiden's first leg of their 2008 Somewhere Back in Time World Tour, which saw the band traveling in a customized Boeing 747 (called Ed Force One) flown by Dickinson, who is also a licensed pilot.
Iron Maiden worked with Shirley once again on 2010's The Final Frontier, which reached the top of the charts in 28 countries and earned the band a Grammy Award for Best Hard Rock/Metal Performance for the single ""El Dorado."" It was followed in 2012 by En Vivo!, a live video/album filmed at Estadio Nacional, Santiago, Chile, in April 2011. In 2013, the band began work on their 16th studio album, with plans to release it in 2015. Though the album was completed, the discovery of cancerous tumors on Dickinson's tongue and neck in late 2014 slowed things down. He underwent rigorous chemotherapy. He was declared cancer-free in May 2015. Iron Maiden put the finishing touches on the record and issued the video pre-release single ""Speed of Light"" in August. The 92-minute double-length album Book of Souls followed in September. In 2016 and 2017, the band set out on the Book of Souls World Tour in support of the album, and later released the live collection Book of Souls: Live Chapter, which was recorded during the tour. 2016 also saw the release of an Iron Maiden-themed video game, Legacy of the Beast; the group later undertook a promotional tour of the same name, airing older and rarely played songs from their back catalog. The live album Nights of the Dead, Legacy of the Beast: Live in Mexico City was recorded on the tour and released in 2020, and in 2021 the band issued the ambitious double-album Senjutsu, their 17th studio effort. ~ Barry Weber & Heather Phares",Still Life,Unknown,https://www.youtube.com/watch?v=tWL8xtpSM8c&pp=ygUWSXJvbiBNYWlkZW4gU3RpbGwgTGlmZQ%3D%3D,Still Life '15 - Maiden uniteD (official audio)
Piece of Mind,https://lastfm.freetls.fastly.net/i/u/300x300/7753e1296c3c49565bc1967f408d95d3.jpg,Iron Maiden,1983-05-16,"Known for such powerful hits as ""Run to the Hills, ""Two Minutes to Midnight,"" and ""The Trooper,"" and landmark albums like Number of the Beast, Piece of Mind, Powerslave, and Seventh Son of a Seventh Son, Iron Maiden are one of heavy metal's most prolific and influential bands. They're also one of metal's most enduring and distinctive acts, thanks to their dual-lead guitar melodies, ambitious songwriting, powerhouse vocalist Bruce Dickinson, and iconic mascot Eddie. One of the first groups to be classified as ""British metal,"" Iron Maiden helped set the table for the hard rock/heavy metal scene of the '80s and inspired generations of subsequent bands, including Metallica, Dream Theater, Slipknot, In Flames, and Avenged Sevenfold. Despitethe lack of radio airplay or mainstream media support, early allegations of Satanism, and a revolving lineup, they have remained consistently popular throughout their career, releasing late-period triumphs like The Final Frontier (2010), Book of Souls (2015), and Senjutsu (2021).
Iron Maiden were formed in 1975 in Leyton, East London, by bassist Steve Harris, formerly of the band Smiler. The group's lineup was volatile during their early years, but eventually settled on drummer Doug Sampson, guitarist Dave Murray, and vocalist Paul Di'Anno in 1978. Late that year, this incarnation of the band recorded a four-song demo and circulated it to club owners and others involved in the London scene, including the group's soon-to-be manager Ron Smallwood. The demo's popularity led Iron Maiden to self-release it as 1979's The Soundhouse Tapes EP, which soon sold out its 5,000-copy run. After scoring a deal with EMI, the band enlisted a second guitarist, Dennis Stratton. Late in 1979, Sampson departed due to health issues and former Samson drummer Clive Burr took his place behind the kit. The group's self-titled debut arrived in 1980; though it was recorded in a hurry, it was nonetheless a U.K. hit due to the single ""Running Free."" Its 1981 follow-up, Killers, had a harder approach thanks in part to producer Martin Birch -- with whom the group worked until his 1992 retirement -- and also saw the replacement of Stratton with Murray's childhood friend Adrian Smith.
Due to substance abuse issues, Di'Anno was dismissed from Iron Maiden after the Killer World Tour in 1981. His replacement was Bruce Dickinson, another former Samson member who joined that September and made his recorded debut with the band on 1982's groundbreaking The Number of the Beast. Boasting songs such as the title track and ""Hallowed Be Thy Name,"" it became known as one of the all-time great rock albums. Though it was the group's first chart-topping album in the U.K. and was a Top Ten seller in several other countries, Christian activists and conservative politicians in America claimed the band was Satanic (which Iron Maiden denied). Nevertheless, The Number of the Beast's success made Iron Maiden international superstars, and despite the replacement of Burr with former Trust drummer Nicko McBrain, they changed very little of their style on 1983's Piece of Mind. The band undertook two major tours before recording 1984's Powerslave, which would go on to be another cult hit and featured the 13-minute epic ""The Rime of the Ancient Mariner,"" which was inspired by Samuel Taylor Coleridge's poem. The product of Powerslave's 11-month tour was 1985's Live After Death, a double-live album featuring their biggest hit singles.
Now established as a powerful and unique metal band, Iron Maiden experimented on their long-awaited 1986 album Somewhere in Time, incorporating synthesized bass and guitar and futuristic themes. They continued to expand their sound and subject matter with 1988's Seventh Son of a Seventh Son. Another concept album featuring the singles ""The Evil That Men Do"" and ""The Clairvoyant,"" as well as the group's first use of keyboards, it was Maiden's most critically acclaimed record since The Number of the Beast. After that album's release, Smith and Dickinson worked on their own projects: Smith's album with his band ASAP arrived in 1989, while Dickinson's solo album, Tattooed Millionaire, appeared the following year.
When Iron Maiden reconvened to work on a new album, Smith left over creative differences; ex-Gillan guitarist Janick Gers, who played on Tattooed Millionaire, joined the fold for 1990's No Prayer for the Dying. A return to the band's stripped-down sound of the early '80s, it gave Iron Maiden their first number one U.K. single with ""Bring Your Daughter...To the Slaughter."" At the end of the band's 1991 tour, Dickinson expressed his desire to leave and work on his own music. However, he recorded another album, 1992's Fear of the Dark, and toured with the band, ultimately leaving in 1993. That year, two live albums were released: A Real Live One, which focused on their contemporaneous hit singles, and A Real Dead One, which featured Maiden's classic songs.
Iron Maiden took some time off after Dickinson's departure, returning with 1995's The X Factor, which featured new singer and ex-Wolfsbane member Blaze Bayley. While the record didn't perform as well commercially as some of its predecessors, it was still a success in England. Its follow-up, 1998's Virtual XI, was one of the band's lowest-selling albums; in addition, Bayley was having issues with his voice, and he left Iron Maiden early in 1999. Soon after, Dickinson and Smith returned to the group, who released the ambitious, Kevin Shirley-produced Brave New World the following year.
Iron Maiden remained reinvigorated throughout the 2000s, touring and recording almost as consistently as they did in the '80s. They reunited with Shirley for 2003's critically acclaimed Dance of Death, which was inspired by battles ranging from the conquering of a 13th century Cathar stronghold (""Montségur"") to a notable World War I campaign (""Paschendale""). The Rainmaker EP, as well as the live DVDs History of Iron Maiden, Pt. 1: The Early Days and Raising Hell, followed in 2004. Sanctuary put out the two-disc The Essential Iron Maiden in 2005 to coincide with their gig co-headlining an Ozzfest tour with Black Sabbath, which the band left due to a series of confrontations with Ozzy's wife/manager, Sharon. Another live set, Death on the Road, appeared in September 2005, shortly before Iron Maiden returned to the studio to work on their 14th album. The results were 2006's A Matter of Life and Death, the group's first album to enter the Top Ten of the Billboard 200. Three years later, Iron Maiden released the soundtrack for the film Flight 666, a documentary/concert film recorded in 16 different cities during Maiden's first leg of their 2008 Somewhere Back in Time World Tour, which saw the band traveling in a customized Boeing 747 (called Ed Force One) flown by Dickinson, who is also a licensed pilot.
Iron Maiden worked with Shirley once again on 2010's The Final Frontier, which reached the top of the charts in 28 countries and earned the band a Grammy Award for Best Hard Rock/Metal Performance for the single ""El Dorado."" It was followed in 2012 by En Vivo!, a live video/album filmed at Estadio Nacional, Santiago, Chile, in April 2011. In 2013, the band began work on their 16th studio album, with plans to release it in 2015. Though the album was completed, the discovery of cancerous tumors on Dickinson's tongue and neck in late 2014 slowed things down. He underwent rigorous chemotherapy. He was declared cancer-free in May 2015. Iron Maiden put the finishing touches on the record and issued the video pre-release single ""Speed of Light"" in August. The 92-minute double-length album Book of Souls followed in September. In 2016 and 2017, the band set out on the Book of Souls World Tour in support of the album, and later released the live collection Book of Souls: Live Chapter, which was recorded during the tour. 2016 also saw the release of an Iron Maiden-themed video game, Legacy of the Beast; the group later undertook a promotional tour of the same name, airing older and rarely played songs from their back catalog. The live album Nights of the Dead, Legacy of the Beast: Live in Mexico City was recorded on the tour and released in 2020, and in 2021 the band issued the ambitious double-album Senjutsu, their 17th studio effort. ~ Barry Weber & Heather Phares",Sun and Steel,Unknown,https://www.youtube.com/watch?v=wc23MVePGhg&pp=ygUZSXJvbiBNYWlkZW4gU3VuIGFuZCBTdGVlbA%3D%3D,Sun and Steel (2015 Remaster)
Powerslave,https://lastfm.freetls.fastly.net/i/u/300x300/fb8a432b8a23a386b9fbaaa4756800b2.png,Iron Maiden,1984-01-01,"Known for such powerful hits as ""Run to the Hills, ""Two Minutes to Midnight,"" and ""The Trooper,"" and landmark albums like Number of the Beast, Piece of Mind, Powerslave, and Seventh Son of a Seventh Son, Iron Maiden are one of heavy metal's most prolific and influential bands. They're also one of metal's most enduring and distinctive acts, thanks to their dual-lead guitar melodies, ambitious songwriting, powerhouse vocalist Bruce Dickinson, and iconic mascot Eddie. One of the first groups to be classified as ""British metal,"" Iron Maiden helped set the table for the hard rock/heavy metal scene of the '80s and inspired generations of subsequent bands, including Metallica, Dream Theater, Slipknot, In Flames, and Avenged Sevenfold. Despitethe lack of radio airplay or mainstream media support, early allegations of Satanism, and a revolving lineup, they have remained consistently popular throughout their career, releasing late-period triumphs like The Final Frontier (2010), Book of Souls (2015), and Senjutsu (2021).
Iron Maiden were formed in 1975 in Leyton, East London, by bassist Steve Harris, formerly of the band Smiler. The group's lineup was volatile during their early years, but eventually settled on drummer Doug Sampson, guitarist Dave Murray, and vocalist Paul Di'Anno in 1978. Late that year, this incarnation of the band recorded a four-song demo and circulated it to club owners and others involved in the London scene, including the group's soon-to-be manager Ron Smallwood. The demo's popularity led Iron Maiden to self-release it as 1979's The Soundhouse Tapes EP, which soon sold out its 5,000-copy run. After scoring a deal with EMI, the band enlisted a second guitarist, Dennis Stratton. Late in 1979, Sampson departed due to health issues and former Samson drummer Clive Burr took his place behind the kit. The group's self-titled debut arrived in 1980; though it was recorded in a hurry, it was nonetheless a U.K. hit due to the single ""Running Free."" Its 1981 follow-up, Killers, had a harder approach thanks in part to producer Martin Birch -- with whom the group worked until his 1992 retirement -- and also saw the replacement of Stratton with Murray's childhood friend Adrian Smith.
Due to substance abuse issues, Di'Anno was dismissed from Iron Maiden after the Killer World Tour in 1981. His replacement was Bruce Dickinson, another former Samson member who joined that September and made his recorded debut with the band on 1982's groundbreaking The Number of the Beast. Boasting songs such as the title track and ""Hallowed Be Thy Name,"" it became known as one of the all-time great rock albums. Though it was the group's first chart-topping album in the U.K. and was a Top Ten seller in several other countries, Christian activists and conservative politicians in America claimed the band was Satanic (which Iron Maiden denied). Nevertheless, The Number of the Beast's success made Iron Maiden international superstars, and despite the replacement of Burr with former Trust drummer Nicko McBrain, they changed very little of their style on 1983's Piece of Mind. The band undertook two major tours before recording 1984's Powerslave, which would go on to be another cult hit and featured the 13-minute epic ""The Rime of the Ancient Mariner,"" which was inspired by Samuel Taylor Coleridge's poem. The product of Powerslave's 11-month tour was 1985's Live After Death, a double-live album featuring their biggest hit singles.
Now established as a powerful and unique metal band, Iron Maiden experimented on their long-awaited 1986 album Somewhere in Time, incorporating synthesized bass and guitar and futuristic themes. They continued to expand their sound and subject matter with 1988's Seventh Son of a Seventh Son. Another concept album featuring the singles ""The Evil That Men Do"" and ""The Clairvoyant,"" as well as the group's first use of keyboards, it was Maiden's most critically acclaimed record since The Number of the Beast. After that album's release, Smith and Dickinson worked on their own projects: Smith's album with his band ASAP arrived in 1989, while Dickinson's solo album, Tattooed Millionaire, appeared the following year.
When Iron Maiden reconvened to work on a new album, Smith left over creative differences; ex-Gillan guitarist Janick Gers, who played on Tattooed Millionaire, joined the fold for 1990's No Prayer for the Dying. A return to the band's stripped-down sound of the early '80s, it gave Iron Maiden their first number one U.K. single with ""Bring Your Daughter...To the Slaughter."" At the end of the band's 1991 tour, Dickinson expressed his desire to leave and work on his own music. However, he recorded another album, 1992's Fear of the Dark, and toured with the band, ultimately leaving in 1993. That year, two live albums were released: A Real Live One, which focused on their contemporaneous hit singles, and A Real Dead One, which featured Maiden's classic songs.
Iron Maiden took some time off after Dickinson's departure, returning with 1995's The X Factor, which featured new singer and ex-Wolfsbane member Blaze Bayley. While the record didn't perform as well commercially as some of its predecessors, it was still a success in England. Its follow-up, 1998's Virtual XI, was one of the band's lowest-selling albums; in addition, Bayley was having issues with his voice, and he left Iron Maiden early in 1999. Soon after, Dickinson and Smith returned to the group, who released the ambitious, Kevin Shirley-produced Brave New World the following year.
Iron Maiden remained reinvigorated throughout the 2000s, touring and recording almost as consistently as they did in the '80s. They reunited with Shirley for 2003's critically acclaimed Dance of Death, which was inspired by battles ranging from the conquering of a 13th century Cathar stronghold (""Montségur"") to a notable World War I campaign (""Paschendale""). The Rainmaker EP, as well as the live DVDs History of Iron Maiden, Pt. 1: The Early Days and Raising Hell, followed in 2004. Sanctuary put out the two-disc The Essential Iron Maiden in 2005 to coincide with their gig co-headlining an Ozzfest tour with Black Sabbath, which the band left due to a series of confrontations with Ozzy's wife/manager, Sharon. Another live set, Death on the Road, appeared in September 2005, shortly before Iron Maiden returned to the studio to work on their 14th album. The results were 2006's A Matter of Life and Death, the group's first album to enter the Top Ten of the Billboard 200. Three years later, Iron Maiden released the soundtrack for the film Flight 666, a documentary/concert film recorded in 16 different cities during Maiden's first leg of their 2008 Somewhere Back in Time World Tour, which saw the band traveling in a customized Boeing 747 (called Ed Force One) flown by Dickinson, who is also a licensed pilot.
Iron Maiden worked with Shirley once again on 2010's The Final Frontier, which reached the top of the charts in 28 countries and earned the band a Grammy Award for Best Hard Rock/Metal Performance for the single ""El Dorado."" It was followed in 2012 by En Vivo!, a live video/album filmed at Estadio Nacional, Santiago, Chile, in April 2011. In 2013, the band began work on their 16th studio album, with plans to release it in 2015. Though the album was completed, the discovery of cancerous tumors on Dickinson's tongue and neck in late 2014 slowed things down. He underwent rigorous chemotherapy. He was declared cancer-free in May 2015. Iron Maiden put the finishing touches on the record and issued the video pre-release single ""Speed of Light"" in August. The 92-minute double-length album Book of Souls followed in September. In 2016 and 2017, the band set out on the Book of Souls World Tour in support of the album, and later released the live collection Book of Souls: Live Chapter, which was recorded during the tour. 2016 also saw the release of an Iron Maiden-themed video game, Legacy of the Beast; the group later undertook a promotional tour of the same name, airing older and rarely played songs from their back catalog. The live album Nights of the Dead, Legacy of the Beast: Live in Mexico City was recorded on the tour and released in 2020, and in 2021 the band issued the ambitious double-album Senjutsu, their 17th studio effort. ~ Barry Weber & Heather Phares",The Duelists (1998 Remastered Version),Unknown,https://www.youtube.com/watch?v=58y4Iww0USk&pp=ygUwSXJvbiBNYWlkZW4gVGhlIER1ZWxpc3RzIDE5OTggUmVtYXN0ZXJlZCBWZXJzaW9u,The Duellists (2015 Remaster)
Powerslave,https://lastfm.freetls.fastly.net/i/u/300x300/fb8a432b8a23a386b9fbaaa4756800b2.png,Iron Maiden,1984-01-01,"Known for such powerful hits as ""Run to the Hills, ""Two Minutes to Midnight,"" and ""The Trooper,"" and landmark albums like Number of the Beast, Piece of Mind, Powerslave, and Seventh Son of a Seventh Son, Iron Maiden are one of heavy metal's most prolific and influential bands. They're also one of metal's most enduring and distinctive acts, thanks to their dual-lead guitar melodies, ambitious songwriting, powerhouse vocalist Bruce Dickinson, and iconic mascot Eddie. One of the first groups to be classified as ""British metal,"" Iron Maiden helped set the table for the hard rock/heavy metal scene of the '80s and inspired generations of subsequent bands, including Metallica, Dream Theater, Slipknot, In Flames, and Avenged Sevenfold. Despitethe lack of radio airplay or mainstream media support, early allegations of Satanism, and a revolving lineup, they have remained consistently popular throughout their career, releasing late-period triumphs like The Final Frontier (2010), Book of Souls (2015), and Senjutsu (2021).
Iron Maiden were formed in 1975 in Leyton, East London, by bassist Steve Harris, formerly of the band Smiler. The group's lineup was volatile during their early years, but eventually settled on drummer Doug Sampson, guitarist Dave Murray, and vocalist Paul Di'Anno in 1978. Late that year, this incarnation of the band recorded a four-song demo and circulated it to club owners and others involved in the London scene, including the group's soon-to-be manager Ron Smallwood. The demo's popularity led Iron Maiden to self-release it as 1979's The Soundhouse Tapes EP, which soon sold out its 5,000-copy run. After scoring a deal with EMI, the band enlisted a second guitarist, Dennis Stratton. Late in 1979, Sampson departed due to health issues and former Samson drummer Clive Burr took his place behind the kit. The group's self-titled debut arrived in 1980; though it was recorded in a hurry, it was nonetheless a U.K. hit due to the single ""Running Free."" Its 1981 follow-up, Killers, had a harder approach thanks in part to producer Martin Birch -- with whom the group worked until his 1992 retirement -- and also saw the replacement of Stratton with Murray's childhood friend Adrian Smith.
Due to substance abuse issues, Di'Anno was dismissed from Iron Maiden after the Killer World Tour in 1981. His replacement was Bruce Dickinson, another former Samson member who joined that September and made his recorded debut with the band on 1982's groundbreaking The Number of the Beast. Boasting songs such as the title track and ""Hallowed Be Thy Name,"" it became known as one of the all-time great rock albums. Though it was the group's first chart-topping album in the U.K. and was a Top Ten seller in several other countries, Christian activists and conservative politicians in America claimed the band was Satanic (which Iron Maiden denied). Nevertheless, The Number of the Beast's success made Iron Maiden international superstars, and despite the replacement of Burr with former Trust drummer Nicko McBrain, they changed very little of their style on 1983's Piece of Mind. The band undertook two major tours before recording 1984's Powerslave, which would go on to be another cult hit and featured the 13-minute epic ""The Rime of the Ancient Mariner,"" which was inspired by Samuel Taylor Coleridge's poem. The product of Powerslave's 11-month tour was 1985's Live After Death, a double-live album featuring their biggest hit singles.
Now established as a powerful and unique metal band, Iron Maiden experimented on their long-awaited 1986 album Somewhere in Time, incorporating synthesized bass and guitar and futuristic themes. They continued to expand their sound and subject matter with 1988's Seventh Son of a Seventh Son. Another concept album featuring the singles ""The Evil That Men Do"" and ""The Clairvoyant,"" as well as the group's first use of keyboards, it was Maiden's most critically acclaimed record since The Number of the Beast. After that album's release, Smith and Dickinson worked on their own projects: Smith's album with his band ASAP arrived in 1989, while Dickinson's solo album, Tattooed Millionaire, appeared the following year.
When Iron Maiden reconvened to work on a new album, Smith left over creative differences; ex-Gillan guitarist Janick Gers, who played on Tattooed Millionaire, joined the fold for 1990's No Prayer for the Dying. A return to the band's stripped-down sound of the early '80s, it gave Iron Maiden their first number one U.K. single with ""Bring Your Daughter...To the Slaughter."" At the end of the band's 1991 tour, Dickinson expressed his desire to leave and work on his own music. However, he recorded another album, 1992's Fear of the Dark, and toured with the band, ultimately leaving in 1993. That year, two live albums were released: A Real Live One, which focused on their contemporaneous hit singles, and A Real Dead One, which featured Maiden's classic songs.
Iron Maiden took some time off after Dickinson's departure, returning with 1995's The X Factor, which featured new singer and ex-Wolfsbane member Blaze Bayley. While the record didn't perform as well commercially as some of its predecessors, it was still a success in England. Its follow-up, 1998's Virtual XI, was one of the band's lowest-selling albums; in addition, Bayley was having issues with his voice, and he left Iron Maiden early in 1999. Soon after, Dickinson and Smith returned to the group, who released the ambitious, Kevin Shirley-produced Brave New World the following year.
Iron Maiden remained reinvigorated throughout the 2000s, touring and recording almost as consistently as they did in the '80s. They reunited with Shirley for 2003's critically acclaimed Dance of Death, which was inspired by battles ranging from the conquering of a 13th century Cathar stronghold (""Montségur"") to a notable World War I campaign (""Paschendale""). The Rainmaker EP, as well as the live DVDs History of Iron Maiden, Pt. 1: The Early Days and Raising Hell, followed in 2004. Sanctuary put out the two-disc The Essential Iron Maiden in 2005 to coincide with their gig co-headlining an Ozzfest tour with Black Sabbath, which the band left due to a series of confrontations with Ozzy's wife/manager, Sharon. Another live set, Death on the Road, appeared in September 2005, shortly before Iron Maiden returned to the studio to work on their 14th album. The results were 2006's A Matter of Life and Death, the group's first album to enter the Top Ten of the Billboard 200. Three years later, Iron Maiden released the soundtrack for the film Flight 666, a documentary/concert film recorded in 16 different cities during Maiden's first leg of their 2008 Somewhere Back in Time World Tour, which saw the band traveling in a customized Boeing 747 (called Ed Force One) flown by Dickinson, who is also a licensed pilot.
Iron Maiden worked with Shirley once again on 2010's The Final Frontier, which reached the top of the charts in 28 countries and earned the band a Grammy Award for Best Hard Rock/Metal Performance for the single ""El Dorado."" It was followed in 2012 by En Vivo!, a live video/album filmed at Estadio Nacional, Santiago, Chile, in April 2011. In 2013, the band began work on their 16th studio album, with plans to release it in 2015. Though the album was completed, the discovery of cancerous tumors on Dickinson's tongue and neck in late 2014 slowed things down. He underwent rigorous chemotherapy. He was declared cancer-free in May 2015. Iron Maiden put the finishing touches on the record and issued the video pre-release single ""Speed of Light"" in August. The 92-minute double-length album Book of Souls followed in September. In 2016 and 2017, the band set out on the Book of Souls World Tour in support of the album, and later released the live collection Book of Souls: Live Chapter, which was recorded during the tour. 2016 also saw the release of an Iron Maiden-themed video game, Legacy of the Beast; the group later undertook a promotional tour of the same name, airing older and rarely played songs from their back catalog. The live album Nights of the Dead, Legacy of the Beast: Live in Mexico City was recorded on the tour and released in 2020, and in 2021 the band issued the ambitious double-album Senjutsu, their 17th studio effort. ~ Barry Weber & Heather Phares",Rime of the Ancient Mariner,Unknown,https://www.youtube.com/watch?v=RQBBl6z3g4o&pp=ygUnSXJvbiBNYWlkZW4gUmltZSBvZiB0aGUgQW5jaWVudCBNYXJpbmVy,Rime of the Ancient Mariner Official Music Video (Iron Maiden Cover)
Somewhere in Time,https://lastfm.freetls.fastly.net/i/u/300x300/28562b4e484630078fecc226c21bf39c.jpg,Iron Maiden,1986-06-29,"Known for such powerful hits as ""Run to the Hills, ""Two Minutes to Midnight,"" and ""The Trooper,"" and landmark albums like Number of the Beast, Piece of Mind, Powerslave, and Seventh Son of a Seventh Son, Iron Maiden are one of heavy metal's most prolific and influential bands. They're also one of metal's most enduring and distinctive acts, thanks to their dual-lead guitar melodies, ambitious songwriting, powerhouse vocalist Bruce Dickinson, and iconic mascot Eddie. One of the first groups to be classified as ""British metal,"" Iron Maiden helped set the table for the hard rock/heavy metal scene of the '80s and inspired generations of subsequent bands, including Metallica, Dream Theater, Slipknot, In Flames, and Avenged Sevenfold. Despitethe lack of radio airplay or mainstream media support, early allegations of Satanism, and a revolving lineup, they have remained consistently popular throughout their career, releasing late-period triumphs like The Final Frontier (2010), Book of Souls (2015), and Senjutsu (2021).
Iron Maiden were formed in 1975 in Leyton, East London, by bassist Steve Harris, formerly of the band Smiler. The group's lineup was volatile during their early years, but eventually settled on drummer Doug Sampson, guitarist Dave Murray, and vocalist Paul Di'Anno in 1978. Late that year, this incarnation of the band recorded a four-song demo and circulated it to club owners and others involved in the London scene, including the group's soon-to-be manager Ron Smallwood. The demo's popularity led Iron Maiden to self-release it as 1979's The Soundhouse Tapes EP, which soon sold out its 5,000-copy run. After scoring a deal with EMI, the band enlisted a second guitarist, Dennis Stratton. Late in 1979, Sampson departed due to health issues and former Samson drummer Clive Burr took his place behind the kit. The group's self-titled debut arrived in 1980; though it was recorded in a hurry, it was nonetheless a U.K. hit due to the single ""Running Free."" Its 1981 follow-up, Killers, had a harder approach thanks in part to producer Martin Birch -- with whom the group worked until his 1992 retirement -- and also saw the replacement of Stratton with Murray's childhood friend Adrian Smith.
Due to substance abuse issues, Di'Anno was dismissed from Iron Maiden after the Killer World Tour in 1981. His replacement was Bruce Dickinson, another former Samson member who joined that September and made his recorded debut with the band on 1982's groundbreaking The Number of the Beast. Boasting songs such as the title track and ""Hallowed Be Thy Name,"" it became known as one of the all-time great rock albums. Though it was the group's first chart-topping album in the U.K. and was a Top Ten seller in several other countries, Christian activists and conservative politicians in America claimed the band was Satanic (which Iron Maiden denied). Nevertheless, The Number of the Beast's success made Iron Maiden international superstars, and despite the replacement of Burr with former Trust drummer Nicko McBrain, they changed very little of their style on 1983's Piece of Mind. The band undertook two major tours before recording 1984's Powerslave, which would go on to be another cult hit and featured the 13-minute epic ""The Rime of the Ancient Mariner,"" which was inspired by Samuel Taylor Coleridge's poem. The product of Powerslave's 11-month tour was 1985's Live After Death, a double-live album featuring their biggest hit singles.
Now established as a powerful and unique metal band, Iron Maiden experimented on their long-awaited 1986 album Somewhere in Time, incorporating synthesized bass and guitar and futuristic themes. They continued to expand their sound and subject matter with 1988's Seventh Son of a Seventh Son. Another concept album featuring the singles ""The Evil That Men Do"" and ""The Clairvoyant,"" as well as the group's first use of keyboards, it was Maiden's most critically acclaimed record since The Number of the Beast. After that album's release, Smith and Dickinson worked on their own projects: Smith's album with his band ASAP arrived in 1989, while Dickinson's solo album, Tattooed Millionaire, appeared the following year.
When Iron Maiden reconvened to work on a new album, Smith left over creative differences; ex-Gillan guitarist Janick Gers, who played on Tattooed Millionaire, joined the fold for 1990's No Prayer for the Dying. A return to the band's stripped-down sound of the early '80s, it gave Iron Maiden their first number one U.K. single with ""Bring Your Daughter...To the Slaughter."" At the end of the band's 1991 tour, Dickinson expressed his desire to leave and work on his own music. However, he recorded another album, 1992's Fear of the Dark, and toured with the band, ultimately leaving in 1993. That year, two live albums were released: A Real Live One, which focused on their contemporaneous hit singles, and A Real Dead One, which featured Maiden's classic songs.
Iron Maiden took some time off after Dickinson's departure, returning with 1995's The X Factor, which featured new singer and ex-Wolfsbane member Blaze Bayley. While the record didn't perform as well commercially as some of its predecessors, it was still a success in England. Its follow-up, 1998's Virtual XI, was one of the band's lowest-selling albums; in addition, Bayley was having issues with his voice, and he left Iron Maiden early in 1999. Soon after, Dickinson and Smith returned to the group, who released the ambitious, Kevin Shirley-produced Brave New World the following year.
Iron Maiden remained reinvigorated throughout the 2000s, touring and recording almost as consistently as they did in the '80s. They reunited with Shirley for 2003's critically acclaimed Dance of Death, which was inspired by battles ranging from the conquering of a 13th century Cathar stronghold (""Montségur"") to a notable World War I campaign (""Paschendale""). The Rainmaker EP, as well as the live DVDs History of Iron Maiden, Pt. 1: The Early Days and Raising Hell, followed in 2004. Sanctuary put out the two-disc The Essential Iron Maiden in 2005 to coincide with their gig co-headlining an Ozzfest tour with Black Sabbath, which the band left due to a series of confrontations with Ozzy's wife/manager, Sharon. Another live set, Death on the Road, appeared in September 2005, shortly before Iron Maiden returned to the studio to work on their 14th album. The results were 2006's A Matter of Life and Death, the group's first album to enter the Top Ten of the Billboard 200. Three years later, Iron Maiden released the soundtrack for the film Flight 666, a documentary/concert film recorded in 16 different cities during Maiden's first leg of their 2008 Somewhere Back in Time World Tour, which saw the band traveling in a customized Boeing 747 (called Ed Force One) flown by Dickinson, who is also a licensed pilot.
Iron Maiden worked with Shirley once again on 2010's The Final Frontier, which reached the top of the charts in 28 countries and earned the band a Grammy Award for Best Hard Rock/Metal Performance for the single ""El Dorado."" It was followed in 2012 by En Vivo!, a live video/album filmed at Estadio Nacional, Santiago, Chile, in April 2011. In 2013, the band began work on their 16th studio album, with plans to release it in 2015. Though the album was completed, the discovery of cancerous tumors on Dickinson's tongue and neck in late 2014 slowed things down. He underwent rigorous chemotherapy. He was declared cancer-free in May 2015. Iron Maiden put the finishing touches on the record and issued the video pre-release single ""Speed of Light"" in August. The 92-minute double-length album Book of Souls followed in September. In 2016 and 2017, the band set out on the Book of Souls World Tour in support of the album, and later released the live collection Book of Souls: Live Chapter, which was recorded during the tour. 2016 also saw the release of an Iron Maiden-themed video game, Legacy of the Beast; the group later undertook a promotional tour of the same name, airing older and rarely played songs from their back catalog. The live album Nights of the Dead, Legacy of the Beast: Live in Mexico City was recorded on the tour and released in 2020, and in 2021 the band issued the ambitious double-album Senjutsu, their 17th studio effort. ~ Barry Weber & Heather Phares",Wasted Years,Unknown,https://www.youtube.com/watch?v=Ij99dud8-0A&pp=ygUYSXJvbiBNYWlkZW4gV2FzdGVkIFllYXJz,Iron Maiden - Wasted Years (Official Video)
Somewhere in Time,https://lastfm.freetls.fastly.net/i/u/300x300/28562b4e484630078fecc226c21bf39c.jpg,Iron Maiden,2025-11-14,"Known for such powerful hits as ""Run to the Hills, ""Two Minutes to Midnight,"" and ""The Trooper,"" and landmark albums like Number of the Beast, Piece of Mind, Powerslave, and Seventh Son of a Seventh Son, Iron Maiden are one of heavy metal's most prolific and influential bands. They're also one of metal's most enduring and distinctive acts, thanks to their dual-lead guitar melodies, ambitious songwriting, powerhouse vocalist Bruce Dickinson, and iconic mascot Eddie. One of the first groups to be classified as ""British metal,"" Iron Maiden helped set the table for the hard rock/heavy metal scene of the '80s and inspired generations of subsequent bands, including Metallica, Dream Theater, Slipknot, In Flames, and Avenged Sevenfold. Despitethe lack of radio airplay or mainstream media support, early allegations of Satanism, and a revolving lineup, they have remained consistently popular throughout their career, releasing late-period triumphs like The Final Frontier (2010), Book of Souls (2015), and Senjutsu (2021).
Iron Maiden were formed in 1975 in Leyton, East London, by bassist Steve Harris, formerly of the band Smiler. The group's lineup was volatile during their early years, but eventually settled on drummer Doug Sampson, guitarist Dave Murray, and vocalist Paul Di'Anno in 1978. Late that year, this incarnation of the band recorded a four-song demo and circulated it to club owners and others involved in the London scene, including the group's soon-to-be manager Ron Smallwood. The demo's popularity led Iron Maiden to self-release it as 1979's The Soundhouse Tapes EP, which soon sold out its 5,000-copy run. After scoring a deal with EMI, the band enlisted a second guitarist, Dennis Stratton. Late in 1979, Sampson departed due to health issues and former Samson drummer Clive Burr took his place behind the kit. The group's self-titled debut arrived in 1980; though it was recorded in a hurry, it was nonetheless a U.K. hit due to the single ""Running Free."" Its 1981 follow-up, Killers, had a harder approach thanks in part to producer Martin Birch -- with whom the group worked until his 1992 retirement -- and also saw the replacement of Stratton with Murray's childhood friend Adrian Smith.
Due to substance abuse issues, Di'Anno was dismissed from Iron Maiden after the Killer World Tour in 1981. His replacement was Bruce Dickinson, another former Samson member who joined that September and made his recorded debut with the band on 1982's groundbreaking The Number of the Beast. Boasting songs such as the title track and ""Hallowed Be Thy Name,"" it became known as one of the all-time great rock albums. Though it was the group's first chart-topping album in the U.K. and was a Top Ten seller in several other countries, Christian activists and conservative politicians in America claimed the band was Satanic (which Iron Maiden denied). Nevertheless, The Number of the Beast's success made Iron Maiden international superstars, and despite the replacement of Burr with former Trust drummer Nicko McBrain, they changed very little of their style on 1983's Piece of Mind. The band undertook two major tours before recording 1984's Powerslave, which would go on to be another cult hit and featured the 13-minute epic ""The Rime of the Ancient Mariner,"" which was inspired by Samuel Taylor Coleridge's poem. The product of Powerslave's 11-month tour was 1985's Live After Death, a double-live album featuring their biggest hit singles.
Now established as a powerful and unique metal band, Iron Maiden experimented on their long-awaited 1986 album Somewhere in Time, incorporating synthesized bass and guitar and futuristic themes. They continued to expand their sound and subject matter with 1988's Seventh Son of a Seventh Son. Another concept album featuring the singles ""The Evil That Men Do"" and ""The Clairvoyant,"" as well as the group's first use of keyboards, it was Maiden's most critically acclaimed record since The Number of the Beast. After that album's release, Smith and Dickinson worked on their own projects: Smith's album with his band ASAP arrived in 1989, while Dickinson's solo album, Tattooed Millionaire, appeared the following year.
When Iron Maiden reconvened to work on a new album, Smith left over creative differences; ex-Gillan guitarist Janick Gers, who played on Tattooed Millionaire, joined the fold for 1990's No Prayer for the Dying. A return to the band's stripped-down sound of the early '80s, it gave Iron Maiden their first number one U.K. single with ""Bring Your Daughter...To the Slaughter."" At the end of the band's 1991 tour, Dickinson expressed his desire to leave and work on his own music. However, he recorded another album, 1992's Fear of the Dark, and toured with the band, ultimately leaving in 1993. That year, two live albums were released: A Real Live One, which focused on their contemporaneous hit singles, and A Real Dead One, which featured Maiden's classic songs.
Iron Maiden took some time off after Dickinson's departure, returning with 1995's The X Factor, which featured new singer and ex-Wolfsbane member Blaze Bayley. While the record didn't perform as well commercially as some of its predecessors, it was still a success in England. Its follow-up, 1998's Virtual XI, was one of the band's lowest-selling albums; in addition, Bayley was having issues with his voice, and he left Iron Maiden early in 1999. Soon after, Dickinson and Smith returned to the group, who released the ambitious, Kevin Shirley-produced Brave New World the following year.
Iron Maiden remained reinvigorated throughout the 2000s, touring and recording almost as consistently as they did in the '80s. They reunited with Shirley for 2003's critically acclaimed Dance of Death, which was inspired by battles ranging from the conquering of a 13th century Cathar stronghold (""Montségur"") to a notable World War I campaign (""Paschendale""). The Rainmaker EP, as well as the live DVDs History of Iron Maiden, Pt. 1: The Early Days and Raising Hell, followed in 2004. Sanctuary put out the two-disc The Essential Iron Maiden in 2005 to coincide with their gig co-headlining an Ozzfest tour with Black Sabbath, which the band left due to a series of confrontations with Ozzy's wife/manager, Sharon. Another live set, Death on the Road, appeared in September 2005, shortly before Iron Maiden returned to the studio to work on their 14th album. The results were 2006's A Matter of Life and Death, the group's first album to enter the Top Ten of the Billboard 200. Three years later, Iron Maiden released the soundtrack for the film Flight 666, a documentary/concert film recorded in 16 different cities during Maiden's first leg of their 2008 Somewhere Back in Time World Tour, which saw the band traveling in a customized Boeing 747 (called Ed Force One) flown by Dickinson, who is also a licensed pilot.
Iron Maiden worked with Shirley once again on 2010's The Final Frontier, which reached the top of the charts in 28 countries and earned the band a Grammy Award for Best Hard Rock/Metal Performance for the single ""El Dorado."" It was followed in 2012 by En Vivo!, a live video/album filmed at Estadio Nacional, Santiago, Chile, in April 2011. In 2013, the band began work on their 16th studio album, with plans to release it in 2015. Though the album was completed, the discovery of cancerous tumors on Dickinson's tongue and neck in late 2014 slowed things down. He underwent rigorous chemotherapy. He was declared cancer-free in May 2015. Iron Maiden put the finishing touches on the record and issued the video pre-release single ""Speed of Light"" in August. The 92-minute double-length album Book of Souls followed in September. In 2016 and 2017, the band set out on the Book of Souls World Tour in support of the album, and later released the live collection Book of Souls: Live Chapter, which was recorded during the tour. 2016 also saw the release of an Iron Maiden-themed video game, Legacy of the Beast; the group later undertook a promotional tour of the same name, airing older and rarely played songs from their back catalog. The live album Nights of the Dead, Legacy of the Beast: Live in Mexico City was recorded on the tour and released in 2020, and in 2021 the band issued the ambitious double-album Senjutsu, their 17th studio effort. ~ Barry Weber & Heather Phares",Alexander the Great,Unknown,https://www.youtube.com/watch?v=TvWE30PJ1oE&list=RDTvWE30PJ1oE&start_radio=1&pp=ygUhSXJvbiBNYWlkZW4gLSBBbGV4YW5kZXIgdGhlIEdyZWF0oAcB,ERROR: Private/Dead/Protected
The Number of the Beast,https://lastfm.freetls.fastly.net/i/u/300x300/4848a0ce2f98376b71c932e409e9afb4.jpg,Iron Maiden,1982-03-29,"Known for such powerful hits as ""Run to the Hills, ""Two Minutes to Midnight,"" and ""The Trooper,"" and landmark albums like Number of the Beast, Piece of Mind, Powerslave, and Seventh Son of a Seventh Son, Iron Maiden are one of heavy metal's most prolific and influential bands. They're also one of metal's most enduring and distinctive acts, thanks to their dual-lead guitar melodies, ambitious songwriting, powerhouse vocalist Bruce Dickinson, and iconic mascot Eddie. One of the first groups to be classified as ""British metal,"" Iron Maiden helped set the table for the hard rock/heavy metal scene of the '80s and inspired generations of subsequent bands, including Metallica, Dream Theater, Slipknot, In Flames, and Avenged Sevenfold. Despitethe lack of radio airplay or mainstream media support, early allegations of Satanism, and a revolving lineup, they have remained consistently popular throughout their career, releasing late-period triumphs like The Final Frontier (2010), Book of Souls (2015), and Senjutsu (2021).
Iron Maiden were formed in 1975 in Leyton, East London, by bassist Steve Harris, formerly of the band Smiler. The group's lineup was volatile during their early years, but eventually settled on drummer Doug Sampson, guitarist Dave Murray, and vocalist Paul Di'Anno in 1978. Late that year, this incarnation of the band recorded a four-song demo and circulated it to club owners and others involved in the London scene, including the group's soon-to-be manager Ron Smallwood. The demo's popularity led Iron Maiden to self-release it as 1979's The Soundhouse Tapes EP, which soon sold out its 5,000-copy run. After scoring a deal with EMI, the band enlisted a second guitarist, Dennis Stratton. Late in 1979, Sampson departed due to health issues and former Samson drummer Clive Burr took his place behind the kit. The group's self-titled debut arrived in 1980; though it was recorded in a hurry, it was nonetheless a U.K. hit due to the single ""Running Free."" Its 1981 follow-up, Killers, had a harder approach thanks in part to producer Martin Birch -- with whom the group worked until his 1992 retirement -- and also saw the replacement of Stratton with Murray's childhood friend Adrian Smith.
Due to substance abuse issues, Di'Anno was dismissed from Iron Maiden after the Killer World Tour in 1981. His replacement was Bruce Dickinson, another former Samson member who joined that September and made his recorded debut with the band on 1982's groundbreaking The Number of the Beast. Boasting songs such as the title track and ""Hallowed Be Thy Name,"" it became known as one of the all-time great rock albums. Though it was the group's first chart-topping album in the U.K. and was a Top Ten seller in several other countries, Christian activists and conservative politicians in America claimed the band was Satanic (which Iron Maiden denied). Nevertheless, The Number of the Beast's success made Iron Maiden international superstars, and despite the replacement of Burr with former Trust drummer Nicko McBrain, they changed very little of their style on 1983's Piece of Mind. The band undertook two major tours before recording 1984's Powerslave, which would go on to be another cult hit and featured the 13-minute epic ""The Rime of the Ancient Mariner,"" which was inspired by Samuel Taylor Coleridge's poem. The product of Powerslave's 11-month tour was 1985's Live After Death, a double-live album featuring their biggest hit singles.
Now established as a powerful and unique metal band, Iron Maiden experimented on their long-awaited 1986 album Somewhere in Time, incorporating synthesized bass and guitar and futuristic themes. They continued to expand their sound and subject matter with 1988's Seventh Son of a Seventh Son. Another concept album featuring the singles ""The Evil That Men Do"" and ""The Clairvoyant,"" as well as the group's first use of keyboards, it was Maiden's most critically acclaimed record since The Number of the Beast. After that album's release, Smith and Dickinson worked on their own projects: Smith's album with his band ASAP arrived in 1989, while Dickinson's solo album, Tattooed Millionaire, appeared the following year.
When Iron Maiden reconvened to work on a new album, Smith left over creative differences; ex-Gillan guitarist Janick Gers, who played on Tattooed Millionaire, joined the fold for 1990's No Prayer for the Dying. A return to the band's stripped-down sound of the early '80s, it gave Iron Maiden their first number one U.K. single with ""Bring Your Daughter...To the Slaughter."" At the end of the band's 1991 tour, Dickinson expressed his desire to leave and work on his own music. However, he recorded another album, 1992's Fear of the Dark, and toured with the band, ultimately leaving in 1993. That year, two live albums were released: A Real Live One, which focused on their contemporaneous hit singles, and A Real Dead One, which featured Maiden's classic songs.
Iron Maiden took some time off after Dickinson's departure, returning with 1995's The X Factor, which featured new singer and ex-Wolfsbane member Blaze Bayley. While the record didn't perform as well commercially as some of its predecessors, it was still a success in England. Its follow-up, 1998's Virtual XI, was one of the band's lowest-selling albums; in addition, Bayley was having issues with his voice, and he left Iron Maiden early in 1999. Soon after, Dickinson and Smith returned to the group, who released the ambitious, Kevin Shirley-produced Brave New World the following year.
Iron Maiden remained reinvigorated throughout the 2000s, touring and recording almost as consistently as they did in the '80s. They reunited with Shirley for 2003's critically acclaimed Dance of Death, which was inspired by battles ranging from the conquering of a 13th century Cathar stronghold (""Montségur"") to a notable World War I campaign (""Paschendale""). The Rainmaker EP, as well as the live DVDs History of Iron Maiden, Pt. 1: The Early Days and Raising Hell, followed in 2004. Sanctuary put out the two-disc The Essential Iron Maiden in 2005 to coincide with their gig co-headlining an Ozzfest tour with Black Sabbath, which the band left due to a series of confrontations with Ozzy's wife/manager, Sharon. Another live set, Death on the Road, appeared in September 2005, shortly before Iron Maiden returned to the studio to work on their 14th album. The results were 2006's A Matter of Life and Death, the group's first album to enter the Top Ten of the Billboard 200. Three years later, Iron Maiden released the soundtrack for the film Flight 666, a documentary/concert film recorded in 16 different cities during Maiden's first leg of their 2008 Somewhere Back in Time World Tour, which saw the band traveling in a customized Boeing 747 (called Ed Force One) flown by Dickinson, who is also a licensed pilot.
Iron Maiden worked with Shirley once again on 2010's The Final Frontier, which reached the top of the charts in 28 countries and earned the band a Grammy Award for Best Hard Rock/Metal Performance for the single ""El Dorado."" It was followed in 2012 by En Vivo!, a live video/album filmed at Estadio Nacional, Santiago, Chile, in April 2011. In 2013, the band began work on their 16th studio album, with plans to release it in 2015. Though the album was completed, the discovery of cancerous tumors on Dickinson's tongue and neck in late 2014 slowed things down. He underwent rigorous chemotherapy. He was declared cancer-free in May 2015. Iron Maiden put the finishing touches on the record and issued the video pre-release single ""Speed of Light"" in August. The 92-minute double-length album Book of Souls followed in September. In 2016 and 2017, the band set out on the Book of Souls World Tour in support of the album, and later released the live collection Book of Souls: Live Chapter, which was recorded during the tour. 2016 also saw the release of an Iron Maiden-themed video game, Legacy of the Beast; the group later undertook a promotional tour of the same name, airing older and rarely played songs from their back catalog. The live album Nights of the Dead, Legacy of the Beast: Live in Mexico City was recorded on the tour and released in 2020, and in 2021 the band issued the ambitious double-album Senjutsu, their 17th studio effort. ~ Barry Weber & Heather Phares",The Number of the Beast,Unknown,https://www.youtube.com/watch?v=WxnN05vOuSM&list=RDWxnN05vOuSM&start_radio=1&pp=ygUjSXJvbiBNYWlkZW4gVGhlIE51bWJlciBvZiB0aGUgQmVhc3SgBwHSBwkJ0woBhyohjO8%3D,Mix - Iron Maiden - The Number Of The Beast (Official Video)
Another Way to Die,https://lastfm.freetls.fastly.net/i/u/300x300/e6b8b3335c8662c8609fefb2b1abe64e.jpg,Jack White,2008-09-29,"Jack White is one of the great rock conceptualists of the 21st century. He came to fame as the leader of the White Stripes, the Detroit-based garage-punk duo who were unexpectedly one of the biggest rock acts of the 2000s. The White Stripes established White as a roots rocker -- he made sure they covered blues chestnuts from Son House -- to such a degree that his modernist art instincts were somewhat overshadowed during the band's peak. These dueling, sometimes complementary instincts, fueled White's myriad artistic pursuits both within and without the confines of the White Stripes. He started stepping out on his bandmate Meg almost immediately after White Blood Cells gave the group a blockbuster in 2001, producing Loretta Lynn's Van Lear Rose and forming the Raconteurs with Brendan Benson, then the Dead Weather with Alison Mosshart of the Kills. His voracious musical appetite and strict work ethic flourished once the White Stripes called it a day in 2011, as he divided his time between his Third Man Records empire, the Raconteurs and Dead Weather, and a solo career that grew increasingly idiosyncratic with each new album. Blunderbuss and Lazaretto veered close to territory he covered with the White Stripes but the proggy oddity of Boarding House Reach didn't prove to be a detour, as the twin 2022 albums, Fear of the Dawn and Entering Heaven Alive, proved: the noisy rock of the former was complemented by the quiet, introspective adventure of the latter. 2024's Grammy-nominated No Name saw him reconnecting with no-nonsense, yet rocker-fuelled blues rock.
John Anthony Gillis was born in Detroit on July 9, 1975. The youngest of ten siblings, he began playing drums at an early age and took inspiration from the world-weary blues of Son House and Blind Willie McTell. A fascination with guitar followed in his teenage years. After launching his own upholstery business in Detroit, White began to infiltrate the city's music scene as the drummer for Goober & the Peas, a local cowpunk band that split in 1995. While continuing to play drums for other groups, he crossed paths with a bartender named Meg White, and the two were married in 1996. Jack took Meg's surname, and the pair formed the White Stripes after a Bastille Day jam session showed promising results.
With their color-coded image and raw, punky sound, the White Stripes became a key component of the garage rock revival of the late '90s. In addition to their music, the bandmembers stirred public interest by claiming to be siblings, a declaration that seemed slightly less incestuous when Jack and Meg White divorced in 2000. Despite the split, the White Stripes only grew in popularity as the decade progressed, eventually winning three consecutive Grammy Awards and issuing several platinum-certified albums.
Following the release of Elephant in 2003, Jack White took a break from the group to produce Loretta Lynn's Van Lear Rose. A critical smash, the album helped endear Lynn to a new generation of fans, thanks in part to White's credibility as a rock artist. He then returned to the White Stripes for the release of Get Behind Me Satan, which saw him expanding his instrumental range with piano and marimba. Shortly thereafter, he launched a concurrent group, the Raconteurs, with friend Brendan Benson and two members of the Greenhornes (who, incidentally, had served as backing musicians on Van Lear Rose). The Raconteurs made their debut with 2006's Broken Boy Soldiers and toured in support of the album, while White publicly stressed that his work in the band should not be seen as a side project or a diversion from the White Stripes. Thus, he began juggling his responsibilities to both groups, partnering with Meg White once again for the White Stripes' 2007 release Icky Thump before returning to the Raconteurs for 2008's Consolers of the Lonely.
While touring in support of the latter album, White suffered from bronchitis and often lost his voice, prompting singer Alison Mosshart (from the Raconteurs' touring partners the Kills) to climb on-stage and contribute her own vocals. The chemistry between Mosshart and the Raconteurs proved alluring, and the musicians opted to form a separate group named the Dead Weather. With Jack White now handling drums, the band retreated to the studio and recorded an energetic debut, Horehound, in a matter of weeks. Released in 2009, the album was well-received on both sides of the Atlantic, cracking the Top Ten in America and peaking at number 14 in the U.K. Encouraged by such success, the Dead Weather began working on a second album during the fall, with the intention of previewing several new songs during an Australian tour in early 2010. In the meantime, White secured enough free time to appear in a movie -- the guitar-themed It Might Get Loud -- and produce an album for his wife, songwriter Karen Elson.
The first solo outing from White, the bluesy, typically idiosyncratic Blunderbuss, named for a muzzle-loading firearm that was a precursor of the shotgun, arrived in April of 2012. It promptly debuted in the American charts at number one, the first White-associated album to do so. Blunderbuss also earned several Grammy nominations, including Album of the Year, Best Rock Album, and Best Rock Song for ""Freedom at 21."" White's second solo album, Lazaretto, followed in June 2014, preceded by the single ""High Ball Stepper."" It debuted at number one on the pop charts and earned positive reviews. The Dead Weather released their third album, Dodge and Burn, in September 2015, and a year later White issued Acoustic Recordings 1998-2016, a double-disc compilation of acoustic numbers from his various projects. In April 2017, he released a surprise instrumental single called ""Battle Cry."" A lifelong baseball fan, it was announced that the song would be used as the walk-up music for Detroit Tigers infielder Ian Kinsler, with whom White co-owns the baseball bat company Warstic. In March 2018, the strange, sprawling Boarding House Reach was released, peaking at number one on the Billboard 200. The following year, he was back with the Raconteurs for the group's third album, Help Us Stranger.
In November 2021, White returned with ""Taking Me Back,"" a single released in two versions: a noisy, gnarled rock incarnation and a softer acoustic variation. The rock spin on ""Taking Me Back"" heralded the April 2022 release of Fear of the Dawn, a nervy, noisy record that found White experimenting with digital effects. The jaunty acoustic revision anchored Entering Heaven Alive, a quieter but still restless record that followed in July while White was in the middle of a lenghty and eventful tour that saw him getting married onstage and playing Saturday Night Live for the fifth time.
After a period of little discernable activity, White surprised fans on July 19th of 2024 with the release of a bares-bones, blues-influenced album titled No Name. It was packaged like a white label promo with only the words ""No Name"" stamped on the sleeve and was given away to customers at Third Man records locations for free. It topped the U.K. Independent Albums chart, cracked the Billboard 200 and finished the year with a Grammy-nomination for Best Rock Album. ~ Andrew Leahey & Stephen Thomas Erlewine",Another Way to Die,Unknown,https://www.youtube.com/watch?v=hM5UJvnbbuY&pp=ygUdSmFjayBXaGl0ZSBBbm90aGVyIFdheSB0byBEaWU%3D,Alicia Keys & Jack White - Another Way To Die [Official Video]
No Name,https://lastfm.freetls.fastly.net/i/u/300x300/d49933939512462bff39255f1e33de08.png,Jack White,2024-07-19,"Jack White is one of the great rock conceptualists of the 21st century. He came to fame as the leader of the White Stripes, the Detroit-based garage-punk duo who were unexpectedly one of the biggest rock acts of the 2000s. The White Stripes established White as a roots rocker -- he made sure they covered blues chestnuts from Son House -- to such a degree that his modernist art instincts were somewhat overshadowed during the band's peak. These dueling, sometimes complementary instincts, fueled White's myriad artistic pursuits both within and without the confines of the White Stripes. He started stepping out on his bandmate Meg almost immediately after White Blood Cells gave the group a blockbuster in 2001, producing Loretta Lynn's Van Lear Rose and forming the Raconteurs with Brendan Benson, then the Dead Weather with Alison Mosshart of the Kills. His voracious musical appetite and strict work ethic flourished once the White Stripes called it a day in 2011, as he divided his time between his Third Man Records empire, the Raconteurs and Dead Weather, and a solo career that grew increasingly idiosyncratic with each new album. Blunderbuss and Lazaretto veered close to territory he covered with the White Stripes but the proggy oddity of Boarding House Reach didn't prove to be a detour, as the twin 2022 albums, Fear of the Dawn and Entering Heaven Alive, proved: the noisy rock of the former was complemented by the quiet, introspective adventure of the latter. 2024's Grammy-nominated No Name saw him reconnecting with no-nonsense, yet rocker-fuelled blues rock.
John Anthony Gillis was born in Detroit on July 9, 1975. The youngest of ten siblings, he began playing drums at an early age and took inspiration from the world-weary blues of Son House and Blind Willie McTell. A fascination with guitar followed in his teenage years. After launching his own upholstery business in Detroit, White began to infiltrate the city's music scene as the drummer for Goober & the Peas, a local cowpunk band that split in 1995. While continuing to play drums for other groups, he crossed paths with a bartender named Meg White, and the two were married in 1996. Jack took Meg's surname, and the pair formed the White Stripes after a Bastille Day jam session showed promising results.
With their color-coded image and raw, punky sound, the White Stripes became a key component of the garage rock revival of the late '90s. In addition to their music, the bandmembers stirred public interest by claiming to be siblings, a declaration that seemed slightly less incestuous when Jack and Meg White divorced in 2000. Despite the split, the White Stripes only grew in popularity as the decade progressed, eventually winning three consecutive Grammy Awards and issuing several platinum-certified albums.
Following the release of Elephant in 2003, Jack White took a break from the group to produce Loretta Lynn's Van Lear Rose. A critical smash, the album helped endear Lynn to a new generation of fans, thanks in part to White's credibility as a rock artist. He then returned to the White Stripes for the release of Get Behind Me Satan, which saw him expanding his instrumental range with piano and marimba. Shortly thereafter, he launched a concurrent group, the Raconteurs, with friend Brendan Benson and two members of the Greenhornes (who, incidentally, had served as backing musicians on Van Lear Rose). The Raconteurs made their debut with 2006's Broken Boy Soldiers and toured in support of the album, while White publicly stressed that his work in the band should not be seen as a side project or a diversion from the White Stripes. Thus, he began juggling his responsibilities to both groups, partnering with Meg White once again for the White Stripes' 2007 release Icky Thump before returning to the Raconteurs for 2008's Consolers of the Lonely.
While touring in support of the latter album, White suffered from bronchitis and often lost his voice, prompting singer Alison Mosshart (from the Raconteurs' touring partners the Kills) to climb on-stage and contribute her own vocals. The chemistry between Mosshart and the Raconteurs proved alluring, and the musicians opted to form a separate group named the Dead Weather. With Jack White now handling drums, the band retreated to the studio and recorded an energetic debut, Horehound, in a matter of weeks. Released in 2009, the album was well-received on both sides of the Atlantic, cracking the Top Ten in America and peaking at number 14 in the U.K. Encouraged by such success, the Dead Weather began working on a second album during the fall, with the intention of previewing several new songs during an Australian tour in early 2010. In the meantime, White secured enough free time to appear in a movie -- the guitar-themed It Might Get Loud -- and produce an album for his wife, songwriter Karen Elson.
The first solo outing from White, the bluesy, typically idiosyncratic Blunderbuss, named for a muzzle-loading firearm that was a precursor of the shotgun, arrived in April of 2012. It promptly debuted in the American charts at number one, the first White-associated album to do so. Blunderbuss also earned several Grammy nominations, including Album of the Year, Best Rock Album, and Best Rock Song for ""Freedom at 21."" White's second solo album, Lazaretto, followed in June 2014, preceded by the single ""High Ball Stepper."" It debuted at number one on the pop charts and earned positive reviews. The Dead Weather released their third album, Dodge and Burn, in September 2015, and a year later White issued Acoustic Recordings 1998-2016, a double-disc compilation of acoustic numbers from his various projects. In April 2017, he released a surprise instrumental single called ""Battle Cry."" A lifelong baseball fan, it was announced that the song would be used as the walk-up music for Detroit Tigers infielder Ian Kinsler, with whom White co-owns the baseball bat company Warstic. In March 2018, the strange, sprawling Boarding House Reach was released, peaking at number one on the Billboard 200. The following year, he was back with the Raconteurs for the group's third album, Help Us Stranger.
In November 2021, White returned with ""Taking Me Back,"" a single released in two versions: a noisy, gnarled rock incarnation and a softer acoustic variation. The rock spin on ""Taking Me Back"" heralded the April 2022 release of Fear of the Dawn, a nervy, noisy record that found White experimenting with digital effects. The jaunty acoustic revision anchored Entering Heaven Alive, a quieter but still restless record that followed in July while White was in the middle of a lenghty and eventful tour that saw him getting married onstage and playing Saturday Night Live for the fifth time.
After a period of little discernable activity, White surprised fans on July 19th of 2024 with the release of a bares-bones, blues-influenced album titled No Name. It was packaged like a white label promo with only the words ""No Name"" stamped on the sleeve and was given away to customers at Third Man records locations for free. It topped the U.K. Independent Albums chart, cracked the Billboard 200 and finished the year with a Grammy-nomination for Best Rock Album. ~ Andrew Leahey & Stephen Thomas Erlewine",Old Scratch Blues,Unknown,https://www.youtube.com/watch?v=xviKHjc89DQ&pp=ygUcSmFjayBXaGl0ZSBPbGQgU2NyYXRjaCBCbHVlcw%3D%3D,Jack White - Old Scratch Blues (Official Audio)
No Name,https://lastfm.freetls.fastly.net/i/u/300x300/d49933939512462bff39255f1e33de08.png,Jack White,2024-07-19,"Jack White is one of the great rock conceptualists of the 21st century. He came to fame as the leader of the White Stripes, the Detroit-based garage-punk duo who were unexpectedly one of the biggest rock acts of the 2000s. The White Stripes established White as a roots rocker -- he made sure they covered blues chestnuts from Son House -- to such a degree that his modernist art instincts were somewhat overshadowed during the band's peak. These dueling, sometimes complementary instincts, fueled White's myriad artistic pursuits both within and without the confines of the White Stripes. He started stepping out on his bandmate Meg almost immediately after White Blood Cells gave the group a blockbuster in 2001, producing Loretta Lynn's Van Lear Rose and forming the Raconteurs with Brendan Benson, then the Dead Weather with Alison Mosshart of the Kills. His voracious musical appetite and strict work ethic flourished once the White Stripes called it a day in 2011, as he divided his time between his Third Man Records empire, the Raconteurs and Dead Weather, and a solo career that grew increasingly idiosyncratic with each new album. Blunderbuss and Lazaretto veered close to territory he covered with the White Stripes but the proggy oddity of Boarding House Reach didn't prove to be a detour, as the twin 2022 albums, Fear of the Dawn and Entering Heaven Alive, proved: the noisy rock of the former was complemented by the quiet, introspective adventure of the latter. 2024's Grammy-nominated No Name saw him reconnecting with no-nonsense, yet rocker-fuelled blues rock.
John Anthony Gillis was born in Detroit on July 9, 1975. The youngest of ten siblings, he began playing drums at an early age and took inspiration from the world-weary blues of Son House and Blind Willie McTell. A fascination with guitar followed in his teenage years. After launching his own upholstery business in Detroit, White began to infiltrate the city's music scene as the drummer for Goober & the Peas, a local cowpunk band that split in 1995. While continuing to play drums for other groups, he crossed paths with a bartender named Meg White, and the two were married in 1996. Jack took Meg's surname, and the pair formed the White Stripes after a Bastille Day jam session showed promising results.
With their color-coded image and raw, punky sound, the White Stripes became a key component of the garage rock revival of the late '90s. In addition to their music, the bandmembers stirred public interest by claiming to be siblings, a declaration that seemed slightly less incestuous when Jack and Meg White divorced in 2000. Despite the split, the White Stripes only grew in popularity as the decade progressed, eventually winning three consecutive Grammy Awards and issuing several platinum-certified albums.
Following the release of Elephant in 2003, Jack White took a break from the group to produce Loretta Lynn's Van Lear Rose. A critical smash, the album helped endear Lynn to a new generation of fans, thanks in part to White's credibility as a rock artist. He then returned to the White Stripes for the release of Get Behind Me Satan, which saw him expanding his instrumental range with piano and marimba. Shortly thereafter, he launched a concurrent group, the Raconteurs, with friend Brendan Benson and two members of the Greenhornes (who, incidentally, had served as backing musicians on Van Lear Rose). The Raconteurs made their debut with 2006's Broken Boy Soldiers and toured in support of the album, while White publicly stressed that his work in the band should not be seen as a side project or a diversion from the White Stripes. Thus, he began juggling his responsibilities to both groups, partnering with Meg White once again for the White Stripes' 2007 release Icky Thump before returning to the Raconteurs for 2008's Consolers of the Lonely.
While touring in support of the latter album, White suffered from bronchitis and often lost his voice, prompting singer Alison Mosshart (from the Raconteurs' touring partners the Kills) to climb on-stage and contribute her own vocals. The chemistry between Mosshart and the Raconteurs proved alluring, and the musicians opted to form a separate group named the Dead Weather. With Jack White now handling drums, the band retreated to the studio and recorded an energetic debut, Horehound, in a matter of weeks. Released in 2009, the album was well-received on both sides of the Atlantic, cracking the Top Ten in America and peaking at number 14 in the U.K. Encouraged by such success, the Dead Weather began working on a second album during the fall, with the intention of previewing several new songs during an Australian tour in early 2010. In the meantime, White secured enough free time to appear in a movie -- the guitar-themed It Might Get Loud -- and produce an album for his wife, songwriter Karen Elson.
The first solo outing from White, the bluesy, typically idiosyncratic Blunderbuss, named for a muzzle-loading firearm that was a precursor of the shotgun, arrived in April of 2012. It promptly debuted in the American charts at number one, the first White-associated album to do so. Blunderbuss also earned several Grammy nominations, including Album of the Year, Best Rock Album, and Best Rock Song for ""Freedom at 21."" White's second solo album, Lazaretto, followed in June 2014, preceded by the single ""High Ball Stepper."" It debuted at number one on the pop charts and earned positive reviews. The Dead Weather released their third album, Dodge and Burn, in September 2015, and a year later White issued Acoustic Recordings 1998-2016, a double-disc compilation of acoustic numbers from his various projects. In April 2017, he released a surprise instrumental single called ""Battle Cry."" A lifelong baseball fan, it was announced that the song would be used as the walk-up music for Detroit Tigers infielder Ian Kinsler, with whom White co-owns the baseball bat company Warstic. In March 2018, the strange, sprawling Boarding House Reach was released, peaking at number one on the Billboard 200. The following year, he was back with the Raconteurs for the group's third album, Help Us Stranger.
In November 2021, White returned with ""Taking Me Back,"" a single released in two versions: a noisy, gnarled rock incarnation and a softer acoustic variation. The rock spin on ""Taking Me Back"" heralded the April 2022 release of Fear of the Dawn, a nervy, noisy record that found White experimenting with digital effects. The jaunty acoustic revision anchored Entering Heaven Alive, a quieter but still restless record that followed in July while White was in the middle of a lenghty and eventful tour that saw him getting married onstage and playing Saturday Night Live for the fifth time.
After a period of little discernable activity, White surprised fans on July 19th of 2024 with the release of a bares-bones, blues-influenced album titled No Name. It was packaged like a white label promo with only the words ""No Name"" stamped on the sleeve and was given away to customers at Third Man records locations for free. It topped the U.K. Independent Albums chart, cracked the Billboard 200 and finished the year with a Grammy-nomination for Best Rock Album. ~ Andrew Leahey & Stephen Thomas Erlewine",Bless Yourself,Unknown,https://www.youtube.com/watch?v=Ony7VSJ4_WU&pp=ygUZSmFjayBXaGl0ZSBCbGVzcyBZb3Vyc2VsZg%3D%3D,Jack White - Bless Yourself (Official Audio)
No Name,https://lastfm.freetls.fastly.net/i/u/300x300/d49933939512462bff39255f1e33de08.png,Jack White,2024-07-19,"Jack White is one of the great rock conceptualists of the 21st century. He came to fame as the leader of the White Stripes, the Detroit-based garage-punk duo who were unexpectedly one of the biggest rock acts of the 2000s. The White Stripes established White as a roots rocker -- he made sure they covered blues chestnuts from Son House -- to such a degree that his modernist art instincts were somewhat overshadowed during the band's peak. These dueling, sometimes complementary instincts, fueled White's myriad artistic pursuits both within and without the confines of the White Stripes. He started stepping out on his bandmate Meg almost immediately after White Blood Cells gave the group a blockbuster in 2001, producing Loretta Lynn's Van Lear Rose and forming the Raconteurs with Brendan Benson, then the Dead Weather with Alison Mosshart of the Kills. His voracious musical appetite and strict work ethic flourished once the White Stripes called it a day in 2011, as he divided his time between his Third Man Records empire, the Raconteurs and Dead Weather, and a solo career that grew increasingly idiosyncratic with each new album. Blunderbuss and Lazaretto veered close to territory he covered with the White Stripes but the proggy oddity of Boarding House Reach didn't prove to be a detour, as the twin 2022 albums, Fear of the Dawn and Entering Heaven Alive, proved: the noisy rock of the former was complemented by the quiet, introspective adventure of the latter. 2024's Grammy-nominated No Name saw him reconnecting with no-nonsense, yet rocker-fuelled blues rock.
John Anthony Gillis was born in Detroit on July 9, 1975. The youngest of ten siblings, he began playing drums at an early age and took inspiration from the world-weary blues of Son House and Blind Willie McTell. A fascination with guitar followed in his teenage years. After launching his own upholstery business in Detroit, White began to infiltrate the city's music scene as the drummer for Goober & the Peas, a local cowpunk band that split in 1995. While continuing to play drums for other groups, he crossed paths with a bartender named Meg White, and the two were married in 1996. Jack took Meg's surname, and the pair formed the White Stripes after a Bastille Day jam session showed promising results.
With their color-coded image and raw, punky sound, the White Stripes became a key component of the garage rock revival of the late '90s. In addition to their music, the bandmembers stirred public interest by claiming to be siblings, a declaration that seemed slightly less incestuous when Jack and Meg White divorced in 2000. Despite the split, the White Stripes only grew in popularity as the decade progressed, eventually winning three consecutive Grammy Awards and issuing several platinum-certified albums.
Following the release of Elephant in 2003, Jack White took a break from the group to produce Loretta Lynn's Van Lear Rose. A critical smash, the album helped endear Lynn to a new generation of fans, thanks in part to White's credibility as a rock artist. He then returned to the White Stripes for the release of Get Behind Me Satan, which saw him expanding his instrumental range with piano and marimba. Shortly thereafter, he launched a concurrent group, the Raconteurs, with friend Brendan Benson and two members of the Greenhornes (who, incidentally, had served as backing musicians on Van Lear Rose). The Raconteurs made their debut with 2006's Broken Boy Soldiers and toured in support of the album, while White publicly stressed that his work in the band should not be seen as a side project or a diversion from the White Stripes. Thus, he began juggling his responsibilities to both groups, partnering with Meg White once again for the White Stripes' 2007 release Icky Thump before returning to the Raconteurs for 2008's Consolers of the Lonely.
While touring in support of the latter album, White suffered from bronchitis and often lost his voice, prompting singer Alison Mosshart (from the Raconteurs' touring partners the Kills) to climb on-stage and contribute her own vocals. The chemistry between Mosshart and the Raconteurs proved alluring, and the musicians opted to form a separate group named the Dead Weather. With Jack White now handling drums, the band retreated to the studio and recorded an energetic debut, Horehound, in a matter of weeks. Released in 2009, the album was well-received on both sides of the Atlantic, cracking the Top Ten in America and peaking at number 14 in the U.K. Encouraged by such success, the Dead Weather began working on a second album during the fall, with the intention of previewing several new songs during an Australian tour in early 2010. In the meantime, White secured enough free time to appear in a movie -- the guitar-themed It Might Get Loud -- and produce an album for his wife, songwriter Karen Elson.
The first solo outing from White, the bluesy, typically idiosyncratic Blunderbuss, named for a muzzle-loading firearm that was a precursor of the shotgun, arrived in April of 2012. It promptly debuted in the American charts at number one, the first White-associated album to do so. Blunderbuss also earned several Grammy nominations, including Album of the Year, Best Rock Album, and Best Rock Song for ""Freedom at 21."" White's second solo album, Lazaretto, followed in June 2014, preceded by the single ""High Ball Stepper."" It debuted at number one on the pop charts and earned positive reviews. The Dead Weather released their third album, Dodge and Burn, in September 2015, and a year later White issued Acoustic Recordings 1998-2016, a double-disc compilation of acoustic numbers from his various projects. In April 2017, he released a surprise instrumental single called ""Battle Cry."" A lifelong baseball fan, it was announced that the song would be used as the walk-up music for Detroit Tigers infielder Ian Kinsler, with whom White co-owns the baseball bat company Warstic. In March 2018, the strange, sprawling Boarding House Reach was released, peaking at number one on the Billboard 200. The following year, he was back with the Raconteurs for the group's third album, Help Us Stranger.
In November 2021, White returned with ""Taking Me Back,"" a single released in two versions: a noisy, gnarled rock incarnation and a softer acoustic variation. The rock spin on ""Taking Me Back"" heralded the April 2022 release of Fear of the Dawn, a nervy, noisy record that found White experimenting with digital effects. The jaunty acoustic revision anchored Entering Heaven Alive, a quieter but still restless record that followed in July while White was in the middle of a lenghty and eventful tour that saw him getting married onstage and playing Saturday Night Live for the fifth time.
After a period of little discernable activity, White surprised fans on July 19th of 2024 with the release of a bares-bones, blues-influenced album titled No Name. It was packaged like a white label promo with only the words ""No Name"" stamped on the sleeve and was given away to customers at Third Man records locations for free. It topped the U.K. Independent Albums chart, cracked the Billboard 200 and finished the year with a Grammy-nomination for Best Rock Album. ~ Andrew Leahey & Stephen Thomas Erlewine",It’s Rough on Rats (If You’re Asking),Unknown,https://www.youtube.com/watch?v=xT4u1j8qDYk&pp=ygUsSmFjayBXaGl0ZSBJdHMgUm91Z2ggb24gUmF0cyBJZiBZb3VyZSBBc2tpbmc%3D,Jack White - It's Rough On Rats (If You're Asking) (Official Audio)
No Name,https://lastfm.freetls.fastly.net/i/u/300x300/d49933939512462bff39255f1e33de08.png,Jack White,2024-07-19,"Jack White is one of the great rock conceptualists of the 21st century. He came to fame as the leader of the White Stripes, the Detroit-based garage-punk duo who were unexpectedly one of the biggest rock acts of the 2000s. The White Stripes established White as a roots rocker -- he made sure they covered blues chestnuts from Son House -- to such a degree that his modernist art instincts were somewhat overshadowed during the band's peak. These dueling, sometimes complementary instincts, fueled White's myriad artistic pursuits both within and without the confines of the White Stripes. He started stepping out on his bandmate Meg almost immediately after White Blood Cells gave the group a blockbuster in 2001, producing Loretta Lynn's Van Lear Rose and forming the Raconteurs with Brendan Benson, then the Dead Weather with Alison Mosshart of the Kills. His voracious musical appetite and strict work ethic flourished once the White Stripes called it a day in 2011, as he divided his time between his Third Man Records empire, the Raconteurs and Dead Weather, and a solo career that grew increasingly idiosyncratic with each new album. Blunderbuss and Lazaretto veered close to territory he covered with the White Stripes but the proggy oddity of Boarding House Reach didn't prove to be a detour, as the twin 2022 albums, Fear of the Dawn and Entering Heaven Alive, proved: the noisy rock of the former was complemented by the quiet, introspective adventure of the latter. 2024's Grammy-nominated No Name saw him reconnecting with no-nonsense, yet rocker-fuelled blues rock.
John Anthony Gillis was born in Detroit on July 9, 1975. The youngest of ten siblings, he began playing drums at an early age and took inspiration from the world-weary blues of Son House and Blind Willie McTell. A fascination with guitar followed in his teenage years. After launching his own upholstery business in Detroit, White began to infiltrate the city's music scene as the drummer for Goober & the Peas, a local cowpunk band that split in 1995. While continuing to play drums for other groups, he crossed paths with a bartender named Meg White, and the two were married in 1996. Jack took Meg's surname, and the pair formed the White Stripes after a Bastille Day jam session showed promising results.
With their color-coded image and raw, punky sound, the White Stripes became a key component of the garage rock revival of the late '90s. In addition to their music, the bandmembers stirred public interest by claiming to be siblings, a declaration that seemed slightly less incestuous when Jack and Meg White divorced in 2000. Despite the split, the White Stripes only grew in popularity as the decade progressed, eventually winning three consecutive Grammy Awards and issuing several platinum-certified albums.
Following the release of Elephant in 2003, Jack White took a break from the group to produce Loretta Lynn's Van Lear Rose. A critical smash, the album helped endear Lynn to a new generation of fans, thanks in part to White's credibility as a rock artist. He then returned to the White Stripes for the release of Get Behind Me Satan, which saw him expanding his instrumental range with piano and marimba. Shortly thereafter, he launched a concurrent group, the Raconteurs, with friend Brendan Benson and two members of the Greenhornes (who, incidentally, had served as backing musicians on Van Lear Rose). The Raconteurs made their debut with 2006's Broken Boy Soldiers and toured in support of the album, while White publicly stressed that his work in the band should not be seen as a side project or a diversion from the White Stripes. Thus, he began juggling his responsibilities to both groups, partnering with Meg White once again for the White Stripes' 2007 release Icky Thump before returning to the Raconteurs for 2008's Consolers of the Lonely.
While touring in support of the latter album, White suffered from bronchitis and often lost his voice, prompting singer Alison Mosshart (from the Raconteurs' touring partners the Kills) to climb on-stage and contribute her own vocals. The chemistry between Mosshart and the Raconteurs proved alluring, and the musicians opted to form a separate group named the Dead Weather. With Jack White now handling drums, the band retreated to the studio and recorded an energetic debut, Horehound, in a matter of weeks. Released in 2009, the album was well-received on both sides of the Atlantic, cracking the Top Ten in America and peaking at number 14 in the U.K. Encouraged by such success, the Dead Weather began working on a second album during the fall, with the intention of previewing several new songs during an Australian tour in early 2010. In the meantime, White secured enough free time to appear in a movie -- the guitar-themed It Might Get Loud -- and produce an album for his wife, songwriter Karen Elson.
The first solo outing from White, the bluesy, typically idiosyncratic Blunderbuss, named for a muzzle-loading firearm that was a precursor of the shotgun, arrived in April of 2012. It promptly debuted in the American charts at number one, the first White-associated album to do so. Blunderbuss also earned several Grammy nominations, including Album of the Year, Best Rock Album, and Best Rock Song for ""Freedom at 21."" White's second solo album, Lazaretto, followed in June 2014, preceded by the single ""High Ball Stepper."" It debuted at number one on the pop charts and earned positive reviews. The Dead Weather released their third album, Dodge and Burn, in September 2015, and a year later White issued Acoustic Recordings 1998-2016, a double-disc compilation of acoustic numbers from his various projects. In April 2017, he released a surprise instrumental single called ""Battle Cry."" A lifelong baseball fan, it was announced that the song would be used as the walk-up music for Detroit Tigers infielder Ian Kinsler, with whom White co-owns the baseball bat company Warstic. In March 2018, the strange, sprawling Boarding House Reach was released, peaking at number one on the Billboard 200. The following year, he was back with the Raconteurs for the group's third album, Help Us Stranger.
In November 2021, White returned with ""Taking Me Back,"" a single released in two versions: a noisy, gnarled rock incarnation and a softer acoustic variation. The rock spin on ""Taking Me Back"" heralded the April 2022 release of Fear of the Dawn, a nervy, noisy record that found White experimenting with digital effects. The jaunty acoustic revision anchored Entering Heaven Alive, a quieter but still restless record that followed in July while White was in the middle of a lenghty and eventful tour that saw him getting married onstage and playing Saturday Night Live for the fifth time.
After a period of little discernable activity, White surprised fans on July 19th of 2024 with the release of a bares-bones, blues-influenced album titled No Name. It was packaged like a white label promo with only the words ""No Name"" stamped on the sleeve and was given away to customers at Third Man records locations for free. It topped the U.K. Independent Albums chart, cracked the Billboard 200 and finished the year with a Grammy-nomination for Best Rock Album. ~ Andrew Leahey & Stephen Thomas Erlewine",Archbishop Harold Holmes,Unknown,https://www.youtube.com/watch?v=0FAr1HHb6TU&pp=ygUjSmFjayBXaGl0ZSBBcmNoYmlzaG9wIEhhcm9sZCBIb2xtZXM%3D,Jack White - Archbishop Harold Holmes (Official Audio)
Blunderbuss,https://lastfm.freetls.fastly.net/i/u/300x300/9dbff5e7be08d5d1e364c0e501be866b.jpg,Jack White,2012-04-23,"Jack White is one of the great rock conceptualists of the 21st century. He came to fame as the leader of the White Stripes, the Detroit-based garage-punk duo who were unexpectedly one of the biggest rock acts of the 2000s. The White Stripes established White as a roots rocker -- he made sure they covered blues chestnuts from Son House -- to such a degree that his modernist art instincts were somewhat overshadowed during the band's peak. These dueling, sometimes complementary instincts, fueled White's myriad artistic pursuits both within and without the confines of the White Stripes. He started stepping out on his bandmate Meg almost immediately after White Blood Cells gave the group a blockbuster in 2001, producing Loretta Lynn's Van Lear Rose and forming the Raconteurs with Brendan Benson, then the Dead Weather with Alison Mosshart of the Kills. His voracious musical appetite and strict work ethic flourished once the White Stripes called it a day in 2011, as he divided his time between his Third Man Records empire, the Raconteurs and Dead Weather, and a solo career that grew increasingly idiosyncratic with each new album. Blunderbuss and Lazaretto veered close to territory he covered with the White Stripes but the proggy oddity of Boarding House Reach didn't prove to be a detour, as the twin 2022 albums, Fear of the Dawn and Entering Heaven Alive, proved: the noisy rock of the former was complemented by the quiet, introspective adventure of the latter. 2024's Grammy-nominated No Name saw him reconnecting with no-nonsense, yet rocker-fueled blues rock.
John Anthony Gillis was born in Detroit on July 9, 1975. The youngest of ten siblings, he began playing drums at an early age and took inspiration from the world-weary blues of Son House and Blind Willie McTell. A fascination with guitar followed in his teenage years. After launching his own upholstery business in Detroit, White began to infiltrate the city's music scene as the drummer for Goober & the Peas, a local cowpunk band that split in 1995. While continuing to play drums for other groups, he crossed paths with a bartender named Meg White, and the two were married in 1996. Jack took Meg's surname, and the pair formed the White Stripes after a Bastille Day jam session showed promising results.
With their color-coded image and raw, punky sound, the White Stripes became a key component of the garage rock revival of the late '90s. In addition to their music, the bandmembers stirred public interest by claiming to be siblings, a declaration that seemed slightly less incestuous when Jack and Meg White divorced in 2000. Despite the split, the White Stripes only grew in popularity as the decade progressed, eventually winning three consecutive Grammy Awards and issuing several platinum-certified albums.
Following the release of Elephant in 2003, Jack White took a break from the group to produce Loretta Lynn's Van Lear Rose. A critical smash, the album helped endear Lynn to a new generation of fans, thanks in part to White's credibility as a rock artist. He then returned to the White Stripes for the release of Get Behind Me Satan, which saw him expanding his instrumental range with piano and marimba. Shortly thereafter, he launched a concurrent group, the Raconteurs, with friend Brendan Benson and two members of the Greenhornes (who, incidentally, had served as backing musicians on Van Lear Rose). The Raconteurs made their debut with 2006's Broken Boy Soldiers and toured in support of the album, while White publicly stressed that his work in the band should not be seen as a side project or a diversion from the White Stripes. Thus, he began juggling his responsibilities to both groups, partnering with Meg White once again for the White Stripes' 2007 release Icky Thump before returning to the Raconteurs for 2008's Consolers of the Lonely.
While touring in support of the latter album, White suffered from bronchitis and often lost his voice, prompting singer Alison Mosshart (from the Raconteurs' touring partners the Kills) to climb on-stage and contribute her own vocals. The chemistry between Mosshart and the Raconteurs proved alluring, and the musicians opted to form a separate group named the Dead Weather. With Jack White now handling drums, the band retreated to the studio and recorded an energetic debut, Horehound, in a matter of weeks. Released in 2009, the album was well-received on both sides of the Atlantic, cracking the Top Ten in America and peaking at number 14 in the U.K. Encouraged by such success, the Dead Weather began working on a second album during the fall, with the intention of previewing several new songs during an Australian tour in early 2010. In the meantime, White secured enough free time to appear in a movie -- the guitar-themed It Might Get Loud -- and produce an album for his wife, songwriter Karen Elson.
The first solo outing from White, the bluesy, typically idiosyncratic Blunderbuss, named for a muzzle-loading firearm that was a precursor of the shotgun, arrived in April of 2012. It promptly debuted in the American charts at number one, the first White-associated album to do so. Blunderbuss also earned several Grammy nominations, including Album of the Year, Best Rock Album, and Best Rock Song for ""Freedom at 21."" White's second solo album, Lazaretto, followed in June 2014, preceded by the single ""High Ball Stepper."" It debuted at number one on the pop charts and earned positive reviews. The Dead Weather released their third album, Dodge and Burn, in September 2015, and a year later White issued Acoustic Recordings 1998-2016, a double-disc compilation of acoustic numbers from his various projects. In April 2017, he released a surprise instrumental single called ""Battle Cry."" A lifelong baseball fan, it was announced that the song would be used as the walk-up music for Detroit Tigers infielder Ian Kinsler, with whom White co-owns the baseball bat company Warstic. In March 2018, the strange, sprawling Boarding House Reach was released, peaking at number one on the Billboard 200. The following year, he was back with the Raconteurs for the group's third album, Help Us Stranger.
In November 2021, White returned with ""Taking Me Back,"" a single released in two versions: a noisy, gnarled rock incarnation and a softer acoustic variation. The rock spin on ""Taking Me Back"" heralded the April 2022 release of Fear of the Dawn, a nervy, noisy record that found White experimenting with digital effects. The jaunty acoustic revision anchored Entering Heaven Alive, a quieter but still restless record that followed in July while White was in the middle of a lengthy and eventful tour that saw him getting married onstage and playing Saturday Night Live for the fifth time.
After a period of little discernable activity, White surprised fans on in July 2024 with the release of a bares-bones, blues-influenced album titled No Name. It was packaged like a white-label promo with only the words ""No Name"" stamped on the sleeve and was given away to customers at Third Man records locations for free. It topped the U.K. Independent Albums chart, cracked the Billboard 200, and finished the year with a Grammy nomination for Best Rock Album. ~ Andrew Leahey & Stephen Thomas Erlewine",Missing Pieces,Unknown,https://www.youtube.com/watch?v=vbxRwlz8uc0&list=RDvbxRwlz8uc0&start_radio=1&pp=ygUZSmFjayBXaGl0ZSBNaXNzaW5nIFBpZWNlc6AHAQ%3D%3D,ERROR: Private/Dead/Protected
Blunderbuss,https://lastfm.freetls.fastly.net/i/u/300x300/9dbff5e7be08d5d1e364c0e501be866b.jpg,Jack White,2012-04-23,"Jack White is one of the great rock conceptualists of the 21st century. He came to fame as the leader of the White Stripes, the Detroit-based garage-punk duo who were unexpectedly one of the biggest rock acts of the 2000s. The White Stripes established White as a roots rocker -- he made sure they covered blues chestnuts from Son House -- to such a degree that his modernist art instincts were somewhat overshadowed during the band's peak. These dueling, sometimes complementary instincts, fueled White's myriad artistic pursuits both within and without the confines of the White Stripes. He started stepping out on his bandmate Meg almost immediately after White Blood Cells gave the group a blockbuster in 2001, producing Loretta Lynn's Van Lear Rose and forming the Raconteurs with Brendan Benson, then the Dead Weather with Alison Mosshart of the Kills. His voracious musical appetite and strict work ethic flourished once the White Stripes called it a day in 2011, as he divided his time between his Third Man Records empire, the Raconteurs and Dead Weather, and a solo career that grew increasingly idiosyncratic with each new album. Blunderbuss and Lazaretto veered close to territory he covered with the White Stripes but the proggy oddity of Boarding House Reach didn't prove to be a detour, as the twin 2022 albums, Fear of the Dawn and Entering Heaven Alive, proved: the noisy rock of the former was complemented by the quiet, introspective adventure of the latter. 2024's Grammy-nominated No Name saw him reconnecting with no-nonsense, yet rocker-fueled blues rock.
John Anthony Gillis was born in Detroit on July 9, 1975. The youngest of ten siblings, he began playing drums at an early age and took inspiration from the world-weary blues of Son House and Blind Willie McTell. A fascination with guitar followed in his teenage years. After launching his own upholstery business in Detroit, White began to infiltrate the city's music scene as the drummer for Goober & the Peas, a local cowpunk band that split in 1995. While continuing to play drums for other groups, he crossed paths with a bartender named Meg White, and the two were married in 1996. Jack took Meg's surname, and the pair formed the White Stripes after a Bastille Day jam session showed promising results.
With their color-coded image and raw, punky sound, the White Stripes became a key component of the garage rock revival of the late '90s. In addition to their music, the bandmembers stirred public interest by claiming to be siblings, a declaration that seemed slightly less incestuous when Jack and Meg White divorced in 2000. Despite the split, the White Stripes only grew in popularity as the decade progressed, eventually winning three consecutive Grammy Awards and issuing several platinum-certified albums.
Following the release of Elephant in 2003, Jack White took a break from the group to produce Loretta Lynn's Van Lear Rose. A critical smash, the album helped endear Lynn to a new generation of fans, thanks in part to White's credibility as a rock artist. He then returned to the White Stripes for the release of Get Behind Me Satan, which saw him expanding his instrumental range with piano and marimba. Shortly thereafter, he launched a concurrent group, the Raconteurs, with friend Brendan Benson and two members of the Greenhornes (who, incidentally, had served as backing musicians on Van Lear Rose). The Raconteurs made their debut with 2006's Broken Boy Soldiers and toured in support of the album, while White publicly stressed that his work in the band should not be seen as a side project or a diversion from the White Stripes. Thus, he began juggling his responsibilities to both groups, partnering with Meg White once again for the White Stripes' 2007 release Icky Thump before returning to the Raconteurs for 2008's Consolers of the Lonely.
While touring in support of the latter album, White suffered from bronchitis and often lost his voice, prompting singer Alison Mosshart (from the Raconteurs' touring partners the Kills) to climb on-stage and contribute her own vocals. The chemistry between Mosshart and the Raconteurs proved alluring, and the musicians opted to form a separate group named the Dead Weather. With Jack White now handling drums, the band retreated to the studio and recorded an energetic debut, Horehound, in a matter of weeks. Released in 2009, the album was well-received on both sides of the Atlantic, cracking the Top Ten in America and peaking at number 14 in the U.K. Encouraged by such success, the Dead Weather began working on a second album during the fall, with the intention of previewing several new songs during an Australian tour in early 2010. In the meantime, White secured enough free time to appear in a movie -- the guitar-themed It Might Get Loud -- and produce an album for his wife, songwriter Karen Elson.
The first solo outing from White, the bluesy, typically idiosyncratic Blunderbuss, named for a muzzle-loading firearm that was a precursor of the shotgun, arrived in April of 2012. It promptly debuted in the American charts at number one, the first White-associated album to do so. Blunderbuss also earned several Grammy nominations, including Album of the Year, Best Rock Album, and Best Rock Song for ""Freedom at 21."" White's second solo album, Lazaretto, followed in June 2014, preceded by the single ""High Ball Stepper."" It debuted at number one on the pop charts and earned positive reviews. The Dead Weather released their third album, Dodge and Burn, in September 2015, and a year later White issued Acoustic Recordings 1998-2016, a double-disc compilation of acoustic numbers from his various projects. In April 2017, he released a surprise instrumental single called ""Battle Cry."" A lifelong baseball fan, it was announced that the song would be used as the walk-up music for Detroit Tigers infielder Ian Kinsler, with whom White co-owns the baseball bat company Warstic. In March 2018, the strange, sprawling Boarding House Reach was released, peaking at number one on the Billboard 200. The following year, he was back with the Raconteurs for the group's third album, Help Us Stranger.
In November 2021, White returned with ""Taking Me Back,"" a single released in two versions: a noisy, gnarled rock incarnation and a softer acoustic variation. The rock spin on ""Taking Me Back"" heralded the April 2022 release of Fear of the Dawn, a nervy, noisy record that found White experimenting with digital effects. The jaunty acoustic revision anchored Entering Heaven Alive, a quieter but still restless record that followed in July while White was in the middle of a lengthy and eventful tour that saw him getting married onstage and playing Saturday Night Live for the fifth time.
After a period of little discernable activity, White surprised fans on in July 2024 with the release of a bares-bones, blues-influenced album titled No Name. It was packaged like a white-label promo with only the words ""No Name"" stamped on the sleeve and was given away to customers at Third Man records locations for free. It topped the U.K. Independent Albums chart, cracked the Billboard 200, and finished the year with a Grammy nomination for Best Rock Album. ~ Andrew Leahey & Stephen Thomas Erlewine",Freedom at 21,Unknown,https://www.youtube.com/watch?v=s92smjLq_38&list=RDs92smjLq_38&start_radio=1&pp=ygUYSmFjayBXaGl0ZSBGcmVlZG9tIGF0IDIxoAcB,Mix - Jack White - Freedom At 21 (Official Video)
Blunderbuss,https://lastfm.freetls.fastly.net/i/u/300x300/9dbff5e7be08d5d1e364c0e501be866b.jpg,Jack White,2012-04-23,"Jack White is one of the great rock conceptualists of the 21st century. He came to fame as the leader of the White Stripes, the Detroit-based garage-punk duo who were unexpectedly one of the biggest rock acts of the 2000s. The White Stripes established White as a roots rocker -- he made sure they covered blues chestnuts from Son House -- to such a degree that his modernist art instincts were somewhat overshadowed during the band's peak. These dueling, sometimes complementary instincts, fueled White's myriad artistic pursuits both within and without the confines of the White Stripes. He started stepping out on his bandmate Meg almost immediately after White Blood Cells gave the group a blockbuster in 2001, producing Loretta Lynn's Van Lear Rose and forming the Raconteurs with Brendan Benson, then the Dead Weather with Alison Mosshart of the Kills. His voracious musical appetite and strict work ethic flourished once the White Stripes called it a day in 2011, as he divided his time between his Third Man Records empire, the Raconteurs and Dead Weather, and a solo career that grew increasingly idiosyncratic with each new album. Blunderbuss and Lazaretto veered close to territory he covered with the White Stripes but the proggy oddity of Boarding House Reach didn't prove to be a detour, as the twin 2022 albums, Fear of the Dawn and Entering Heaven Alive, proved: the noisy rock of the former was complemented by the quiet, introspective adventure of the latter. 2024's Grammy-nominated No Name saw him reconnecting with no-nonsense, yet rocker-fueled blues rock.
John Anthony Gillis was born in Detroit on July 9, 1975. The youngest of ten siblings, he began playing drums at an early age and took inspiration from the world-weary blues of Son House and Blind Willie McTell. A fascination with guitar followed in his teenage years. After launching his own upholstery business in Detroit, White began to infiltrate the city's music scene as the drummer for Goober & the Peas, a local cowpunk band that split in 1995. While continuing to play drums for other groups, he crossed paths with a bartender named Meg White, and the two were married in 1996. Jack took Meg's surname, and the pair formed the White Stripes after a Bastille Day jam session showed promising results.
With their color-coded image and raw, punky sound, the White Stripes became a key component of the garage rock revival of the late '90s. In addition to their music, the bandmembers stirred public interest by claiming to be siblings, a declaration that seemed slightly less incestuous when Jack and Meg White divorced in 2000. Despite the split, the White Stripes only grew in popularity as the decade progressed, eventually winning three consecutive Grammy Awards and issuing several platinum-certified albums.
Following the release of Elephant in 2003, Jack White took a break from the group to produce Loretta Lynn's Van Lear Rose. A critical smash, the album helped endear Lynn to a new generation of fans, thanks in part to White's credibility as a rock artist. He then returned to the White Stripes for the release of Get Behind Me Satan, which saw him expanding his instrumental range with piano and marimba. Shortly thereafter, he launched a concurrent group, the Raconteurs, with friend Brendan Benson and two members of the Greenhornes (who, incidentally, had served as backing musicians on Van Lear Rose). The Raconteurs made their debut with 2006's Broken Boy Soldiers and toured in support of the album, while White publicly stressed that his work in the band should not be seen as a side project or a diversion from the White Stripes. Thus, he began juggling his responsibilities to both groups, partnering with Meg White once again for the White Stripes' 2007 release Icky Thump before returning to the Raconteurs for 2008's Consolers of the Lonely.
While touring in support of the latter album, White suffered from bronchitis and often lost his voice, prompting singer Alison Mosshart (from the Raconteurs' touring partners the Kills) to climb on-stage and contribute her own vocals. The chemistry between Mosshart and the Raconteurs proved alluring, and the musicians opted to form a separate group named the Dead Weather. With Jack White now handling drums, the band retreated to the studio and recorded an energetic debut, Horehound, in a matter of weeks. Released in 2009, the album was well-received on both sides of the Atlantic, cracking the Top Ten in America and peaking at number 14 in the U.K. Encouraged by such success, the Dead Weather began working on a second album during the fall, with the intention of previewing several new songs during an Australian tour in early 2010. In the meantime, White secured enough free time to appear in a movie -- the guitar-themed It Might Get Loud -- and produce an album for his wife, songwriter Karen Elson.
The first solo outing from White, the bluesy, typically idiosyncratic Blunderbuss, named for a muzzle-loading firearm that was a precursor of the shotgun, arrived in April of 2012. It promptly debuted in the American charts at number one, the first White-associated album to do so. Blunderbuss also earned several Grammy nominations, including Album of the Year, Best Rock Album, and Best Rock Song for ""Freedom at 21."" White's second solo album, Lazaretto, followed in June 2014, preceded by the single ""High Ball Stepper."" It debuted at number one on the pop charts and earned positive reviews. The Dead Weather released their third album, Dodge and Burn, in September 2015, and a year later White issued Acoustic Recordings 1998-2016, a double-disc compilation of acoustic numbers from his various projects. In April 2017, he released a surprise instrumental single called ""Battle Cry."" A lifelong baseball fan, it was announced that the song would be used as the walk-up music for Detroit Tigers infielder Ian Kinsler, with whom White co-owns the baseball bat company Warstic. In March 2018, the strange, sprawling Boarding House Reach was released, peaking at number one on the Billboard 200. The following year, he was back with the Raconteurs for the group's third album, Help Us Stranger.
In November 2021, White returned with ""Taking Me Back,"" a single released in two versions: a noisy, gnarled rock incarnation and a softer acoustic variation. The rock spin on ""Taking Me Back"" heralded the April 2022 release of Fear of the Dawn, a nervy, noisy record that found White experimenting with digital effects. The jaunty acoustic revision anchored Entering Heaven Alive, a quieter but still restless record that followed in July while White was in the middle of a lengthy and eventful tour that saw him getting married onstage and playing Saturday Night Live for the fifth time.
After a period of little discernable activity, White surprised fans on in July 2024 with the release of a bares-bones, blues-influenced album titled No Name. It was packaged like a white-label promo with only the words ""No Name"" stamped on the sleeve and was given away to customers at Third Man records locations for free. It topped the U.K. Independent Albums chart, cracked the Billboard 200, and finished the year with a Grammy nomination for Best Rock Album. ~ Andrew Leahey & Stephen Thomas Erlewine",Blunderbuss,Unknown,https://www.youtube.com/watch?v=iErNRBTPbEc&list=RDiErNRBTPbEc&start_radio=1&pp=ygUWSmFjayBXaGl0ZSBCbHVuZGVyYnVzc6AHAQ%3D%3D,Mix - Jack White - Love Interruption (Official Video)
Blunderbuss,https://lastfm.freetls.fastly.net/i/u/300x300/9dbff5e7be08d5d1e364c0e501be866b.jpg,Jack White,2012-04-23,"Jack White is one of the great rock conceptualists of the 21st century. He came to fame as the leader of the White Stripes, the Detroit-based garage-punk duo who were unexpectedly one of the biggest rock acts of the 2000s. The White Stripes established White as a roots rocker -- he made sure they covered blues chestnuts from Son House -- to such a degree that his modernist art instincts were somewhat overshadowed during the band's peak. These dueling, sometimes complementary instincts, fueled White's myriad artistic pursuits both within and without the confines of the White Stripes. He started stepping out on his bandmate Meg almost immediately after White Blood Cells gave the group a blockbuster in 2001, producing Loretta Lynn's Van Lear Rose and forming the Raconteurs with Brendan Benson, then the Dead Weather with Alison Mosshart of the Kills. His voracious musical appetite and strict work ethic flourished once the White Stripes called it a day in 2011, as he divided his time between his Third Man Records empire, the Raconteurs and Dead Weather, and a solo career that grew increasingly idiosyncratic with each new album. Blunderbuss and Lazaretto veered close to territory he covered with the White Stripes but the proggy oddity of Boarding House Reach didn't prove to be a detour, as the twin 2022 albums, Fear of the Dawn and Entering Heaven Alive, proved: the noisy rock of the former was complemented by the quiet, introspective adventure of the latter. 2024's Grammy-nominated No Name saw him reconnecting with no-nonsense, yet rocker-fueled blues rock.
John Anthony Gillis was born in Detroit on July 9, 1975. The youngest of ten siblings, he began playing drums at an early age and took inspiration from the world-weary blues of Son House and Blind Willie McTell. A fascination with guitar followed in his teenage years. After launching his own upholstery business in Detroit, White began to infiltrate the city's music scene as the drummer for Goober & the Peas, a local cowpunk band that split in 1995. While continuing to play drums for other groups, he crossed paths with a bartender named Meg White, and the two were married in 1996. Jack took Meg's surname, and the pair formed the White Stripes after a Bastille Day jam session showed promising results.
With their color-coded image and raw, punky sound, the White Stripes became a key component of the garage rock revival of the late '90s. In addition to their music, the bandmembers stirred public interest by claiming to be siblings, a declaration that seemed slightly less incestuous when Jack and Meg White divorced in 2000. Despite the split, the White Stripes only grew in popularity as the decade progressed, eventually winning three consecutive Grammy Awards and issuing several platinum-certified albums.
Following the release of Elephant in 2003, Jack White took a break from the group to produce Loretta Lynn's Van Lear Rose. A critical smash, the album helped endear Lynn to a new generation of fans, thanks in part to White's credibility as a rock artist. He then returned to the White Stripes for the release of Get Behind Me Satan, which saw him expanding his instrumental range with piano and marimba. Shortly thereafter, he launched a concurrent group, the Raconteurs, with friend Brendan Benson and two members of the Greenhornes (who, incidentally, had served as backing musicians on Van Lear Rose). The Raconteurs made their debut with 2006's Broken Boy Soldiers and toured in support of the album, while White publicly stressed that his work in the band should not be seen as a side project or a diversion from the White Stripes. Thus, he began juggling his responsibilities to both groups, partnering with Meg White once again for the White Stripes' 2007 release Icky Thump before returning to the Raconteurs for 2008's Consolers of the Lonely.
While touring in support of the latter album, White suffered from bronchitis and often lost his voice, prompting singer Alison Mosshart (from the Raconteurs' touring partners the Kills) to climb on-stage and contribute her own vocals. The chemistry between Mosshart and the Raconteurs proved alluring, and the musicians opted to form a separate group named the Dead Weather. With Jack White now handling drums, the band retreated to the studio and recorded an energetic debut, Horehound, in a matter of weeks. Released in 2009, the album was well-received on both sides of the Atlantic, cracking the Top Ten in America and peaking at number 14 in the U.K. Encouraged by such success, the Dead Weather began working on a second album during the fall, with the intention of previewing several new songs during an Australian tour in early 2010. In the meantime, White secured enough free time to appear in a movie -- the guitar-themed It Might Get Loud -- and produce an album for his wife, songwriter Karen Elson.
The first solo outing from White, the bluesy, typically idiosyncratic Blunderbuss, named for a muzzle-loading firearm that was a precursor of the shotgun, arrived in April of 2012. It promptly debuted in the American charts at number one, the first White-associated album to do so. Blunderbuss also earned several Grammy nominations, including Album of the Year, Best Rock Album, and Best Rock Song for ""Freedom at 21."" White's second solo album, Lazaretto, followed in June 2014, preceded by the single ""High Ball Stepper."" It debuted at number one on the pop charts and earned positive reviews. The Dead Weather released their third album, Dodge and Burn, in September 2015, and a year later White issued Acoustic Recordings 1998-2016, a double-disc compilation of acoustic numbers from his various projects. In April 2017, he released a surprise instrumental single called ""Battle Cry."" A lifelong baseball fan, it was announced that the song would be used as the walk-up music for Detroit Tigers infielder Ian Kinsler, with whom White co-owns the baseball bat company Warstic. In March 2018, the strange, sprawling Boarding House Reach was released, peaking at number one on the Billboard 200. The following year, he was back with the Raconteurs for the group's third album, Help Us Stranger.
In November 2021, White returned with ""Taking Me Back,"" a single released in two versions: a noisy, gnarled rock incarnation and a softer acoustic variation. The rock spin on ""Taking Me Back"" heralded the April 2022 release of Fear of the Dawn, a nervy, noisy record that found White experimenting with digital effects. The jaunty acoustic revision anchored Entering Heaven Alive, a quieter but still restless record that followed in July while White was in the middle of a lengthy and eventful tour that saw him getting married onstage and playing Saturday Night Live for the fifth time.
After a period of little discernable activity, White surprised fans on in July 2024 with the release of a bares-bones, blues-influenced album titled No Name. It was packaged like a white-label promo with only the words ""No Name"" stamped on the sleeve and was given away to customers at Third Man records locations for free. It topped the U.K. Independent Albums chart, cracked the Billboard 200, and finished the year with a Grammy nomination for Best Rock Album. ~ Andrew Leahey & Stephen Thomas Erlewine",Weep Themselves to Sleep,Unknown,https://www.youtube.com/watch?v=G1mU9gminxA&list=RDG1mU9gminxA&start_radio=1&pp=ygUjSmFjayBXaGl0ZSBXZWVwIFRoZW1zZWx2ZXMgdG8gU2xlZXCgBwE%3D,ERROR: Private/Dead/Protected
Blunderbuss,https://lastfm.freetls.fastly.net/i/u/300x300/9dbff5e7be08d5d1e364c0e501be866b.jpg,Jack White,2012-04-23,"Jack White is one of the great rock conceptualists of the 21st century. He came to fame as the leader of the White Stripes, the Detroit-based garage-punk duo who were unexpectedly one of the biggest rock acts of the 2000s. The White Stripes established White as a roots rocker -- he made sure they covered blues chestnuts from Son House -- to such a degree that his modernist art instincts were somewhat overshadowed during the band's peak. These dueling, sometimes complementary instincts, fueled White's myriad artistic pursuits both within and without the confines of the White Stripes. He started stepping out on his bandmate Meg almost immediately after White Blood Cells gave the group a blockbuster in 2001, producing Loretta Lynn's Van Lear Rose and forming the Raconteurs with Brendan Benson, then the Dead Weather with Alison Mosshart of the Kills. His voracious musical appetite and strict work ethic flourished once the White Stripes called it a day in 2011, as he divided his time between his Third Man Records empire, the Raconteurs and Dead Weather, and a solo career that grew increasingly idiosyncratic with each new album. Blunderbuss and Lazaretto veered close to territory he covered with the White Stripes but the proggy oddity of Boarding House Reach didn't prove to be a detour, as the twin 2022 albums, Fear of the Dawn and Entering Heaven Alive, proved: the noisy rock of the former was complemented by the quiet, introspective adventure of the latter. 2024's Grammy-nominated No Name saw him reconnecting with no-nonsense, yet rocker-fueled blues rock.
John Anthony Gillis was born in Detroit on July 9, 1975. The youngest of ten siblings, he began playing drums at an early age and took inspiration from the world-weary blues of Son House and Blind Willie McTell. A fascination with guitar followed in his teenage years. After launching his own upholstery business in Detroit, White began to infiltrate the city's music scene as the drummer for Goober & the Peas, a local cowpunk band that split in 1995. While continuing to play drums for other groups, he crossed paths with a bartender named Meg White, and the two were married in 1996. Jack took Meg's surname, and the pair formed the White Stripes after a Bastille Day jam session showed promising results.
With their color-coded image and raw, punky sound, the White Stripes became a key component of the garage rock revival of the late '90s. In addition to their music, the bandmembers stirred public interest by claiming to be siblings, a declaration that seemed slightly less incestuous when Jack and Meg White divorced in 2000. Despite the split, the White Stripes only grew in popularity as the decade progressed, eventually winning three consecutive Grammy Awards and issuing several platinum-certified albums.
Following the release of Elephant in 2003, Jack White took a break from the group to produce Loretta Lynn's Van Lear Rose. A critical smash, the album helped endear Lynn to a new generation of fans, thanks in part to White's credibility as a rock artist. He then returned to the White Stripes for the release of Get Behind Me Satan, which saw him expanding his instrumental range with piano and marimba. Shortly thereafter, he launched a concurrent group, the Raconteurs, with friend Brendan Benson and two members of the Greenhornes (who, incidentally, had served as backing musicians on Van Lear Rose). The Raconteurs made their debut with 2006's Broken Boy Soldiers and toured in support of the album, while White publicly stressed that his work in the band should not be seen as a side project or a diversion from the White Stripes. Thus, he began juggling his responsibilities to both groups, partnering with Meg White once again for the White Stripes' 2007 release Icky Thump before returning to the Raconteurs for 2008's Consolers of the Lonely.
While touring in support of the latter album, White suffered from bronchitis and often lost his voice, prompting singer Alison Mosshart (from the Raconteurs' touring partners the Kills) to climb on-stage and contribute her own vocals. The chemistry between Mosshart and the Raconteurs proved alluring, and the musicians opted to form a separate group named the Dead Weather. With Jack White now handling drums, the band retreated to the studio and recorded an energetic debut, Horehound, in a matter of weeks. Released in 2009, the album was well-received on both sides of the Atlantic, cracking the Top Ten in America and peaking at number 14 in the U.K. Encouraged by such success, the Dead Weather began working on a second album during the fall, with the intention of previewing several new songs during an Australian tour in early 2010. In the meantime, White secured enough free time to appear in a movie -- the guitar-themed It Might Get Loud -- and produce an album for his wife, songwriter Karen Elson.
The first solo outing from White, the bluesy, typically idiosyncratic Blunderbuss, named for a muzzle-loading firearm that was a precursor of the shotgun, arrived in April of 2012. It promptly debuted in the American charts at number one, the first White-associated album to do so. Blunderbuss also earned several Grammy nominations, including Album of the Year, Best Rock Album, and Best Rock Song for ""Freedom at 21."" White's second solo album, Lazaretto, followed in June 2014, preceded by the single ""High Ball Stepper."" It debuted at number one on the pop charts and earned positive reviews. The Dead Weather released their third album, Dodge and Burn, in September 2015, and a year later White issued Acoustic Recordings 1998-2016, a double-disc compilation of acoustic numbers from his various projects. In April 2017, he released a surprise instrumental single called ""Battle Cry."" A lifelong baseball fan, it was announced that the song would be used as the walk-up music for Detroit Tigers infielder Ian Kinsler, with whom White co-owns the baseball bat company Warstic. In March 2018, the strange, sprawling Boarding House Reach was released, peaking at number one on the Billboard 200. The following year, he was back with the Raconteurs for the group's third album, Help Us Stranger.
In November 2021, White returned with ""Taking Me Back,"" a single released in two versions: a noisy, gnarled rock incarnation and a softer acoustic variation. The rock spin on ""Taking Me Back"" heralded the April 2022 release of Fear of the Dawn, a nervy, noisy record that found White experimenting with digital effects. The jaunty acoustic revision anchored Entering Heaven Alive, a quieter but still restless record that followed in July while White was in the middle of a lengthy and eventful tour that saw him getting married onstage and playing Saturday Night Live for the fifth time.
After a period of little discernable activity, White surprised fans on in July 2024 with the release of a bares-bones, blues-influenced album titled No Name. It was packaged like a white-label promo with only the words ""No Name"" stamped on the sleeve and was given away to customers at Third Man records locations for free. It topped the U.K. Independent Albums chart, cracked the Billboard 200, and finished the year with a Grammy nomination for Best Rock Album. ~ Andrew Leahey & Stephen Thomas Erlewine",Trash Tongue Talker,Unknown,https://www.youtube.com/watch?v=t8dA5Rd8l9M&list=RDt8dA5Rd8l9M&start_radio=1&pp=ygUeSmFjayBXaGl0ZSBUcmFzaCBUb25ndWUgVGFsa2VyoAcB,ERROR: Private/Dead/Protected
Blunderbuss,https://lastfm.freetls.fastly.net/i/u/300x300/9dbff5e7be08d5d1e364c0e501be866b.jpg,Jack White,2012-04-23,"Jack White is one of the great rock conceptualists of the 21st century. He came to fame as the leader of the White Stripes, the Detroit-based garage-punk duo who were unexpectedly one of the biggest rock acts of the 2000s. The White Stripes established White as a roots rocker -- he made sure they covered blues chestnuts from Son House -- to such a degree that his modernist art instincts were somewhat overshadowed during the band's peak. These dueling, sometimes complementary instincts, fueled White's myriad artistic pursuits both within and without the confines of the White Stripes. He started stepping out on his bandmate Meg almost immediately after White Blood Cells gave the group a blockbuster in 2001, producing Loretta Lynn's Van Lear Rose and forming the Raconteurs with Brendan Benson, then the Dead Weather with Alison Mosshart of the Kills. His voracious musical appetite and strict work ethic flourished once the White Stripes called it a day in 2011, as he divided his time between his Third Man Records empire, the Raconteurs and Dead Weather, and a solo career that grew increasingly idiosyncratic with each new album. Blunderbuss and Lazaretto veered close to territory he covered with the White Stripes but the proggy oddity of Boarding House Reach didn't prove to be a detour, as the twin 2022 albums, Fear of the Dawn and Entering Heaven Alive, proved: the noisy rock of the former was complemented by the quiet, introspective adventure of the latter. 2024's Grammy-nominated No Name saw him reconnecting with no-nonsense, yet rocker-fueled blues rock.
John Anthony Gillis was born in Detroit on July 9, 1975. The youngest of ten siblings, he began playing drums at an early age and took inspiration from the world-weary blues of Son House and Blind Willie McTell. A fascination with guitar followed in his teenage years. After launching his own upholstery business in Detroit, White began to infiltrate the city's music scene as the drummer for Goober & the Peas, a local cowpunk band that split in 1995. While continuing to play drums for other groups, he crossed paths with a bartender named Meg White, and the two were married in 1996. Jack took Meg's surname, and the pair formed the White Stripes after a Bastille Day jam session showed promising results.
With their color-coded image and raw, punky sound, the White Stripes became a key component of the garage rock revival of the late '90s. In addition to their music, the bandmembers stirred public interest by claiming to be siblings, a declaration that seemed slightly less incestuous when Jack and Meg White divorced in 2000. Despite the split, the White Stripes only grew in popularity as the decade progressed, eventually winning three consecutive Grammy Awards and issuing several platinum-certified albums.
Following the release of Elephant in 2003, Jack White took a break from the group to produce Loretta Lynn's Van Lear Rose. A critical smash, the album helped endear Lynn to a new generation of fans, thanks in part to White's credibility as a rock artist. He then returned to the White Stripes for the release of Get Behind Me Satan, which saw him expanding his instrumental range with piano and marimba. Shortly thereafter, he launched a concurrent group, the Raconteurs, with friend Brendan Benson and two members of the Greenhornes (who, incidentally, had served as backing musicians on Van Lear Rose). The Raconteurs made their debut with 2006's Broken Boy Soldiers and toured in support of the album, while White publicly stressed that his work in the band should not be seen as a side project or a diversion from the White Stripes. Thus, he began juggling his responsibilities to both groups, partnering with Meg White once again for the White Stripes' 2007 release Icky Thump before returning to the Raconteurs for 2008's Consolers of the Lonely.
While touring in support of the latter album, White suffered from bronchitis and often lost his voice, prompting singer Alison Mosshart (from the Raconteurs' touring partners the Kills) to climb on-stage and contribute her own vocals. The chemistry between Mosshart and the Raconteurs proved alluring, and the musicians opted to form a separate group named the Dead Weather. With Jack White now handling drums, the band retreated to the studio and recorded an energetic debut, Horehound, in a matter of weeks. Released in 2009, the album was well-received on both sides of the Atlantic, cracking the Top Ten in America and peaking at number 14 in the U.K. Encouraged by such success, the Dead Weather began working on a second album during the fall, with the intention of previewing several new songs during an Australian tour in early 2010. In the meantime, White secured enough free time to appear in a movie -- the guitar-themed It Might Get Loud -- and produce an album for his wife, songwriter Karen Elson.
The first solo outing from White, the bluesy, typically idiosyncratic Blunderbuss, named for a muzzle-loading firearm that was a precursor of the shotgun, arrived in April of 2012. It promptly debuted in the American charts at number one, the first White-associated album to do so. Blunderbuss also earned several Grammy nominations, including Album of the Year, Best Rock Album, and Best Rock Song for ""Freedom at 21."" White's second solo album, Lazaretto, followed in June 2014, preceded by the single ""High Ball Stepper."" It debuted at number one on the pop charts and earned positive reviews. The Dead Weather released their third album, Dodge and Burn, in September 2015, and a year later White issued Acoustic Recordings 1998-2016, a double-disc compilation of acoustic numbers from his various projects. In April 2017, he released a surprise instrumental single called ""Battle Cry."" A lifelong baseball fan, it was announced that the song would be used as the walk-up music for Detroit Tigers infielder Ian Kinsler, with whom White co-owns the baseball bat company Warstic. In March 2018, the strange, sprawling Boarding House Reach was released, peaking at number one on the Billboard 200. The following year, he was back with the Raconteurs for the group's third album, Help Us Stranger.
In November 2021, White returned with ""Taking Me Back,"" a single released in two versions: a noisy, gnarled rock incarnation and a softer acoustic variation. The rock spin on ""Taking Me Back"" heralded the April 2022 release of Fear of the Dawn, a nervy, noisy record that found White experimenting with digital effects. The jaunty acoustic revision anchored Entering Heaven Alive, a quieter but still restless record that followed in July while White was in the middle of a lengthy and eventful tour that saw him getting married onstage and playing Saturday Night Live for the fifth time.
After a period of little discernable activity, White surprised fans on in July 2024 with the release of a bares-bones, blues-influenced album titled No Name. It was packaged like a white-label promo with only the words ""No Name"" stamped on the sleeve and was given away to customers at Third Man records locations for free. It topped the U.K. Independent Albums chart, cracked the Billboard 200, and finished the year with a Grammy nomination for Best Rock Album. ~ Andrew Leahey & Stephen Thomas Erlewine",I Guess I Should Go to Sleep,Unknown,https://www.youtube.com/watch?v=mr-NXf5id0I&list=RDmr-NXf5id0I&start_radio=1&pp=ygUnSmFjayBXaGl0ZSBJIEd1ZXNzIEkgU2hvdWxkIEdvIHRvIFNsZWVwoAcB,Mix - Jack White - I Guess I should go to sleep (Live in Studio)
Blunderbuss,https://lastfm.freetls.fastly.net/i/u/300x300/9dbff5e7be08d5d1e364c0e501be866b.jpg,Jack White,2012-04-23,"Jack White is one of the great rock conceptualists of the 21st century. He came to fame as the leader of the White Stripes, the Detroit-based garage-punk duo who were unexpectedly one of the biggest rock acts of the 2000s. The White Stripes established White as a roots rocker -- he made sure they covered blues chestnuts from Son House -- to such a degree that his modernist art instincts were somewhat overshadowed during the band's peak. These dueling, sometimes complementary instincts, fueled White's myriad artistic pursuits both within and without the confines of the White Stripes. He started stepping out on his bandmate Meg almost immediately after White Blood Cells gave the group a blockbuster in 2001, producing Loretta Lynn's Van Lear Rose and forming the Raconteurs with Brendan Benson, then the Dead Weather with Alison Mosshart of the Kills. His voracious musical appetite and strict work ethic flourished once the White Stripes called it a day in 2011, as he divided his time between his Third Man Records empire, the Raconteurs and Dead Weather, and a solo career that grew increasingly idiosyncratic with each new album. Blunderbuss and Lazaretto veered close to territory he covered with the White Stripes but the proggy oddity of Boarding House Reach didn't prove to be a detour, as the twin 2022 albums, Fear of the Dawn and Entering Heaven Alive, proved: the noisy rock of the former was complemented by the quiet, introspective adventure of the latter. 2024's Grammy-nominated No Name saw him reconnecting with no-nonsense, yet rocker-fueled blues rock.
John Anthony Gillis was born in Detroit on July 9, 1975. The youngest of ten siblings, he began playing drums at an early age and took inspiration from the world-weary blues of Son House and Blind Willie McTell. A fascination with guitar followed in his teenage years. After launching his own upholstery business in Detroit, White began to infiltrate the city's music scene as the drummer for Goober & the Peas, a local cowpunk band that split in 1995. While continuing to play drums for other groups, he crossed paths with a bartender named Meg White, and the two were married in 1996. Jack took Meg's surname, and the pair formed the White Stripes after a Bastille Day jam session showed promising results.
With their color-coded image and raw, punky sound, the White Stripes became a key component of the garage rock revival of the late '90s. In addition to their music, the bandmembers stirred public interest by claiming to be siblings, a declaration that seemed slightly less incestuous when Jack and Meg White divorced in 2000. Despite the split, the White Stripes only grew in popularity as the decade progressed, eventually winning three consecutive Grammy Awards and issuing several platinum-certified albums.
Following the release of Elephant in 2003, Jack White took a break from the group to produce Loretta Lynn's Van Lear Rose. A critical smash, the album helped endear Lynn to a new generation of fans, thanks in part to White's credibility as a rock artist. He then returned to the White Stripes for the release of Get Behind Me Satan, which saw him expanding his instrumental range with piano and marimba. Shortly thereafter, he launched a concurrent group, the Raconteurs, with friend Brendan Benson and two members of the Greenhornes (who, incidentally, had served as backing musicians on Van Lear Rose). The Raconteurs made their debut with 2006's Broken Boy Soldiers and toured in support of the album, while White publicly stressed that his work in the band should not be seen as a side project or a diversion from the White Stripes. Thus, he began juggling his responsibilities to both groups, partnering with Meg White once again for the White Stripes' 2007 release Icky Thump before returning to the Raconteurs for 2008's Consolers of the Lonely.
While touring in support of the latter album, White suffered from bronchitis and often lost his voice, prompting singer Alison Mosshart (from the Raconteurs' touring partners the Kills) to climb on-stage and contribute her own vocals. The chemistry between Mosshart and the Raconteurs proved alluring, and the musicians opted to form a separate group named the Dead Weather. With Jack White now handling drums, the band retreated to the studio and recorded an energetic debut, Horehound, in a matter of weeks. Released in 2009, the album was well-received on both sides of the Atlantic, cracking the Top Ten in America and peaking at number 14 in the U.K. Encouraged by such success, the Dead Weather began working on a second album during the fall, with the intention of previewing several new songs during an Australian tour in early 2010. In the meantime, White secured enough free time to appear in a movie -- the guitar-themed It Might Get Loud -- and produce an album for his wife, songwriter Karen Elson.
The first solo outing from White, the bluesy, typically idiosyncratic Blunderbuss, named for a muzzle-loading firearm that was a precursor of the shotgun, arrived in April of 2012. It promptly debuted in the American charts at number one, the first White-associated album to do so. Blunderbuss also earned several Grammy nominations, including Album of the Year, Best Rock Album, and Best Rock Song for ""Freedom at 21."" White's second solo album, Lazaretto, followed in June 2014, preceded by the single ""High Ball Stepper."" It debuted at number one on the pop charts and earned positive reviews. The Dead Weather released their third album, Dodge and Burn, in September 2015, and a year later White issued Acoustic Recordings 1998-2016, a double-disc compilation of acoustic numbers from his various projects. In April 2017, he released a surprise instrumental single called ""Battle Cry."" A lifelong baseball fan, it was announced that the song would be used as the walk-up music for Detroit Tigers infielder Ian Kinsler, with whom White co-owns the baseball bat company Warstic. In March 2018, the strange, sprawling Boarding House Reach was released, peaking at number one on the Billboard 200. The following year, he was back with the Raconteurs for the group's third album, Help Us Stranger.
In November 2021, White returned with ""Taking Me Back,"" a single released in two versions: a noisy, gnarled rock incarnation and a softer acoustic variation. The rock spin on ""Taking Me Back"" heralded the April 2022 release of Fear of the Dawn, a nervy, noisy record that found White experimenting with digital effects. The jaunty acoustic revision anchored Entering Heaven Alive, a quieter but still restless record that followed in July while White was in the middle of a lengthy and eventful tour that saw him getting married onstage and playing Saturday Night Live for the fifth time.
After a period of little discernable activity, White surprised fans on in July 2024 with the release of a bares-bones, blues-influenced album titled No Name. It was packaged like a white-label promo with only the words ""No Name"" stamped on the sleeve and was given away to customers at Third Man records locations for free. It topped the U.K. Independent Albums chart, cracked the Billboard 200, and finished the year with a Grammy nomination for Best Rock Album. ~ Andrew Leahey & Stephen Thomas Erlewine",Take Me With You When You Go,Unknown,https://www.youtube.com/watch?v=iErNRBTPbEc&list=RDiErNRBTPbEc&start_radio=1&pp=ygUnSmFjayBXaGl0ZSBUYWtlIE1lIFdpdGggWW91IFdoZW4gWW91IEdvoAcB,ERROR: Private/Dead/Protected
G.O.D. And The Broken Ribs / Derecho Demonico,https://lastfm.freetls.fastly.net/i/u/300x300/bae6ceb66e5db01a1e3aca16c1e23771.png,Jack White,2026-04-03,"Jack White is one of the great rock conceptualists of the 21st century. He came to fame as the leader of the White Stripes, the Detroit-based garage-punk duo who were unexpectedly one of the biggest rock acts of the 2000s. The White Stripes established White as a roots rocker -- he made sure they covered blues chestnuts from Son House -- to such a degree that his modernist art instincts were somewhat overshadowed during the band's peak. These dueling, sometimes complementary instincts, fueled White's myriad artistic pursuits both within and without the confines of the White Stripes. He started stepping out on his bandmate Meg almost immediately after White Blood Cells gave the group a blockbuster in 2001, producing Loretta Lynn's Van Lear Rose and forming the Raconteurs with Brendan Benson, then the Dead Weather with Alison Mosshart of the Kills. His voracious musical appetite and strict work ethic flourished once the White Stripes called it a day in 2011, as he divided his time between his Third Man Records empire, the Raconteurs and Dead Weather, and a solo career that grew increasingly idiosyncratic with each new album. Blunderbuss and Lazaretto veered close to territory he covered with the White Stripes but the proggy oddity of Boarding House Reach didn't prove to be a detour, as the twin 2022 albums, Fear of the Dawn and Entering Heaven Alive, proved: the noisy rock of the former was complemented by the quiet, introspective adventure of the latter. 2024's Grammy-nominated No Name saw him reconnecting with no-nonsense, yet rocker-fueled blues rock.
John Anthony Gillis was born in Detroit on July 9, 1975. The youngest of ten siblings, he began playing drums at an early age and took inspiration from the world-weary blues of Son House and Blind Willie McTell. A fascination with guitar followed in his teenage years. After launching his own upholstery business in Detroit, White began to infiltrate the city's music scene as the drummer for Goober & the Peas, a local cowpunk band that split in 1995. While continuing to play drums for other groups, he crossed paths with a bartender named Meg White, and the two were married in 1996. Jack took Meg's surname, and the pair formed the White Stripes after a Bastille Day jam session showed promising results.
With their color-coded image and raw, punky sound, the White Stripes became a key component of the garage rock revival of the late '90s. In addition to their music, the bandmembers stirred public interest by claiming to be siblings, a declaration that seemed slightly less incestuous when Jack and Meg White divorced in 2000. Despite the split, the White Stripes only grew in popularity as the decade progressed, eventually winning three consecutive Grammy Awards and issuing several platinum-certified albums.
Following the release of Elephant in 2003, Jack White took a break from the group to produce Loretta Lynn's Van Lear Rose. A critical smash, the album helped endear Lynn to a new generation of fans, thanks in part to White's credibility as a rock artist. He then returned to the White Stripes for the release of Get Behind Me Satan, which saw him expanding his instrumental range with piano and marimba. Shortly thereafter, he launched a concurrent group, the Raconteurs, with friend Brendan Benson and two members of the Greenhornes (who, incidentally, had served as backing musicians on Van Lear Rose). The Raconteurs made their debut with 2006's Broken Boy Soldiers and toured in support of the album, while White publicly stressed that his work in the band should not be seen as a side project or a diversion from the White Stripes. Thus, he began juggling his responsibilities to both groups, partnering with Meg White once again for the White Stripes' 2007 release Icky Thump before returning to the Raconteurs for 2008's Consolers of the Lonely.
While touring in support of the latter album, White suffered from bronchitis and often lost his voice, prompting singer Alison Mosshart (from the Raconteurs' touring partners the Kills) to climb on-stage and contribute her own vocals. The chemistry between Mosshart and the Raconteurs proved alluring, and the musicians opted to form a separate group named the Dead Weather. With Jack White now handling drums, the band retreated to the studio and recorded an energetic debut, Horehound, in a matter of weeks. Released in 2009, the album was well-received on both sides of the Atlantic, cracking the Top Ten in America and peaking at number 14 in the U.K. Encouraged by such success, the Dead Weather began working on a second album during the fall, with the intention of previewing several new songs during an Australian tour in early 2010. In the meantime, White secured enough free time to appear in a movie -- the guitar-themed It Might Get Loud -- and produce an album for his wife, songwriter Karen Elson.
The first solo outing from White, the bluesy, typically idiosyncratic Blunderbuss, named for a muzzle-loading firearm that was a precursor of the shotgun, arrived in April of 2012. It promptly debuted in the American charts at number one, the first White-associated album to do so. Blunderbuss also earned several Grammy nominations, including Album of the Year, Best Rock Album, and Best Rock Song for ""Freedom at 21."" White's second solo album, Lazaretto, followed in June 2014, preceded by the single ""High Ball Stepper."" It debuted at number one on the pop charts and earned positive reviews. The Dead Weather released their third album, Dodge and Burn, in September 2015, and a year later White issued Acoustic Recordings 1998-2016, a double-disc compilation of acoustic numbers from his various projects. In April 2017, he released a surprise instrumental single called ""Battle Cry."" A lifelong baseball fan, it was announced that the song would be used as the walk-up music for Detroit Tigers infielder Ian Kinsler, with whom White co-owns the baseball bat company Warstic. In March 2018, the strange, sprawling Boarding House Reach was released, peaking at number one on the Billboard 200. The following year, he was back with the Raconteurs for the group's third album, Help Us Stranger.
In November 2021, White returned with ""Taking Me Back,"" a single released in two versions: a noisy, gnarled rock incarnation and a softer acoustic variation. The rock spin on ""Taking Me Back"" heralded the April 2022 release of Fear of the Dawn, a nervy, noisy record that found White experimenting with digital effects. The jaunty acoustic revision anchored Entering Heaven Alive, a quieter but still restless record that followed in July while White was in the middle of a lengthy and eventful tour that saw him getting married onstage and playing Saturday Night Live for the fifth time.
After a period of little discernable activity, White surprised fans on in July 2024 with the release of a bares-bones, blues-influenced album titled No Name. It was packaged like a white-label promo with only the words ""No Name"" stamped on the sleeve and was given away to customers at Third Man records locations for free. It topped the U.K. Independent Albums chart, cracked the Billboard 200, and finished the year with a Grammy nomination for Best Rock Album. ~ Andrew Leahey & Stephen Thomas Erlewine",G.O.D. And The Broken Ribs,Unknown,https://www.youtube.com/watch?v=VOyLzSv3mYE&list=RDVOyLzSv3mYE&start_radio=1&pp=ygUnSmFjayBXaGl0ZSAtIEcuTy5ELiBBbmQgVGhlIEJyb2tlbiBSaWJzoAcB,ERROR: Private/Dead/Protected
G.O.D. And The Broken Ribs / Derecho Demonico,https://lastfm.freetls.fastly.net/i/u/300x300/bae6ceb66e5db01a1e3aca16c1e23771.png,Jack White,2026-04-03,"Jack White is one of the great rock conceptualists of the 21st century. He came to fame as the leader of the White Stripes, the Detroit-based garage-punk duo who were unexpectedly one of the biggest rock acts of the 2000s. The White Stripes established White as a roots rocker -- he made sure they covered blues chestnuts from Son House -- to such a degree that his modernist art instincts were somewhat overshadowed during the band's peak. These dueling, sometimes complementary instincts, fueled White's myriad artistic pursuits both within and without the confines of the White Stripes. He started stepping out on his bandmate Meg almost immediately after White Blood Cells gave the group a blockbuster in 2001, producing Loretta Lynn's Van Lear Rose and forming the Raconteurs with Brendan Benson, then the Dead Weather with Alison Mosshart of the Kills. His voracious musical appetite and strict work ethic flourished once the White Stripes called it a day in 2011, as he divided his time between his Third Man Records empire, the Raconteurs and Dead Weather, and a solo career that grew increasingly idiosyncratic with each new album. Blunderbuss and Lazaretto veered close to territory he covered with the White Stripes but the proggy oddity of Boarding House Reach didn't prove to be a detour, as the twin 2022 albums, Fear of the Dawn and Entering Heaven Alive, proved: the noisy rock of the former was complemented by the quiet, introspective adventure of the latter. 2024's Grammy-nominated No Name saw him reconnecting with no-nonsense, yet rocker-fueled blues rock.
John Anthony Gillis was born in Detroit on July 9, 1975. The youngest of ten siblings, he began playing drums at an early age and took inspiration from the world-weary blues of Son House and Blind Willie McTell. A fascination with guitar followed in his teenage years. After launching his own upholstery business in Detroit, White began to infiltrate the city's music scene as the drummer for Goober & the Peas, a local cowpunk band that split in 1995. While continuing to play drums for other groups, he crossed paths with a bartender named Meg White, and the two were married in 1996. Jack took Meg's surname, and the pair formed the White Stripes after a Bastille Day jam session showed promising results.
With their color-coded image and raw, punky sound, the White Stripes became a key component of the garage rock revival of the late '90s. In addition to their music, the bandmembers stirred public interest by claiming to be siblings, a declaration that seemed slightly less incestuous when Jack and Meg White divorced in 2000. Despite the split, the White Stripes only grew in popularity as the decade progressed, eventually winning three consecutive Grammy Awards and issuing several platinum-certified albums.
Following the release of Elephant in 2003, Jack White took a break from the group to produce Loretta Lynn's Van Lear Rose. A critical smash, the album helped endear Lynn to a new generation of fans, thanks in part to White's credibility as a rock artist. He then returned to the White Stripes for the release of Get Behind Me Satan, which saw him expanding his instrumental range with piano and marimba. Shortly thereafter, he launched a concurrent group, the Raconteurs, with friend Brendan Benson and two members of the Greenhornes (who, incidentally, had served as backing musicians on Van Lear Rose). The Raconteurs made their debut with 2006's Broken Boy Soldiers and toured in support of the album, while White publicly stressed that his work in the band should not be seen as a side project or a diversion from the White Stripes. Thus, he began juggling his responsibilities to both groups, partnering with Meg White once again for the White Stripes' 2007 release Icky Thump before returning to the Raconteurs for 2008's Consolers of the Lonely.
While touring in support of the latter album, White suffered from bronchitis and often lost his voice, prompting singer Alison Mosshart (from the Raconteurs' touring partners the Kills) to climb on-stage and contribute her own vocals. The chemistry between Mosshart and the Raconteurs proved alluring, and the musicians opted to form a separate group named the Dead Weather. With Jack White now handling drums, the band retreated to the studio and recorded an energetic debut, Horehound, in a matter of weeks. Released in 2009, the album was well-received on both sides of the Atlantic, cracking the Top Ten in America and peaking at number 14 in the U.K. Encouraged by such success, the Dead Weather began working on a second album during the fall, with the intention of previewing several new songs during an Australian tour in early 2010. In the meantime, White secured enough free time to appear in a movie -- the guitar-themed It Might Get Loud -- and produce an album for his wife, songwriter Karen Elson.
The first solo outing from White, the bluesy, typically idiosyncratic Blunderbuss, named for a muzzle-loading firearm that was a precursor of the shotgun, arrived in April of 2012. It promptly debuted in the American charts at number one, the first White-associated album to do so. Blunderbuss also earned several Grammy nominations, including Album of the Year, Best Rock Album, and Best Rock Song for ""Freedom at 21."" White's second solo album, Lazaretto, followed in June 2014, preceded by the single ""High Ball Stepper."" It debuted at number one on the pop charts and earned positive reviews. The Dead Weather released their third album, Dodge and Burn, in September 2015, and a year later White issued Acoustic Recordings 1998-2016, a double-disc compilation of acoustic numbers from his various projects. In April 2017, he released a surprise instrumental single called ""Battle Cry."" A lifelong baseball fan, it was announced that the song would be used as the walk-up music for Detroit Tigers infielder Ian Kinsler, with whom White co-owns the baseball bat company Warstic. In March 2018, the strange, sprawling Boarding House Reach was released, peaking at number one on the Billboard 200. The following year, he was back with the Raconteurs for the group's third album, Help Us Stranger.
In November 2021, White returned with ""Taking Me Back,"" a single released in two versions: a noisy, gnarled rock incarnation and a softer acoustic variation. The rock spin on ""Taking Me Back"" heralded the April 2022 release of Fear of the Dawn, a nervy, noisy record that found White experimenting with digital effects. The jaunty acoustic revision anchored Entering Heaven Alive, a quieter but still restless record that followed in July while White was in the middle of a lengthy and eventful tour that saw him getting married onstage and playing Saturday Night Live for the fifth time.
After a period of little discernable activity, White surprised fans on in July 2024 with the release of a bares-bones, blues-influenced album titled No Name. It was packaged like a white-label promo with only the words ""No Name"" stamped on the sleeve and was given away to customers at Third Man records locations for free. It topped the U.K. Independent Albums chart, cracked the Billboard 200, and finished the year with a Grammy nomination for Best Rock Album. ~ Andrew Leahey & Stephen Thomas Erlewine",Derecho Demonico,Unknown,https://www.youtube.com/watch?v=LFtIxTYLMj0&list=RDLFtIxTYLMj0&start_radio=1&pp=ygUdSmFjayBXaGl0ZSAtIERlcmVjaG8gRGVtb25pY2-gBwE%3D,ERROR: Private/Dead/Protected
Loving Someone,,Jaguar Skills,2021-08-06,"Who Is He??!! He came from London, England, and went into the mountains of northern Spain, to a hide out, to hang with Ninja Master Sho Kosugi and Wayward Taoist guru Barefoot Doctor. Now he's back, fools! Who? The Ninja Warlord of the Fillionaire party scene, DJ Jaguar Skills, thats who! Master of the deadly arts of the DJ Ninja, Jaguar Skills' background is a shrouded in sexual intrigue and ninja mystery. Not even he knows exactly why, but every time he holds up his magic stick and says, Jaguar, Jaguar, Jaguar Skills...HoooOOOOO!, he transforms into the funkiest ninja in the galaxy! Suitable for other DJ Ninjas, its the unknown underground DJ Ninja sensation! So if you can find him (its not that difficult, youre on his page, fool!) and no one else can help you, maybe you can hire.... JAGUAR SKILLS!!! HoooOOOOO! www.thesuperninjas.com Read more on Last.fm. User-contributed text is available under the Creative Commons By-SA License; additional terms may apply.",Loving Someone (Pt. 1),Unknown,https://www.youtube.com/watch?v=ZUCFD12dMHw&pp=ygUhSmFndWFyIFNraWxscyBMb3ZpbmcgU29tZW9uZSBQdCAx,Jaguar Skills & Omar - Loving Someone Pt 1
