Album,AlbumArtLink,Artist,ReleaseDate,Summary,Title,Year,YouTubeLink
Tingaralatingadun,https://lastfm.freetls.fastly.net/i/u/300x300/8c7d5e5d3bca49c8c9df267dae36d975.jpg,Tuatha de Danann,2001-05-13,"Tùatha dé Danann is a brazilian folk metal band: The band comes from the city of Varginha, Minas Gerais, Brazil, which is an important historical region because of the fight against the Imperial domination for Brazil's independence. And the violinist comes from Curitiba city, state of Paraná. The band's first name was Pendragon, and they began their activities 1995 intending to do a different kind of music, with no comparison in the scene, mixing Heavy Metal with the Celtic and medieval music. Their first demo tape was released in 1996, named ""The Last Pendragon"", and this work got very good reviews in the specialized media, mainly because of the unique sonority. Afterwards they changed the band name to Tùatha dé Danann, which was perfect to represent their thematic proposal. The name comes from the Celtic mythology; it means ""People of the Goddess Danu"". The Tùatha dé Danann were one of the mythical races that settled in Ireland before the arrival of the Milesians, the ancestors of modern Gaels. The Dananns were descendants of the goddess Danu. The Tùatha dé Dananns were a race of deities as well as race of heroes. They were skilled in art and science, poetry and magic. In the year of 1998 Tùatha dé Danann recorded the second demo ""Faeryage"", totally dived into the magic and beauty of the Celtic music, including instruments like flutes, violins, viols and mandolins, but supported by a heavy sound. ""Faeryage"" impressed everybody, pleasing the audiences and the specialized media. As a result the band signed their first contract with the record label ""Heavy Metal Rock"". By the end of 1999, was released the EP ""Tùatha dé Danann"" with four new songs plus ""Faeryage"" as bonus track. This material kept the same characteristic with the magic beauty of the Celtic and medieval music mixed to the Metal style, with melodic and guttural vocals side by side, added to the sound of flutes and a lot of delirium. This EP brought a great recognition to Tùatha dé Danann in the whole country. Finally, 2001, in October, the 'debut' CD comes out. Entitled ""TingaralatingaDun"", this album is an invitation to the total delirium in the land of the magic, where all the elements of the nature walk hand in hand. Presenting ten previously un-released songs, recorded with a great production job, ""TingaralatingaDun"" is plenty of sounds of flutes, mandolins, violins, and guiding wonderful trips to the Celtic world, also referred as subject in the lyrics. The album conquered more fans and again the specialized media. The popularity arrived, and so the invitation for presentations in several festival and venues around the whole country, placing Tùatha dé Danann in a prominence position. The CD was licensed for France, Russia, and other countries, and tends a great acceptance of the European public. In the same period the band took part in one of the most important projects of the Brazilian Metallic scene, the thematic album ""William Shakespeares Hamlet"", recording the song ""The Last Words"". Once again Tuatha de Danann could show their essence in a singular way. The year 2002 is marked by the release of the EP ""The Delirium Has Just Began"" a kind of experimental work that was also released in France, obtaining an excellent acceptance with the public and the media. In 2004 the label record Paradoxx Music released their new work, the album ""Trova di Danú"". Tùatha dé Danann remained based in their strong influences of Celtic and folk music, what forged their personalized style, with the combination of Rock-Heavy Metal. Once more, with the use of instruments not commonly played in rock music, such as violins, viols, flutes, bagpipes, harmonicas, they made a trip through the world of pure feeling and magic music. Free from any kind of labels, they are just Tuatha de Danann. In 2008 Martin Walkyier (ex Skyclad vocalist and ex Sabbat ) played on a Brazilian Tour with Tuatha de Dannan Skyclads songs but in 2011 the band ended its activities, then since 2012 they reunited to play some sporadic shows. In 2014 the band officially reunited and recorded an EP with two new songs ''We're Back'' and ''Dawn of a New Sun'' to give fans a taste of what will come on the new album that will be released later this year. 2) Tuatha de Danann is also a French coldwave band active in the late 80', that has released a tape called Eclectique and several other songs appearing on various coldwave compilations. Read more on Last.fm. User-contributed text is available under the Creative Commons By-SA License; additional terms may apply.",Tingaralatinga Dum: The Dwarves Rebellion,Unknown,https://www.youtube.com/watch?v=yOZNYrEk8fo&pp=ygU5VHVhdGhhIGRlIERhbmFubiBUaW5nYXJhbGF0aW5nYSBEdW0gVGhlIER3YXJ2ZXMgUmViZWxsaW9u
Trova di Danú,https://lastfm.freetls.fastly.net/i/u/300x300/732a6f2fcfdbdc2f982427e684500670.jpg,Tuatha de Danann,2004-12-31,"Tùatha dé Danann is a brazilian folk metal band: The band comes from the city of Varginha, Minas Gerais, Brazil, which is an important historical region because of the fight against the Imperial domination for Brazil's independence. And the violinist comes from Curitiba city, state of Paraná. The band's first name was Pendragon, and they began their activities 1995 intending to do a different kind of music, with no comparison in the scene, mixing Heavy Metal with the Celtic and medieval music. Their first demo tape was released in 1996, named ""The Last Pendragon"", and this work got very good reviews in the specialized media, mainly because of the unique sonority. Afterwards they changed the band name to Tùatha dé Danann, which was perfect to represent their thematic proposal. The name comes from the Celtic mythology; it means ""People of the Goddess Danu"". The Tùatha dé Danann were one of the mythical races that settled in Ireland before the arrival of the Milesians, the ancestors of modern Gaels. The Dananns were descendants of the goddess Danu. The Tùatha dé Dananns were a race of deities as well as race of heroes. They were skilled in art and science, poetry and magic. In the year of 1998 Tùatha dé Danann recorded the second demo ""Faeryage"", totally dived into the magic and beauty of the Celtic music, including instruments like flutes, violins, viols and mandolins, but supported by a heavy sound. ""Faeryage"" impressed everybody, pleasing the audiences and the specialized media. As a result the band signed their first contract with the record label ""Heavy Metal Rock"". By the end of 1999, was released the EP ""Tùatha dé Danann"" with four new songs plus ""Faeryage"" as bonus track. This material kept the same characteristic with the magic beauty of the Celtic and medieval music mixed to the Metal style, with melodic and guttural vocals side by side, added to the sound of flutes and a lot of delirium. This EP brought a great recognition to Tùatha dé Danann in the whole country. Finally, 2001, in October, the 'debut' CD comes out. Entitled ""TingaralatingaDun"", this album is an invitation to the total delirium in the land of the magic, where all the elements of the nature walk hand in hand. Presenting ten previously un-released songs, recorded with a great production job, ""TingaralatingaDun"" is plenty of sounds of flutes, mandolins, violins, and guiding wonderful trips to the Celtic world, also referred as subject in the lyrics. The album conquered more fans and again the specialized media. The popularity arrived, and so the invitation for presentations in several festival and venues around the whole country, placing Tùatha dé Danann in a prominence position. The CD was licensed for France, Russia, and other countries, and tends a great acceptance of the European public. In the same period the band took part in one of the most important projects of the Brazilian Metallic scene, the thematic album ""William Shakespeares Hamlet"", recording the song ""The Last Words"". Once again Tuatha de Danann could show their essence in a singular way. The year 2002 is marked by the release of the EP ""The Delirium Has Just Began"" a kind of experimental work that was also released in France, obtaining an excellent acceptance with the public and the media. In 2004 the label record Paradoxx Music released their new work, the album ""Trova di Danú"". Tùatha dé Danann remained based in their strong influences of Celtic and folk music, what forged their personalized style, with the combination of Rock-Heavy Metal. Once more, with the use of instruments not commonly played in rock music, such as violins, viols, flutes, bagpipes, harmonicas, they made a trip through the world of pure feeling and magic music. Free from any kind of labels, they are just Tuatha de Danann. In 2008 Martin Walkyier (ex Skyclad vocalist and ex Sabbat ) played on a Brazilian Tour with Tuatha de Dannan Skyclads songs but in 2011 the band ended its activities, then since 2012 they reunited to play some sporadic shows. In 2014 the band officially reunited and recorded an EP with two new songs ''We're Back'' and ''Dawn of a New Sun'' to give fans a taste of what will come on the new album that will be released later this year. 2) Tuatha de Danann is also a French coldwave band active in the late 80', that has released a tape called Eclectique and several other songs appearing on various coldwave compilations. Read more on Last.fm. User-contributed text is available under the Creative Commons By-SA License; additional terms may apply.",Spellboundance,Unknown,https://www.youtube.com/watch?v=ar9oEVGtjWw&pp=ygUfVHVhdGhhIGRlIERhbmFubiBTcGVsbGJvdW5kYW5jZdIHCQl-CQGHKiGM7w%3D%3D
Tuatha de Danann,https://lastfm.freetls.fastly.net/i/u/300x300/fad8e6cb858743e7c35f7dcde57580a9.jpg,Tuatha de Danann,1999-01-01,"Tùatha dé Danann is a brazilian folk metal band: The band comes from the city of Varginha, Minas Gerais, Brazil, which is an important historical region because of the fight against the Imperial domination for Brazil's independence. And the violinist comes from Curitiba city, state of Paraná. The band's first name was Pendragon, and they began their activities 1995 intending to do a different kind of music, with no comparison in the scene, mixing Heavy Metal with the Celtic and medieval music. Their first demo tape was released in 1996, named ""The Last Pendragon"", and this work got very good reviews in the specialized media, mainly because of the unique sonority. Afterwards they changed the band name to Tùatha dé Danann, which was perfect to represent their thematic proposal. The name comes from the Celtic mythology; it means ""People of the Goddess Danu"". The Tùatha dé Danann were one of the mythical races that settled in Ireland before the arrival of the Milesians, the ancestors of modern Gaels. The Dananns were descendants of the goddess Danu. The Tùatha dé Dananns were a race of deities as well as race of heroes. They were skilled in art and science, poetry and magic. In the year of 1998 Tùatha dé Danann recorded the second demo ""Faeryage"", totally dived into the magic and beauty of the Celtic music, including instruments like flutes, violins, viols and mandolins, but supported by a heavy sound. ""Faeryage"" impressed everybody, pleasing the audiences and the specialized media. As a result the band signed their first contract with the record label ""Heavy Metal Rock"". By the end of 1999, was released the EP ""Tùatha dé Danann"" with four new songs plus ""Faeryage"" as bonus track. This material kept the same characteristic with the magic beauty of the Celtic and medieval music mixed to the Metal style, with melodic and guttural vocals side by side, added to the sound of flutes and a lot of delirium. This EP brought a great recognition to Tùatha dé Danann in the whole country. Finally, 2001, in October, the 'debut' CD comes out. Entitled ""TingaralatingaDun"", this album is an invitation to the total delirium in the land of the magic, where all the elements of the nature walk hand in hand. Presenting ten previously un-released songs, recorded with a great production job, ""TingaralatingaDun"" is plenty of sounds of flutes, mandolins, violins, and guiding wonderful trips to the Celtic world, also referred as subject in the lyrics. The album conquered more fans and again the specialized media. The popularity arrived, and so the invitation for presentations in several festival and venues around the whole country, placing Tùatha dé Danann in a prominence position. The CD was licensed for France, Russia, and other countries, and tends a great acceptance of the European public. In the same period the band took part in one of the most important projects of the Brazilian Metallic scene, the thematic album ""William Shakespeares Hamlet"", recording the song ""The Last Words"". Once again Tuatha de Danann could show their essence in a singular way. The year 2002 is marked by the release of the EP ""The Delirium Has Just Began"" a kind of experimental work that was also released in France, obtaining an excellent acceptance with the public and the media. In 2004 the label record Paradoxx Music released their new work, the album ""Trova di Danú"". Tùatha dé Danann remained based in their strong influences of Celtic and folk music, what forged their personalized style, with the combination of Rock-Heavy Metal. Once more, with the use of instruments not commonly played in rock music, such as violins, viols, flutes, bagpipes, harmonicas, they made a trip through the world of pure feeling and magic music. Free from any kind of labels, they are just Tuatha de Danann. In 2008 Martin Walkyier (ex Skyclad vocalist and ex Sabbat ) played on a Brazilian Tour with Tuatha de Dannan Skyclads songs but in 2011 the band ended its activities, then since 2012 they reunited to play some sporadic shows. In 2014 the band officially reunited and recorded an EP with two new songs ''We're Back'' and ''Dawn of a New Sun'' to give fans a taste of what will come on the new album that will be released later this year. 2) Tuatha de Danann is also a French coldwave band active in the late 80', that has released a tape called Eclectique and several other songs appearing on various coldwave compilations. Read more on Last.fm. User-contributed text is available under the Creative Commons By-SA License; additional terms may apply.",Beltane,Unknown,https://www.youtube.com/watch?v=3_pP7jtfVMw&pp=ygUYVHVhdGhhIGRlIERhbmFubiBCZWx0YW5l
The Plan,https://lastfm.freetls.fastly.net/i/u/300x300/b639f1fab1d547bdb91b5679a4cfe378.jpg,Tubeway Army,1984-01-01,"After a couple lineup shuffles, Tubeway Army -- Gary Numan (aka Valeriun), Paul Gardiner (aka Scarlett), and Numan's uncle Jess Lidyard (aka Rael) -- debuted in February of 1978 with ""That's Too Bad"" on Beggars Banquet, a furious fusion of punk and pop, but darkly cold and clinical. During a studio session a few months later, Numan began fiddling with a mini-Moog synthesizer that remained from another band's recording stint. Instantly falling in love with the instrument's capabilities, he decided that he would use synths to achieve the sounds he heard in his imagination. Though he fought the temptation to associate synths with prog rock, he felt they would help distance the band from the limitations and clichés of punk. Numan and his mates were influenced by Bowie and T. Rex as much as J.G. Ballard and William S. Burroughs (as well as being inspired later on by contemporaries Ultravox and the Human League), so the band's extraction from punk wasn't surprising at all.
After releasing their stellar eponymous record later in 1978, Tubeway Army cut a session for BBC's John Peel. Two more singles followed early in 1979, garnering the band further chart success and increased exposure, especially for Numan. The band's second LP, Replicas, was released in June. Since Tubeway Army had increasingly become the sole vision of Numan, this moniker was abandoned, and Replicas was the last release to feature the name. Lidyard, who had pretty much been involved out of necessity, removed himself from the scene, and Gardiner continued for a while with Numan, also lending duties with his live band.  ""Cars,"" the first release as Gary Numan (only two months after Replicas), was an instant hit and became one of the songs most synonymous with the '80s. Numan continued on his own, establishing himself as a prolific cult artist (with a rabid following) throughout the next decades, and become one of the most important figures in the history of electronic pop. ~ Andy Kellman",That's Too Bad (single version),Unknown,https://www.youtube.com/watch?v=KufJWx34G9c&pp=ygUpVHViZXdheSBBcm15IFRoYXRzIFRvbyBCYWQgc2luZ2xlIHZlcnNpb24%3D
Replicas,https://lastfm.freetls.fastly.net/i/u/300x300/87add6d838e9b35309f6ca965e480660.png,Tubeway Army,1979-04-01,"After a couple lineup shuffles, Tubeway Army -- Gary Numan (aka Valeriun), Paul Gardiner (aka Scarlett), and Numan's uncle Jess Lidyard (aka Rael) -- debuted in February of 1978 with ""That's Too Bad"" on Beggars Banquet, a furious fusion of punk and pop, but darkly cold and clinical. During a studio session a few months later, Numan began fiddling with a mini-Moog synthesizer that remained from another band's recording stint. Instantly falling in love with the instrument's capabilities, he decided that he would use synths to achieve the sounds he heard in his imagination. Though he fought the temptation to associate synths with prog rock, he felt they would help distance the band from the limitations and clichés of punk. Numan and his mates were influenced by Bowie and T. Rex as much as J.G. Ballard and William S. Burroughs (as well as being inspired later on by contemporaries Ultravox and the Human League), so the band's extraction from punk wasn't surprising at all.
After releasing their stellar eponymous record later in 1978, Tubeway Army cut a session for BBC's John Peel. Two more singles followed early in 1979, garnering the band further chart success and increased exposure, especially for Numan. The band's second LP, Replicas, was released in June. Since Tubeway Army had increasingly become the sole vision of Numan, this moniker was abandoned, and Replicas was the last release to feature the name. Lidyard, who had pretty much been involved out of necessity, removed himself from the scene, and Gardiner continued for a while with Numan, also lending duties with his live band.  ""Cars,"" the first release as Gary Numan (only two months after Replicas), was an instant hit and became one of the songs most synonymous with the '80s. Numan continued on his own, establishing himself as a prolific cult artist (with a rabid following) throughout the next decades, and become one of the most important figures in the history of electronic pop. ~ Andy Kellman",Me! I Disconnect From You,Unknown,https://www.youtube.com/watch?v=6SCrfZPMeWg&pp=ygUoVHViZXdheSBBcm15IC0gTWUhIEkgRGlzY29ubmVjdCBGcm9tIFlvdQ%3D%3D
Replicas,https://lastfm.freetls.fastly.net/i/u/300x300/87add6d838e9b35309f6ca965e480660.png,Tubeway Army,1979-04-01,"After a couple lineup shuffles, Tubeway Army -- Gary Numan (aka Valeriun), Paul Gardiner (aka Scarlett), and Numan's uncle Jess Lidyard (aka Rael) -- debuted in February of 1978 with ""That's Too Bad"" on Beggars Banquet, a furious fusion of punk and pop, but darkly cold and clinical. During a studio session a few months later, Numan began fiddling with a mini-Moog synthesizer that remained from another band's recording stint. Instantly falling in love with the instrument's capabilities, he decided that he would use synths to achieve the sounds he heard in his imagination. Though he fought the temptation to associate synths with prog rock, he felt they would help distance the band from the limitations and clichés of punk. Numan and his mates were influenced by Bowie and T. Rex as much as J.G. Ballard and William S. Burroughs (as well as being inspired later on by contemporaries Ultravox and the Human League), so the band's extraction from punk wasn't surprising at all.
After releasing their stellar eponymous record later in 1978, Tubeway Army cut a session for BBC's John Peel. Two more singles followed early in 1979, garnering the band further chart success and increased exposure, especially for Numan. The band's second LP, Replicas, was released in June. Since Tubeway Army had increasingly become the sole vision of Numan, this moniker was abandoned, and Replicas was the last release to feature the name. Lidyard, who had pretty much been involved out of necessity, removed himself from the scene, and Gardiner continued for a while with Numan, also lending duties with his live band.  ""Cars,"" the first release as Gary Numan (only two months after Replicas), was an instant hit and became one of the songs most synonymous with the '80s. Numan continued on his own, establishing himself as a prolific cult artist (with a rabid following) throughout the next decades, and become one of the most important figures in the history of electronic pop. ~ Andy Kellman",Down in the Park,Unknown,https://www.youtube.com/watch?v=9GQS-iFCzus&pp=ygUfVHViZXdheSBBcm15IC0gRG93biBpbiB0aGUgUGFyaw%3D%3D
Replicas,https://lastfm.freetls.fastly.net/i/u/300x300/87add6d838e9b35309f6ca965e480660.png,Tubeway Army,1979-04-01,"After a couple lineup shuffles, Tubeway Army -- Gary Numan (aka Valeriun), Paul Gardiner (aka Scarlett), and Numan's uncle Jess Lidyard (aka Rael) -- debuted in February of 1978 with ""That's Too Bad"" on Beggars Banquet, a furious fusion of punk and pop, but darkly cold and clinical. During a studio session a few months later, Numan began fiddling with a mini-Moog synthesizer that remained from another band's recording stint. Instantly falling in love with the instrument's capabilities, he decided that he would use synths to achieve the sounds he heard in his imagination. Though he fought the temptation to associate synths with prog rock, he felt they would help distance the band from the limitations and clichés of punk. Numan and his mates were influenced by Bowie and T. Rex as much as J.G. Ballard and William S. Burroughs (as well as being inspired later on by contemporaries Ultravox and the Human League), so the band's extraction from punk wasn't surprising at all.
After releasing their stellar eponymous record later in 1978, Tubeway Army cut a session for BBC's John Peel. Two more singles followed early in 1979, garnering the band further chart success and increased exposure, especially for Numan. The band's second LP, Replicas, was released in June. Since Tubeway Army had increasingly become the sole vision of Numan, this moniker was abandoned, and Replicas was the last release to feature the name. Lidyard, who had pretty much been involved out of necessity, removed himself from the scene, and Gardiner continued for a while with Numan, also lending duties with his live band.  ""Cars,"" the first release as Gary Numan (only two months after Replicas), was an instant hit and became one of the songs most synonymous with the '80s. Numan continued on his own, establishing himself as a prolific cult artist (with a rabid following) throughout the next decades, and become one of the most important figures in the history of electronic pop. ~ Andy Kellman",You Are in My Vision,Unknown,https://www.youtube.com/watch?v=Zc-SUX5FDIo&pp=ygUhVHViZXdheSBBcm15IFlvdSBBcmUgaW4gTXkgVmlzaW9u
Thee Black Boltz,https://lastfm.freetls.fastly.net/i/u/300x300/8ae547448975736f8c5b4fbe7aab3d50.png,Tunde Adebimpe,2025-04-18,"Babatunde Adebimpe is the lead singer of tv on the radio. He is multi-talented, and has starred in a couple of films and animated for MTV's Celebrity Deathmatch. He also directs music-videos with his friends at his animation company studio Iodyne. Read more on Last.fm. User-contributed text is available under the Creative Commons By-SA License; additional terms may apply.",Magnetic,Unknown,https://www.youtube.com/watch?v=WWiGeU1WPW8&pp=ygUXVHVuZGUgQWRlYmltcGUgTWFnbmV0aWM%3D
Thee Black Boltz,https://lastfm.freetls.fastly.net/i/u/300x300/8ae547448975736f8c5b4fbe7aab3d50.png,Tunde Adebimpe,2025-04-18,"Babatunde Adebimpe is the lead singer of tv on the radio. He is multi-talented, and has starred in a couple of films and animated for MTV's Celebrity Deathmatch. He also directs music-videos with his friends at his animation company studio Iodyne. Read more on Last.fm. User-contributed text is available under the Creative Commons By-SA License; additional terms may apply.",Ate the Moon,Unknown,https://www.youtube.com/watch?v=KrvGkptEyZw&pp=ygUdVHVuZGUgQWRlYmltcGUgLSBBdGUgdGhlIE1vb24%3D
Thee Black Boltz,https://lastfm.freetls.fastly.net/i/u/300x300/8ae547448975736f8c5b4fbe7aab3d50.png,Tunde Adebimpe,2025-04-18,"Babatunde Adebimpe is the lead singer of tv on the radio. He is multi-talented, and has starred in a couple of films and animated for MTV's Celebrity Deathmatch. He also directs music-videos with his friends at his animation company studio Iodyne. Read more on Last.fm. User-contributed text is available under the Creative Commons By-SA License; additional terms may apply.",Pinstack,Unknown,https://www.youtube.com/watch?v=-DLDqxq4liE&pp=ygUZVHVuZGUgQWRlYmltcGUgLSBQaW5zdGFjaw%3D%3D
Thee Black Boltz,https://lastfm.freetls.fastly.net/i/u/300x300/8ae547448975736f8c5b4fbe7aab3d50.png,Tunde Adebimpe,2025-04-18,"Babatunde Adebimpe is the lead singer of tv on the radio. He is multi-talented, and has starred in a couple of films and animated for MTV's Celebrity Deathmatch. He also directs music-videos with his friends at his animation company studio Iodyne. Read more on Last.fm. User-contributed text is available under the Creative Commons By-SA License; additional terms may apply.",Drop,Unknown,https://www.youtube.com/watch?v=BgF8BiPXQDA&pp=ygUTVHVuZGUgQWRlYmltcGUgRHJvcA%3D%3D
Thee Black Boltz,https://lastfm.freetls.fastly.net/i/u/300x300/8ae547448975736f8c5b4fbe7aab3d50.png,Tunde Adebimpe,2025-04-18,"Babatunde Adebimpe is the lead singer of tv on the radio. He is multi-talented, and has starred in a couple of films and animated for MTV's Celebrity Deathmatch. He also directs music-videos with his friends at his animation company studio Iodyne. Read more on Last.fm. User-contributed text is available under the Creative Commons By-SA License; additional terms may apply.",Ily,Unknown,https://www.youtube.com/watch?v=C9QywBoFBvE&pp=ygUUVHVuZGUgQWRlYmltcGUgLSBJbHk%3D
Thee Black Boltz,https://lastfm.freetls.fastly.net/i/u/300x300/8ae547448975736f8c5b4fbe7aab3d50.png,Tunde Adebimpe,2025-04-18,"Babatunde Adebimpe is the lead singer of tv on the radio. He is multi-talented, and has starred in a couple of films and animated for MTV's Celebrity Deathmatch. He also directs music-videos with his friends at his animation company studio Iodyne. Read more on Last.fm. User-contributed text is available under the Creative Commons By-SA License; additional terms may apply.",The Most,Unknown,https://www.youtube.com/watch?v=JXx1fVXCTQo&pp=ygUZVHVuZGUgQWRlYmltcGUgLSBUaGUgTW9zdA%3D%3D
Thee Black Boltz,https://lastfm.freetls.fastly.net/i/u/300x300/8ae547448975736f8c5b4fbe7aab3d50.png,Tunde Adebimpe,2025-04-18,"Babatunde Adebimpe is the lead singer of tv on the radio. He is multi-talented, and has starred in a couple of films and animated for MTV's Celebrity Deathmatch. He also directs music-videos with his friends at his animation company studio Iodyne. Read more on Last.fm. User-contributed text is available under the Creative Commons By-SA License; additional terms may apply.",God Knows,Unknown,https://www.youtube.com/watch?v=jQj3tN88ksM&pp=ygUYVHVuZGUgQWRlYmltcGUgR29kIEtub3dz0gcJCX4JAYcqIYzv
Thee Black Boltz,https://lastfm.freetls.fastly.net/i/u/300x300/8ae547448975736f8c5b4fbe7aab3d50.png,Tunde Adebimpe,2025-04-18,"Babatunde Adebimpe is the lead singer of tv on the radio. He is multi-talented, and has starred in a couple of films and animated for MTV's Celebrity Deathmatch. He also directs music-videos with his friends at his animation company studio Iodyne. Read more on Last.fm. User-contributed text is available under the Creative Commons By-SA License; additional terms may apply.",Blue,Unknown,https://www.youtube.com/watch?v=iFBDOjQlunE&pp=ygUVVHVuZGUgQWRlYmltcGUgLSBCbHVl
Thee Black Boltz,https://lastfm.freetls.fastly.net/i/u/300x300/8ae547448975736f8c5b4fbe7aab3d50.png,Tunde Adebimpe,2025-04-18,"Babatunde Adebimpe is the lead singer of tv on the radio. He is multi-talented, and has starred in a couple of films and animated for MTV's Celebrity Deathmatch. He also directs music-videos with his friends at his animation company studio Iodyne. Read more on Last.fm. User-contributed text is available under the Creative Commons By-SA License; additional terms may apply.",Somebody New,Unknown,https://www.youtube.com/watch?v=Z_ilbTU5zGQ&pp=ygUbVHVuZGUgQWRlYmltcGUgU29tZWJvZHkgTmV3
Thee Black Boltz,https://lastfm.freetls.fastly.net/i/u/300x300/8ae547448975736f8c5b4fbe7aab3d50.png,Tunde Adebimpe,2025-04-18,"Babatunde Adebimpe is the lead singer of tv on the radio. He is multi-talented, and has starred in a couple of films and animated for MTV's Celebrity Deathmatch. He also directs music-videos with his friends at his animation company studio Iodyne. Read more on Last.fm. User-contributed text is available under the Creative Commons By-SA License; additional terms may apply.",Streetlight Nuevo,Unknown,https://www.youtube.com/watch?v=UxGhMeT62pE&pp=ygUiVHVuZGUgQWRlYmltcGUgLSBTdHJlZXRsaWdodCBOdWV2bw%3D%3D
Better Dreaming,https://lastfm.freetls.fastly.net/i/u/300x300/5808b8b7c43dc086b744ce16490dd7a9.png,tUnE-yArDs,2025-05-16,"The duo of Merill Garbus and Nate Brenner, tUnE-yArDs combines soulful vocals, unusual percussion, and trenchant social commentary into uniquely vibrant music. Starting with the raw collages of 2009's self-released BiRd-BrAiNs, the project immediately attracted attention for its impassioned sound and viewpoint. Though Garbus and Brenner polished their music slightly on albums such as 2014's Nikki Nack, the combination of their explorations of complex issues like race, gender, and privilege with bold song forms indebted to playground chants, work songs, and non-Western musical traditions remained as distinctive and acclaimed as ever. The duo took a more reflective, electronic-based approach on 2017's i can feel you creep into my private life, but by the time of 2021's Sketchy., Brenner and Garbus combined more personal songwriting with the anthemic, kinetic style of tUnE-yArDs' earlier work.
Born in New York City and raised there and in Connecticut, Garbus had an eclectic creative background. She spent some time as a puppeteer at Vermont's Sandglass Theater and also played ukulele in the Montreal-based band Sister Suvi. She began writing and performing under the tUnE-yArDs moniker in 2006, using a digital voice recorder and shareware mixing software to assemble her first songs. It took Garbus two years to craft her debut album, BiRd-BrAiNs, which she offered on cassette and as a pay-what-you-want download on the tUnE-yArDs website. Thanks to frequent touring with artists like Thao and positive buzz from music blogs, the album became a cult favorite. In June 2009, Marriage Records released the album on cassette; that August, 4AD reissued it in a special screen-printed version before distributing a CD version of BiRd-BrAiNs in November that coincided with a tour opening for the Dirty Projectors.
Following BiRd-BrAiNs' release, Garbus moved to Oakland, California. In 2010, tUnE-yArDs appeared on Citay's Dream Get Together. During this time, Garbus worked on the project's second album with bassist Nate Brenner, who became her creative and life partner. Brenner co-wrote some of the songs on April 2011's W H O K I L L, which the pair recorded at Oakland's New, Improved Studios with engineer Eli Crews. Boasting a more polished sound as well as more honed societal commentary, the album earned widespread critical acclaim and topped The Village Voice's annual Pazz and Jop poll of music critics. W H O K I L L fared well on the charts, reaching number 17 on the U.K. Independent Albums Chart and number eight on Billboard's Heatseekers Albums chart in the U.S. Also in 2011, tUnE-yArDs appeared on Afuche's album Highly Publicized Digital Boxing Match and produced Thao & Mirah's self-titled collaboration. The following year brought collaborations with Elephant & Castle and the Preservation Hall Jazz Band, as well as a cover of Fela Kuti's ""Lady"" that also featured Questlove, Akua Naru, and Angelique Kidjo, and appeared on the Red Hot Organization's second tribute to the Afrobeat innovator, Red Hot + Fela.
Early in 2013, Garbus and Brenner returned with tUnE-yArDs as Yoko, a single that saw them covering and remixing two of Yoko Ono's songs to benefit the Rockaway Waterfront Alliance, one of the charities helping those affected by Hurricane Sandy. Later in the year, they worked with the Blind Boys of Alabama on their album I'll Find a Way and lent their production skills to a pair of songs on Latryx's The Second Album. When Garbus and Brenner started work on tUnE-yArDs' third album, a trip to Haiti provided inspiration, while collaborations with producers Malay and John Hill -- known for their work with Big Boi and M.I.A., among others -- and Roomful of Teeth gave May 2014's Nikki Nack an even more eclectic and accessible feel. The album peaked at number 11 on the U.K. Independent Albums chart; in the States, it hit number four on Billboard's Independent Albums chart.
Prior to the release of tUnE-yArDs' fourth album, Garbus produced a pair of 2016 albums: Thao & the Get Down Stay Down's A Man Alive and Sonny & the Sunsets' Moods Baby Moods. She also curated C.L.A.W., a Red Bull Radio show featuring music from female-identifying artists, and had a weekly DJ set at an Oakland, California bar. Her DJ sets, as well as electronic, Haitian, and Kenyan influences informed January 2018's i can feel you creep into my private life. Reaching number ten on the U.K.'s Independent Albums chart and number 11 on the Independent Albums chart in the U.S, the album was co-written and co-produced by Garbus and Brenner and found them streamlining their music while tackling complicated issues in their lyrics. That year, tUnE-yArDs also provided the score to Boots Riley's acclaimed satire Sorry to Bother You. Following an appearance on Battles' 2019 album Juice B Crypts, Garbus and Brenner set to work on the project's fifth album. The duo favored live instruments instead of electronics, jammed for hours, and drew inspiration from Beastie Boys Book and Questlove's Creative Quest. The results were March 2021's Sketchy., which built on the introspective feel of private life with a more energetic approach reminiscent of tUnE-yArDs' earlier albums. ~ Heather Phares",Swarm,Unknown,https://www.youtube.com/watch?v=GoZ18fi4EjA&pp=ygUSdFVuRS15QXJEcyAtIFN3YXJt
Better Dreaming,https://lastfm.freetls.fastly.net/i/u/300x300/5808b8b7c43dc086b744ce16490dd7a9.png,tUnE-yArDs,2025-05-16,"The duo of Merill Garbus and Nate Brenner, tUnE-yArDs combines soulful vocals, unusual percussion, and trenchant social commentary into uniquely vibrant music. Starting with the raw collages of 2009's self-released BiRd-BrAiNs, the project immediately attracted attention for its impassioned sound and viewpoint. Though Garbus and Brenner polished their music slightly on albums such as 2014's Nikki Nack, the combination of their explorations of complex issues like race, gender, and privilege with bold song forms indebted to playground chants, work songs, and non-Western musical traditions remained as distinctive and acclaimed as ever. The duo took a more reflective, electronic-based approach on 2017's i can feel you creep into my private life, but by the time of 2021's Sketchy., Brenner and Garbus combined more personal songwriting with the anthemic, kinetic style of tUnE-yArDs' earlier work.
Born in New York City and raised there and in Connecticut, Garbus had an eclectic creative background. She spent some time as a puppeteer at Vermont's Sandglass Theater and also played ukulele in the Montreal-based band Sister Suvi. She began writing and performing under the tUnE-yArDs moniker in 2006, using a digital voice recorder and shareware mixing software to assemble her first songs. It took Garbus two years to craft her debut album, BiRd-BrAiNs, which she offered on cassette and as a pay-what-you-want download on the tUnE-yArDs website. Thanks to frequent touring with artists like Thao and positive buzz from music blogs, the album became a cult favorite. In June 2009, Marriage Records released the album on cassette; that August, 4AD reissued it in a special screen-printed version before distributing a CD version of BiRd-BrAiNs in November that coincided with a tour opening for the Dirty Projectors.
Following BiRd-BrAiNs' release, Garbus moved to Oakland, California. In 2010, tUnE-yArDs appeared on Citay's Dream Get Together. During this time, Garbus worked on the project's second album with bassist Nate Brenner, who became her creative and life partner. Brenner co-wrote some of the songs on April 2011's W H O K I L L, which the pair recorded at Oakland's New, Improved Studios with engineer Eli Crews. Boasting a more polished sound as well as more honed societal commentary, the album earned widespread critical acclaim and topped The Village Voice's annual Pazz and Jop poll of music critics. W H O K I L L fared well on the charts, reaching number 17 on the U.K. Independent Albums Chart and number eight on Billboard's Heatseekers Albums chart in the U.S. Also in 2011, tUnE-yArDs appeared on Afuche's album Highly Publicized Digital Boxing Match and produced Thao & Mirah's self-titled collaboration. The following year brought collaborations with Elephant & Castle and the Preservation Hall Jazz Band, as well as a cover of Fela Kuti's ""Lady"" that also featured Questlove, Akua Naru, and Angelique Kidjo, and appeared on the Red Hot Organization's second tribute to the Afrobeat innovator, Red Hot + Fela.
Early in 2013, Garbus and Brenner returned with tUnE-yArDs as Yoko, a single that saw them covering and remixing two of Yoko Ono's songs to benefit the Rockaway Waterfront Alliance, one of the charities helping those affected by Hurricane Sandy. Later in the year, they worked with the Blind Boys of Alabama on their album I'll Find a Way and lent their production skills to a pair of songs on Latryx's The Second Album. When Garbus and Brenner started work on tUnE-yArDs' third album, a trip to Haiti provided inspiration, while collaborations with producers Malay and John Hill -- known for their work with Big Boi and M.I.A., among others -- and Roomful of Teeth gave May 2014's Nikki Nack an even more eclectic and accessible feel. The album peaked at number 11 on the U.K. Independent Albums chart; in the States, it hit number four on Billboard's Independent Albums chart.
Prior to the release of tUnE-yArDs' fourth album, Garbus produced a pair of 2016 albums: Thao & the Get Down Stay Down's A Man Alive and Sonny & the Sunsets' Moods Baby Moods. She also curated C.L.A.W., a Red Bull Radio show featuring music from female-identifying artists, and had a weekly DJ set at an Oakland, California bar. Her DJ sets, as well as electronic, Haitian, and Kenyan influences informed January 2018's i can feel you creep into my private life. Reaching number ten on the U.K.'s Independent Albums chart and number 11 on the Independent Albums chart in the U.S, the album was co-written and co-produced by Garbus and Brenner and found them streamlining their music while tackling complicated issues in their lyrics. That year, tUnE-yArDs also provided the score to Boots Riley's acclaimed satire Sorry to Bother You. Following an appearance on Battles' 2019 album Juice B Crypts, Garbus and Brenner set to work on the project's fifth album. The duo favored live instruments instead of electronics, jammed for hours, and drew inspiration from Beastie Boys Book and Questlove's Creative Quest. The results were March 2021's Sketchy., which built on the introspective feel of private life with a more energetic approach reminiscent of tUnE-yArDs' earlier albums. ~ Heather Phares",Never Look Back,Unknown,https://www.youtube.com/watch?v=1JJX7dflF6E&pp=ygUcdFVuRS15QXJEcyAtIE5ldmVyIExvb2sgQmFjaw%3D%3D
Better Dreaming,https://lastfm.freetls.fastly.net/i/u/300x300/5808b8b7c43dc086b744ce16490dd7a9.png,tUnE-yArDs,2025-05-16,"The duo of Merill Garbus and Nate Brenner, tUnE-yArDs combines soulful vocals, unusual percussion, and trenchant social commentary into uniquely vibrant music. Starting with the raw collages of 2009's self-released BiRd-BrAiNs, the project immediately attracted attention for its impassioned sound and viewpoint. Though Garbus and Brenner polished their music slightly on albums such as 2014's Nikki Nack, the combination of their explorations of complex issues like race, gender, and privilege with bold song forms indebted to playground chants, work songs, and non-Western musical traditions remained as distinctive and acclaimed as ever. The duo took a more reflective, electronic-based approach on 2017's i can feel you creep into my private life, but by the time of 2021's Sketchy., Brenner and Garbus combined more personal songwriting with the anthemic, kinetic style of tUnE-yArDs' earlier work.
Born in New York City and raised there and in Connecticut, Garbus had an eclectic creative background. She spent some time as a puppeteer at Vermont's Sandglass Theater and also played ukulele in the Montreal-based band Sister Suvi. She began writing and performing under the tUnE-yArDs moniker in 2006, using a digital voice recorder and shareware mixing software to assemble her first songs. It took Garbus two years to craft her debut album, BiRd-BrAiNs, which she offered on cassette and as a pay-what-you-want download on the tUnE-yArDs website. Thanks to frequent touring with artists like Thao and positive buzz from music blogs, the album became a cult favorite. In June 2009, Marriage Records released the album on cassette; that August, 4AD reissued it in a special screen-printed version before distributing a CD version of BiRd-BrAiNs in November that coincided with a tour opening for the Dirty Projectors.
Following BiRd-BrAiNs' release, Garbus moved to Oakland, California. In 2010, tUnE-yArDs appeared on Citay's Dream Get Together. During this time, Garbus worked on the project's second album with bassist Nate Brenner, who became her creative and life partner. Brenner co-wrote some of the songs on April 2011's W H O K I L L, which the pair recorded at Oakland's New, Improved Studios with engineer Eli Crews. Boasting a more polished sound as well as more honed societal commentary, the album earned widespread critical acclaim and topped The Village Voice's annual Pazz and Jop poll of music critics. W H O K I L L fared well on the charts, reaching number 17 on the U.K. Independent Albums Chart and number eight on Billboard's Heatseekers Albums chart in the U.S. Also in 2011, tUnE-yArDs appeared on Afuche's album Highly Publicized Digital Boxing Match and produced Thao & Mirah's self-titled collaboration. The following year brought collaborations with Elephant & Castle and the Preservation Hall Jazz Band, as well as a cover of Fela Kuti's ""Lady"" that also featured Questlove, Akua Naru, and Angelique Kidjo, and appeared on the Red Hot Organization's second tribute to the Afrobeat innovator, Red Hot + Fela.
Early in 2013, Garbus and Brenner returned with tUnE-yArDs as Yoko, a single that saw them covering and remixing two of Yoko Ono's songs to benefit the Rockaway Waterfront Alliance, one of the charities helping those affected by Hurricane Sandy. Later in the year, they worked with the Blind Boys of Alabama on their album I'll Find a Way and lent their production skills to a pair of songs on Latryx's The Second Album. When Garbus and Brenner started work on tUnE-yArDs' third album, a trip to Haiti provided inspiration, while collaborations with producers Malay and John Hill -- known for their work with Big Boi and M.I.A., among others -- and Roomful of Teeth gave May 2014's Nikki Nack an even more eclectic and accessible feel. The album peaked at number 11 on the U.K. Independent Albums chart; in the States, it hit number four on Billboard's Independent Albums chart.
Prior to the release of tUnE-yArDs' fourth album, Garbus produced a pair of 2016 albums: Thao & the Get Down Stay Down's A Man Alive and Sonny & the Sunsets' Moods Baby Moods. She also curated C.L.A.W., a Red Bull Radio show featuring music from female-identifying artists, and had a weekly DJ set at an Oakland, California bar. Her DJ sets, as well as electronic, Haitian, and Kenyan influences informed January 2018's i can feel you creep into my private life. Reaching number ten on the U.K.'s Independent Albums chart and number 11 on the Independent Albums chart in the U.S, the album was co-written and co-produced by Garbus and Brenner and found them streamlining their music while tackling complicated issues in their lyrics. That year, tUnE-yArDs also provided the score to Boots Riley's acclaimed satire Sorry to Bother You. Following an appearance on Battles' 2019 album Juice B Crypts, Garbus and Brenner set to work on the project's fifth album. The duo favored live instruments instead of electronics, jammed for hours, and drew inspiration from Beastie Boys Book and Questlove's Creative Quest. The results were March 2021's Sketchy., which built on the introspective feel of private life with a more energetic approach reminiscent of tUnE-yArDs' earlier albums. ~ Heather Phares",Suspended,Unknown,https://www.youtube.com/watch?v=ifpub5csUXI&pp=ygUWdFVuRS15QXJEcyAtIFN1c3BlbmRlZA%3D%3D
Better Dreaming,https://lastfm.freetls.fastly.net/i/u/300x300/5808b8b7c43dc086b744ce16490dd7a9.png,tUnE-yArDs,2025-05-16,"The duo of Merill Garbus and Nate Brenner, tUnE-yArDs combines soulful vocals, unusual percussion, and trenchant social commentary into uniquely vibrant music. Starting with the raw collages of 2009's self-released BiRd-BrAiNs, the project immediately attracted attention for its impassioned sound and viewpoint. Though Garbus and Brenner polished their music slightly on albums such as 2014's Nikki Nack, the combination of their explorations of complex issues like race, gender, and privilege with bold song forms indebted to playground chants, work songs, and non-Western musical traditions remained as distinctive and acclaimed as ever. The duo took a more reflective, electronic-based approach on 2017's i can feel you creep into my private life, but by the time of 2021's Sketchy., Brenner and Garbus combined more personal songwriting with the anthemic, kinetic style of tUnE-yArDs' earlier work.
Born in New York City and raised there and in Connecticut, Garbus had an eclectic creative background. She spent some time as a puppeteer at Vermont's Sandglass Theater and also played ukulele in the Montreal-based band Sister Suvi. She began writing and performing under the tUnE-yArDs moniker in 2006, using a digital voice recorder and shareware mixing software to assemble her first songs. It took Garbus two years to craft her debut album, BiRd-BrAiNs, which she offered on cassette and as a pay-what-you-want download on the tUnE-yArDs website. Thanks to frequent touring with artists like Thao and positive buzz from music blogs, the album became a cult favorite. In June 2009, Marriage Records released the album on cassette; that August, 4AD reissued it in a special screen-printed version before distributing a CD version of BiRd-BrAiNs in November that coincided with a tour opening for the Dirty Projectors.
Following BiRd-BrAiNs' release, Garbus moved to Oakland, California. In 2010, tUnE-yArDs appeared on Citay's Dream Get Together. During this time, Garbus worked on the project's second album with bassist Nate Brenner, who became her creative and life partner. Brenner co-wrote some of the songs on April 2011's W H O K I L L, which the pair recorded at Oakland's New, Improved Studios with engineer Eli Crews. Boasting a more polished sound as well as more honed societal commentary, the album earned widespread critical acclaim and topped The Village Voice's annual Pazz and Jop poll of music critics. W H O K I L L fared well on the charts, reaching number 17 on the U.K. Independent Albums Chart and number eight on Billboard's Heatseekers Albums chart in the U.S. Also in 2011, tUnE-yArDs appeared on Afuche's album Highly Publicized Digital Boxing Match and produced Thao & Mirah's self-titled collaboration. The following year brought collaborations with Elephant & Castle and the Preservation Hall Jazz Band, as well as a cover of Fela Kuti's ""Lady"" that also featured Questlove, Akua Naru, and Angelique Kidjo, and appeared on the Red Hot Organization's second tribute to the Afrobeat innovator, Red Hot + Fela.
Early in 2013, Garbus and Brenner returned with tUnE-yArDs as Yoko, a single that saw them covering and remixing two of Yoko Ono's songs to benefit the Rockaway Waterfront Alliance, one of the charities helping those affected by Hurricane Sandy. Later in the year, they worked with the Blind Boys of Alabama on their album I'll Find a Way and lent their production skills to a pair of songs on Latryx's The Second Album. When Garbus and Brenner started work on tUnE-yArDs' third album, a trip to Haiti provided inspiration, while collaborations with producers Malay and John Hill -- known for their work with Big Boi and M.I.A., among others -- and Roomful of Teeth gave May 2014's Nikki Nack an even more eclectic and accessible feel. The album peaked at number 11 on the U.K. Independent Albums chart; in the States, it hit number four on Billboard's Independent Albums chart.
Prior to the release of tUnE-yArDs' fourth album, Garbus produced a pair of 2016 albums: Thao & the Get Down Stay Down's A Man Alive and Sonny & the Sunsets' Moods Baby Moods. She also curated C.L.A.W., a Red Bull Radio show featuring music from female-identifying artists, and had a weekly DJ set at an Oakland, California bar. Her DJ sets, as well as electronic, Haitian, and Kenyan influences informed January 2018's i can feel you creep into my private life. Reaching number ten on the U.K.'s Independent Albums chart and number 11 on the Independent Albums chart in the U.S, the album was co-written and co-produced by Garbus and Brenner and found them streamlining their music while tackling complicated issues in their lyrics. That year, tUnE-yArDs also provided the score to Boots Riley's acclaimed satire Sorry to Bother You. Following an appearance on Battles' 2019 album Juice B Crypts, Garbus and Brenner set to work on the project's fifth album. The duo favored live instruments instead of electronics, jammed for hours, and drew inspiration from Beastie Boys Book and Questlove's Creative Quest. The results were March 2021's Sketchy., which built on the introspective feel of private life with a more energetic approach reminiscent of tUnE-yArDs' earlier albums. ~ Heather Phares",Limelight,Unknown,https://www.youtube.com/watch?v=oU4wLkBnwIM&pp=ygUUdFVuRS15QXJEcyBMaW1lbGlnaHQ%3D
Better Dreaming,https://lastfm.freetls.fastly.net/i/u/300x300/5808b8b7c43dc086b744ce16490dd7a9.png,tUnE-yArDs,2025-05-16,"The duo of Merill Garbus and Nate Brenner, tUnE-yArDs combines soulful vocals, unusual percussion, and trenchant social commentary into uniquely vibrant music. Starting with the raw collages of 2009's self-released BiRd-BrAiNs, the project immediately attracted attention for its impassioned sound and viewpoint. Though Garbus and Brenner polished their music slightly on albums such as 2014's Nikki Nack, the combination of their explorations of complex issues like race, gender, and privilege with bold song forms indebted to playground chants, work songs, and non-Western musical traditions remained as distinctive and acclaimed as ever. The duo took a more reflective, electronic-based approach on 2017's i can feel you creep into my private life, but by the time of 2021's Sketchy., Brenner and Garbus combined more personal songwriting with the anthemic, kinetic style of tUnE-yArDs' earlier work.
Born in New York City and raised there and in Connecticut, Garbus had an eclectic creative background. She spent some time as a puppeteer at Vermont's Sandglass Theater and also played ukulele in the Montreal-based band Sister Suvi. She began writing and performing under the tUnE-yArDs moniker in 2006, using a digital voice recorder and shareware mixing software to assemble her first songs. It took Garbus two years to craft her debut album, BiRd-BrAiNs, which she offered on cassette and as a pay-what-you-want download on the tUnE-yArDs website. Thanks to frequent touring with artists like Thao and positive buzz from music blogs, the album became a cult favorite. In June 2009, Marriage Records released the album on cassette; that August, 4AD reissued it in a special screen-printed version before distributing a CD version of BiRd-BrAiNs in November that coincided with a tour opening for the Dirty Projectors.
Following BiRd-BrAiNs' release, Garbus moved to Oakland, California. In 2010, tUnE-yArDs appeared on Citay's Dream Get Together. During this time, Garbus worked on the project's second album with bassist Nate Brenner, who became her creative and life partner. Brenner co-wrote some of the songs on April 2011's W H O K I L L, which the pair recorded at Oakland's New, Improved Studios with engineer Eli Crews. Boasting a more polished sound as well as more honed societal commentary, the album earned widespread critical acclaim and topped The Village Voice's annual Pazz and Jop poll of music critics. W H O K I L L fared well on the charts, reaching number 17 on the U.K. Independent Albums Chart and number eight on Billboard's Heatseekers Albums chart in the U.S. Also in 2011, tUnE-yArDs appeared on Afuche's album Highly Publicized Digital Boxing Match and produced Thao & Mirah's self-titled collaboration. The following year brought collaborations with Elephant & Castle and the Preservation Hall Jazz Band, as well as a cover of Fela Kuti's ""Lady"" that also featured Questlove, Akua Naru, and Angelique Kidjo, and appeared on the Red Hot Organization's second tribute to the Afrobeat innovator, Red Hot + Fela.
Early in 2013, Garbus and Brenner returned with tUnE-yArDs as Yoko, a single that saw them covering and remixing two of Yoko Ono's songs to benefit the Rockaway Waterfront Alliance, one of the charities helping those affected by Hurricane Sandy. Later in the year, they worked with the Blind Boys of Alabama on their album I'll Find a Way and lent their production skills to a pair of songs on Latryx's The Second Album. When Garbus and Brenner started work on tUnE-yArDs' third album, a trip to Haiti provided inspiration, while collaborations with producers Malay and John Hill -- known for their work with Big Boi and M.I.A., among others -- and Roomful of Teeth gave May 2014's Nikki Nack an even more eclectic and accessible feel. The album peaked at number 11 on the U.K. Independent Albums chart; in the States, it hit number four on Billboard's Independent Albums chart.
Prior to the release of tUnE-yArDs' fourth album, Garbus produced a pair of 2016 albums: Thao & the Get Down Stay Down's A Man Alive and Sonny & the Sunsets' Moods Baby Moods. She also curated C.L.A.W., a Red Bull Radio show featuring music from female-identifying artists, and had a weekly DJ set at an Oakland, California bar. Her DJ sets, as well as electronic, Haitian, and Kenyan influences informed January 2018's i can feel you creep into my private life. Reaching number ten on the U.K.'s Independent Albums chart and number 11 on the Independent Albums chart in the U.S, the album was co-written and co-produced by Garbus and Brenner and found them streamlining their music while tackling complicated issues in their lyrics. That year, tUnE-yArDs also provided the score to Boots Riley's acclaimed satire Sorry to Bother You. Following an appearance on Battles' 2019 album Juice B Crypts, Garbus and Brenner set to work on the project's fifth album. The duo favored live instruments instead of electronics, jammed for hours, and drew inspiration from Beastie Boys Book and Questlove's Creative Quest. The results were March 2021's Sketchy., which built on the introspective feel of private life with a more energetic approach reminiscent of tUnE-yArDs' earlier albums. ~ Heather Phares",Get Through,Unknown,https://www.youtube.com/watch?v=WQZYcjfFVAs&pp=ygUYdFVuRS15QXJEcyAtIEdldCBUaHJvdWdo
Better Dreaming,https://lastfm.freetls.fastly.net/i/u/300x300/5808b8b7c43dc086b744ce16490dd7a9.png,tUnE-yArDs,2025-05-16,"The duo of Merill Garbus and Nate Brenner, tUnE-yArDs combines soulful vocals, unusual percussion, and trenchant social commentary into uniquely vibrant music. Starting with the raw collages of 2009's self-released BiRd-BrAiNs, the project immediately attracted attention for its impassioned sound and viewpoint. Though Garbus and Brenner polished their music slightly on albums such as 2014's Nikki Nack, the combination of their explorations of complex issues like race, gender, and privilege with bold song forms indebted to playground chants, work songs, and non-Western musical traditions remained as distinctive and acclaimed as ever. The duo took a more reflective, electronic-based approach on 2017's i can feel you creep into my private life, but by the time of 2021's Sketchy., Brenner and Garbus combined more personal songwriting with the anthemic, kinetic style of tUnE-yArDs' earlier work.
Born in New York City and raised there and in Connecticut, Garbus had an eclectic creative background. She spent some time as a puppeteer at Vermont's Sandglass Theater and also played ukulele in the Montreal-based band Sister Suvi. She began writing and performing under the tUnE-yArDs moniker in 2006, using a digital voice recorder and shareware mixing software to assemble her first songs. It took Garbus two years to craft her debut album, BiRd-BrAiNs, which she offered on cassette and as a pay-what-you-want download on the tUnE-yArDs website. Thanks to frequent touring with artists like Thao and positive buzz from music blogs, the album became a cult favorite. In June 2009, Marriage Records released the album on cassette; that August, 4AD reissued it in a special screen-printed version before distributing a CD version of BiRd-BrAiNs in November that coincided with a tour opening for the Dirty Projectors.
Following BiRd-BrAiNs' release, Garbus moved to Oakland, California. In 2010, tUnE-yArDs appeared on Citay's Dream Get Together. During this time, Garbus worked on the project's second album with bassist Nate Brenner, who became her creative and life partner. Brenner co-wrote some of the songs on April 2011's W H O K I L L, which the pair recorded at Oakland's New, Improved Studios with engineer Eli Crews. Boasting a more polished sound as well as more honed societal commentary, the album earned widespread critical acclaim and topped The Village Voice's annual Pazz and Jop poll of music critics. W H O K I L L fared well on the charts, reaching number 17 on the U.K. Independent Albums Chart and number eight on Billboard's Heatseekers Albums chart in the U.S. Also in 2011, tUnE-yArDs appeared on Afuche's album Highly Publicized Digital Boxing Match and produced Thao & Mirah's self-titled collaboration. The following year brought collaborations with Elephant & Castle and the Preservation Hall Jazz Band, as well as a cover of Fela Kuti's ""Lady"" that also featured Questlove, Akua Naru, and Angelique Kidjo, and appeared on the Red Hot Organization's second tribute to the Afrobeat innovator, Red Hot + Fela.
Early in 2013, Garbus and Brenner returned with tUnE-yArDs as Yoko, a single that saw them covering and remixing two of Yoko Ono's songs to benefit the Rockaway Waterfront Alliance, one of the charities helping those affected by Hurricane Sandy. Later in the year, they worked with the Blind Boys of Alabama on their album I'll Find a Way and lent their production skills to a pair of songs on Latryx's The Second Album. When Garbus and Brenner started work on tUnE-yArDs' third album, a trip to Haiti provided inspiration, while collaborations with producers Malay and John Hill -- known for their work with Big Boi and M.I.A., among others -- and Roomful of Teeth gave May 2014's Nikki Nack an even more eclectic and accessible feel. The album peaked at number 11 on the U.K. Independent Albums chart; in the States, it hit number four on Billboard's Independent Albums chart.
Prior to the release of tUnE-yArDs' fourth album, Garbus produced a pair of 2016 albums: Thao & the Get Down Stay Down's A Man Alive and Sonny & the Sunsets' Moods Baby Moods. She also curated C.L.A.W., a Red Bull Radio show featuring music from female-identifying artists, and had a weekly DJ set at an Oakland, California bar. Her DJ sets, as well as electronic, Haitian, and Kenyan influences informed January 2018's i can feel you creep into my private life. Reaching number ten on the U.K.'s Independent Albums chart and number 11 on the Independent Albums chart in the U.S, the album was co-written and co-produced by Garbus and Brenner and found them streamlining their music while tackling complicated issues in their lyrics. That year, tUnE-yArDs also provided the score to Boots Riley's acclaimed satire Sorry to Bother You. Following an appearance on Battles' 2019 album Juice B Crypts, Garbus and Brenner set to work on the project's fifth album. The duo favored live instruments instead of electronics, jammed for hours, and drew inspiration from Beastie Boys Book and Questlove's Creative Quest. The results were March 2021's Sketchy., which built on the introspective feel of private life with a more energetic approach reminiscent of tUnE-yArDs' earlier albums. ~ Heather Phares",Better Dreaming,Unknown,https://www.youtube.com/watch?v=cZjUAWg_Wxc&pp=ygUcdFVuRS15QXJEcyAtIEJldHRlciBEcmVhbWluZw%3D%3D
Better Dreaming,https://lastfm.freetls.fastly.net/i/u/300x300/5808b8b7c43dc086b744ce16490dd7a9.png,tUnE-yArDs,2025-05-16,"The duo of Merill Garbus and Nate Brenner, tUnE-yArDs combines soulful vocals, unusual percussion, and trenchant social commentary into uniquely vibrant music. Starting with the raw collages of 2009's self-released BiRd-BrAiNs, the project immediately attracted attention for its impassioned sound and viewpoint. Though Garbus and Brenner polished their music slightly on albums such as 2014's Nikki Nack, the combination of their explorations of complex issues like race, gender, and privilege with bold song forms indebted to playground chants, work songs, and non-Western musical traditions remained as distinctive and acclaimed as ever. The duo took a more reflective, electronic-based approach on 2017's i can feel you creep into my private life, but by the time of 2021's Sketchy., Brenner and Garbus combined more personal songwriting with the anthemic, kinetic style of tUnE-yArDs' earlier work.
Born in New York City and raised there and in Connecticut, Garbus had an eclectic creative background. She spent some time as a puppeteer at Vermont's Sandglass Theater and also played ukulele in the Montreal-based band Sister Suvi. She began writing and performing under the tUnE-yArDs moniker in 2006, using a digital voice recorder and shareware mixing software to assemble her first songs. It took Garbus two years to craft her debut album, BiRd-BrAiNs, which she offered on cassette and as a pay-what-you-want download on the tUnE-yArDs website. Thanks to frequent touring with artists like Thao and positive buzz from music blogs, the album became a cult favorite. In June 2009, Marriage Records released the album on cassette; that August, 4AD reissued it in a special screen-printed version before distributing a CD version of BiRd-BrAiNs in November that coincided with a tour opening for the Dirty Projectors.
Following BiRd-BrAiNs' release, Garbus moved to Oakland, California. In 2010, tUnE-yArDs appeared on Citay's Dream Get Together. During this time, Garbus worked on the project's second album with bassist Nate Brenner, who became her creative and life partner. Brenner co-wrote some of the songs on April 2011's W H O K I L L, which the pair recorded at Oakland's New, Improved Studios with engineer Eli Crews. Boasting a more polished sound as well as more honed societal commentary, the album earned widespread critical acclaim and topped The Village Voice's annual Pazz and Jop poll of music critics. W H O K I L L fared well on the charts, reaching number 17 on the U.K. Independent Albums Chart and number eight on Billboard's Heatseekers Albums chart in the U.S. Also in 2011, tUnE-yArDs appeared on Afuche's album Highly Publicized Digital Boxing Match and produced Thao & Mirah's self-titled collaboration. The following year brought collaborations with Elephant & Castle and the Preservation Hall Jazz Band, as well as a cover of Fela Kuti's ""Lady"" that also featured Questlove, Akua Naru, and Angelique Kidjo, and appeared on the Red Hot Organization's second tribute to the Afrobeat innovator, Red Hot + Fela.
Early in 2013, Garbus and Brenner returned with tUnE-yArDs as Yoko, a single that saw them covering and remixing two of Yoko Ono's songs to benefit the Rockaway Waterfront Alliance, one of the charities helping those affected by Hurricane Sandy. Later in the year, they worked with the Blind Boys of Alabama on their album I'll Find a Way and lent their production skills to a pair of songs on Latryx's The Second Album. When Garbus and Brenner started work on tUnE-yArDs' third album, a trip to Haiti provided inspiration, while collaborations with producers Malay and John Hill -- known for their work with Big Boi and M.I.A., among others -- and Roomful of Teeth gave May 2014's Nikki Nack an even more eclectic and accessible feel. The album peaked at number 11 on the U.K. Independent Albums chart; in the States, it hit number four on Billboard's Independent Albums chart.
Prior to the release of tUnE-yArDs' fourth album, Garbus produced a pair of 2016 albums: Thao & the Get Down Stay Down's A Man Alive and Sonny & the Sunsets' Moods Baby Moods. She also curated C.L.A.W., a Red Bull Radio show featuring music from female-identifying artists, and had a weekly DJ set at an Oakland, California bar. Her DJ sets, as well as electronic, Haitian, and Kenyan influences informed January 2018's i can feel you creep into my private life. Reaching number ten on the U.K.'s Independent Albums chart and number 11 on the Independent Albums chart in the U.S, the album was co-written and co-produced by Garbus and Brenner and found them streamlining their music while tackling complicated issues in their lyrics. That year, tUnE-yArDs also provided the score to Boots Riley's acclaimed satire Sorry to Bother You. Following an appearance on Battles' 2019 album Juice B Crypts, Garbus and Brenner set to work on the project's fifth album. The duo favored live instruments instead of electronics, jammed for hours, and drew inspiration from Beastie Boys Book and Questlove's Creative Quest. The results were March 2021's Sketchy., which built on the introspective feel of private life with a more energetic approach reminiscent of tUnE-yArDs' earlier albums. ~ Heather Phares",See You There,Unknown,https://www.youtube.com/watch?v=5iSzjrnFgo4&pp=ygUadFVuRS15QXJEcyAtIFNlZSBZb3UgVGhlcmXSBwkJjQkBhyohjO8%3D
Better Dreaming,https://lastfm.freetls.fastly.net/i/u/300x300/5808b8b7c43dc086b744ce16490dd7a9.png,tUnE-yArDs,2025-05-16,"The duo of Merill Garbus and Nate Brenner, tUnE-yArDs combines soulful vocals, unusual percussion, and trenchant social commentary into uniquely vibrant music. Starting with the raw collages of 2009's self-released BiRd-BrAiNs, the project immediately attracted attention for its impassioned sound and viewpoint. Though Garbus and Brenner polished their music slightly on albums such as 2014's Nikki Nack, the combination of their explorations of complex issues like race, gender, and privilege with bold song forms indebted to playground chants, work songs, and non-Western musical traditions remained as distinctive and acclaimed as ever. The duo took a more reflective, electronic-based approach on 2017's i can feel you creep into my private life, but by the time of 2021's Sketchy., Brenner and Garbus combined more personal songwriting with the anthemic, kinetic style of tUnE-yArDs' earlier work.
Born in New York City and raised there and in Connecticut, Garbus had an eclectic creative background. She spent some time as a puppeteer at Vermont's Sandglass Theater and also played ukulele in the Montreal-based band Sister Suvi. She began writing and performing under the tUnE-yArDs moniker in 2006, using a digital voice recorder and shareware mixing software to assemble her first songs. It took Garbus two years to craft her debut album, BiRd-BrAiNs, which she offered on cassette and as a pay-what-you-want download on the tUnE-yArDs website. Thanks to frequent touring with artists like Thao and positive buzz from music blogs, the album became a cult favorite. In June 2009, Marriage Records released the album on cassette; that August, 4AD reissued it in a special screen-printed version before distributing a CD version of BiRd-BrAiNs in November that coincided with a tour opening for the Dirty Projectors.
Following BiRd-BrAiNs' release, Garbus moved to Oakland, California. In 2010, tUnE-yArDs appeared on Citay's Dream Get Together. During this time, Garbus worked on the project's second album with bassist Nate Brenner, who became her creative and life partner. Brenner co-wrote some of the songs on April 2011's W H O K I L L, which the pair recorded at Oakland's New, Improved Studios with engineer Eli Crews. Boasting a more polished sound as well as more honed societal commentary, the album earned widespread critical acclaim and topped The Village Voice's annual Pazz and Jop poll of music critics. W H O K I L L fared well on the charts, reaching number 17 on the U.K. Independent Albums Chart and number eight on Billboard's Heatseekers Albums chart in the U.S. Also in 2011, tUnE-yArDs appeared on Afuche's album Highly Publicized Digital Boxing Match and produced Thao & Mirah's self-titled collaboration. The following year brought collaborations with Elephant & Castle and the Preservation Hall Jazz Band, as well as a cover of Fela Kuti's ""Lady"" that also featured Questlove, Akua Naru, and Angelique Kidjo, and appeared on the Red Hot Organization's second tribute to the Afrobeat innovator, Red Hot + Fela.
Early in 2013, Garbus and Brenner returned with tUnE-yArDs as Yoko, a single that saw them covering and remixing two of Yoko Ono's songs to benefit the Rockaway Waterfront Alliance, one of the charities helping those affected by Hurricane Sandy. Later in the year, they worked with the Blind Boys of Alabama on their album I'll Find a Way and lent their production skills to a pair of songs on Latryx's The Second Album. When Garbus and Brenner started work on tUnE-yArDs' third album, a trip to Haiti provided inspiration, while collaborations with producers Malay and John Hill -- known for their work with Big Boi and M.I.A., among others -- and Roomful of Teeth gave May 2014's Nikki Nack an even more eclectic and accessible feel. The album peaked at number 11 on the U.K. Independent Albums chart; in the States, it hit number four on Billboard's Independent Albums chart.
Prior to the release of tUnE-yArDs' fourth album, Garbus produced a pair of 2016 albums: Thao & the Get Down Stay Down's A Man Alive and Sonny & the Sunsets' Moods Baby Moods. She also curated C.L.A.W., a Red Bull Radio show featuring music from female-identifying artists, and had a weekly DJ set at an Oakland, California bar. Her DJ sets, as well as electronic, Haitian, and Kenyan influences informed January 2018's i can feel you creep into my private life. Reaching number ten on the U.K.'s Independent Albums chart and number 11 on the Independent Albums chart in the U.S, the album was co-written and co-produced by Garbus and Brenner and found them streamlining their music while tackling complicated issues in their lyrics. That year, tUnE-yArDs also provided the score to Boots Riley's acclaimed satire Sorry to Bother You. Following an appearance on Battles' 2019 album Juice B Crypts, Garbus and Brenner set to work on the project's fifth album. The duo favored live instruments instead of electronics, jammed for hours, and drew inspiration from Beastie Boys Book and Questlove's Creative Quest. The results were March 2021's Sketchy., which built on the introspective feel of private life with a more energetic approach reminiscent of tUnE-yArDs' earlier albums. ~ Heather Phares",Perpetual Motion,Unknown,https://www.youtube.com/watch?v=4SxrBLo7puk&pp=ygUddFVuRS15QXJEcyAtIFBlcnBldHVhbCBNb3Rpb24%3D
Better Dreaming,https://lastfm.freetls.fastly.net/i/u/300x300/5808b8b7c43dc086b744ce16490dd7a9.png,tUnE-yArDs,2025-05-16,"The duo of Merill Garbus and Nate Brenner, tUnE-yArDs combines soulful vocals, unusual percussion, and trenchant social commentary into uniquely vibrant music. Starting with the raw collages of 2009's self-released BiRd-BrAiNs, the project immediately attracted attention for its impassioned sound and viewpoint. Though Garbus and Brenner polished their music slightly on albums such as 2014's Nikki Nack, the combination of their explorations of complex issues like race, gender, and privilege with bold song forms indebted to playground chants, work songs, and non-Western musical traditions remained as distinctive and acclaimed as ever. The duo took a more reflective, electronic-based approach on 2017's i can feel you creep into my private life, but by the time of 2021's Sketchy., Brenner and Garbus combined more personal songwriting with the anthemic, kinetic style of tUnE-yArDs' earlier work.
Born in New York City and raised there and in Connecticut, Garbus had an eclectic creative background. She spent some time as a puppeteer at Vermont's Sandglass Theater and also played ukulele in the Montreal-based band Sister Suvi. She began writing and performing under the tUnE-yArDs moniker in 2006, using a digital voice recorder and shareware mixing software to assemble her first songs. It took Garbus two years to craft her debut album, BiRd-BrAiNs, which she offered on cassette and as a pay-what-you-want download on the tUnE-yArDs website. Thanks to frequent touring with artists like Thao and positive buzz from music blogs, the album became a cult favorite. In June 2009, Marriage Records released the album on cassette; that August, 4AD reissued it in a special screen-printed version before distributing a CD version of BiRd-BrAiNs in November that coincided with a tour opening for the Dirty Projectors.
Following BiRd-BrAiNs' release, Garbus moved to Oakland, California. In 2010, tUnE-yArDs appeared on Citay's Dream Get Together. During this time, Garbus worked on the project's second album with bassist Nate Brenner, who became her creative and life partner. Brenner co-wrote some of the songs on April 2011's W H O K I L L, which the pair recorded at Oakland's New, Improved Studios with engineer Eli Crews. Boasting a more polished sound as well as more honed societal commentary, the album earned widespread critical acclaim and topped The Village Voice's annual Pazz and Jop poll of music critics. W H O K I L L fared well on the charts, reaching number 17 on the U.K. Independent Albums Chart and number eight on Billboard's Heatseekers Albums chart in the U.S. Also in 2011, tUnE-yArDs appeared on Afuche's album Highly Publicized Digital Boxing Match and produced Thao & Mirah's self-titled collaboration. The following year brought collaborations with Elephant & Castle and the Preservation Hall Jazz Band, as well as a cover of Fela Kuti's ""Lady"" that also featured Questlove, Akua Naru, and Angelique Kidjo, and appeared on the Red Hot Organization's second tribute to the Afrobeat innovator, Red Hot + Fela.
Early in 2013, Garbus and Brenner returned with tUnE-yArDs as Yoko, a single that saw them covering and remixing two of Yoko Ono's songs to benefit the Rockaway Waterfront Alliance, one of the charities helping those affected by Hurricane Sandy. Later in the year, they worked with the Blind Boys of Alabama on their album I'll Find a Way and lent their production skills to a pair of songs on Latryx's The Second Album. When Garbus and Brenner started work on tUnE-yArDs' third album, a trip to Haiti provided inspiration, while collaborations with producers Malay and John Hill -- known for their work with Big Boi and M.I.A., among others -- and Roomful of Teeth gave May 2014's Nikki Nack an even more eclectic and accessible feel. The album peaked at number 11 on the U.K. Independent Albums chart; in the States, it hit number four on Billboard's Independent Albums chart.
Prior to the release of tUnE-yArDs' fourth album, Garbus produced a pair of 2016 albums: Thao & the Get Down Stay Down's A Man Alive and Sonny & the Sunsets' Moods Baby Moods. She also curated C.L.A.W., a Red Bull Radio show featuring music from female-identifying artists, and had a weekly DJ set at an Oakland, California bar. Her DJ sets, as well as electronic, Haitian, and Kenyan influences informed January 2018's i can feel you creep into my private life. Reaching number ten on the U.K.'s Independent Albums chart and number 11 on the Independent Albums chart in the U.S, the album was co-written and co-produced by Garbus and Brenner and found them streamlining their music while tackling complicated issues in their lyrics. That year, tUnE-yArDs also provided the score to Boots Riley's acclaimed satire Sorry to Bother You. Following an appearance on Battles' 2019 album Juice B Crypts, Garbus and Brenner set to work on the project's fifth album. The duo favored live instruments instead of electronics, jammed for hours, and drew inspiration from Beastie Boys Book and Questlove's Creative Quest. The results were March 2021's Sketchy., which built on the introspective feel of private life with a more energetic approach reminiscent of tUnE-yArDs' earlier albums. ~ Heather Phares",Sanctuary,Unknown,https://www.youtube.com/watch?v=Ij6NZg4QV0g&pp=ygUWdFVuRS15QXJEcyAtIFNhbmN0dWFyeQ%3D%3D
Better Dreaming,https://lastfm.freetls.fastly.net/i/u/300x300/5808b8b7c43dc086b744ce16490dd7a9.png,tUnE-yArDs,2025-05-16,"The duo of Merill Garbus and Nate Brenner, tUnE-yArDs combines soulful vocals, unusual percussion, and trenchant social commentary into uniquely vibrant music. Starting with the raw collages of 2009's self-released BiRd-BrAiNs, the project immediately attracted attention for its impassioned sound and viewpoint. Though Garbus and Brenner polished their music slightly on albums such as 2014's Nikki Nack, the combination of their explorations of complex issues like race, gender, and privilege with bold song forms indebted to playground chants, work songs, and non-Western musical traditions remained as distinctive and acclaimed as ever. The duo took a more reflective, electronic-based approach on 2017's i can feel you creep into my private life, but by the time of 2021's Sketchy. and 2025's Better Dreaming, Brenner and Garbus combined more personal songwriting with the anthemic, kinetic style of tUnE-yArDs' earlier work.
Born in New York City and raised there and in Connecticut, Garbus had an eclectic creative background. She spent some time as a puppeteer at Vermont's Sandglass Theater and also played ukulele in the Montreal-based band Sister Suvi. She began writing and performing under the tUnE-yArDs moniker in 2006, using a digital voice recorder and shareware mixing software to assemble her first songs. It took Garbus two years to craft her debut album, BiRd-BrAiNs, which she offered on cassette and as a pay-what-you-want download on the tUnE-yArDs website. Thanks to frequent touring with artists like Thao and positive buzz from music blogs, the album became a cult favorite. In June 2009, Marriage Records released the album on cassette; that August, 4AD reissued it in a special screen-printed version before distributing a CD version of BiRd-BrAiNs in November that coincided with a tour opening for the Dirty Projectors.
Following BiRd-BrAiNs' release, Garbus moved to Oakland, California. In 2010, tUnE-yArDs appeared on Citay's Dream Get Together. During this time, Garbus worked on the project's second album with bassist Nate Brenner, who became her creative and life partner. Brenner co-wrote some of the songs on April 2011's W H O K I L L, which the pair recorded at Oakland's New, Improved Studios with engineer Eli Crews. Boasting a more polished sound as well as more honed societal commentary, the album earned widespread critical acclaim and topped The Village Voice's annual Pazz and Jop poll of music critics. W H O K I L L fared well on the charts, reaching number 17 on the U.K. Independent Albums Chart and number eight on Billboard's Heatseekers Albums chart in the U.S. Also in 2011, tUnE-yArDs appeared on Afuche's album Highly Publicized Digital Boxing Match and produced Thao & Mirah's self-titled collaboration. The following year brought collaborations with Elephant & Castle and the Preservation Hall Jazz Band, as well as a cover of Fela Kuti's ""Lady"" that also featured Questlove, Akua Naru, and Angelique Kidjo, and appeared on the Red Hot Organization's second tribute to the Afrobeat innovator, Red Hot + Fela.
Early in 2013, Garbus and Brenner returned with tUnE-yArDs as Yoko, a single that saw them covering and remixing two of Yoko Ono's songs to benefit the Rockaway Waterfront Alliance, one of the charities helping those affected by Hurricane Sandy. Later in the year, they worked with the Blind Boys of Alabama on their album I'll Find a Way and lent their production skills to a pair of songs on Latryx's The Second Album. When Garbus and Brenner started work on tUnE-yArDs' third album, a trip to Haiti provided inspiration, while collaborations with producers Malay and John Hill -- known for their work with Big Boi and M.I.A., among others -- and Roomful of Teeth gave May 2014's Nikki Nack an even more eclectic and accessible feel. The album peaked at number 11 on the U.K. Independent Albums chart; in the States, it hit number four on Billboard's Independent Albums chart.
Prior to the release of tUnE-yArDs' fourth album, Garbus produced a pair of 2016 albums: Thao & the Get Down Stay Down's A Man Alive and Sonny & the Sunsets' Moods Baby Moods. She also curated C.L.A.W., a Red Bull Radio show featuring music from female-identifying artists, and had a weekly DJ set at an Oakland, California bar. Her DJ sets, as well as electronic, Haitian, and Kenyan influences informed January 2018's i can feel you creep into my private life. Reaching number ten on the U.K.'s Independent Albums chart and number 11 on the Independent Albums chart in the U.S., the album was co-written and co-produced by Garbus and Brenner and found them streamlining their music while tackling complicated issues in their lyrics. That year, tUnE-yArDs also provided the score to Boots Riley's acclaimed satire Sorry to Bother You. Following an appearance on Battles' 2019 album Juice B Crypts, Garbus and Brenner set to work on the project's fifth album. The duo favored live instruments instead of electronics, jammed for hours, and drew inspiration from Beastie Boys Book and Questlove's Creative Quest. The results were March 2021's Sketchy., which built on the introspective feel of private life with a more energetic approach reminiscent of tUnE-yArDs' earlier albums. Garbus and Brenner continued their collaboration with Riley by scoring the 2023 TV series I'm a Virgo and the 2025 film I Love Boosters. In May 2025, tUnE-yArDs returned with their sixth album, Better Dreaming, a rousing set of songs inspired by the need for focus and collective action in the fraught mid-2020s. ~ Heather Phares",How Big Is the Rainbow,Unknown,https://www.youtube.com/watch?v=a-PJaI6_V9Y&list=RDa-PJaI6_V9Y&start_radio=1&pp=ygUhdFVuRS15QXJEcyBIb3cgQmlnIElzIHRoZSBSYWluYm93oAcB
"Para mí, para vos",https://lastfm.freetls.fastly.net/i/u/300x300/176ab88267492da7c76c3052cf6fce62.jpg,Turf,2004-01-01,"Argentinean foursome Turf started getting involved in the local rock scene by the end of 1995. Led by ex-Juana La Loca singer/guitarist Joaquín Levinton, the band recorded its debut album, Una Pila De Vida, between May and July of 1997, being produced by Mario Sipperman and Los Fabulosos Cadillacs' Danny Lozano. In October of 1999, Turf's second album, called Siempre Libre, was released, having the contribution of local rock icon Charly García. ~ Drago Bonacich",No se llama amor,Unknown,https://www.youtube.com/watch?v=6xZreWk86-k&pp=ygUVVHVyZiBObyBzZSBsbGFtYSBhbW9y
"Para mí, para vos",https://lastfm.freetls.fastly.net/i/u/300x300/176ab88267492da7c76c3052cf6fce62.jpg,Turf,2004-01-01,"Argentinean foursome Turf started getting involved in the local rock scene by the end of 1995. Led by ex-Juana La Loca singer/guitarist Joaquín Levinton, the band recorded its debut album, Una Pila De Vida, between May and July of 1997, being produced by Mario Sipperman and Los Fabulosos Cadillacs' Danny Lozano. In October of 1999, Turf's second album, called Siempre Libre, was released, having the contribution of local rock icon Charly García. ~ Drago Bonacich",Pasos al costado,Unknown,https://www.youtube.com/watch?v=TJkmo1PzfJg&pp=ygUVVHVyZiBQYXNvcyBhbCBjb3N0YWRv
"Para mí, para vos",https://lastfm.freetls.fastly.net/i/u/300x300/176ab88267492da7c76c3052cf6fce62.jpg,Turf,2004-01-01,"Argentinean foursome Turf started getting involved in the local rock scene by the end of 1995. Led by ex-Juana La Loca singer/guitarist Joaquín Levinton, the band recorded its debut album, Una Pila De Vida, between May and July of 1997, being produced by Mario Sipperman and Los Fabulosos Cadillacs' Danny Lozano. In October of 1999, Turf's second album, called Siempre Libre, was released, having the contribution of local rock icon Charly García. ~ Drago Bonacich",¡Oh Dios!,Unknown,https://www.youtube.com/watch?v=ghaRtioIC-M&pp=ygURVHVyZiAtIMKhT2ggRGlvcyE%3D
"Para mí, para vos",https://lastfm.freetls.fastly.net/i/u/300x300/176ab88267492da7c76c3052cf6fce62.jpg,Turf,2004-01-01,"Argentinean foursome Turf started getting involved in the local rock scene by the end of 1995. Led by ex-Juana La Loca singer/guitarist Joaquín Levinton, the band recorded its debut album, Una Pila De Vida, between May and July of 1997, being produced by Mario Sipperman and Los Fabulosos Cadillacs' Danny Lozano. In October of 1999, Turf's second album, called Siempre Libre, was released, having the contribution of local rock icon Charly García. ~ Drago Bonacich",¿Acaso no se da cuenta nadie?,Unknown,https://www.youtube.com/watch?v=LGbaQD2ssrQ&pp=ygUgVHVyZiBBY2FzbyBubyBzZSBkYSBjdWVudGEgbmFkaWU%3D
"Para mí, para vos",https://lastfm.freetls.fastly.net/i/u/300x300/176ab88267492da7c76c3052cf6fce62.jpg,Turf,2004-01-01,"Argentinean foursome Turf started getting involved in the local rock scene by the end of 1995. Led by ex-Juana La Loca singer/guitarist Joaquín Levinton, the band recorded its debut album, Una Pila De Vida, between May and July of 1997, being produced by Mario Sipperman and Los Fabulosos Cadillacs' Danny Lozano. In October of 1999, Turf's second album, called Siempre Libre, was released, having the contribution of local rock icon Charly García. ~ Drago Bonacich",El impuesto,Unknown,https://www.youtube.com/watch?v=IPpI38pTNT0&pp=ygUQVHVyZiBFbCBpbXB1ZXN0b9IHCQl-CQGHKiGM7w%3D%3D
"Para mí, para vos",https://lastfm.freetls.fastly.net/i/u/300x300/176ab88267492da7c76c3052cf6fce62.jpg,Turf,2004-01-01,"Argentinean foursome Turf started getting involved in the local rock scene by the end of 1995. Led by ex-Juana La Loca singer/guitarist Joaquín Levinton, the band recorded its debut album, Una Pila De Vida, between May and July of 1997, being produced by Mario Sipperman and Los Fabulosos Cadillacs' Danny Lozano. In October of 1999, Turf's second album, called Siempre Libre, was released, having the contribution of local rock icon Charly García. ~ Drago Bonacich",Vil metal,Unknown,https://www.youtube.com/watch?v=rc1HmZbgMiI&pp=ygUOVHVyZiBWaWwgbWV0YWw%3D
Turfshow,https://lastfm.freetls.fastly.net/i/u/300x300/15c028b8ced679739616112bbe39d48f.jpg,Turf,2001-01-01,"Argentinean foursome Turf started getting involved in the local rock scene by the end of 1995. Led by ex-Juana La Loca singer/guitarist Joaquín Levinton, the band recorded its debut album, Una Pila De Vida, between May and July of 1997, being produced by Mario Sipperman and Los Fabulosos Cadillacs' Danny Lozano. In October of 1999, Turf's second album, called Siempre Libre, was released, having the contribution of local rock icon Charly García. ~ Drago Bonacich",La emoción,Unknown,https://www.youtube.com/watch?v=YLbzKWIxaeQ&pp=ygUQVHVyZiBMYSBlbW9jacOzbtIHCQl-CQGHKiGM7w%3D%3D
Turfshow,https://lastfm.freetls.fastly.net/i/u/300x300/15c028b8ced679739616112bbe39d48f.jpg,Turf,2001-01-01,"Argentinean foursome Turf started getting involved in the local rock scene by the end of 1995. Led by ex-Juana La Loca singer/guitarist Joaquín Levinton, the band recorded its debut album, Una Pila De Vida, between May and July of 1997, being produced by Mario Sipperman and Los Fabulosos Cadillacs' Danny Lozano. In October of 1999, Turf's second album, called Siempre Libre, was released, having the contribution of local rock icon Charly García. ~ Drago Bonacich",Chicas malas,Unknown,https://www.youtube.com/watch?v=hPCauzuLcBg&pp=ygURVHVyZiBDaGljYXMgbWFsYXM%3D
Turfshow,https://lastfm.freetls.fastly.net/i/u/300x300/15c028b8ced679739616112bbe39d48f.jpg,Turf,2001-01-01,"Argentinean foursome Turf started getting involved in the local rock scene by the end of 1995. Led by ex-Juana La Loca singer/guitarist Joaquín Levinton, the band recorded its debut album, Una Pila De Vida, between May and July of 1997, being produced by Mario Sipperman and Los Fabulosos Cadillacs' Danny Lozano. In October of 1999, Turf's second album, called Siempre Libre, was released, having the contribution of local rock icon Charly García. ~ Drago Bonacich",Loco un poco,Unknown,https://www.youtube.com/watch?v=Wde08ujtR4g&pp=ygURVHVyZiBMb2NvIHVuIHBvY28%3D
Turfshow,https://lastfm.freetls.fastly.net/i/u/300x300/15c028b8ced679739616112bbe39d48f.jpg,Turf,2001-01-01,"Argentinean foursome Turf started getting involved in the local rock scene by the end of 1995. Led by ex-Juana La Loca singer/guitarist Joaquín Levinton, the band recorded its debut album, Una Pila De Vida, between May and July of 1997, being produced by Mario Sipperman and Los Fabulosos Cadillacs' Danny Lozano. In October of 1999, Turf's second album, called Siempre Libre, was released, having the contribution of local rock icon Charly García. ~ Drago Bonacich",Mambo,Unknown,https://www.youtube.com/watch?v=Q71jFKA6tZI&pp=ygUKVHVyZiBNYW1ib9IHCQl-CQGHKiGM7w%3D%3D
Turfshow,https://lastfm.freetls.fastly.net/i/u/300x300/15c028b8ced679739616112bbe39d48f.jpg,Turf,2001-01-01,"Argentinean foursome Turf started getting involved in the local rock scene by the end of 1995. Led by ex-Juana La Loca singer/guitarist Joaquín Levinton, the band recorded its debut album, Una Pila De Vida, between May and July of 1997, being produced by Mario Sipperman and Los Fabulosos Cadillacs' Danny Lozano. In October of 1999, Turf's second album, called Siempre Libre, was released, having the contribution of local rock icon Charly García. ~ Drago Bonacich",Vade retro,Unknown,https://www.youtube.com/watch?v=67YKUaj17Jk&pp=ygUPVHVyZiBWYWRlIHJldHJv0gcJCX4JAYcqIYzv
Turfshow,https://lastfm.freetls.fastly.net/i/u/300x300/15c028b8ced679739616112bbe39d48f.jpg,Turf,2001-01-01,"Argentinean foursome Turf started getting involved in the local rock scene by the end of 1995. Led by ex-Juana La Loca singer/guitarist Joaquín Levinton, the band recorded its debut album, Una Pila De Vida, between May and July of 1997, being produced by Mario Sipperman and Los Fabulosos Cadillacs' Danny Lozano. In October of 1999, Turf's second album, called Siempre Libre, was released, having the contribution of local rock icon Charly García. ~ Drago Bonacich",Vago,Unknown,https://www.youtube.com/watch?v=UHzuA3Iqww8&pp=ygUJVHVyZiBWYWdv
Turfshow,https://lastfm.freetls.fastly.net/i/u/300x300/15c028b8ced679739616112bbe39d48f.jpg,Turf,2001-01-01,"Argentinean foursome Turf started getting involved in the local rock scene by the end of 1995. Led by ex-Juana La Loca singer/guitarist Joaquín Levinton, the band recorded its debut album, Una Pila De Vida, between May and July of 1997, being produced by Mario Sipperman and Los Fabulosos Cadillacs' Danny Lozano. In October of 1999, Turf's second album, called Siempre Libre, was released, having the contribution of local rock icon Charly García. ~ Drago Bonacich",Delfines,Unknown,https://www.youtube.com/watch?v=r5yQ4ckSAMA&pp=ygUNVHVyZiBEZWxmaW5lcw%3D%3D
Careful You,https://lastfm.freetls.fastly.net/i/u/300x300/2d10d1d2744e4279c290e58ebe7863b0.png,TV on the Radio,2014-10-14,"Growing from Brooklyn-based experimenters into a highly acclaimed outfit, TV on the Radio mix post-punk, electronics, soul, funk, and more in vibrantly creative ways. This eclectic sonic blend -- heightened by David Andrew Sitek's enveloping production and Tunde Adepimbe and Kyp Malone's passionate vocals and songwriting -- immediately distinguished the band from their contemporaries within the early 2000s New York scene. TV on the Radio's intense yet inviting sound arrived more or less fully formed on 2003's Young Liars EP; on the following year's full-length Desperate Youth, Blood Thirsty Babes, they embellished on their intense yet inviting sound brilliantly. Praise for their music only grew with 2006's Return to Cookie Mountain, which featured a cameo by David Bowie, one of the band's earliest and biggest fans. They continued to innovate on their later albums by adding more momentum on 2008's Dear Science, leaning into easy grooves on 2011's Nine Types of Light, and confronting loss with the clear-eyed meditations of 2014's Seeds. Later in the decade and into the 2020s, fiery live performances upheld TV on the Radio's reputation as one of alternative music's most dynamic acts.
TV on the Radio began when multi-instrumentalist/producer David Andrew Sitek moved into the building where vocalist/multi-instrumentalist Tunde Adebimpe had a loft. They had each been recording music on their own, but realized their sounds worked well together, and shared a love of artists as wide-ranging as Brian Eno, Earth, Wind & Fire, Siouxsie and the Banshees, and Prince.  Sitek's brother Jason began playing drums and other instruments with the pair during their recording sessions, which resulted in OK Calculator, a self-released disc of four-track recordings. Jason Sitek left the band for a short time due to other musical commitments but returned to the band when it recorded its Touch & Go debut, July 2003's Young Liars EP. Also featuring the Yeah Yeah Yeahs' Brian Chase and Nick Zinner, the EP quickly earned critical acclaim. After Young Liars was completed, TV on the Radio added vocalist/multi-instrumentalist Kyp Malone to the fold and toured with the Fall.
To make their debut album, TV on the Radio recorded at Brooklyn's Headgear Studio with Sitek as producer. Appearing in March 2004, Desperate Youth, Blood Thirsty Babes built on Young Liars' dense sonics; like that EP, the album received rave reviews and ultimately won that year's Shortlist Music Prize. That October, they released the New Health Rock EP, which paired the previously unreleased title track with songs from their debut album and a cover of the Yeah Yeah Yeahs' ""Modern Romance."" The band remained busy for the rest of the year, embarking on headlining tours as well as dates with the Faint and Pixies.
Though TV on the Radio's touring commitments extended into 2005, they found time to return to Sitek's Stay Gold studio to work on their second album, joined by drummer/multi-instrumentalist Jaleel Bunton and keyboardist Gerard Smith. They also made ""Dry Drunk Emperor,"" a song criticizing President George W. Bush, available on their website. July 2006's Return to Cookie Mountain was the band's first album for 4AD (in the U.S., it was released by Interscope). Its lush, expansive sound was echoed in its many guests, which included Zinner, David Bowie, Celebration's Katrina Ford, and Blonde Redhead's Kazu Makino. Return to Cookie Mountain became the band's first album to chart in multiple countries, reaching number 41 on the U.S. 200 Albums Chart, 90 on the U.K. Albums Chart, and appearing on charts in Europe and Australia. While touring in support of the album, the band invited Bauhaus' Peter Murphy and Nine Inch Nails' Trent Reznor to perform Bauhaus' ""Bela Lugosi's Undead"" and other songs with them. TV on the Radio went in a sleeker direction on their next album, September 2008's Dear Science. Rounded out performances by Ford, Antibalas, and saxophonist Colin Stetson among others, the album peaked at number 12 on the U.S. 200 Albums Chart and number 33 on the U.K. Albums Chart, and was certified gold in 2009 for its sales throughout Europe. Gang Gang Dance, the Glitch Mob, and Jneiro Jarel contributed to the Dear Science remix EP Read Silence, which appeared in April 2009.
In September 2009, TV on the Radio began a year-long hiatus. During that time, Malone worked with his project Rain Machine and appeared on Iran's 2009 album Dissolver. Sitek produced Holly Miranda's The Magician's Private Library and formed the collaborative pop project Maximum Balloon, which released its self-titled debut in 2010. That year, TV on the Radio returned to record their fourth full-length, April 2011's Nine Types of Light. A mellower, more groove-oriented affair than the band's previous work, the album, like Dear Science, reached number 12 in the U.S. and 33 in the U.K. Shortly after Nine Types of Light's release, Smith died of lung cancer at age 34. Later in 2011, the band released World Cafe Live, taken from a set recorded for National Public Radio. Following their role as curators and headliners of 2013's All Tomorrow's Parties festival in Camber Sands, England, TV on the Radio started work on their fifth album. Recorded in Sitek's home studio in Los Angeles, November 2014's Seeds was a reflective yet hopeful set of songs shaped by the loss of Smith. The album peaked at 22 on the 200 Albums Chart in the U.S. and at 78 on the U.K. Albums Chart.
After the conclusion of the Seeds tour -- which included 2015 dates at Red Rocks Amphitheatre as well as the Shaky Knees festival -- TV on the Radio took another break. Sitek concentrated on production work, collaborating with artists such as Pussy Riot, Preservation Hall Jazz Band, Weezer, Beyoncé and Jay-Z, and Chelsea Wolfe. Malone pursued acting as well as music, snagging roles in the TV show Broad City and the sci-fi film Doors and producing and performing on Matana Roberts' 2023 album Coin Coin Chapter Five: In the Garden. Similarly, Adepimbe balanced a successful acting career with making music. His TV credits included Adventure Time, The Girlfriend Experience, Perry Mason, and Star Wars: Skeleton Crew, and he performed in films such as Spider-Man: Homecoming, Marriage Story, and Twisters. Meanwhile, he collaborated with Mike Patton and Doseone as Nevermen, who released their self-titled debut album in 2016, and appeared on Run the Jewels' 2017 album Run the Jewels 3 among other projects. TV on the Radio toured in 2018 to commemorate the tenth anniversary of Dear Science's release and played a 2019 show at Madison Square Garden opening for Weezer and Pixies, but didn't perform live again until late 2024, when they celebrated the 20th anniversary of Desperate Youth, Blood Thirsty Babes' release with a brief tour. They also issued a deluxe version of the album featuring demos and other bonus material. ~ Heather Phares

The band went on hiatus following Dear Science. Malone worked on his own project, Rain Machine, and appeared on Iran's 2009 album Dissolver, while Sitek formed the collaborative pop project Maximum Balloon, which released its self-titled debut in 2010. As planned, their hiatus ended the following year, and TV on the Radio released their fifth album, Nine Types of Light, early in 2011. In March of that year, the band announced that bassist Gerard Smith, who had joined the TV on the Radio lineup in 2005, was suffering from lung cancer; the following month, on April 20, 2011, Smith passed away at the age of 34 as a result of the disease. Later that year, the band released World Cafe Live, taken from a set recorded for National Public Radio. Late in 2014, TV on the Radio returned with Seeds, a hopeful, streamlined-sounding set once again featuring production by Sitek. ~ Heather Phares",Careful You,Unknown,https://www.youtube.com/watch?v=GYgo78JfMLU&pp=ygUbVFYgb24gdGhlIFJhZGlvIENhcmVmdWwgWW91
Return to Cookie Mountain,https://lastfm.freetls.fastly.net/i/u/300x300/f4eeda2a95e44dd6cdf5c6d632f3c9cc.png,TV on the Radio,2006-07-03,"Growing from Brooklyn-based experimenters into a highly acclaimed outfit, TV on the Radio mix post-punk, electronics, soul, funk, and more in vibrantly creative ways. This eclectic sonic blend -- heightened by David Andrew Sitek's enveloping production and Tunde Adepimbe and Kyp Malone's passionate vocals and songwriting -- immediately distinguished the band from their contemporaries within the early 2000s New York scene. TV on the Radio's intense yet inviting sound arrived more or less fully formed on 2003's Young Liars EP; on the following year's full-length Desperate Youth, Blood Thirsty Babes, they embellished on their intense yet inviting sound brilliantly. Praise for their music only grew with 2006's Return to Cookie Mountain, which featured a cameo by David Bowie, one of the band's earliest and biggest fans. They continued to innovate on their later albums by adding more momentum on 2008's Dear Science, leaning into easy grooves on 2011's Nine Types of Light, and confronting loss with the clear-eyed meditations of 2014's Seeds. Later in the decade and into the 2020s, fiery live performances upheld TV on the Radio's reputation as one of alternative music's most dynamic acts.
TV on the Radio began when multi-instrumentalist/producer David Andrew Sitek moved into the building where vocalist/multi-instrumentalist Tunde Adebimpe had a loft. They had each been recording music on their own, but realized their sounds worked well together, and shared a love of artists as wide-ranging as Brian Eno, Earth, Wind & Fire, Siouxsie and the Banshees, and Prince.  Sitek's brother Jason began playing drums and other instruments with the pair during their recording sessions, which resulted in OK Calculator, a self-released disc of four-track recordings. Jason Sitek left the band for a short time due to other musical commitments but returned to the band when it recorded its Touch & Go debut, July 2003's Young Liars EP. Also featuring the Yeah Yeah Yeahs' Brian Chase and Nick Zinner, the EP quickly earned critical acclaim. After Young Liars was completed, TV on the Radio added vocalist/multi-instrumentalist Kyp Malone to the fold and toured with the Fall.
To make their debut album, TV on the Radio recorded at Brooklyn's Headgear Studio with Sitek as producer. Appearing in March 2004, Desperate Youth, Blood Thirsty Babes built on Young Liars' dense sonics; like that EP, the album received rave reviews and ultimately won that year's Shortlist Music Prize. That October, they released the New Health Rock EP, which paired the previously unreleased title track with songs from their debut album and a cover of the Yeah Yeah Yeahs' ""Modern Romance."" The band remained busy for the rest of the year, embarking on headlining tours as well as dates with the Faint and Pixies.
Though TV on the Radio's touring commitments extended into 2005, they found time to return to Sitek's Stay Gold studio to work on their second album, joined by drummer/multi-instrumentalist Jaleel Bunton and keyboardist Gerard Smith. They also made ""Dry Drunk Emperor,"" a song criticizing President George W. Bush, available on their website. July 2006's Return to Cookie Mountain was the band's first album for 4AD (in the U.S., it was released by Interscope). Its lush, expansive sound was echoed in its many guests, which included Zinner, David Bowie, Celebration's Katrina Ford, and Blonde Redhead's Kazu Makino. Return to Cookie Mountain became the band's first album to chart in multiple countries, reaching number 41 on the U.S. 200 Albums Chart, 90 on the U.K. Albums Chart, and appearing on charts in Europe and Australia. While touring in support of the album, the band invited Bauhaus' Peter Murphy and Nine Inch Nails' Trent Reznor to perform Bauhaus' ""Bela Lugosi's Undead"" and other songs with them. TV on the Radio went in a sleeker direction on their next album, September 2008's Dear Science. Rounded out performances by Ford, Antibalas, and saxophonist Colin Stetson among others, the album peaked at number 12 on the U.S. 200 Albums Chart and number 33 on the U.K. Albums Chart, and was certified gold in 2009 for its sales throughout Europe. Gang Gang Dance, the Glitch Mob, and Jneiro Jarel contributed to the Dear Science remix EP Read Silence, which appeared in April 2009.
In September 2009, TV on the Radio began a year-long hiatus. During that time, Malone worked with his project Rain Machine and appeared on Iran's 2009 album Dissolver. Sitek produced Holly Miranda's The Magician's Private Library and formed the collaborative pop project Maximum Balloon, which released its self-titled debut in 2010. That year, TV on the Radio returned to record their fourth full-length, April 2011's Nine Types of Light. A mellower, more groove-oriented affair than the band's previous work, the album, like Dear Science, reached number 12 in the U.S. and 33 in the U.K. Shortly after Nine Types of Light's release, Smith died of lung cancer at age 34. Later in 2011, the band released World Cafe Live, taken from a set recorded for National Public Radio. Following their role as curators and headliners of 2013's All Tomorrow's Parties festival in Camber Sands, England, TV on the Radio started work on their fifth album. Recorded in Sitek's home studio in Los Angeles, November 2014's Seeds was a reflective yet hopeful set of songs shaped by the loss of Smith. The album peaked at 22 on the 200 Albums Chart in the U.S. and at 78 on the U.K. Albums Chart.
After the conclusion of the Seeds tour -- which included 2015 dates at Red Rocks Amphitheatre as well as the Shaky Knees festival -- TV on the Radio took another break. Sitek concentrated on production work, collaborating with artists such as Pussy Riot, Preservation Hall Jazz Band, Weezer, Beyoncé and Jay-Z, and Chelsea Wolfe. Malone pursued acting as well as music, snagging roles in the TV show Broad City and the sci-fi film Doors and producing and performing on Matana Roberts' 2023 album Coin Coin Chapter Five: In the Garden. Similarly, Adepimbe balanced a successful acting career with making music. His TV credits included Adventure Time, The Girlfriend Experience, Perry Mason, and Star Wars: Skeleton Crew, and he performed in films such as Spider-Man: Homecoming, Marriage Story, and Twisters. Meanwhile, he collaborated with Mike Patton and Doseone as Nevermen, who released their self-titled debut album in 2016, and appeared on Run the Jewels' 2017 album Run the Jewels 3 among other projects. TV on the Radio toured in 2018 to commemorate the tenth anniversary of Dear Science's release and played a 2019 show at Madison Square Garden opening for Weezer and Pixies, but didn't perform live again until late 2024, when they celebrated the 20th anniversary of Desperate Youth, Blood Thirsty Babes' release with a brief tour. They also issued a deluxe version of the album featuring demos and other bonus material. ~ Heather Phares

The band went on hiatus following Dear Science. Malone worked on his own project, Rain Machine, and appeared on Iran's 2009 album Dissolver, while Sitek formed the collaborative pop project Maximum Balloon, which released its self-titled debut in 2010. As planned, their hiatus ended the following year, and TV on the Radio released their fifth album, Nine Types of Light, early in 2011. In March of that year, the band announced that bassist Gerard Smith, who had joined the TV on the Radio lineup in 2005, was suffering from lung cancer; the following month, on April 20, 2011, Smith passed away at the age of 34 as a result of the disease. Later that year, the band released World Cafe Live, taken from a set recorded for National Public Radio. Late in 2014, TV on the Radio returned with Seeds, a hopeful, streamlined-sounding set once again featuring production by Sitek. ~ Heather Phares",I Was a Lover,Unknown,https://www.youtube.com/watch?v=9WHc4naxjx8&pp=ygUdVFYgb24gdGhlIFJhZGlvIEkgV2FzIGEgTG92ZXI%3D
Return to Cookie Mountain,https://lastfm.freetls.fastly.net/i/u/300x300/f4eeda2a95e44dd6cdf5c6d632f3c9cc.png,TV on the Radio,2006-07-03,"Growing from Brooklyn-based experimenters into a highly acclaimed outfit, TV on the Radio mix post-punk, electronics, soul, funk, and more in vibrantly creative ways. This eclectic sonic blend -- heightened by David Andrew Sitek's enveloping production and Tunde Adepimbe and Kyp Malone's passionate vocals and songwriting -- immediately distinguished the band from their contemporaries within the early 2000s New York scene. TV on the Radio's intense yet inviting sound arrived more or less fully formed on 2003's Young Liars EP; on the following year's full-length Desperate Youth, Blood Thirsty Babes, they embellished on their intense yet inviting sound brilliantly. Praise for their music only grew with 2006's Return to Cookie Mountain, which featured a cameo by David Bowie, one of the band's earliest and biggest fans. They continued to innovate on their later albums by adding more momentum on 2008's Dear Science, leaning into easy grooves on 2011's Nine Types of Light, and confronting loss with the clear-eyed meditations of 2014's Seeds. Later in the decade and into the 2020s, fiery live performances upheld TV on the Radio's reputation as one of alternative music's most dynamic acts.
TV on the Radio began when multi-instrumentalist/producer David Andrew Sitek moved into the building where vocalist/multi-instrumentalist Tunde Adebimpe had a loft. They had each been recording music on their own, but realized their sounds worked well together, and shared a love of artists as wide-ranging as Brian Eno, Earth, Wind & Fire, Siouxsie and the Banshees, and Prince.  Sitek's brother Jason began playing drums and other instruments with the pair during their recording sessions, which resulted in OK Calculator, a self-released disc of four-track recordings. Jason Sitek left the band for a short time due to other musical commitments but returned to the band when it recorded its Touch & Go debut, July 2003's Young Liars EP. Also featuring the Yeah Yeah Yeahs' Brian Chase and Nick Zinner, the EP quickly earned critical acclaim. After Young Liars was completed, TV on the Radio added vocalist/multi-instrumentalist Kyp Malone to the fold and toured with the Fall.
To make their debut album, TV on the Radio recorded at Brooklyn's Headgear Studio with Sitek as producer. Appearing in March 2004, Desperate Youth, Blood Thirsty Babes built on Young Liars' dense sonics; like that EP, the album received rave reviews and ultimately won that year's Shortlist Music Prize. That October, they released the New Health Rock EP, which paired the previously unreleased title track with songs from their debut album and a cover of the Yeah Yeah Yeahs' ""Modern Romance."" The band remained busy for the rest of the year, embarking on headlining tours as well as dates with the Faint and Pixies.
Though TV on the Radio's touring commitments extended into 2005, they found time to return to Sitek's Stay Gold studio to work on their second album, joined by drummer/multi-instrumentalist Jaleel Bunton and keyboardist Gerard Smith. They also made ""Dry Drunk Emperor,"" a song criticizing President George W. Bush, available on their website. July 2006's Return to Cookie Mountain was the band's first album for 4AD (in the U.S., it was released by Interscope). Its lush, expansive sound was echoed in its many guests, which included Zinner, David Bowie, Celebration's Katrina Ford, and Blonde Redhead's Kazu Makino. Return to Cookie Mountain became the band's first album to chart in multiple countries, reaching number 41 on the U.S. 200 Albums Chart, 90 on the U.K. Albums Chart, and appearing on charts in Europe and Australia. While touring in support of the album, the band invited Bauhaus' Peter Murphy and Nine Inch Nails' Trent Reznor to perform Bauhaus' ""Bela Lugosi's Undead"" and other songs with them. TV on the Radio went in a sleeker direction on their next album, September 2008's Dear Science. Rounded out performances by Ford, Antibalas, and saxophonist Colin Stetson among others, the album peaked at number 12 on the U.S. 200 Albums Chart and number 33 on the U.K. Albums Chart, and was certified gold in 2009 for its sales throughout Europe. Gang Gang Dance, the Glitch Mob, and Jneiro Jarel contributed to the Dear Science remix EP Read Silence, which appeared in April 2009.
In September 2009, TV on the Radio began a year-long hiatus. During that time, Malone worked with his project Rain Machine and appeared on Iran's 2009 album Dissolver. Sitek produced Holly Miranda's The Magician's Private Library and formed the collaborative pop project Maximum Balloon, which released its self-titled debut in 2010. That year, TV on the Radio returned to record their fourth full-length, April 2011's Nine Types of Light. A mellower, more groove-oriented affair than the band's previous work, the album, like Dear Science, reached number 12 in the U.S. and 33 in the U.K. Shortly after Nine Types of Light's release, Smith died of lung cancer at age 34. Later in 2011, the band released World Cafe Live, taken from a set recorded for National Public Radio. Following their role as curators and headliners of 2013's All Tomorrow's Parties festival in Camber Sands, England, TV on the Radio started work on their fifth album. Recorded in Sitek's home studio in Los Angeles, November 2014's Seeds was a reflective yet hopeful set of songs shaped by the loss of Smith. The album peaked at 22 on the 200 Albums Chart in the U.S. and at 78 on the U.K. Albums Chart.
After the conclusion of the Seeds tour -- which included 2015 dates at Red Rocks Amphitheatre as well as the Shaky Knees festival -- TV on the Radio took another break. Sitek concentrated on production work, collaborating with artists such as Pussy Riot, Preservation Hall Jazz Band, Weezer, Beyoncé and Jay-Z, and Chelsea Wolfe. Malone pursued acting as well as music, snagging roles in the TV show Broad City and the sci-fi film Doors and producing and performing on Matana Roberts' 2023 album Coin Coin Chapter Five: In the Garden. Similarly, Adepimbe balanced a successful acting career with making music. His TV credits included Adventure Time, The Girlfriend Experience, Perry Mason, and Star Wars: Skeleton Crew, and he performed in films such as Spider-Man: Homecoming, Marriage Story, and Twisters. Meanwhile, he collaborated with Mike Patton and Doseone as Nevermen, who released their self-titled debut album in 2016, and appeared on Run the Jewels' 2017 album Run the Jewels 3 among other projects. TV on the Radio toured in 2018 to commemorate the tenth anniversary of Dear Science's release and played a 2019 show at Madison Square Garden opening for Weezer and Pixies, but didn't perform live again until late 2024, when they celebrated the 20th anniversary of Desperate Youth, Blood Thirsty Babes' release with a brief tour. They also issued a deluxe version of the album featuring demos and other bonus material. ~ Heather Phares

The band went on hiatus following Dear Science. Malone worked on his own project, Rain Machine, and appeared on Iran's 2009 album Dissolver, while Sitek formed the collaborative pop project Maximum Balloon, which released its self-titled debut in 2010. As planned, their hiatus ended the following year, and TV on the Radio released their fifth album, Nine Types of Light, early in 2011. In March of that year, the band announced that bassist Gerard Smith, who had joined the TV on the Radio lineup in 2005, was suffering from lung cancer; the following month, on April 20, 2011, Smith passed away at the age of 34 as a result of the disease. Later that year, the band released World Cafe Live, taken from a set recorded for National Public Radio. Late in 2014, TV on the Radio returned with Seeds, a hopeful, streamlined-sounding set once again featuring production by Sitek. ~ Heather Phares",Province,Unknown,https://www.youtube.com/watch?v=S8mwsJsSGUI&pp=ygUYVFYgb24gdGhlIFJhZGlvIFByb3ZpbmNl
Return to Cookie Mountain,https://lastfm.freetls.fastly.net/i/u/300x300/f4eeda2a95e44dd6cdf5c6d632f3c9cc.png,TV on the Radio,2006-07-03,"Growing from Brooklyn-based experimenters into a highly acclaimed outfit, TV on the Radio mix post-punk, electronics, soul, funk, and more in vibrantly creative ways. This eclectic sonic blend -- heightened by David Andrew Sitek's enveloping production and Tunde Adepimbe and Kyp Malone's passionate vocals and songwriting -- immediately distinguished the band from their contemporaries within the early 2000s New York scene. TV on the Radio's intense yet inviting sound arrived more or less fully formed on 2003's Young Liars EP; on the following year's full-length Desperate Youth, Blood Thirsty Babes, they embellished on their intense yet inviting sound brilliantly. Praise for their music only grew with 2006's Return to Cookie Mountain, which featured a cameo by David Bowie, one of the band's earliest and biggest fans. They continued to innovate on their later albums by adding more momentum on 2008's Dear Science, leaning into easy grooves on 2011's Nine Types of Light, and confronting loss with the clear-eyed meditations of 2014's Seeds. Later in the decade and into the 2020s, fiery live performances upheld TV on the Radio's reputation as one of alternative music's most dynamic acts.
TV on the Radio began when multi-instrumentalist/producer David Andrew Sitek moved into the building where vocalist/multi-instrumentalist Tunde Adebimpe had a loft. They had each been recording music on their own, but realized their sounds worked well together, and shared a love of artists as wide-ranging as Brian Eno, Earth, Wind & Fire, Siouxsie and the Banshees, and Prince.  Sitek's brother Jason began playing drums and other instruments with the pair during their recording sessions, which resulted in OK Calculator, a self-released disc of four-track recordings. Jason Sitek left the band for a short time due to other musical commitments but returned to the band when it recorded its Touch & Go debut, July 2003's Young Liars EP. Also featuring the Yeah Yeah Yeahs' Brian Chase and Nick Zinner, the EP quickly earned critical acclaim. After Young Liars was completed, TV on the Radio added vocalist/multi-instrumentalist Kyp Malone to the fold and toured with the Fall.
To make their debut album, TV on the Radio recorded at Brooklyn's Headgear Studio with Sitek as producer. Appearing in March 2004, Desperate Youth, Blood Thirsty Babes built on Young Liars' dense sonics; like that EP, the album received rave reviews and ultimately won that year's Shortlist Music Prize. That October, they released the New Health Rock EP, which paired the previously unreleased title track with songs from their debut album and a cover of the Yeah Yeah Yeahs' ""Modern Romance."" The band remained busy for the rest of the year, embarking on headlining tours as well as dates with the Faint and Pixies.
Though TV on the Radio's touring commitments extended into 2005, they found time to return to Sitek's Stay Gold studio to work on their second album, joined by drummer/multi-instrumentalist Jaleel Bunton and keyboardist Gerard Smith. They also made ""Dry Drunk Emperor,"" a song criticizing President George W. Bush, available on their website. July 2006's Return to Cookie Mountain was the band's first album for 4AD (in the U.S., it was released by Interscope). Its lush, expansive sound was echoed in its many guests, which included Zinner, David Bowie, Celebration's Katrina Ford, and Blonde Redhead's Kazu Makino. Return to Cookie Mountain became the band's first album to chart in multiple countries, reaching number 41 on the U.S. 200 Albums Chart, 90 on the U.K. Albums Chart, and appearing on charts in Europe and Australia. While touring in support of the album, the band invited Bauhaus' Peter Murphy and Nine Inch Nails' Trent Reznor to perform Bauhaus' ""Bela Lugosi's Undead"" and other songs with them. TV on the Radio went in a sleeker direction on their next album, September 2008's Dear Science. Rounded out performances by Ford, Antibalas, and saxophonist Colin Stetson among others, the album peaked at number 12 on the U.S. 200 Albums Chart and number 33 on the U.K. Albums Chart, and was certified gold in 2009 for its sales throughout Europe. Gang Gang Dance, the Glitch Mob, and Jneiro Jarel contributed to the Dear Science remix EP Read Silence, which appeared in April 2009.
In September 2009, TV on the Radio began a year-long hiatus. During that time, Malone worked with his project Rain Machine and appeared on Iran's 2009 album Dissolver. Sitek produced Holly Miranda's The Magician's Private Library and formed the collaborative pop project Maximum Balloon, which released its self-titled debut in 2010. That year, TV on the Radio returned to record their fourth full-length, April 2011's Nine Types of Light. A mellower, more groove-oriented affair than the band's previous work, the album, like Dear Science, reached number 12 in the U.S. and 33 in the U.K. Shortly after Nine Types of Light's release, Smith died of lung cancer at age 34. Later in 2011, the band released World Cafe Live, taken from a set recorded for National Public Radio. Following their role as curators and headliners of 2013's All Tomorrow's Parties festival in Camber Sands, England, TV on the Radio started work on their fifth album. Recorded in Sitek's home studio in Los Angeles, November 2014's Seeds was a reflective yet hopeful set of songs shaped by the loss of Smith. The album peaked at 22 on the 200 Albums Chart in the U.S. and at 78 on the U.K. Albums Chart.
After the conclusion of the Seeds tour -- which included 2015 dates at Red Rocks Amphitheatre as well as the Shaky Knees festival -- TV on the Radio took another break. Sitek concentrated on production work, collaborating with artists such as Pussy Riot, Preservation Hall Jazz Band, Weezer, Beyoncé and Jay-Z, and Chelsea Wolfe. Malone pursued acting as well as music, snagging roles in the TV show Broad City and the sci-fi film Doors and producing and performing on Matana Roberts' 2023 album Coin Coin Chapter Five: In the Garden. Similarly, Adepimbe balanced a successful acting career with making music. His TV credits included Adventure Time, The Girlfriend Experience, Perry Mason, and Star Wars: Skeleton Crew, and he performed in films such as Spider-Man: Homecoming, Marriage Story, and Twisters. Meanwhile, he collaborated with Mike Patton and Doseone as Nevermen, who released their self-titled debut album in 2016, and appeared on Run the Jewels' 2017 album Run the Jewels 3 among other projects. TV on the Radio toured in 2018 to commemorate the tenth anniversary of Dear Science's release and played a 2019 show at Madison Square Garden opening for Weezer and Pixies, but didn't perform live again until late 2024, when they celebrated the 20th anniversary of Desperate Youth, Blood Thirsty Babes' release with a brief tour. They also issued a deluxe version of the album featuring demos and other bonus material. ~ Heather Phares

The band went on hiatus following Dear Science. Malone worked on his own project, Rain Machine, and appeared on Iran's 2009 album Dissolver, while Sitek formed the collaborative pop project Maximum Balloon, which released its self-titled debut in 2010. As planned, their hiatus ended the following year, and TV on the Radio released their fifth album, Nine Types of Light, early in 2011. In March of that year, the band announced that bassist Gerard Smith, who had joined the TV on the Radio lineup in 2005, was suffering from lung cancer; the following month, on April 20, 2011, Smith passed away at the age of 34 as a result of the disease. Later that year, the band released World Cafe Live, taken from a set recorded for National Public Radio. Late in 2014, TV on the Radio returned with Seeds, a hopeful, streamlined-sounding set once again featuring production by Sitek. ~ Heather Phares",Wolf Like Me,Unknown,https://www.youtube.com/watch?v=6yyNJXpP3EU&pp=ygUcVFYgb24gdGhlIFJhZGlvIFdvbGYgTGlrZSBNZQ%3D%3D
Return to Cookie Mountain,https://lastfm.freetls.fastly.net/i/u/300x300/f4eeda2a95e44dd6cdf5c6d632f3c9cc.png,TV on the Radio,2006-07-03,"Growing from Brooklyn-based experimenters into a highly acclaimed outfit, TV on the Radio mix post-punk, electronics, soul, funk, and more in vibrantly creative ways. This eclectic sonic blend -- heightened by David Andrew Sitek's enveloping production and Tunde Adepimbe and Kyp Malone's passionate vocals and songwriting -- immediately distinguished the band from their contemporaries within the early 2000s New York scene. TV on the Radio's intense yet inviting sound arrived more or less fully formed on 2003's Young Liars EP; on the following year's full-length Desperate Youth, Blood Thirsty Babes, they embellished on their intense yet inviting sound brilliantly. Praise for their music only grew with 2006's Return to Cookie Mountain, which featured a cameo by David Bowie, one of the band's earliest and biggest fans. They continued to innovate on their later albums by adding more momentum on 2008's Dear Science, leaning into easy grooves on 2011's Nine Types of Light, and confronting loss with the clear-eyed meditations of 2014's Seeds. Later in the decade and into the 2020s, fiery live performances upheld TV on the Radio's reputation as one of alternative music's most dynamic acts.
TV on the Radio began when multi-instrumentalist/producer David Andrew Sitek moved into the building where vocalist/multi-instrumentalist Tunde Adebimpe had a loft. They had each been recording music on their own, but realized their sounds worked well together, and shared a love of artists as wide-ranging as Brian Eno, Earth, Wind & Fire, Siouxsie and the Banshees, and Prince.  Sitek's brother Jason began playing drums and other instruments with the pair during their recording sessions, which resulted in OK Calculator, a self-released disc of four-track recordings. Jason Sitek left the band for a short time due to other musical commitments but returned to the band when it recorded its Touch & Go debut, July 2003's Young Liars EP. Also featuring the Yeah Yeah Yeahs' Brian Chase and Nick Zinner, the EP quickly earned critical acclaim. After Young Liars was completed, TV on the Radio added vocalist/multi-instrumentalist Kyp Malone to the fold and toured with the Fall.
To make their debut album, TV on the Radio recorded at Brooklyn's Headgear Studio with Sitek as producer. Appearing in March 2004, Desperate Youth, Blood Thirsty Babes built on Young Liars' dense sonics; like that EP, the album received rave reviews and ultimately won that year's Shortlist Music Prize. That October, they released the New Health Rock EP, which paired the previously unreleased title track with songs from their debut album and a cover of the Yeah Yeah Yeahs' ""Modern Romance."" The band remained busy for the rest of the year, embarking on headlining tours as well as dates with the Faint and Pixies.
Though TV on the Radio's touring commitments extended into 2005, they found time to return to Sitek's Stay Gold studio to work on their second album, joined by drummer/multi-instrumentalist Jaleel Bunton and keyboardist Gerard Smith. They also made ""Dry Drunk Emperor,"" a song criticizing President George W. Bush, available on their website. July 2006's Return to Cookie Mountain was the band's first album for 4AD (in the U.S., it was released by Interscope). Its lush, expansive sound was echoed in its many guests, which included Zinner, David Bowie, Celebration's Katrina Ford, and Blonde Redhead's Kazu Makino. Return to Cookie Mountain became the band's first album to chart in multiple countries, reaching number 41 on the U.S. 200 Albums Chart, 90 on the U.K. Albums Chart, and appearing on charts in Europe and Australia. While touring in support of the album, the band invited Bauhaus' Peter Murphy and Nine Inch Nails' Trent Reznor to perform Bauhaus' ""Bela Lugosi's Undead"" and other songs with them. TV on the Radio went in a sleeker direction on their next album, September 2008's Dear Science. Rounded out performances by Ford, Antibalas, and saxophonist Colin Stetson among others, the album peaked at number 12 on the U.S. 200 Albums Chart and number 33 on the U.K. Albums Chart, and was certified gold in 2009 for its sales throughout Europe. Gang Gang Dance, the Glitch Mob, and Jneiro Jarel contributed to the Dear Science remix EP Read Silence, which appeared in April 2009.
In September 2009, TV on the Radio began a year-long hiatus. During that time, Malone worked with his project Rain Machine and appeared on Iran's 2009 album Dissolver. Sitek produced Holly Miranda's The Magician's Private Library and formed the collaborative pop project Maximum Balloon, which released its self-titled debut in 2010. That year, TV on the Radio returned to record their fourth full-length, April 2011's Nine Types of Light. A mellower, more groove-oriented affair than the band's previous work, the album, like Dear Science, reached number 12 in the U.S. and 33 in the U.K. Shortly after Nine Types of Light's release, Smith died of lung cancer at age 34. Later in 2011, the band released World Cafe Live, taken from a set recorded for National Public Radio. Following their role as curators and headliners of 2013's All Tomorrow's Parties festival in Camber Sands, England, TV on the Radio started work on their fifth album. Recorded in Sitek's home studio in Los Angeles, November 2014's Seeds was a reflective yet hopeful set of songs shaped by the loss of Smith. The album peaked at 22 on the 200 Albums Chart in the U.S. and at 78 on the U.K. Albums Chart.
After the conclusion of the Seeds tour -- which included 2015 dates at Red Rocks Amphitheatre as well as the Shaky Knees festival -- TV on the Radio took another break. Sitek concentrated on production work, collaborating with artists such as Pussy Riot, Preservation Hall Jazz Band, Weezer, Beyoncé and Jay-Z, and Chelsea Wolfe. Malone pursued acting as well as music, snagging roles in the TV show Broad City and the sci-fi film Doors and producing and performing on Matana Roberts' 2023 album Coin Coin Chapter Five: In the Garden. Similarly, Adepimbe balanced a successful acting career with making music. His TV credits included Adventure Time, The Girlfriend Experience, Perry Mason, and Star Wars: Skeleton Crew, and he performed in films such as Spider-Man: Homecoming, Marriage Story, and Twisters. Meanwhile, he collaborated with Mike Patton and Doseone as Nevermen, who released their self-titled debut album in 2016, and appeared on Run the Jewels' 2017 album Run the Jewels 3 among other projects. TV on the Radio toured in 2018 to commemorate the tenth anniversary of Dear Science's release and played a 2019 show at Madison Square Garden opening for Weezer and Pixies, but didn't perform live again until late 2024, when they celebrated the 20th anniversary of Desperate Youth, Blood Thirsty Babes' release with a brief tour. They also issued a deluxe version of the album featuring demos and other bonus material. ~ Heather Phares

The band went on hiatus following Dear Science. Malone worked on his own project, Rain Machine, and appeared on Iran's 2009 album Dissolver, while Sitek formed the collaborative pop project Maximum Balloon, which released its self-titled debut in 2010. As planned, their hiatus ended the following year, and TV on the Radio released their fifth album, Nine Types of Light, early in 2011. In March of that year, the band announced that bassist Gerard Smith, who had joined the TV on the Radio lineup in 2005, was suffering from lung cancer; the following month, on April 20, 2011, Smith passed away at the age of 34 as a result of the disease. Later that year, the band released World Cafe Live, taken from a set recorded for National Public Radio. Late in 2014, TV on the Radio returned with Seeds, a hopeful, streamlined-sounding set once again featuring production by Sitek. ~ Heather Phares",Wash the Day,Unknown,https://www.youtube.com/watch?v=3w-0v5OjbRU&pp=ygUeVFYgb24gdGhlIFJhZGlvIC0gV2FzaCB0aGUgRGF5
Return to Cookie Mountain,https://lastfm.freetls.fastly.net/i/u/300x300/f4eeda2a95e44dd6cdf5c6d632f3c9cc.png,TV on the Radio,2006-07-03,"Growing from Brooklyn-based experimenters into a highly acclaimed outfit, TV on the Radio mix post-punk, electronics, soul, funk, and more in vibrantly creative ways. This eclectic sonic blend -- heightened by David Andrew Sitek's enveloping production and Tunde Adepimbe and Kyp Malone's passionate vocals and songwriting -- immediately distinguished the band from their contemporaries within the early 2000s New York scene. TV on the Radio's intense yet inviting sound arrived more or less fully formed on 2003's Young Liars EP; on the following year's full-length Desperate Youth, Blood Thirsty Babes, they embellished on their intense yet inviting sound brilliantly. Praise for their music only grew with 2006's Return to Cookie Mountain, which featured a cameo by David Bowie, one of the band's earliest and biggest fans. They continued to innovate on their later albums by adding more momentum on 2008's Dear Science, leaning into easy grooves on 2011's Nine Types of Light, and confronting loss with the clear-eyed meditations of 2014's Seeds. Later in the decade and into the 2020s, fiery live performances upheld TV on the Radio's reputation as one of alternative music's most dynamic acts.
TV on the Radio began when multi-instrumentalist/producer David Andrew Sitek moved into the building where vocalist/multi-instrumentalist Tunde Adebimpe had a loft. They had each been recording music on their own, but realized their sounds worked well together, and shared a love of artists as wide-ranging as Brian Eno, Earth, Wind & Fire, Siouxsie and the Banshees, and Prince.  Sitek's brother Jason began playing drums and other instruments with the pair during their recording sessions, which resulted in OK Calculator, a self-released disc of four-track recordings. Jason Sitek left the band for a short time due to other musical commitments but returned to the band when it recorded its Touch & Go debut, July 2003's Young Liars EP. Also featuring the Yeah Yeah Yeahs' Brian Chase and Nick Zinner, the EP quickly earned critical acclaim. After Young Liars was completed, TV on the Radio added vocalist/multi-instrumentalist Kyp Malone to the fold and toured with the Fall.
To make their debut album, TV on the Radio recorded at Brooklyn's Headgear Studio with Sitek as producer. Appearing in March 2004, Desperate Youth, Blood Thirsty Babes built on Young Liars' dense sonics; like that EP, the album received rave reviews and ultimately won that year's Shortlist Music Prize. That October, they released the New Health Rock EP, which paired the previously unreleased title track with songs from their debut album and a cover of the Yeah Yeah Yeahs' ""Modern Romance."" The band remained busy for the rest of the year, embarking on headlining tours as well as dates with the Faint and Pixies.
Though TV on the Radio's touring commitments extended into 2005, they found time to return to Sitek's Stay Gold studio to work on their second album, joined by drummer/multi-instrumentalist Jaleel Bunton and keyboardist Gerard Smith. They also made ""Dry Drunk Emperor,"" a song criticizing President George W. Bush, available on their website. July 2006's Return to Cookie Mountain was the band's first album for 4AD (in the U.S., it was released by Interscope). Its lush, expansive sound was echoed in its many guests, which included Zinner, David Bowie, Celebration's Katrina Ford, and Blonde Redhead's Kazu Makino. Return to Cookie Mountain became the band's first album to chart in multiple countries, reaching number 41 on the U.S. 200 Albums Chart, 90 on the U.K. Albums Chart, and appearing on charts in Europe and Australia. While touring in support of the album, the band invited Bauhaus' Peter Murphy and Nine Inch Nails' Trent Reznor to perform Bauhaus' ""Bela Lugosi's Undead"" and other songs with them. TV on the Radio went in a sleeker direction on their next album, September 2008's Dear Science. Rounded out performances by Ford, Antibalas, and saxophonist Colin Stetson among others, the album peaked at number 12 on the U.S. 200 Albums Chart and number 33 on the U.K. Albums Chart, and was certified gold in 2009 for its sales throughout Europe. Gang Gang Dance, the Glitch Mob, and Jneiro Jarel contributed to the Dear Science remix EP Read Silence, which appeared in April 2009.
In September 2009, TV on the Radio began a year-long hiatus. During that time, Malone worked with his project Rain Machine and appeared on Iran's 2009 album Dissolver. Sitek produced Holly Miranda's The Magician's Private Library and formed the collaborative pop project Maximum Balloon, which released its self-titled debut in 2010. That year, TV on the Radio returned to record their fourth full-length, April 2011's Nine Types of Light. A mellower, more groove-oriented affair than the band's previous work, the album, like Dear Science, reached number 12 in the U.S. and 33 in the U.K. Shortly after Nine Types of Light's release, Smith died of lung cancer at age 34. Later in 2011, the band released World Cafe Live, taken from a set recorded for National Public Radio. Following their role as curators and headliners of 2013's All Tomorrow's Parties festival in Camber Sands, England, TV on the Radio started work on their fifth album. Recorded in Sitek's home studio in Los Angeles, November 2014's Seeds was a reflective yet hopeful set of songs shaped by the loss of Smith. The album peaked at 22 on the 200 Albums Chart in the U.S. and at 78 on the U.K. Albums Chart.
After the conclusion of the Seeds tour -- which included 2015 dates at Red Rocks Amphitheatre as well as the Shaky Knees festival -- TV on the Radio took another break. Sitek concentrated on production work, collaborating with artists such as Pussy Riot, Preservation Hall Jazz Band, Weezer, Beyoncé and Jay-Z, and Chelsea Wolfe. Malone pursued acting as well as music, snagging roles in the TV show Broad City and the sci-fi film Doors and producing and performing on Matana Roberts' 2023 album Coin Coin Chapter Five: In the Garden. Similarly, Adepimbe balanced a successful acting career with making music. His TV credits included Adventure Time, The Girlfriend Experience, Perry Mason, and Star Wars: Skeleton Crew, and he performed in films such as Spider-Man: Homecoming, Marriage Story, and Twisters. Meanwhile, he collaborated with Mike Patton and Doseone as Nevermen, who released their self-titled debut album in 2016, and appeared on Run the Jewels' 2017 album Run the Jewels 3 among other projects. TV on the Radio toured in 2018 to commemorate the tenth anniversary of Dear Science's release and played a 2019 show at Madison Square Garden opening for Weezer and Pixies, but didn't perform live again until late 2024, when they celebrated the 20th anniversary of Desperate Youth, Blood Thirsty Babes' release with a brief tour. They also issued a deluxe version of the album featuring demos and other bonus material. ~ Heather Phares

The band went on hiatus following Dear Science. Malone worked on his own project, Rain Machine, and appeared on Iran's 2009 album Dissolver, while Sitek formed the collaborative pop project Maximum Balloon, which released its self-titled debut in 2010. As planned, their hiatus ended the following year, and TV on the Radio released their fifth album, Nine Types of Light, early in 2011. In March of that year, the band announced that bassist Gerard Smith, who had joined the TV on the Radio lineup in 2005, was suffering from lung cancer; the following month, on April 20, 2011, Smith passed away at the age of 34 as a result of the disease. Later that year, the band released World Cafe Live, taken from a set recorded for National Public Radio. Late in 2014, TV on the Radio returned with Seeds, a hopeful, streamlined-sounding set once again featuring production by Sitek. ~ Heather Phares",Snakes and Martyrs,Unknown,https://www.youtube.com/watch?v=fcw21_hvIPA&pp=ygUiVFYgb24gdGhlIFJhZGlvIFNuYWtlcyBhbmQgTWFydHlycw%3D%3D
Return to Cookie Mountain,https://lastfm.freetls.fastly.net/i/u/300x300/f4eeda2a95e44dd6cdf5c6d632f3c9cc.png,TV on the Radio,2006-07-03,"Growing from Brooklyn-based experimenters into a highly acclaimed outfit, TV on the Radio mix post-punk, electronics, soul, funk, and more in vibrantly creative ways. This eclectic sonic blend -- heightened by David Andrew Sitek's enveloping production and Tunde Adepimbe and Kyp Malone's passionate vocals and songwriting -- immediately distinguished the band from their contemporaries within the early 2000s New York scene. TV on the Radio's intense yet inviting sound arrived more or less fully formed on 2003's Young Liars EP; on the following year's full-length Desperate Youth, Blood Thirsty Babes, they embellished on their intense yet inviting sound brilliantly. Praise for their music only grew with 2006's Return to Cookie Mountain, which featured a cameo by David Bowie, one of the band's earliest and biggest fans. They continued to innovate on their later albums by adding more momentum on 2008's Dear Science, leaning into easy grooves on 2011's Nine Types of Light, and confronting loss with the clear-eyed meditations of 2014's Seeds. Later in the decade and into the 2020s, fiery live performances upheld TV on the Radio's reputation as one of alternative music's most dynamic acts.
TV on the Radio began when multi-instrumentalist/producer David Andrew Sitek moved into the building where vocalist/multi-instrumentalist Tunde Adebimpe had a loft. They had each been recording music on their own, but realized their sounds worked well together, and shared a love of artists as wide-ranging as Brian Eno, Earth, Wind & Fire, Siouxsie and the Banshees, and Prince.  Sitek's brother Jason began playing drums and other instruments with the pair during their recording sessions, which resulted in OK Calculator, a self-released disc of four-track recordings. Jason Sitek left the band for a short time due to other musical commitments but returned to the band when it recorded its Touch & Go debut, July 2003's Young Liars EP. Also featuring the Yeah Yeah Yeahs' Brian Chase and Nick Zinner, the EP quickly earned critical acclaim. After Young Liars was completed, TV on the Radio added vocalist/multi-instrumentalist Kyp Malone to the fold and toured with the Fall.
To make their debut album, TV on the Radio recorded at Brooklyn's Headgear Studio with Sitek as producer. Appearing in March 2004, Desperate Youth, Blood Thirsty Babes built on Young Liars' dense sonics; like that EP, the album received rave reviews and ultimately won that year's Shortlist Music Prize. That October, they released the New Health Rock EP, which paired the previously unreleased title track with songs from their debut album and a cover of the Yeah Yeah Yeahs' ""Modern Romance."" The band remained busy for the rest of the year, embarking on headlining tours as well as dates with the Faint and Pixies.
Though TV on the Radio's touring commitments extended into 2005, they found time to return to Sitek's Stay Gold studio to work on their second album, joined by drummer/multi-instrumentalist Jaleel Bunton and keyboardist Gerard Smith. They also made ""Dry Drunk Emperor,"" a song criticizing President George W. Bush, available on their website. July 2006's Return to Cookie Mountain was the band's first album for 4AD (in the U.S., it was released by Interscope). Its lush, expansive sound was echoed in its many guests, which included Zinner, David Bowie, Celebration's Katrina Ford, and Blonde Redhead's Kazu Makino. Return to Cookie Mountain became the band's first album to chart in multiple countries, reaching number 41 on the U.S. 200 Albums Chart, 90 on the U.K. Albums Chart, and appearing on charts in Europe and Australia. While touring in support of the album, the band invited Bauhaus' Peter Murphy and Nine Inch Nails' Trent Reznor to perform Bauhaus' ""Bela Lugosi's Undead"" and other songs with them. TV on the Radio went in a sleeker direction on their next album, September 2008's Dear Science. Rounded out performances by Ford, Antibalas, and saxophonist Colin Stetson among others, the album peaked at number 12 on the U.S. 200 Albums Chart and number 33 on the U.K. Albums Chart, and was certified gold in 2009 for its sales throughout Europe. Gang Gang Dance, the Glitch Mob, and Jneiro Jarel contributed to the Dear Science remix EP Read Silence, which appeared in April 2009.
In September 2009, TV on the Radio began a year-long hiatus. During that time, Malone worked with his project Rain Machine and appeared on Iran's 2009 album Dissolver. Sitek produced Holly Miranda's The Magician's Private Library and formed the collaborative pop project Maximum Balloon, which released its self-titled debut in 2010. That year, TV on the Radio returned to record their fourth full-length, April 2011's Nine Types of Light. A mellower, more groove-oriented affair than the band's previous work, the album, like Dear Science, reached number 12 in the U.S. and 33 in the U.K. Shortly after Nine Types of Light's release, Smith died of lung cancer at age 34. Later in 2011, the band released World Cafe Live, taken from a set recorded for National Public Radio. Following their role as curators and headliners of 2013's All Tomorrow's Parties festival in Camber Sands, England, TV on the Radio started work on their fifth album. Recorded in Sitek's home studio in Los Angeles, November 2014's Seeds was a reflective yet hopeful set of songs shaped by the loss of Smith. The album peaked at 22 on the 200 Albums Chart in the U.S. and at 78 on the U.K. Albums Chart.
After the conclusion of the Seeds tour -- which included 2015 dates at Red Rocks Amphitheatre as well as the Shaky Knees festival -- TV on the Radio took another break. Sitek concentrated on production work, collaborating with artists such as Pussy Riot, Preservation Hall Jazz Band, Weezer, Beyoncé and Jay-Z, and Chelsea Wolfe. Malone pursued acting as well as music, snagging roles in the TV show Broad City and the sci-fi film Doors and producing and performing on Matana Roberts' 2023 album Coin Coin Chapter Five: In the Garden. Similarly, Adepimbe balanced a successful acting career with making music. His TV credits included Adventure Time, The Girlfriend Experience, Perry Mason, and Star Wars: Skeleton Crew, and he performed in films such as Spider-Man: Homecoming, Marriage Story, and Twisters. Meanwhile, he collaborated with Mike Patton and Doseone as Nevermen, who released their self-titled debut album in 2016, and appeared on Run the Jewels' 2017 album Run the Jewels 3 among other projects. TV on the Radio toured in 2018 to commemorate the tenth anniversary of Dear Science's release and played a 2019 show at Madison Square Garden opening for Weezer and Pixies, but didn't perform live again until late 2024, when they celebrated the 20th anniversary of Desperate Youth, Blood Thirsty Babes' release with a brief tour. They also issued a deluxe version of the album featuring demos and other bonus material. ~ Heather Phares

The band went on hiatus following Dear Science. Malone worked on his own project, Rain Machine, and appeared on Iran's 2009 album Dissolver, while Sitek formed the collaborative pop project Maximum Balloon, which released its self-titled debut in 2010. As planned, their hiatus ended the following year, and TV on the Radio released their fifth album, Nine Types of Light, early in 2011. In March of that year, the band announced that bassist Gerard Smith, who had joined the TV on the Radio lineup in 2005, was suffering from lung cancer; the following month, on April 20, 2011, Smith passed away at the age of 34 as a result of the disease. Later that year, the band released World Cafe Live, taken from a set recorded for National Public Radio. Late in 2014, TV on the Radio returned with Seeds, a hopeful, streamlined-sounding set once again featuring production by Sitek. ~ Heather Phares",Things You Can Do,Unknown,https://www.youtube.com/watch?v=RZmpK6taKLU&pp=ygUjVFYgb24gdGhlIFJhZGlvIC0gVGhpbmdzIFlvdSBDYW4gRG8%3D
Seeds,https://lastfm.freetls.fastly.net/i/u/300x300/c65846824e3f41ccc18b98e927ff18f6.png,TV on the Radio,2014-11-17,"Growing from Brooklyn-based experimenters into a highly acclaimed outfit, TV on the Radio mix post-punk, electronics, soul, funk, and more in vibrantly creative ways. This eclectic sonic blend -- heightened by David Andrew Sitek's enveloping production and Tunde Adepimbe and Kyp Malone's passionate vocals and songwriting -- immediately distinguished the band from their contemporaries within the early 2000s New York scene. TV on the Radio's intense yet inviting sound arrived more or less fully formed on 2003's Young Liars EP; on the following year's full-length Desperate Youth, Blood Thirsty Babes, they embellished on their intense yet inviting sound brilliantly. Praise for their music only grew with 2006's Return to Cookie Mountain, which featured a cameo by David Bowie, one of the band's earliest and biggest fans. They continued to innovate on their later albums by adding more momentum on 2008's Dear Science, leaning into easy grooves on 2011's Nine Types of Light, and confronting loss with the clear-eyed meditations of 2014's Seeds. Later in the decade and into the 2020s, fiery live performances upheld TV on the Radio's reputation as one of alternative music's most dynamic acts.
TV on the Radio began when multi-instrumentalist/producer David Andrew Sitek moved into the building where vocalist/multi-instrumentalist Tunde Adebimpe had a loft. They had each been recording music on their own, but realized their sounds worked well together, and shared a love of artists as wide-ranging as Brian Eno, Earth, Wind & Fire, Siouxsie and the Banshees, and Prince.  Sitek's brother Jason began playing drums and other instruments with the pair during their recording sessions, which resulted in OK Calculator, a self-released disc of four-track recordings. Jason Sitek left the band for a short time due to other musical commitments but returned to the band when it recorded its Touch & Go debut, July 2003's Young Liars EP. Also featuring the Yeah Yeah Yeahs' Brian Chase and Nick Zinner, the EP quickly earned critical acclaim. After Young Liars was completed, TV on the Radio added vocalist/multi-instrumentalist Kyp Malone to the fold and toured with the Fall.
To make their debut album, TV on the Radio recorded at Brooklyn's Headgear Studio with Sitek as producer. Appearing in March 2004, Desperate Youth, Blood Thirsty Babes built on Young Liars' dense sonics; like that EP, the album received rave reviews and ultimately won that year's Shortlist Music Prize. That October, they released the New Health Rock EP, which paired the previously unreleased title track with songs from their debut album and a cover of the Yeah Yeah Yeahs' ""Modern Romance."" The band remained busy for the rest of the year, embarking on headlining tours as well as dates with the Faint and Pixies.
Though TV on the Radio's touring commitments extended into 2005, they found time to return to Sitek's Stay Gold studio to work on their second album, joined by drummer/multi-instrumentalist Jaleel Bunton and keyboardist Gerard Smith. They also made ""Dry Drunk Emperor,"" a song criticizing President George W. Bush, available on their website. July 2006's Return to Cookie Mountain was the band's first album for 4AD (in the U.S., it was released by Interscope). Its lush, expansive sound was echoed in its many guests, which included Zinner, David Bowie, Celebration's Katrina Ford, and Blonde Redhead's Kazu Makino. Return to Cookie Mountain became the band's first album to chart in multiple countries, reaching number 41 on the U.S. 200 Albums Chart, 90 on the U.K. Albums Chart, and appearing on charts in Europe and Australia. While touring in support of the album, the band invited Bauhaus' Peter Murphy and Nine Inch Nails' Trent Reznor to perform Bauhaus' ""Bela Lugosi's Undead"" and other songs with them. TV on the Radio went in a sleeker direction on their next album, September 2008's Dear Science. Rounded out performances by Ford, Antibalas, and saxophonist Colin Stetson among others, the album peaked at number 12 on the U.S. 200 Albums Chart and number 33 on the U.K. Albums Chart, and was certified gold in 2009 for its sales throughout Europe. Gang Gang Dance, the Glitch Mob, and Jneiro Jarel contributed to the Dear Science remix EP Read Silence, which appeared in April 2009.
In September 2009, TV on the Radio began a year-long hiatus. During that time, Malone worked with his project Rain Machine and appeared on Iran's 2009 album Dissolver. Sitek produced Holly Miranda's The Magician's Private Library and formed the collaborative pop project Maximum Balloon, which released its self-titled debut in 2010. That year, TV on the Radio returned to record their fourth full-length, April 2011's Nine Types of Light. A mellower, more groove-oriented affair than the band's previous work, the album, like Dear Science, reached number 12 in the U.S. and 33 in the U.K. Shortly after Nine Types of Light's release, Smith died of lung cancer at age 34. Later in 2011, the band released World Cafe Live, taken from a set recorded for National Public Radio. Following their role as curators and headliners of 2013's All Tomorrow's Parties festival in Camber Sands, England, TV on the Radio started work on their fifth album. Recorded in Sitek's home studio in Los Angeles, November 2014's Seeds was a reflective yet hopeful set of songs shaped by the loss of Smith. The album peaked at 22 on the 200 Albums Chart in the U.S. and at 78 on the U.K. Albums Chart.
After the conclusion of the Seeds tour -- which included 2015 dates at Red Rocks Amphitheatre as well as the Shaky Knees festival -- TV on the Radio took another break. Sitek concentrated on production work, collaborating with artists such as Pussy Riot, Preservation Hall Jazz Band, Weezer, Beyoncé and Jay-Z, and Chelsea Wolfe. Malone pursued acting as well as music, snagging roles in the TV show Broad City and the sci-fi film Doors and producing and performing on Matana Roberts' 2023 album Coin Coin Chapter Five: In the Garden. Similarly, Adepimbe balanced a successful acting career with making music. His TV credits included Adventure Time, The Girlfriend Experience, Perry Mason, and Star Wars: Skeleton Crew, and he performed in films such as Spider-Man: Homecoming, Marriage Story, and Twisters. Meanwhile, he collaborated with Mike Patton and Doseone as Nevermen, who released their self-titled debut album in 2016, and appeared on Run the Jewels' 2017 album Run the Jewels 3 among other projects. TV on the Radio toured in 2018 to commemorate the tenth anniversary of Dear Science's release and played a 2019 show at Madison Square Garden opening for Weezer and Pixies, but didn't perform live again until late 2024, when they celebrated the 20th anniversary of Desperate Youth, Blood Thirsty Babes' release with a brief tour. They also issued a deluxe version of the album featuring demos and other bonus material. ~ Heather Phares

The band went on hiatus following Dear Science. Malone worked on his own project, Rain Machine, and appeared on Iran's 2009 album Dissolver, while Sitek formed the collaborative pop project Maximum Balloon, which released its self-titled debut in 2010. As planned, their hiatus ended the following year, and TV on the Radio released their fifth album, Nine Types of Light, early in 2011. In March of that year, the band announced that bassist Gerard Smith, who had joined the TV on the Radio lineup in 2005, was suffering from lung cancer; the following month, on April 20, 2011, Smith passed away at the age of 34 as a result of the disease. Later that year, the band released World Cafe Live, taken from a set recorded for National Public Radio. Late in 2014, TV on the Radio returned with Seeds, a hopeful, streamlined-sounding set once again featuring production by Sitek. ~ Heather Phares",Quartz,Unknown,https://www.youtube.com/watch?v=RhE_PzAcjn4&pp=ygUYVFYgb24gdGhlIFJhZGlvIC0gUXVhcnR60gcJCYQJAYcqIYzv
Seeds,https://lastfm.freetls.fastly.net/i/u/300x300/c65846824e3f41ccc18b98e927ff18f6.png,TV on the Radio,2014-11-17,"Growing from Brooklyn-based experimenters into a highly acclaimed outfit, TV on the Radio mix post-punk, electronics, soul, funk, and more in vibrantly creative ways. This eclectic sonic blend -- heightened by David Andrew Sitek's enveloping production and Tunde Adepimbe and Kyp Malone's passionate vocals and songwriting -- immediately distinguished the band from their contemporaries within the early 2000s New York scene. TV on the Radio's intense yet inviting sound arrived more or less fully formed on 2003's Young Liars EP; on the following year's full-length Desperate Youth, Blood Thirsty Babes, they embellished on their intense yet inviting sound brilliantly. Praise for their music only grew with 2006's Return to Cookie Mountain, which featured a cameo by David Bowie, one of the band's earliest and biggest fans. They continued to innovate on their later albums by adding more momentum on 2008's Dear Science, leaning into easy grooves on 2011's Nine Types of Light, and confronting loss with the clear-eyed meditations of 2014's Seeds. Later in the decade and into the 2020s, fiery live performances upheld TV on the Radio's reputation as one of alternative music's most dynamic acts.
TV on the Radio began when multi-instrumentalist/producer David Andrew Sitek moved into the building where vocalist/multi-instrumentalist Tunde Adebimpe had a loft. They had each been recording music on their own, but realized their sounds worked well together, and shared a love of artists as wide-ranging as Brian Eno, Earth, Wind & Fire, Siouxsie and the Banshees, and Prince.  Sitek's brother Jason began playing drums and other instruments with the pair during their recording sessions, which resulted in OK Calculator, a self-released disc of four-track recordings. Jason Sitek left the band for a short time due to other musical commitments but returned to the band when it recorded its Touch & Go debut, July 2003's Young Liars EP. Also featuring the Yeah Yeah Yeahs' Brian Chase and Nick Zinner, the EP quickly earned critical acclaim. After Young Liars was completed, TV on the Radio added vocalist/multi-instrumentalist Kyp Malone to the fold and toured with the Fall.
To make their debut album, TV on the Radio recorded at Brooklyn's Headgear Studio with Sitek as producer. Appearing in March 2004, Desperate Youth, Blood Thirsty Babes built on Young Liars' dense sonics; like that EP, the album received rave reviews and ultimately won that year's Shortlist Music Prize. That October, they released the New Health Rock EP, which paired the previously unreleased title track with songs from their debut album and a cover of the Yeah Yeah Yeahs' ""Modern Romance."" The band remained busy for the rest of the year, embarking on headlining tours as well as dates with the Faint and Pixies.
Though TV on the Radio's touring commitments extended into 2005, they found time to return to Sitek's Stay Gold studio to work on their second album, joined by drummer/multi-instrumentalist Jaleel Bunton and keyboardist Gerard Smith. They also made ""Dry Drunk Emperor,"" a song criticizing President George W. Bush, available on their website. July 2006's Return to Cookie Mountain was the band's first album for 4AD (in the U.S., it was released by Interscope). Its lush, expansive sound was echoed in its many guests, which included Zinner, David Bowie, Celebration's Katrina Ford, and Blonde Redhead's Kazu Makino. Return to Cookie Mountain became the band's first album to chart in multiple countries, reaching number 41 on the U.S. 200 Albums Chart, 90 on the U.K. Albums Chart, and appearing on charts in Europe and Australia. While touring in support of the album, the band invited Bauhaus' Peter Murphy and Nine Inch Nails' Trent Reznor to perform Bauhaus' ""Bela Lugosi's Undead"" and other songs with them. TV on the Radio went in a sleeker direction on their next album, September 2008's Dear Science. Rounded out performances by Ford, Antibalas, and saxophonist Colin Stetson among others, the album peaked at number 12 on the U.S. 200 Albums Chart and number 33 on the U.K. Albums Chart, and was certified gold in 2009 for its sales throughout Europe. Gang Gang Dance, the Glitch Mob, and Jneiro Jarel contributed to the Dear Science remix EP Read Silence, which appeared in April 2009.
In September 2009, TV on the Radio began a year-long hiatus. During that time, Malone worked with his project Rain Machine and appeared on Iran's 2009 album Dissolver. Sitek produced Holly Miranda's The Magician's Private Library and formed the collaborative pop project Maximum Balloon, which released its self-titled debut in 2010. That year, TV on the Radio returned to record their fourth full-length, April 2011's Nine Types of Light. A mellower, more groove-oriented affair than the band's previous work, the album, like Dear Science, reached number 12 in the U.S. and 33 in the U.K. Shortly after Nine Types of Light's release, Smith died of lung cancer at age 34. Later in 2011, the band released World Cafe Live, taken from a set recorded for National Public Radio. Following their role as curators and headliners of 2013's All Tomorrow's Parties festival in Camber Sands, England, TV on the Radio started work on their fifth album. Recorded in Sitek's home studio in Los Angeles, November 2014's Seeds was a reflective yet hopeful set of songs shaped by the loss of Smith. The album peaked at 22 on the 200 Albums Chart in the U.S. and at 78 on the U.K. Albums Chart.
After the conclusion of the Seeds tour -- which included 2015 dates at Red Rocks Amphitheatre as well as the Shaky Knees festival -- TV on the Radio took another break. Sitek concentrated on production work, collaborating with artists such as Pussy Riot, Preservation Hall Jazz Band, Weezer, Beyoncé and Jay-Z, and Chelsea Wolfe. Malone pursued acting as well as music, snagging roles in the TV show Broad City and the sci-fi film Doors and producing and performing on Matana Roberts' 2023 album Coin Coin Chapter Five: In the Garden. Similarly, Adepimbe balanced a successful acting career with making music. His TV credits included Adventure Time, The Girlfriend Experience, Perry Mason, and Star Wars: Skeleton Crew, and he performed in films such as Spider-Man: Homecoming, Marriage Story, and Twisters. Meanwhile, he collaborated with Mike Patton and Doseone as Nevermen, who released their self-titled debut album in 2016, and appeared on Run the Jewels' 2017 album Run the Jewels 3 among other projects. TV on the Radio toured in 2018 to commemorate the tenth anniversary of Dear Science's release and played a 2019 show at Madison Square Garden opening for Weezer and Pixies, but didn't perform live again until late 2024, when they celebrated the 20th anniversary of Desperate Youth, Blood Thirsty Babes' release with a brief tour. They also issued a deluxe version of the album featuring demos and other bonus material. ~ Heather Phares

The band went on hiatus following Dear Science. Malone worked on his own project, Rain Machine, and appeared on Iran's 2009 album Dissolver, while Sitek formed the collaborative pop project Maximum Balloon, which released its self-titled debut in 2010. As planned, their hiatus ended the following year, and TV on the Radio released their fifth album, Nine Types of Light, early in 2011. In March of that year, the band announced that bassist Gerard Smith, who had joined the TV on the Radio lineup in 2005, was suffering from lung cancer; the following month, on April 20, 2011, Smith passed away at the age of 34 as a result of the disease. Later that year, the band released World Cafe Live, taken from a set recorded for National Public Radio. Late in 2014, TV on the Radio returned with Seeds, a hopeful, streamlined-sounding set once again featuring production by Sitek. ~ Heather Phares",Could You,Unknown,https://www.youtube.com/watch?v=v5YcIxYcpxA&pp=ygUbVFYgb24gdGhlIFJhZGlvIC0gQ291bGQgWW91
Seeds,https://lastfm.freetls.fastly.net/i/u/300x300/c65846824e3f41ccc18b98e927ff18f6.png,TV on the Radio,2014-11-17,"Growing from Brooklyn-based experimenters into a highly acclaimed outfit, TV on the Radio mix post-punk, electronics, soul, funk, and more in vibrantly creative ways. This eclectic sonic blend -- heightened by David Andrew Sitek's enveloping production and Tunde Adepimbe and Kyp Malone's passionate vocals and songwriting -- immediately distinguished the band from their contemporaries within the early 2000s New York scene. TV on the Radio's intense yet inviting sound arrived more or less fully formed on 2003's Young Liars EP; on the following year's full-length Desperate Youth, Blood Thirsty Babes, they embellished on their intense yet inviting sound brilliantly. Praise for their music only grew with 2006's Return to Cookie Mountain, which featured a cameo by David Bowie, one of the band's earliest and biggest fans. They continued to innovate on their later albums by adding more momentum on 2008's Dear Science, leaning into easy grooves on 2011's Nine Types of Light, and confronting loss with the clear-eyed meditations of 2014's Seeds. Later in the decade and into the 2020s, fiery live performances upheld TV on the Radio's reputation as one of alternative music's most dynamic acts.
TV on the Radio began when multi-instrumentalist/producer David Andrew Sitek moved into the building where vocalist/multi-instrumentalist Tunde Adebimpe had a loft. They had each been recording music on their own, but realized their sounds worked well together, and shared a love of artists as wide-ranging as Brian Eno, Earth, Wind & Fire, Siouxsie and the Banshees, and Prince.  Sitek's brother Jason began playing drums and other instruments with the pair during their recording sessions, which resulted in OK Calculator, a self-released disc of four-track recordings. Jason Sitek left the band for a short time due to other musical commitments but returned to the band when it recorded its Touch & Go debut, July 2003's Young Liars EP. Also featuring the Yeah Yeah Yeahs' Brian Chase and Nick Zinner, the EP quickly earned critical acclaim. After Young Liars was completed, TV on the Radio added vocalist/multi-instrumentalist Kyp Malone to the fold and toured with the Fall.
To make their debut album, TV on the Radio recorded at Brooklyn's Headgear Studio with Sitek as producer. Appearing in March 2004, Desperate Youth, Blood Thirsty Babes built on Young Liars' dense sonics; like that EP, the album received rave reviews and ultimately won that year's Shortlist Music Prize. That October, they released the New Health Rock EP, which paired the previously unreleased title track with songs from their debut album and a cover of the Yeah Yeah Yeahs' ""Modern Romance."" The band remained busy for the rest of the year, embarking on headlining tours as well as dates with the Faint and Pixies.
Though TV on the Radio's touring commitments extended into 2005, they found time to return to Sitek's Stay Gold studio to work on their second album, joined by drummer/multi-instrumentalist Jaleel Bunton and keyboardist Gerard Smith. They also made ""Dry Drunk Emperor,"" a song criticizing President George W. Bush, available on their website. July 2006's Return to Cookie Mountain was the band's first album for 4AD (in the U.S., it was released by Interscope). Its lush, expansive sound was echoed in its many guests, which included Zinner, David Bowie, Celebration's Katrina Ford, and Blonde Redhead's Kazu Makino. Return to Cookie Mountain became the band's first album to chart in multiple countries, reaching number 41 on the U.S. 200 Albums Chart, 90 on the U.K. Albums Chart, and appearing on charts in Europe and Australia. While touring in support of the album, the band invited Bauhaus' Peter Murphy and Nine Inch Nails' Trent Reznor to perform Bauhaus' ""Bela Lugosi's Undead"" and other songs with them. TV on the Radio went in a sleeker direction on their next album, September 2008's Dear Science. Rounded out performances by Ford, Antibalas, and saxophonist Colin Stetson among others, the album peaked at number 12 on the U.S. 200 Albums Chart and number 33 on the U.K. Albums Chart, and was certified gold in 2009 for its sales throughout Europe. Gang Gang Dance, the Glitch Mob, and Jneiro Jarel contributed to the Dear Science remix EP Read Silence, which appeared in April 2009.
In September 2009, TV on the Radio began a year-long hiatus. During that time, Malone worked with his project Rain Machine and appeared on Iran's 2009 album Dissolver. Sitek produced Holly Miranda's The Magician's Private Library and formed the collaborative pop project Maximum Balloon, which released its self-titled debut in 2010. That year, TV on the Radio returned to record their fourth full-length, April 2011's Nine Types of Light. A mellower, more groove-oriented affair than the band's previous work, the album, like Dear Science, reached number 12 in the U.S. and 33 in the U.K. Shortly after Nine Types of Light's release, Smith died of lung cancer at age 34. Later in 2011, the band released World Cafe Live, taken from a set recorded for National Public Radio. Following their role as curators and headliners of 2013's All Tomorrow's Parties festival in Camber Sands, England, TV on the Radio started work on their fifth album. Recorded in Sitek's home studio in Los Angeles, November 2014's Seeds was a reflective yet hopeful set of songs shaped by the loss of Smith. The album peaked at 22 on the 200 Albums Chart in the U.S. and at 78 on the U.K. Albums Chart.
After the conclusion of the Seeds tour -- which included 2015 dates at Red Rocks Amphitheatre as well as the Shaky Knees festival -- TV on the Radio took another break. Sitek concentrated on production work, collaborating with artists such as Pussy Riot, Preservation Hall Jazz Band, Weezer, Beyoncé and Jay-Z, and Chelsea Wolfe. Malone pursued acting as well as music, snagging roles in the TV show Broad City and the sci-fi film Doors and producing and performing on Matana Roberts' 2023 album Coin Coin Chapter Five: In the Garden. Similarly, Adepimbe balanced a successful acting career with making music. His TV credits included Adventure Time, The Girlfriend Experience, Perry Mason, and Star Wars: Skeleton Crew, and he performed in films such as Spider-Man: Homecoming, Marriage Story, and Twisters. Meanwhile, he collaborated with Mike Patton and Doseone as Nevermen, who released their self-titled debut album in 2016, and appeared on Run the Jewels' 2017 album Run the Jewels 3 among other projects. TV on the Radio toured in 2018 to commemorate the tenth anniversary of Dear Science's release and played a 2019 show at Madison Square Garden opening for Weezer and Pixies, but didn't perform live again until late 2024, when they celebrated the 20th anniversary of Desperate Youth, Blood Thirsty Babes' release with a brief tour. They also issued a deluxe version of the album featuring demos and other bonus material. ~ Heather Phares

The band went on hiatus following Dear Science. Malone worked on his own project, Rain Machine, and appeared on Iran's 2009 album Dissolver, while Sitek formed the collaborative pop project Maximum Balloon, which released its self-titled debut in 2010. As planned, their hiatus ended the following year, and TV on the Radio released their fifth album, Nine Types of Light, early in 2011. In March of that year, the band announced that bassist Gerard Smith, who had joined the TV on the Radio lineup in 2005, was suffering from lung cancer; the following month, on April 20, 2011, Smith passed away at the age of 34 as a result of the disease. Later that year, the band released World Cafe Live, taken from a set recorded for National Public Radio. Late in 2014, TV on the Radio returned with Seeds, a hopeful, streamlined-sounding set once again featuring production by Sitek. ~ Heather Phares",Lazerray,Unknown,https://www.youtube.com/watch?v=-Frvbp2PC0E&pp=ygUYVFYgb24gdGhlIFJhZGlvIExhemVycmF5
Young Liars,https://lastfm.freetls.fastly.net/i/u/300x300/a900b5a779d5a0f91da06ca75769ab8a.jpg,TV on the Radio,2003-07-08,"Growing from Brooklyn-based experimenters into a highly acclaimed outfit, TV on the Radio mix post-punk, electronics, soul, funk, and more in vibrantly creative ways. This eclectic sonic blend -- heightened by David Andrew Sitek's enveloping production and Tunde Adepimbe and Kyp Malone's passionate vocals and songwriting -- immediately distinguished the band from their contemporaries within the early 2000s New York scene. TV on the Radio's intense yet inviting sound arrived more or less fully formed on 2003's Young Liars EP; on the following year's full-length Desperate Youth, Blood Thirsty Babes, they embellished on their intense yet inviting sound brilliantly. Praise for their music only grew with 2006's Return to Cookie Mountain, which featured a cameo by David Bowie, one of the band's earliest and biggest fans. They continued to innovate on their later albums by adding more momentum on 2008's Dear Science, leaning into easy grooves on 2011's Nine Types of Light, and confronting loss with the clear-eyed meditations of 2014's Seeds. Later in the decade and into the 2020s, fiery live performances upheld TV on the Radio's reputation as one of alternative music's most dynamic acts.
TV on the Radio began when multi-instrumentalist/producer David Andrew Sitek moved into the building where vocalist/multi-instrumentalist Tunde Adebimpe had a loft. They had each been recording music on their own, but realized their sounds worked well together, and shared a love of artists as wide-ranging as Brian Eno, Earth, Wind & Fire, Siouxsie and the Banshees, and Prince.  Sitek's brother Jason began playing drums and other instruments with the pair during their recording sessions, which resulted in OK Calculator, a self-released disc of four-track recordings. Jason Sitek left the band for a short time due to other musical commitments but returned to the band when it recorded its Touch & Go debut, July 2003's Young Liars EP. Also featuring the Yeah Yeah Yeahs' Brian Chase and Nick Zinner, the EP quickly earned critical acclaim. After Young Liars was completed, TV on the Radio added vocalist/multi-instrumentalist Kyp Malone to the fold and toured with the Fall.
To make their debut album, TV on the Radio recorded at Brooklyn's Headgear Studio with Sitek as producer. Appearing in March 2004, Desperate Youth, Blood Thirsty Babes built on Young Liars' dense sonics; like that EP, the album received rave reviews and ultimately won that year's Shortlist Music Prize. That October, they released the New Health Rock EP, which paired the previously unreleased title track with songs from their debut album and a cover of the Yeah Yeah Yeahs' ""Modern Romance."" The band remained busy for the rest of the year, embarking on headlining tours as well as dates with the Faint and Pixies.
Though TV on the Radio's touring commitments extended into 2005, they found time to return to Sitek's Stay Gold studio to work on their second album, joined by drummer/multi-instrumentalist Jaleel Bunton and keyboardist Gerard Smith. They also made ""Dry Drunk Emperor,"" a song criticizing President George W. Bush, available on their website. July 2006's Return to Cookie Mountain was the band's first album for 4AD (in the U.S., it was released by Interscope). Its lush, expansive sound was echoed in its many guests, which included Zinner, David Bowie, Celebration's Katrina Ford, and Blonde Redhead's Kazu Makino. Return to Cookie Mountain became the band's first album to chart in multiple countries, reaching number 41 on the U.S. 200 Albums Chart, 90 on the U.K. Albums Chart, and appearing on charts in Europe and Australia. While touring in support of the album, the band invited Bauhaus' Peter Murphy and Nine Inch Nails' Trent Reznor to perform Bauhaus' ""Bela Lugosi's Undead"" and other songs with them. TV on the Radio went in a sleeker direction on their next album, September 2008's Dear Science. Rounded out performances by Ford, Antibalas, and saxophonist Colin Stetson among others, the album peaked at number 12 on the U.S. 200 Albums Chart and number 33 on the U.K. Albums Chart, and was certified gold in 2009 for its sales throughout Europe. Gang Gang Dance, the Glitch Mob, and Jneiro Jarel contributed to the Dear Science remix EP Read Silence, which appeared in April 2009.
In September 2009, TV on the Radio began a year-long hiatus. During that time, Malone worked with his project Rain Machine and appeared on Iran's 2009 album Dissolver. Sitek produced Holly Miranda's The Magician's Private Library and formed the collaborative pop project Maximum Balloon, which released its self-titled debut in 2010. That year, TV on the Radio returned to record their fourth full-length, April 2011's Nine Types of Light. A mellower, more groove-oriented affair than the band's previous work, the album, like Dear Science, reached number 12 in the U.S. and 33 in the U.K. Shortly after Nine Types of Light's release, Smith died of lung cancer at age 34. Later in 2011, the band released World Cafe Live, taken from a set recorded for National Public Radio. Following their role as curators and headliners of 2013's All Tomorrow's Parties festival in Camber Sands, England, TV on the Radio started work on their fifth album. Recorded in Sitek's home studio in Los Angeles, November 2014's Seeds was a reflective yet hopeful set of songs shaped by the loss of Smith. The album peaked at 22 on the 200 Albums Chart in the U.S. and at 78 on the U.K. Albums Chart.
After the conclusion of the Seeds tour -- which included 2015 dates at Red Rocks Amphitheatre as well as the Shaky Knees festival -- TV on the Radio took another break. Sitek concentrated on production work, collaborating with artists such as Pussy Riot, Preservation Hall Jazz Band, Weezer, Beyoncé and Jay-Z, and Chelsea Wolfe. Malone pursued acting as well as music, snagging roles in the TV show Broad City and the sci-fi film Doors and producing and performing on Matana Roberts' 2023 album Coin Coin Chapter Five: In the Garden. Similarly, Adepimbe balanced a successful acting career with making music. His TV credits included Adventure Time, The Girlfriend Experience, Perry Mason, and Star Wars: Skeleton Crew, and he performed in films such as Spider-Man: Homecoming, Marriage Story, and Twisters. Meanwhile, he collaborated with Mike Patton and Doseone as Nevermen, who released their self-titled debut album in 2016, and appeared on Run the Jewels' 2017 album Run the Jewels 3 among other projects. TV on the Radio toured in 2018 to commemorate the tenth anniversary of Dear Science's release and played a 2019 show at Madison Square Garden opening for Weezer and Pixies, but didn't perform live again until late 2024, when they celebrated the 20th anniversary of Desperate Youth, Blood Thirsty Babes' release with a brief tour. They also issued a deluxe version of the album featuring demos and other bonus material. ~ Heather Phares

The band went on hiatus following Dear Science. Malone worked on his own project, Rain Machine, and appeared on Iran's 2009 album Dissolver, while Sitek formed the collaborative pop project Maximum Balloon, which released its self-titled debut in 2010. As planned, their hiatus ended the following year, and TV on the Radio released their fifth album, Nine Types of Light, early in 2011. In March of that year, the band announced that bassist Gerard Smith, who had joined the TV on the Radio lineup in 2005, was suffering from lung cancer; the following month, on April 20, 2011, Smith passed away at the age of 34 as a result of the disease. Later that year, the band released World Cafe Live, taken from a set recorded for National Public Radio. Late in 2014, TV on the Radio returned with Seeds, a hopeful, streamlined-sounding set once again featuring production by Sitek. ~ Heather Phares",Staring at the Sun,Unknown,https://www.youtube.com/watch?v=qHX-FKTV8Rk&pp=ygUkVFYgb24gdGhlIFJhZGlvIC0gU3RhcmluZyBhdCB0aGUgU3Vu0gcJCYQJAYcqIYzv
High Art Lite,https://lastfm.freetls.fastly.net/i/u/300x300/43b8be9ca5e68b396dde0a4ed8693ef0.jpg,TVAM,2022-10-28,"TVam is British musician Joe Oxley from Manchester. Described as post-internet, hiss work flits between the abrasive punk of Big Black and the drifting electronic ambience of Warp legends Boards Of Canada. Read more on Last.fm. User-contributed text is available under the Creative Commons By-SA License; additional terms may apply.",Semantics,Unknown,https://www.youtube.com/watch?v=W96XrSh0FSA&pp=ygUOVFZBTSBTZW1hbnRpY3M%3D
High Art Lite,https://lastfm.freetls.fastly.net/i/u/300x300/43b8be9ca5e68b396dde0a4ed8693ef0.jpg,TVAM,2022-10-28,"TVam is British musician Joe Oxley from Manchester. Described as post-internet, hiss work flits between the abrasive punk of Big Black and the drifting electronic ambience of Warp legends Boards Of Canada. Read more on Last.fm. User-contributed text is available under the Creative Commons By-SA License; additional terms may apply.",Future Flesh,Unknown,https://www.youtube.com/watch?v=iFBPYBdUmX8&pp=ygURVFZBTSBGdXR1cmUgRmxlc2g%3D
High Art Lite,https://lastfm.freetls.fastly.net/i/u/300x300/43b8be9ca5e68b396dde0a4ed8693ef0.jpg,TVAM,2022-10-28,"TVam is British musician Joe Oxley from Manchester. Described as post-internet, hiss work flits between the abrasive punk of Big Black and the drifting electronic ambience of Warp legends Boards Of Canada. Read more on Last.fm. User-contributed text is available under the Creative Commons By-SA License; additional terms may apply.",Piz Buin,Unknown,https://www.youtube.com/watch?v=Q8kO0FfKDqY&pp=ygUNVFZBTSBQaXogQnVpbg%3D%3D
Psychic Data,https://lastfm.freetls.fastly.net/i/u/300x300/80263b7d53be03917cdb4a38d69b90d7.jpg,TVAM,2018-10-19,"TVam is British musician Joe Oxley from Manchester. Described as post-internet, hiss work flits between the abrasive punk of Big Black and the drifting electronic ambience of Warp legends Boards Of Canada. Read more on Last.fm. User-contributed text is available under the Creative Commons By-SA License; additional terms may apply.",Porsche Majeure,Unknown,https://www.youtube.com/watch?v=3ktizmAcyxk&pp=ygUUVFZBTSBQb3JzY2hlIE1hamV1cmU%3D
Psychic Data,https://lastfm.freetls.fastly.net/i/u/300x300/80263b7d53be03917cdb4a38d69b90d7.jpg,TVAM,2018-10-19,"TVam is British musician Joe Oxley from Manchester. Described as post-internet, hiss work flits between the abrasive punk of Big Black and the drifting electronic ambience of Warp legends Boards Of Canada. Read more on Last.fm. User-contributed text is available under the Creative Commons By-SA License; additional terms may apply.",Crc,Unknown,https://www.youtube.com/watch?v=4AGRIvEioJQ&pp=ygUIVFZBTSBDcmM%3D
Psychic Data,https://lastfm.freetls.fastly.net/i/u/300x300/80263b7d53be03917cdb4a38d69b90d7.jpg,TVAM,2018-10-19,"TVam is British musician Joe Oxley from Manchester. Described as post-internet, hiss work flits between the abrasive punk of Big Black and the drifting electronic ambience of Warp legends Boards Of Canada. Read more on Last.fm. User-contributed text is available under the Creative Commons By-SA License; additional terms may apply.",Bitplain,Unknown,https://www.youtube.com/watch?v=eG5kZRgoKt8&pp=ygUNVFZBTSBCaXRwbGFpbg%3D%3D
The Words,https://lastfm.freetls.fastly.net/i/u/300x300/6479f052f2f8c29871a5a8ea7f0425c1.jpg,TVAM,2025-11-12,"TVam is British musician Joe Oxley from Manchester. Described as post-internet, hiss work flits between the abrasive punk of Big Black and the drifting electronic ambience of Warp legends Boards Of Canada. Read more on Last.fm. User-contributed text is available under the Creative Commons By-SA License; additional terms may apply.",The Words,Unknown,https://www.youtube.com/watch?v=thsCEKAkjaw&list=RDthsCEKAkjaw&start_radio=1&pp=ygUOVFZBTSBUaGUgV29yZHOgBwE%3D
Ruins,https://lastfm.freetls.fastly.net/i/u/300x300/6da0a384a1dae8fb402c67d102798275.png,TVAM,2026-01-21,"TVam is British musician Joe Oxley from Manchester. Described as post-internet, hiss work flits between the abrasive punk of Big Black and the drifting electronic ambience of Warp legends Boards Of Canada. Read more on Last.fm. User-contributed text is available under the Creative Commons By-SA License; additional terms may apply.",Powder Blue,Unknown,https://www.youtube.com/watch?v=masXWpzil_Q&list=RDmasXWpzil_Q&start_radio=1&pp=ygUSVFZBTSAtIFBvd2RlciBCbHVloAcB
The Attraction to All Things Uncertain,https://lastfm.freetls.fastly.net/i/u/300x300/700340f29104430fc310f0817e882fe8.jpg,Tweaker,2001-09-18,"When Chris Vrenna left Trent Reznor's influential industrial/alternative rock powerhouse Nine Inch Nails in 1996, it certainly wasn't the end of the line for the drummer/producer/songwriter -- far from it.  Vrenna kept busy with a variety of musical activities. In addition to producing or co-producing various artists (including Marilyn Manson, Rasputina, Xzibit, Red Delicious, Lords of Acid, and Cold) and providing remixes for U2, Nelly Furtado, and Weezer (among others), Vrenna got into soundtracks. In 2001, for example, Vrenna composed the dark, eerie instrumental soundtrack of American McGee's Alice, a video game that is based on Alice in Wonderland. And it was also in 2001 that Vrenna unveiled his Tweaker project. Best described as a blend of alternative pop/rock and electronica, Tweaker was inevitably compared to Vrenna's former band, Nine Inch Nails -- as many years as Vrenna spent in Reznor's employ (eight, to be exact), people were bound  to point out the similarities between Tweaker and Nine Inch Nails. And, to be sure, many of the adjectives that have been used to describe Reznor's band have also been used to describe Tweaker -- adjectives like dark, moody, eerie, and shadowy. Like Nine Inch Nails, Tweaker is aggressive yet melodic and very musical; Nine Inch Nails was never the sort of industrial band that lived on brute force alone. But Vrenna is his own man, and Tweaker is far from a carbon copy of Nine Inch Nails. While Reznor's outfit is industrial-oriented, Tweaker's alternative pop/rock/electronica blend isn't industrial per se (although Vrenna does incorporate elements of both industrial and goth rock). If Nine Inch Nails has inevitably influenced Tweaker, so have a variety of other artists (who range from David Bowie and Roxy Music to Marilyn Manson, Stabbing Westward and Depeche Mode). Even some of U2's post-‘80s work has had a bit of an influence on Tweaker.
Vrenna wore many different hats when, in 2001, he recorded Tweaker's The Attraction to All Things Uncertain for the San Francisco-based Six Degrees label. In addition to producing most of the album, he was among the engineers and did most of the writing. It would almost be safe to describe Tweaker as a one-man band -- Vrenna was certainly in the driver's seat on The Attraction to All Things Uncertain. However, he did enlist the help of a few others, including violinist Petra Haden, Shudder to Think's Craig Wedren, and various guitarists. Reflecting Vrenna's interest in abstract art, the album's title was inspired by a Joe Sorren painting called ""Elliot's Attraction to All Things Uncertain"". In fact, the conceptual material that Vrenna wrote or co-wrote for Tweaker's album was mindful of Elliot, the bookish, likable nerdy character in Sorren's painting. Six Degrees released The Attraction to All Things Uncertain in September 2001.
2002 was mostly dedicated to other projects, but in January of 2003, Vrenna signed a deal with Waxploitation and iMUSIC to release the next Tweaker album. He stepped back into the studio around the same time to work on new material, and set up an in-progress page on his website to keep fans updated on the latest developments for Tweaker. . ~ Alex Henderson",Linoleum,Unknown,https://www.youtube.com/watch?v=7K9JTj7oRXQ&pp=ygUQVHdlYWtlciBMaW5vbGV1bQ%3D%3D
The Attraction to All Things Uncertain,https://lastfm.freetls.fastly.net/i/u/300x300/700340f29104430fc310f0817e882fe8.jpg,Tweaker,2001-09-18,"When Chris Vrenna left Trent Reznor's influential industrial/alternative rock powerhouse Nine Inch Nails in 1996, it certainly wasn't the end of the line for the drummer/producer/songwriter -- far from it.  Vrenna kept busy with a variety of musical activities. In addition to producing or co-producing various artists (including Marilyn Manson, Rasputina, Xzibit, Red Delicious, Lords of Acid, and Cold) and providing remixes for U2, Nelly Furtado, and Weezer (among others), Vrenna got into soundtracks. In 2001, for example, Vrenna composed the dark, eerie instrumental soundtrack of American McGee's Alice, a video game that is based on Alice in Wonderland. And it was also in 2001 that Vrenna unveiled his Tweaker project. Best described as a blend of alternative pop/rock and electronica, Tweaker was inevitably compared to Vrenna's former band, Nine Inch Nails -- as many years as Vrenna spent in Reznor's employ (eight, to be exact), people were bound  to point out the similarities between Tweaker and Nine Inch Nails. And, to be sure, many of the adjectives that have been used to describe Reznor's band have also been used to describe Tweaker -- adjectives like dark, moody, eerie, and shadowy. Like Nine Inch Nails, Tweaker is aggressive yet melodic and very musical; Nine Inch Nails was never the sort of industrial band that lived on brute force alone. But Vrenna is his own man, and Tweaker is far from a carbon copy of Nine Inch Nails. While Reznor's outfit is industrial-oriented, Tweaker's alternative pop/rock/electronica blend isn't industrial per se (although Vrenna does incorporate elements of both industrial and goth rock). If Nine Inch Nails has inevitably influenced Tweaker, so have a variety of other artists (who range from David Bowie and Roxy Music to Marilyn Manson, Stabbing Westward and Depeche Mode). Even some of U2's post-‘80s work has had a bit of an influence on Tweaker.
Vrenna wore many different hats when, in 2001, he recorded Tweaker's The Attraction to All Things Uncertain for the San Francisco-based Six Degrees label. In addition to producing most of the album, he was among the engineers and did most of the writing. It would almost be safe to describe Tweaker as a one-man band -- Vrenna was certainly in the driver's seat on The Attraction to All Things Uncertain. However, he did enlist the help of a few others, including violinist Petra Haden, Shudder to Think's Craig Wedren, and various guitarists. Reflecting Vrenna's interest in abstract art, the album's title was inspired by a Joe Sorren painting called ""Elliot's Attraction to All Things Uncertain"". In fact, the conceptual material that Vrenna wrote or co-wrote for Tweaker's album was mindful of Elliot, the bookish, likable nerdy character in Sorren's painting. Six Degrees released The Attraction to All Things Uncertain in September 2001.
2002 was mostly dedicated to other projects, but in January of 2003, Vrenna signed a deal with Waxploitation and iMUSIC to release the next Tweaker album. He stepped back into the studio around the same time to work on new material, and set up an in-progress page on his website to keep fans updated on the latest developments for Tweaker. . ~ Alex Henderson",After All,Unknown,https://www.youtube.com/watch?v=xwT0dwHKXfg&pp=ygURVHdlYWtlciBBZnRlciBBbGw%3D
"Freezing In Chicago — Live at Thalia Hall, December 31st, 2017",https://lastfm.freetls.fastly.net/i/u/300x300/19e2b93f5a89cd118f663f55a3703f70.jpg,Twin Peaks,2025-12-31,"The embers of '60s garage rock and the flaming-hot fire of the 2010s garage punk sound burned bright in the earliest releases of Chicago's Twin Peaks, including their second album and proper studio debut, 2014's Wild Onion. Meanwhile selling out rock clubs and earning a reputation as a good-time live band, they issued the more reflective Down in Heaven in 2016, which concentrated on later British Invasion influences. Still loose and thriving in a live setting, by 2019's Lookout Low, the group was exploring the territory of '70s roots rock and jam bands.
Twin Peaks was formed by four young Chicago natives -- vocalist/guitarist Cadien Lake James, guitarist Clay Frankel, bassist Jack Dolan, and drummer Connor Brodner -- in the early 2010s. The guys had known each other and been friends since elementary school, but only formed a band after the duo James had with his brother Hal split up so Hal could join the Smith Westerns. They began playing together near the end of high school, then went on tour during their senior year. Before heading out on the road, they had quickly and cheaply recorded an album in James' basement to sell in order to keep them in gas and beer. Titled Sunken, the album caught the ear of Autumn Tone, which issued it in the summer of 2013. After graduating, James, Dolan, and Brodner headed to Olympia to attend Evergreen College, but they decided school wasn't for them, so they swung by L.A. to get Frankel and headed back to Chicago.
Once there, they began working on a second album with producers Andrew Humphrey and Colin Croom. Taking more time to craft their sound but never losing the wild and loose feel of their live set, the album showed that the bandmembers' decision to quit school and stick together was wise. Wild Onion was issued by Grand Jury in summer 2014, just a few weeks after Twin Peaks wowed the crowd at the Pitchfork Festival with their set. More festivals, including Lollapalooza, followed amid a relentless touring schedule with multiple trips across the U.S. and forays into Canada, Mexico, the U.K., and Western Europe before their third LP, Down in Heaven, arrived in spring 2016. With Croom joining the lineup on keyboards, the album retained Twin Peaks' rough edges while drawing inspiration from the reflective tone of favorite works from the late '60s (the Rolling Stones, the Kinks, the Beatles). The following year, they delivered the double-live album Urbs in Horto, recorded over three nights at Chicago's Metro and Thalia Hall in 2016. Over the next year, the band toured and released a series of 7"" singles that were then compiled on 2018's Sweet '17 Singles. Also in 2018, Frankel released an eponymous album as Grapetooth with his then-roommate Chris Bailoni (Home-Sick) that combined garage punk and new wave influences.
Twin Peaks regrouped in the studio, this time with producer Ethan Johns (Paul McCartney, Kings of Leon, Ray LaMontagne). Featuring guests such as Ohmme on backing vocals and Kyle Davis (Cage the Elephant, Evangelicals) on auxiliary percussion, Lookout Low saw release in 2019. ~ Tim Sendra & Marcy Donelson",What Up Dawg (live),Unknown,https://www.youtube.com/watch?v=m-aWiX3sksA&list=RDm-aWiX3sksA&start_radio=1&pp=ygUgVHdpbiBQZWFrcyAtIFdoYXQgVXAgRGF3ZyAobGl2ZSmgBwE%3D
"Freezing In Chicago — Live at Thalia Hall, December 31st, 2017",https://lastfm.freetls.fastly.net/i/u/300x300/19e2b93f5a89cd118f663f55a3703f70.jpg,Twin Peaks,2025-12-31,"The embers of '60s garage rock and the flaming-hot fire of the 2010s garage punk sound burned bright in the earliest releases of Chicago's Twin Peaks, including their second album and proper studio debut, 2014's Wild Onion. Meanwhile selling out rock clubs and earning a reputation as a good-time live band, they issued the more reflective Down in Heaven in 2016, which concentrated on later British Invasion influences. Still loose and thriving in a live setting, by 2019's Lookout Low, the group was exploring the territory of '70s roots rock and jam bands.
Twin Peaks was formed by four young Chicago natives -- vocalist/guitarist Cadien Lake James, guitarist Clay Frankel, bassist Jack Dolan, and drummer Connor Brodner -- in the early 2010s. The guys had known each other and been friends since elementary school, but only formed a band after the duo James had with his brother Hal split up so Hal could join the Smith Westerns. They began playing together near the end of high school, then went on tour during their senior year. Before heading out on the road, they had quickly and cheaply recorded an album in James' basement to sell in order to keep them in gas and beer. Titled Sunken, the album caught the ear of Autumn Tone, which issued it in the summer of 2013. After graduating, James, Dolan, and Brodner headed to Olympia to attend Evergreen College, but they decided school wasn't for them, so they swung by L.A. to get Frankel and headed back to Chicago.
Once there, they began working on a second album with producers Andrew Humphrey and Colin Croom. Taking more time to craft their sound but never losing the wild and loose feel of their live set, the album showed that the bandmembers' decision to quit school and stick together was wise. Wild Onion was issued by Grand Jury in summer 2014, just a few weeks after Twin Peaks wowed the crowd at the Pitchfork Festival with their set. More festivals, including Lollapalooza, followed amid a relentless touring schedule with multiple trips across the U.S. and forays into Canada, Mexico, the U.K., and Western Europe before their third LP, Down in Heaven, arrived in spring 2016. With Croom joining the lineup on keyboards, the album retained Twin Peaks' rough edges while drawing inspiration from the reflective tone of favorite works from the late '60s (the Rolling Stones, the Kinks, the Beatles). The following year, they delivered the double-live album Urbs in Horto, recorded over three nights at Chicago's Metro and Thalia Hall in 2016. Over the next year, the band toured and released a series of 7"" singles that were then compiled on 2018's Sweet '17 Singles. Also in 2018, Frankel released an eponymous album as Grapetooth with his then-roommate Chris Bailoni (Home-Sick) that combined garage punk and new wave influences.
Twin Peaks regrouped in the studio, this time with producer Ethan Johns (Paul McCartney, Kings of Leon, Ray LaMontagne). Featuring guests such as Ohmme on backing vocals and Kyle Davis (Cage the Elephant, Evangelicals) on auxiliary percussion, Lookout Low saw release in 2019. ~ Tim Sendra & Marcy Donelson",Good Lovin' (live),Unknown,https://www.youtube.com/watch?v=vRwuxgK-Y6M&list=RDvRwuxgK-Y6M&start_radio=1&pp=ygUaVHdpbiBQZWFrcyBHb29kIExvdmluIGxpdmWgBwE%3D
"Freezing In Chicago — Live at Thalia Hall, December 31st, 2017",https://lastfm.freetls.fastly.net/i/u/300x300/19e2b93f5a89cd118f663f55a3703f70.jpg,Twin Peaks,2025-12-31,"The embers of '60s garage rock and the flaming-hot fire of the 2010s garage punk sound burned bright in the earliest releases of Chicago's Twin Peaks, including their second album and proper studio debut, 2014's Wild Onion. Meanwhile selling out rock clubs and earning a reputation as a good-time live band, they issued the more reflective Down in Heaven in 2016, which concentrated on later British Invasion influences. Still loose and thriving in a live setting, by 2019's Lookout Low, the group was exploring the territory of '70s roots rock and jam bands.
Twin Peaks was formed by four young Chicago natives -- vocalist/guitarist Cadien Lake James, guitarist Clay Frankel, bassist Jack Dolan, and drummer Connor Brodner -- in the early 2010s. The guys had known each other and been friends since elementary school, but only formed a band after the duo James had with his brother Hal split up so Hal could join the Smith Westerns. They began playing together near the end of high school, then went on tour during their senior year. Before heading out on the road, they had quickly and cheaply recorded an album in James' basement to sell in order to keep them in gas and beer. Titled Sunken, the album caught the ear of Autumn Tone, which issued it in the summer of 2013. After graduating, James, Dolan, and Brodner headed to Olympia to attend Evergreen College, but they decided school wasn't for them, so they swung by L.A. to get Frankel and headed back to Chicago.
Once there, they began working on a second album with producers Andrew Humphrey and Colin Croom. Taking more time to craft their sound but never losing the wild and loose feel of their live set, the album showed that the bandmembers' decision to quit school and stick together was wise. Wild Onion was issued by Grand Jury in summer 2014, just a few weeks after Twin Peaks wowed the crowd at the Pitchfork Festival with their set. More festivals, including Lollapalooza, followed amid a relentless touring schedule with multiple trips across the U.S. and forays into Canada, Mexico, the U.K., and Western Europe before their third LP, Down in Heaven, arrived in spring 2016. With Croom joining the lineup on keyboards, the album retained Twin Peaks' rough edges while drawing inspiration from the reflective tone of favorite works from the late '60s (the Rolling Stones, the Kinks, the Beatles). The following year, they delivered the double-live album Urbs in Horto, recorded over three nights at Chicago's Metro and Thalia Hall in 2016. Over the next year, the band toured and released a series of 7"" singles that were then compiled on 2018's Sweet '17 Singles. Also in 2018, Frankel released an eponymous album as Grapetooth with his then-roommate Chris Bailoni (Home-Sick) that combined garage punk and new wave influences.
Twin Peaks regrouped in the studio, this time with producer Ethan Johns (Paul McCartney, Kings of Leon, Ray LaMontagne). Featuring guests such as Ohmme on backing vocals and Kyle Davis (Cage the Elephant, Evangelicals) on auxiliary percussion, Lookout Low saw release in 2019. ~ Tim Sendra & Marcy Donelson",Tossing Tears (live),Unknown,https://www.youtube.com/watch?v=BaqOV0ro2Pk&list=RDBaqOV0ro2Pk&start_radio=1&pp=ygUdVHdpbiBQZWFrcyBUb3NzaW5nIFRlYXJzIGxpdmWgBwE%3D
"Freezing In Chicago — Live at Thalia Hall, December 31st, 2017",https://lastfm.freetls.fastly.net/i/u/300x300/19e2b93f5a89cd118f663f55a3703f70.jpg,Twin Peaks,2025-12-31,"The embers of '60s garage rock and the flaming-hot fire of the 2010s garage punk sound burned bright in the earliest releases of Chicago's Twin Peaks, including their second album and proper studio debut, 2014's Wild Onion. Meanwhile selling out rock clubs and earning a reputation as a good-time live band, they issued the more reflective Down in Heaven in 2016, which concentrated on later British Invasion influences. Still loose and thriving in a live setting, by 2019's Lookout Low, the group was exploring the territory of '70s roots rock and jam bands.
Twin Peaks was formed by four young Chicago natives -- vocalist/guitarist Cadien Lake James, guitarist Clay Frankel, bassist Jack Dolan, and drummer Connor Brodner -- in the early 2010s. The guys had known each other and been friends since elementary school, but only formed a band after the duo James had with his brother Hal split up so Hal could join the Smith Westerns. They began playing together near the end of high school, then went on tour during their senior year. Before heading out on the road, they had quickly and cheaply recorded an album in James' basement to sell in order to keep them in gas and beer. Titled Sunken, the album caught the ear of Autumn Tone, which issued it in the summer of 2013. After graduating, James, Dolan, and Brodner headed to Olympia to attend Evergreen College, but they decided school wasn't for them, so they swung by L.A. to get Frankel and headed back to Chicago.
Once there, they began working on a second album with producers Andrew Humphrey and Colin Croom. Taking more time to craft their sound but never losing the wild and loose feel of their live set, the album showed that the bandmembers' decision to quit school and stick together was wise. Wild Onion was issued by Grand Jury in summer 2014, just a few weeks after Twin Peaks wowed the crowd at the Pitchfork Festival with their set. More festivals, including Lollapalooza, followed amid a relentless touring schedule with multiple trips across the U.S. and forays into Canada, Mexico, the U.K., and Western Europe before their third LP, Down in Heaven, arrived in spring 2016. With Croom joining the lineup on keyboards, the album retained Twin Peaks' rough edges while drawing inspiration from the reflective tone of favorite works from the late '60s (the Rolling Stones, the Kinks, the Beatles). The following year, they delivered the double-live album Urbs in Horto, recorded over three nights at Chicago's Metro and Thalia Hall in 2016. Over the next year, the band toured and released a series of 7"" singles that were then compiled on 2018's Sweet '17 Singles. Also in 2018, Frankel released an eponymous album as Grapetooth with his then-roommate Chris Bailoni (Home-Sick) that combined garage punk and new wave influences.
Twin Peaks regrouped in the studio, this time with producer Ethan Johns (Paul McCartney, Kings of Leon, Ray LaMontagne). Featuring guests such as Ohmme on backing vocals and Kyle Davis (Cage the Elephant, Evangelicals) on auxiliary percussion, Lookout Low saw release in 2019. ~ Tim Sendra & Marcy Donelson",Butterfly (live),Unknown,https://www.youtube.com/watch?v=25xez6urA5c&list=RD25xez6urA5c&start_radio=1&pp=ygUZVHdpbiBQZWFrcyBCdXR0ZXJmbHkgbGl2ZaAHAQ%3D%3D
"Freezing In Chicago — Live at Thalia Hall, December 31st, 2017",https://lastfm.freetls.fastly.net/i/u/300x300/19e2b93f5a89cd118f663f55a3703f70.jpg,Twin Peaks,2025-12-31,"The embers of '60s garage rock and the flaming-hot fire of the 2010s garage punk sound burned bright in the earliest releases of Chicago's Twin Peaks, including their second album and proper studio debut, 2014's Wild Onion. Meanwhile selling out rock clubs and earning a reputation as a good-time live band, they issued the more reflective Down in Heaven in 2016, which concentrated on later British Invasion influences. Still loose and thriving in a live setting, by 2019's Lookout Low, the group was exploring the territory of '70s roots rock and jam bands.
Twin Peaks was formed by four young Chicago natives -- vocalist/guitarist Cadien Lake James, guitarist Clay Frankel, bassist Jack Dolan, and drummer Connor Brodner -- in the early 2010s. The guys had known each other and been friends since elementary school, but only formed a band after the duo James had with his brother Hal split up so Hal could join the Smith Westerns. They began playing together near the end of high school, then went on tour during their senior year. Before heading out on the road, they had quickly and cheaply recorded an album in James' basement to sell in order to keep them in gas and beer. Titled Sunken, the album caught the ear of Autumn Tone, which issued it in the summer of 2013. After graduating, James, Dolan, and Brodner headed to Olympia to attend Evergreen College, but they decided school wasn't for them, so they swung by L.A. to get Frankel and headed back to Chicago.
Once there, they began working on a second album with producers Andrew Humphrey and Colin Croom. Taking more time to craft their sound but never losing the wild and loose feel of their live set, the album showed that the bandmembers' decision to quit school and stick together was wise. Wild Onion was issued by Grand Jury in summer 2014, just a few weeks after Twin Peaks wowed the crowd at the Pitchfork Festival with their set. More festivals, including Lollapalooza, followed amid a relentless touring schedule with multiple trips across the U.S. and forays into Canada, Mexico, the U.K., and Western Europe before their third LP, Down in Heaven, arrived in spring 2016. With Croom joining the lineup on keyboards, the album retained Twin Peaks' rough edges while drawing inspiration from the reflective tone of favorite works from the late '60s (the Rolling Stones, the Kinks, the Beatles). The following year, they delivered the double-live album Urbs in Horto, recorded over three nights at Chicago's Metro and Thalia Hall in 2016. Over the next year, the band toured and released a series of 7"" singles that were then compiled on 2018's Sweet '17 Singles. Also in 2018, Frankel released an eponymous album as Grapetooth with his then-roommate Chris Bailoni (Home-Sick) that combined garage punk and new wave influences.
Twin Peaks regrouped in the studio, this time with producer Ethan Johns (Paul McCartney, Kings of Leon, Ray LaMontagne). Featuring guests such as Ohmme on backing vocals and Kyle Davis (Cage the Elephant, Evangelicals) on auxiliary percussion, Lookout Low saw release in 2019. ~ Tim Sendra & Marcy Donelson",Telephone (live),Unknown,https://www.youtube.com/watch?v=9zig40Owp2I&list=RD9zig40Owp2I&start_radio=1&pp=ygUZVHdpbiBQZWFrcyBUZWxlcGhvbmUgbGl2ZaAHAQ%3D%3D
"Freezing In Chicago — Live at Thalia Hall, December 31st, 2017",https://lastfm.freetls.fastly.net/i/u/300x300/19e2b93f5a89cd118f663f55a3703f70.jpg,Twin Peaks,2025-12-31,"The embers of '60s garage rock and the flaming-hot fire of the 2010s garage punk sound burned bright in the earliest releases of Chicago's Twin Peaks, including their second album and proper studio debut, 2014's Wild Onion. Meanwhile selling out rock clubs and earning a reputation as a good-time live band, they issued the more reflective Down in Heaven in 2016, which concentrated on later British Invasion influences. Still loose and thriving in a live setting, by 2019's Lookout Low, the group was exploring the territory of '70s roots rock and jam bands.
Twin Peaks was formed by four young Chicago natives -- vocalist/guitarist Cadien Lake James, guitarist Clay Frankel, bassist Jack Dolan, and drummer Connor Brodner -- in the early 2010s. The guys had known each other and been friends since elementary school, but only formed a band after the duo James had with his brother Hal split up so Hal could join the Smith Westerns. They began playing together near the end of high school, then went on tour during their senior year. Before heading out on the road, they had quickly and cheaply recorded an album in James' basement to sell in order to keep them in gas and beer. Titled Sunken, the album caught the ear of Autumn Tone, which issued it in the summer of 2013. After graduating, James, Dolan, and Brodner headed to Olympia to attend Evergreen College, but they decided school wasn't for them, so they swung by L.A. to get Frankel and headed back to Chicago.
Once there, they began working on a second album with producers Andrew Humphrey and Colin Croom. Taking more time to craft their sound but never losing the wild and loose feel of their live set, the album showed that the bandmembers' decision to quit school and stick together was wise. Wild Onion was issued by Grand Jury in summer 2014, just a few weeks after Twin Peaks wowed the crowd at the Pitchfork Festival with their set. More festivals, including Lollapalooza, followed amid a relentless touring schedule with multiple trips across the U.S. and forays into Canada, Mexico, the U.K., and Western Europe before their third LP, Down in Heaven, arrived in spring 2016. With Croom joining the lineup on keyboards, the album retained Twin Peaks' rough edges while drawing inspiration from the reflective tone of favorite works from the late '60s (the Rolling Stones, the Kinks, the Beatles). The following year, they delivered the double-live album Urbs in Horto, recorded over three nights at Chicago's Metro and Thalia Hall in 2016. Over the next year, the band toured and released a series of 7"" singles that were then compiled on 2018's Sweet '17 Singles. Also in 2018, Frankel released an eponymous album as Grapetooth with his then-roommate Chris Bailoni (Home-Sick) that combined garage punk and new wave influences.
Twin Peaks regrouped in the studio, this time with producer Ethan Johns (Paul McCartney, Kings of Leon, Ray LaMontagne). Featuring guests such as Ohmme on backing vocals and Kyle Davis (Cage the Elephant, Evangelicals) on auxiliary percussion, Lookout Low saw release in 2019. ~ Tim Sendra & Marcy Donelson",Keep It Together (live),Unknown,https://www.youtube.com/watch?v=A5vGVPikuig&list=RDA5vGVPikuig&start_radio=1&pp=ygUgVHdpbiBQZWFrcyBLZWVwIEl0IFRvZ2V0aGVyIGxpdmWgBwE%3D
"Freezing In Chicago — Live at Thalia Hall, December 31st, 2017",https://lastfm.freetls.fastly.net/i/u/300x300/19e2b93f5a89cd118f663f55a3703f70.jpg,Twin Peaks,2025-12-31,"The embers of '60s garage rock and the flaming-hot fire of the 2010s garage punk sound burned bright in the earliest releases of Chicago's Twin Peaks, including their second album and proper studio debut, 2014's Wild Onion. Meanwhile selling out rock clubs and earning a reputation as a good-time live band, they issued the more reflective Down in Heaven in 2016, which concentrated on later British Invasion influences. Still loose and thriving in a live setting, by 2019's Lookout Low, the group was exploring the territory of '70s roots rock and jam bands.
Twin Peaks was formed by four young Chicago natives -- vocalist/guitarist Cadien Lake James, guitarist Clay Frankel, bassist Jack Dolan, and drummer Connor Brodner -- in the early 2010s. The guys had known each other and been friends since elementary school, but only formed a band after the duo James had with his brother Hal split up so Hal could join the Smith Westerns. They began playing together near the end of high school, then went on tour during their senior year. Before heading out on the road, they had quickly and cheaply recorded an album in James' basement to sell in order to keep them in gas and beer. Titled Sunken, the album caught the ear of Autumn Tone, which issued it in the summer of 2013. After graduating, James, Dolan, and Brodner headed to Olympia to attend Evergreen College, but they decided school wasn't for them, so they swung by L.A. to get Frankel and headed back to Chicago.
Once there, they began working on a second album with producers Andrew Humphrey and Colin Croom. Taking more time to craft their sound but never losing the wild and loose feel of their live set, the album showed that the bandmembers' decision to quit school and stick together was wise. Wild Onion was issued by Grand Jury in summer 2014, just a few weeks after Twin Peaks wowed the crowd at the Pitchfork Festival with their set. More festivals, including Lollapalooza, followed amid a relentless touring schedule with multiple trips across the U.S. and forays into Canada, Mexico, the U.K., and Western Europe before their third LP, Down in Heaven, arrived in spring 2016. With Croom joining the lineup on keyboards, the album retained Twin Peaks' rough edges while drawing inspiration from the reflective tone of favorite works from the late '60s (the Rolling Stones, the Kinks, the Beatles). The following year, they delivered the double-live album Urbs in Horto, recorded over three nights at Chicago's Metro and Thalia Hall in 2016. Over the next year, the band toured and released a series of 7"" singles that were then compiled on 2018's Sweet '17 Singles. Also in 2018, Frankel released an eponymous album as Grapetooth with his then-roommate Chris Bailoni (Home-Sick) that combined garage punk and new wave influences.
Twin Peaks regrouped in the studio, this time with producer Ethan Johns (Paul McCartney, Kings of Leon, Ray LaMontagne). Featuring guests such as Ohmme on backing vocals and Kyle Davis (Cage the Elephant, Evangelicals) on auxiliary percussion, Lookout Low saw release in 2019. ~ Tim Sendra & Marcy Donelson",Sloop Jay D (live),Unknown,https://www.youtube.com/watch?v=9SY0LhNonsQ&list=RD9SY0LhNonsQ&start_radio=1&pp=ygUbVHdpbiBQZWFrcyBTbG9vcCBKYXkgRCBsaXZloAcB
"Freezing In Chicago — Live at Thalia Hall, December 31st, 2017",https://lastfm.freetls.fastly.net/i/u/300x300/19e2b93f5a89cd118f663f55a3703f70.jpg,Twin Peaks,2025-12-31,"The embers of '60s garage rock and the flaming-hot fire of the 2010s garage punk sound burned bright in the earliest releases of Chicago's Twin Peaks, including their second album and proper studio debut, 2014's Wild Onion. Meanwhile selling out rock clubs and earning a reputation as a good-time live band, they issued the more reflective Down in Heaven in 2016, which concentrated on later British Invasion influences. Still loose and thriving in a live setting, by 2019's Lookout Low, the group was exploring the territory of '70s roots rock and jam bands.
Twin Peaks was formed by four young Chicago natives -- vocalist/guitarist Cadien Lake James, guitarist Clay Frankel, bassist Jack Dolan, and drummer Connor Brodner -- in the early 2010s. The guys had known each other and been friends since elementary school, but only formed a band after the duo James had with his brother Hal split up so Hal could join the Smith Westerns. They began playing together near the end of high school, then went on tour during their senior year. Before heading out on the road, they had quickly and cheaply recorded an album in James' basement to sell in order to keep them in gas and beer. Titled Sunken, the album caught the ear of Autumn Tone, which issued it in the summer of 2013. After graduating, James, Dolan, and Brodner headed to Olympia to attend Evergreen College, but they decided school wasn't for them, so they swung by L.A. to get Frankel and headed back to Chicago.
Once there, they began working on a second album with producers Andrew Humphrey and Colin Croom. Taking more time to craft their sound but never losing the wild and loose feel of their live set, the album showed that the bandmembers' decision to quit school and stick together was wise. Wild Onion was issued by Grand Jury in summer 2014, just a few weeks after Twin Peaks wowed the crowd at the Pitchfork Festival with their set. More festivals, including Lollapalooza, followed amid a relentless touring schedule with multiple trips across the U.S. and forays into Canada, Mexico, the U.K., and Western Europe before their third LP, Down in Heaven, arrived in spring 2016. With Croom joining the lineup on keyboards, the album retained Twin Peaks' rough edges while drawing inspiration from the reflective tone of favorite works from the late '60s (the Rolling Stones, the Kinks, the Beatles). The following year, they delivered the double-live album Urbs in Horto, recorded over three nights at Chicago's Metro and Thalia Hall in 2016. Over the next year, the band toured and released a series of 7"" singles that were then compiled on 2018's Sweet '17 Singles. Also in 2018, Frankel released an eponymous album as Grapetooth with his then-roommate Chris Bailoni (Home-Sick) that combined garage punk and new wave influences.
Twin Peaks regrouped in the studio, this time with producer Ethan Johns (Paul McCartney, Kings of Leon, Ray LaMontagne). Featuring guests such as Ohmme on backing vocals and Kyle Davis (Cage the Elephant, Evangelicals) on auxiliary percussion, Lookout Low saw release in 2019. ~ Tim Sendra & Marcy Donelson",Flavor (live),Unknown,https://www.youtube.com/watch?v=93nfCInMCxM&list=RD93nfCInMCxM&start_radio=1&pp=ygUWVHdpbiBQZWFrcyBGbGF2b3IgbGl2ZaAHAQ%3D%3D
"Freezing In Chicago — Live at Thalia Hall, December 31st, 2017",https://lastfm.freetls.fastly.net/i/u/300x300/19e2b93f5a89cd118f663f55a3703f70.jpg,Twin Peaks,2025-12-31,"The embers of '60s garage rock and the flaming-hot fire of the 2010s garage punk sound burned bright in the earliest releases of Chicago's Twin Peaks, including their second album and proper studio debut, 2014's Wild Onion. Meanwhile selling out rock clubs and earning a reputation as a good-time live band, they issued the more reflective Down in Heaven in 2016, which concentrated on later British Invasion influences. Still loose and thriving in a live setting, by 2019's Lookout Low, the group was exploring the territory of '70s roots rock and jam bands.
Twin Peaks was formed by four young Chicago natives -- vocalist/guitarist Cadien Lake James, guitarist Clay Frankel, bassist Jack Dolan, and drummer Connor Brodner -- in the early 2010s. The guys had known each other and been friends since elementary school, but only formed a band after the duo James had with his brother Hal split up so Hal could join the Smith Westerns. They began playing together near the end of high school, then went on tour during their senior year. Before heading out on the road, they had quickly and cheaply recorded an album in James' basement to sell in order to keep them in gas and beer. Titled Sunken, the album caught the ear of Autumn Tone, which issued it in the summer of 2013. After graduating, James, Dolan, and Brodner headed to Olympia to attend Evergreen College, but they decided school wasn't for them, so they swung by L.A. to get Frankel and headed back to Chicago.
Once there, they began working on a second album with producers Andrew Humphrey and Colin Croom. Taking more time to craft their sound but never losing the wild and loose feel of their live set, the album showed that the bandmembers' decision to quit school and stick together was wise. Wild Onion was issued by Grand Jury in summer 2014, just a few weeks after Twin Peaks wowed the crowd at the Pitchfork Festival with their set. More festivals, including Lollapalooza, followed amid a relentless touring schedule with multiple trips across the U.S. and forays into Canada, Mexico, the U.K., and Western Europe before their third LP, Down in Heaven, arrived in spring 2016. With Croom joining the lineup on keyboards, the album retained Twin Peaks' rough edges while drawing inspiration from the reflective tone of favorite works from the late '60s (the Rolling Stones, the Kinks, the Beatles). The following year, they delivered the double-live album Urbs in Horto, recorded over three nights at Chicago's Metro and Thalia Hall in 2016. Over the next year, the band toured and released a series of 7"" singles that were then compiled on 2018's Sweet '17 Singles. Also in 2018, Frankel released an eponymous album as Grapetooth with his then-roommate Chris Bailoni (Home-Sick) that combined garage punk and new wave influences.
Twin Peaks regrouped in the studio, this time with producer Ethan Johns (Paul McCartney, Kings of Leon, Ray LaMontagne). Featuring guests such as Ohmme on backing vocals and Kyle Davis (Cage the Elephant, Evangelicals) on auxiliary percussion, Lookout Low saw release in 2019. ~ Tim Sendra & Marcy Donelson",I Found A New Way (live),Unknown,https://www.youtube.com/watch?v=ZNEN9YigoBE&list=RDZNEN9YigoBE&start_radio=1&pp=ygUhVHdpbiBQZWFrcyBJIEZvdW5kIEEgTmV3IFdheSBsaXZloAcB0gcJCaIKAYcqIYzv
"Freezing In Chicago — Live at Thalia Hall, December 31st, 2017",https://lastfm.freetls.fastly.net/i/u/300x300/19e2b93f5a89cd118f663f55a3703f70.jpg,Twin Peaks,2025-12-31,"The embers of '60s garage rock and the flaming-hot fire of the 2010s garage punk sound burned bright in the earliest releases of Chicago's Twin Peaks, including their second album and proper studio debut, 2014's Wild Onion. Meanwhile selling out rock clubs and earning a reputation as a good-time live band, they issued the more reflective Down in Heaven in 2016, which concentrated on later British Invasion influences. Still loose and thriving in a live setting, by 2019's Lookout Low, the group was exploring the territory of '70s roots rock and jam bands.
Twin Peaks was formed by four young Chicago natives -- vocalist/guitarist Cadien Lake James, guitarist Clay Frankel, bassist Jack Dolan, and drummer Connor Brodner -- in the early 2010s. The guys had known each other and been friends since elementary school, but only formed a band after the duo James had with his brother Hal split up so Hal could join the Smith Westerns. They began playing together near the end of high school, then went on tour during their senior year. Before heading out on the road, they had quickly and cheaply recorded an album in James' basement to sell in order to keep them in gas and beer. Titled Sunken, the album caught the ear of Autumn Tone, which issued it in the summer of 2013. After graduating, James, Dolan, and Brodner headed to Olympia to attend Evergreen College, but they decided school wasn't for them, so they swung by L.A. to get Frankel and headed back to Chicago.
Once there, they began working on a second album with producers Andrew Humphrey and Colin Croom. Taking more time to craft their sound but never losing the wild and loose feel of their live set, the album showed that the bandmembers' decision to quit school and stick together was wise. Wild Onion was issued by Grand Jury in summer 2014, just a few weeks after Twin Peaks wowed the crowd at the Pitchfork Festival with their set. More festivals, including Lollapalooza, followed amid a relentless touring schedule with multiple trips across the U.S. and forays into Canada, Mexico, the U.K., and Western Europe before their third LP, Down in Heaven, arrived in spring 2016. With Croom joining the lineup on keyboards, the album retained Twin Peaks' rough edges while drawing inspiration from the reflective tone of favorite works from the late '60s (the Rolling Stones, the Kinks, the Beatles). The following year, they delivered the double-live album Urbs in Horto, recorded over three nights at Chicago's Metro and Thalia Hall in 2016. Over the next year, the band toured and released a series of 7"" singles that were then compiled on 2018's Sweet '17 Singles. Also in 2018, Frankel released an eponymous album as Grapetooth with his then-roommate Chris Bailoni (Home-Sick) that combined garage punk and new wave influences.
Twin Peaks regrouped in the studio, this time with producer Ethan Johns (Paul McCartney, Kings of Leon, Ray LaMontagne). Featuring guests such as Ohmme on backing vocals and Kyle Davis (Cage the Elephant, Evangelicals) on auxiliary percussion, Lookout Low saw release in 2019. ~ Tim Sendra & Marcy Donelson",Boomers (live),Unknown,https://www.youtube.com/watch?v=YSU4JSW7YdA&list=RDYSU4JSW7YdA&start_radio=1&pp=ygUXVHdpbiBQZWFrcyBCb29tZXJzIGxpdmWgBwE%3D
"Freezing In Chicago — Live at Thalia Hall, December 31st, 2017",https://lastfm.freetls.fastly.net/i/u/300x300/19e2b93f5a89cd118f663f55a3703f70.jpg,Twin Peaks,2025-12-31,"The embers of '60s garage rock and the flaming-hot fire of the 2010s garage punk sound burned bright in the earliest releases of Chicago's Twin Peaks, including their second album and proper studio debut, 2014's Wild Onion. Meanwhile selling out rock clubs and earning a reputation as a good-time live band, they issued the more reflective Down in Heaven in 2016, which concentrated on later British Invasion influences. Still loose and thriving in a live setting, by 2019's Lookout Low, the group was exploring the territory of '70s roots rock and jam bands.
Twin Peaks was formed by four young Chicago natives -- vocalist/guitarist Cadien Lake James, guitarist Clay Frankel, bassist Jack Dolan, and drummer Connor Brodner -- in the early 2010s. The guys had known each other and been friends since elementary school, but only formed a band after the duo James had with his brother Hal split up so Hal could join the Smith Westerns. They began playing together near the end of high school, then went on tour during their senior year. Before heading out on the road, they had quickly and cheaply recorded an album in James' basement to sell in order to keep them in gas and beer. Titled Sunken, the album caught the ear of Autumn Tone, which issued it in the summer of 2013. After graduating, James, Dolan, and Brodner headed to Olympia to attend Evergreen College, but they decided school wasn't for them, so they swung by L.A. to get Frankel and headed back to Chicago.
Once there, they began working on a second album with producers Andrew Humphrey and Colin Croom. Taking more time to craft their sound but never losing the wild and loose feel of their live set, the album showed that the bandmembers' decision to quit school and stick together was wise. Wild Onion was issued by Grand Jury in summer 2014, just a few weeks after Twin Peaks wowed the crowd at the Pitchfork Festival with their set. More festivals, including Lollapalooza, followed amid a relentless touring schedule with multiple trips across the U.S. and forays into Canada, Mexico, the U.K., and Western Europe before their third LP, Down in Heaven, arrived in spring 2016. With Croom joining the lineup on keyboards, the album retained Twin Peaks' rough edges while drawing inspiration from the reflective tone of favorite works from the late '60s (the Rolling Stones, the Kinks, the Beatles). The following year, they delivered the double-live album Urbs in Horto, recorded over three nights at Chicago's Metro and Thalia Hall in 2016. Over the next year, the band toured and released a series of 7"" singles that were then compiled on 2018's Sweet '17 Singles. Also in 2018, Frankel released an eponymous album as Grapetooth with his then-roommate Chris Bailoni (Home-Sick) that combined garage punk and new wave influences.
Twin Peaks regrouped in the studio, this time with producer Ethan Johns (Paul McCartney, Kings of Leon, Ray LaMontagne). Featuring guests such as Ohmme on backing vocals and Kyle Davis (Cage the Elephant, Evangelicals) on auxiliary percussion, Lookout Low saw release in 2019. ~ Tim Sendra & Marcy Donelson",In The Meadow (live),Unknown,https://www.youtube.com/watch?v=4CpE99l4i2A&list=RD4CpE99l4i2A&start_radio=1&pp=ygUdVHdpbiBQZWFrcyBJbiBUaGUgTWVhZG93IGxpdmWgBwE%3D
"Freezing In Chicago — Live at Thalia Hall, December 31st, 2017",https://lastfm.freetls.fastly.net/i/u/300x300/19e2b93f5a89cd118f663f55a3703f70.jpg,Twin Peaks,2025-12-31,"The embers of '60s garage rock and the flaming-hot fire of the 2010s garage punk sound burned bright in the earliest releases of Chicago's Twin Peaks, including their second album and proper studio debut, 2014's Wild Onion. Meanwhile selling out rock clubs and earning a reputation as a good-time live band, they issued the more reflective Down in Heaven in 2016, which concentrated on later British Invasion influences. Still loose and thriving in a live setting, by 2019's Lookout Low, the group was exploring the territory of '70s roots rock and jam bands.
Twin Peaks was formed by four young Chicago natives -- vocalist/guitarist Cadien Lake James, guitarist Clay Frankel, bassist Jack Dolan, and drummer Connor Brodner -- in the early 2010s. The guys had known each other and been friends since elementary school, but only formed a band after the duo James had with his brother Hal split up so Hal could join the Smith Westerns. They began playing together near the end of high school, then went on tour during their senior year. Before heading out on the road, they had quickly and cheaply recorded an album in James' basement to sell in order to keep them in gas and beer. Titled Sunken, the album caught the ear of Autumn Tone, which issued it in the summer of 2013. After graduating, James, Dolan, and Brodner headed to Olympia to attend Evergreen College, but they decided school wasn't for them, so they swung by L.A. to get Frankel and headed back to Chicago.
Once there, they began working on a second album with producers Andrew Humphrey and Colin Croom. Taking more time to craft their sound but never losing the wild and loose feel of their live set, the album showed that the bandmembers' decision to quit school and stick together was wise. Wild Onion was issued by Grand Jury in summer 2014, just a few weeks after Twin Peaks wowed the crowd at the Pitchfork Festival with their set. More festivals, including Lollapalooza, followed amid a relentless touring schedule with multiple trips across the U.S. and forays into Canada, Mexico, the U.K., and Western Europe before their third LP, Down in Heaven, arrived in spring 2016. With Croom joining the lineup on keyboards, the album retained Twin Peaks' rough edges while drawing inspiration from the reflective tone of favorite works from the late '60s (the Rolling Stones, the Kinks, the Beatles). The following year, they delivered the double-live album Urbs in Horto, recorded over three nights at Chicago's Metro and Thalia Hall in 2016. Over the next year, the band toured and released a series of 7"" singles that were then compiled on 2018's Sweet '17 Singles. Also in 2018, Frankel released an eponymous album as Grapetooth with his then-roommate Chris Bailoni (Home-Sick) that combined garage punk and new wave influences.
Twin Peaks regrouped in the studio, this time with producer Ethan Johns (Paul McCartney, Kings of Leon, Ray LaMontagne). Featuring guests such as Ohmme on backing vocals and Kyle Davis (Cage the Elephant, Evangelicals) on auxiliary percussion, Lookout Low saw release in 2019. ~ Tim Sendra & Marcy Donelson",Natural Villain (live),Unknown,https://www.youtube.com/watch?v=yiQ8fO3UmVo&list=RDyiQ8fO3UmVo&start_radio=1&pp=ygUfVHdpbiBQZWFrcyBOYXR1cmFsIFZpbGxhaW4gbGl2ZaAHAQ%3D%3D
"Freezing In Chicago — Live at Thalia Hall, December 31st, 2017",https://lastfm.freetls.fastly.net/i/u/300x300/19e2b93f5a89cd118f663f55a3703f70.jpg,Twin Peaks,2025-12-31,"The embers of '60s garage rock and the flaming-hot fire of the 2010s garage punk sound burned bright in the earliest releases of Chicago's Twin Peaks, including their second album and proper studio debut, 2014's Wild Onion. Meanwhile selling out rock clubs and earning a reputation as a good-time live band, they issued the more reflective Down in Heaven in 2016, which concentrated on later British Invasion influences. Still loose and thriving in a live setting, by 2019's Lookout Low, the group was exploring the territory of '70s roots rock and jam bands.
Twin Peaks was formed by four young Chicago natives -- vocalist/guitarist Cadien Lake James, guitarist Clay Frankel, bassist Jack Dolan, and drummer Connor Brodner -- in the early 2010s. The guys had known each other and been friends since elementary school, but only formed a band after the duo James had with his brother Hal split up so Hal could join the Smith Westerns. They began playing together near the end of high school, then went on tour during their senior year. Before heading out on the road, they had quickly and cheaply recorded an album in James' basement to sell in order to keep them in gas and beer. Titled Sunken, the album caught the ear of Autumn Tone, which issued it in the summer of 2013. After graduating, James, Dolan, and Brodner headed to Olympia to attend Evergreen College, but they decided school wasn't for them, so they swung by L.A. to get Frankel and headed back to Chicago.
Once there, they began working on a second album with producers Andrew Humphrey and Colin Croom. Taking more time to craft their sound but never losing the wild and loose feel of their live set, the album showed that the bandmembers' decision to quit school and stick together was wise. Wild Onion was issued by Grand Jury in summer 2014, just a few weeks after Twin Peaks wowed the crowd at the Pitchfork Festival with their set. More festivals, including Lollapalooza, followed amid a relentless touring schedule with multiple trips across the U.S. and forays into Canada, Mexico, the U.K., and Western Europe before their third LP, Down in Heaven, arrived in spring 2016. With Croom joining the lineup on keyboards, the album retained Twin Peaks' rough edges while drawing inspiration from the reflective tone of favorite works from the late '60s (the Rolling Stones, the Kinks, the Beatles). The following year, they delivered the double-live album Urbs in Horto, recorded over three nights at Chicago's Metro and Thalia Hall in 2016. Over the next year, the band toured and released a series of 7"" singles that were then compiled on 2018's Sweet '17 Singles. Also in 2018, Frankel released an eponymous album as Grapetooth with his then-roommate Chris Bailoni (Home-Sick) that combined garage punk and new wave influences.
Twin Peaks regrouped in the studio, this time with producer Ethan Johns (Paul McCartney, Kings of Leon, Ray LaMontagne). Featuring guests such as Ohmme on backing vocals and Kyle Davis (Cage the Elephant, Evangelicals) on auxiliary percussion, Lookout Low saw release in 2019. ~ Tim Sendra & Marcy Donelson",Shake Your Lonely (live),Unknown,https://www.youtube.com/watch?v=pjJOC5cR3GA&list=RDpjJOC5cR3GA&start_radio=1&pp=ygUhVHdpbiBQZWFrcyBTaGFrZSBZb3VyIExvbmVseSBsaXZloAcB
"Freezing In Chicago — Live at Thalia Hall, December 31st, 2017",https://lastfm.freetls.fastly.net/i/u/300x300/19e2b93f5a89cd118f663f55a3703f70.jpg,Twin Peaks,2025-12-31,"The embers of '60s garage rock and the flaming-hot fire of the 2010s garage punk sound burned bright in the earliest releases of Chicago's Twin Peaks, including their second album and proper studio debut, 2014's Wild Onion. Meanwhile selling out rock clubs and earning a reputation as a good-time live band, they issued the more reflective Down in Heaven in 2016, which concentrated on later British Invasion influences. Still loose and thriving in a live setting, by 2019's Lookout Low, the group was exploring the territory of '70s roots rock and jam bands.
Twin Peaks was formed by four young Chicago natives -- vocalist/guitarist Cadien Lake James, guitarist Clay Frankel, bassist Jack Dolan, and drummer Connor Brodner -- in the early 2010s. The guys had known each other and been friends since elementary school, but only formed a band after the duo James had with his brother Hal split up so Hal could join the Smith Westerns. They began playing together near the end of high school, then went on tour during their senior year. Before heading out on the road, they had quickly and cheaply recorded an album in James' basement to sell in order to keep them in gas and beer. Titled Sunken, the album caught the ear of Autumn Tone, which issued it in the summer of 2013. After graduating, James, Dolan, and Brodner headed to Olympia to attend Evergreen College, but they decided school wasn't for them, so they swung by L.A. to get Frankel and headed back to Chicago.
Once there, they began working on a second album with producers Andrew Humphrey and Colin Croom. Taking more time to craft their sound but never losing the wild and loose feel of their live set, the album showed that the bandmembers' decision to quit school and stick together was wise. Wild Onion was issued by Grand Jury in summer 2014, just a few weeks after Twin Peaks wowed the crowd at the Pitchfork Festival with their set. More festivals, including Lollapalooza, followed amid a relentless touring schedule with multiple trips across the U.S. and forays into Canada, Mexico, the U.K., and Western Europe before their third LP, Down in Heaven, arrived in spring 2016. With Croom joining the lineup on keyboards, the album retained Twin Peaks' rough edges while drawing inspiration from the reflective tone of favorite works from the late '60s (the Rolling Stones, the Kinks, the Beatles). The following year, they delivered the double-live album Urbs in Horto, recorded over three nights at Chicago's Metro and Thalia Hall in 2016. Over the next year, the band toured and released a series of 7"" singles that were then compiled on 2018's Sweet '17 Singles. Also in 2018, Frankel released an eponymous album as Grapetooth with his then-roommate Chris Bailoni (Home-Sick) that combined garage punk and new wave influences.
Twin Peaks regrouped in the studio, this time with producer Ethan Johns (Paul McCartney, Kings of Leon, Ray LaMontagne). Featuring guests such as Ohmme on backing vocals and Kyle Davis (Cage the Elephant, Evangelicals) on auxiliary percussion, Lookout Low saw release in 2019. ~ Tim Sendra & Marcy Donelson",Have You Ever (live),Unknown,https://www.youtube.com/watch?v=z8U23mx169U&list=RDz8U23mx169U&start_radio=1&pp=ygUdVHdpbiBQZWFrcyBIYXZlIFlvdSBFdmVyIGxpdmWgBwE%3D
"Freezing In Chicago — Live at Thalia Hall, December 31st, 2017",https://lastfm.freetls.fastly.net/i/u/300x300/19e2b93f5a89cd118f663f55a3703f70.jpg,Twin Peaks,2025-12-31,"The embers of '60s garage rock and the flaming-hot fire of the 2010s garage punk sound burned bright in the earliest releases of Chicago's Twin Peaks, including their second album and proper studio debut, 2014's Wild Onion. Meanwhile selling out rock clubs and earning a reputation as a good-time live band, they issued the more reflective Down in Heaven in 2016, which concentrated on later British Invasion influences. Still loose and thriving in a live setting, by 2019's Lookout Low, the group was exploring the territory of '70s roots rock and jam bands.
Twin Peaks was formed by four young Chicago natives -- vocalist/guitarist Cadien Lake James, guitarist Clay Frankel, bassist Jack Dolan, and drummer Connor Brodner -- in the early 2010s. The guys had known each other and been friends since elementary school, but only formed a band after the duo James had with his brother Hal split up so Hal could join the Smith Westerns. They began playing together near the end of high school, then went on tour during their senior year. Before heading out on the road, they had quickly and cheaply recorded an album in James' basement to sell in order to keep them in gas and beer. Titled Sunken, the album caught the ear of Autumn Tone, which issued it in the summer of 2013. After graduating, James, Dolan, and Brodner headed to Olympia to attend Evergreen College, but they decided school wasn't for them, so they swung by L.A. to get Frankel and headed back to Chicago.
Once there, they began working on a second album with producers Andrew Humphrey and Colin Croom. Taking more time to craft their sound but never losing the wild and loose feel of their live set, the album showed that the bandmembers' decision to quit school and stick together was wise. Wild Onion was issued by Grand Jury in summer 2014, just a few weeks after Twin Peaks wowed the crowd at the Pitchfork Festival with their set. More festivals, including Lollapalooza, followed amid a relentless touring schedule with multiple trips across the U.S. and forays into Canada, Mexico, the U.K., and Western Europe before their third LP, Down in Heaven, arrived in spring 2016. With Croom joining the lineup on keyboards, the album retained Twin Peaks' rough edges while drawing inspiration from the reflective tone of favorite works from the late '60s (the Rolling Stones, the Kinks, the Beatles). The following year, they delivered the double-live album Urbs in Horto, recorded over three nights at Chicago's Metro and Thalia Hall in 2016. Over the next year, the band toured and released a series of 7"" singles that were then compiled on 2018's Sweet '17 Singles. Also in 2018, Frankel released an eponymous album as Grapetooth with his then-roommate Chris Bailoni (Home-Sick) that combined garage punk and new wave influences.
Twin Peaks regrouped in the studio, this time with producer Ethan Johns (Paul McCartney, Kings of Leon, Ray LaMontagne). Featuring guests such as Ohmme on backing vocals and Kyle Davis (Cage the Elephant, Evangelicals) on auxiliary percussion, Lookout Low saw release in 2019. ~ Tim Sendra & Marcy Donelson",Getting Better (live),Unknown,https://www.youtube.com/watch?v=_R-1BlO4q9M&list=RD_R-1BlO4q9M&start_radio=1&pp=ygUeVHdpbiBQZWFrcyBHZXR0aW5nIEJldHRlciBsaXZloAcB
"Freezing In Chicago — Live at Thalia Hall, December 31st, 2017",https://lastfm.freetls.fastly.net/i/u/300x300/19e2b93f5a89cd118f663f55a3703f70.jpg,Twin Peaks,2025-12-31,"The embers of '60s garage rock and the flaming-hot fire of the 2010s garage punk sound burned bright in the earliest releases of Chicago's Twin Peaks, including their second album and proper studio debut, 2014's Wild Onion. Meanwhile selling out rock clubs and earning a reputation as a good-time live band, they issued the more reflective Down in Heaven in 2016, which concentrated on later British Invasion influences. Still loose and thriving in a live setting, by 2019's Lookout Low, the group was exploring the territory of '70s roots rock and jam bands.
Twin Peaks was formed by four young Chicago natives -- vocalist/guitarist Cadien Lake James, guitarist Clay Frankel, bassist Jack Dolan, and drummer Connor Brodner -- in the early 2010s. The guys had known each other and been friends since elementary school, but only formed a band after the duo James had with his brother Hal split up so Hal could join the Smith Westerns. They began playing together near the end of high school, then went on tour during their senior year. Before heading out on the road, they had quickly and cheaply recorded an album in James' basement to sell in order to keep them in gas and beer. Titled Sunken, the album caught the ear of Autumn Tone, which issued it in the summer of 2013. After graduating, James, Dolan, and Brodner headed to Olympia to attend Evergreen College, but they decided school wasn't for them, so they swung by L.A. to get Frankel and headed back to Chicago.
Once there, they began working on a second album with producers Andrew Humphrey and Colin Croom. Taking more time to craft their sound but never losing the wild and loose feel of their live set, the album showed that the bandmembers' decision to quit school and stick together was wise. Wild Onion was issued by Grand Jury in summer 2014, just a few weeks after Twin Peaks wowed the crowd at the Pitchfork Festival with their set. More festivals, including Lollapalooza, followed amid a relentless touring schedule with multiple trips across the U.S. and forays into Canada, Mexico, the U.K., and Western Europe before their third LP, Down in Heaven, arrived in spring 2016. With Croom joining the lineup on keyboards, the album retained Twin Peaks' rough edges while drawing inspiration from the reflective tone of favorite works from the late '60s (the Rolling Stones, the Kinks, the Beatles). The following year, they delivered the double-live album Urbs in Horto, recorded over three nights at Chicago's Metro and Thalia Hall in 2016. Over the next year, the band toured and released a series of 7"" singles that were then compiled on 2018's Sweet '17 Singles. Also in 2018, Frankel released an eponymous album as Grapetooth with his then-roommate Chris Bailoni (Home-Sick) that combined garage punk and new wave influences.
Twin Peaks regrouped in the studio, this time with producer Ethan Johns (Paul McCartney, Kings of Leon, Ray LaMontagne). Featuring guests such as Ohmme on backing vocals and Kyle Davis (Cage the Elephant, Evangelicals) on auxiliary percussion, Lookout Low saw release in 2019. ~ Tim Sendra & Marcy Donelson",Walk To The One You Love (live),Unknown,https://www.youtube.com/watch?v=4PLW3iqX3f4&list=RD4PLW3iqX3f4&start_radio=1&pp=ygUoVHdpbiBQZWFrcyBXYWxrIFRvIFRoZSBPbmUgWW91IExvdmUgbGl2ZaAHAQ%3D%3D
"Freezing In Chicago — Live at Thalia Hall, December 31st, 2017",https://lastfm.freetls.fastly.net/i/u/300x300/19e2b93f5a89cd118f663f55a3703f70.jpg,Twin Peaks,2025-12-31,"The embers of '60s garage rock and the flaming-hot fire of the 2010s garage punk sound burned bright in the earliest releases of Chicago's Twin Peaks, including their second album and proper studio debut, 2014's Wild Onion. Meanwhile selling out rock clubs and earning a reputation as a good-time live band, they issued the more reflective Down in Heaven in 2016, which concentrated on later British Invasion influences. Still loose and thriving in a live setting, by 2019's Lookout Low, the group was exploring the territory of '70s roots rock and jam bands.
Twin Peaks was formed by four young Chicago natives -- vocalist/guitarist Cadien Lake James, guitarist Clay Frankel, bassist Jack Dolan, and drummer Connor Brodner -- in the early 2010s. The guys had known each other and been friends since elementary school, but only formed a band after the duo James had with his brother Hal split up so Hal could join the Smith Westerns. They began playing together near the end of high school, then went on tour during their senior year. Before heading out on the road, they had quickly and cheaply recorded an album in James' basement to sell in order to keep them in gas and beer. Titled Sunken, the album caught the ear of Autumn Tone, which issued it in the summer of 2013. After graduating, James, Dolan, and Brodner headed to Olympia to attend Evergreen College, but they decided school wasn't for them, so they swung by L.A. to get Frankel and headed back to Chicago.
Once there, they began working on a second album with producers Andrew Humphrey and Colin Croom. Taking more time to craft their sound but never losing the wild and loose feel of their live set, the album showed that the bandmembers' decision to quit school and stick together was wise. Wild Onion was issued by Grand Jury in summer 2014, just a few weeks after Twin Peaks wowed the crowd at the Pitchfork Festival with their set. More festivals, including Lollapalooza, followed amid a relentless touring schedule with multiple trips across the U.S. and forays into Canada, Mexico, the U.K., and Western Europe before their third LP, Down in Heaven, arrived in spring 2016. With Croom joining the lineup on keyboards, the album retained Twin Peaks' rough edges while drawing inspiration from the reflective tone of favorite works from the late '60s (the Rolling Stones, the Kinks, the Beatles). The following year, they delivered the double-live album Urbs in Horto, recorded over three nights at Chicago's Metro and Thalia Hall in 2016. Over the next year, the band toured and released a series of 7"" singles that were then compiled on 2018's Sweet '17 Singles. Also in 2018, Frankel released an eponymous album as Grapetooth with his then-roommate Chris Bailoni (Home-Sick) that combined garage punk and new wave influences.
Twin Peaks regrouped in the studio, this time with producer Ethan Johns (Paul McCartney, Kings of Leon, Ray LaMontagne). Featuring guests such as Ohmme on backing vocals and Kyle Davis (Cage the Elephant, Evangelicals) on auxiliary percussion, Lookout Low saw release in 2019. ~ Tim Sendra & Marcy Donelson",Making Breakfast (live),Unknown,https://www.youtube.com/watch?v=tl9SRsPbWLM&list=RDtl9SRsPbWLM&start_radio=1&pp=ygUgVHdpbiBQZWFrcyBNYWtpbmcgQnJlYWtmYXN0IGxpdmWgBwE%3D
"Freezing In Chicago — Live at Thalia Hall, December 31st, 2017",https://lastfm.freetls.fastly.net/i/u/300x300/19e2b93f5a89cd118f663f55a3703f70.jpg,Twin Peaks,2025-12-31,"The embers of '60s garage rock and the flaming-hot fire of the 2010s garage punk sound burned bright in the earliest releases of Chicago's Twin Peaks, including their second album and proper studio debut, 2014's Wild Onion. Meanwhile selling out rock clubs and earning a reputation as a good-time live band, they issued the more reflective Down in Heaven in 2016, which concentrated on later British Invasion influences. Still loose and thriving in a live setting, by 2019's Lookout Low, the group was exploring the territory of '70s roots rock and jam bands.
Twin Peaks was formed by four young Chicago natives -- vocalist/guitarist Cadien Lake James, guitarist Clay Frankel, bassist Jack Dolan, and drummer Connor Brodner -- in the early 2010s. The guys had known each other and been friends since elementary school, but only formed a band after the duo James had with his brother Hal split up so Hal could join the Smith Westerns. They began playing together near the end of high school, then went on tour during their senior year. Before heading out on the road, they had quickly and cheaply recorded an album in James' basement to sell in order to keep them in gas and beer. Titled Sunken, the album caught the ear of Autumn Tone, which issued it in the summer of 2013. After graduating, James, Dolan, and Brodner headed to Olympia to attend Evergreen College, but they decided school wasn't for them, so they swung by L.A. to get Frankel and headed back to Chicago.
Once there, they began working on a second album with producers Andrew Humphrey and Colin Croom. Taking more time to craft their sound but never losing the wild and loose feel of their live set, the album showed that the bandmembers' decision to quit school and stick together was wise. Wild Onion was issued by Grand Jury in summer 2014, just a few weeks after Twin Peaks wowed the crowd at the Pitchfork Festival with their set. More festivals, including Lollapalooza, followed amid a relentless touring schedule with multiple trips across the U.S. and forays into Canada, Mexico, the U.K., and Western Europe before their third LP, Down in Heaven, arrived in spring 2016. With Croom joining the lineup on keyboards, the album retained Twin Peaks' rough edges while drawing inspiration from the reflective tone of favorite works from the late '60s (the Rolling Stones, the Kinks, the Beatles). The following year, they delivered the double-live album Urbs in Horto, recorded over three nights at Chicago's Metro and Thalia Hall in 2016. Over the next year, the band toured and released a series of 7"" singles that were then compiled on 2018's Sweet '17 Singles. Also in 2018, Frankel released an eponymous album as Grapetooth with his then-roommate Chris Bailoni (Home-Sick) that combined garage punk and new wave influences.
Twin Peaks regrouped in the studio, this time with producer Ethan Johns (Paul McCartney, Kings of Leon, Ray LaMontagne). Featuring guests such as Ohmme on backing vocals and Kyle Davis (Cage the Elephant, Evangelicals) on auxiliary percussion, Lookout Low saw release in 2019. ~ Tim Sendra & Marcy Donelson",Holding Roses (live),Unknown,https://www.youtube.com/watch?v=oizKfxAf48g&list=RDoizKfxAf48g&start_radio=1&pp=ygUdVHdpbiBQZWFrcyBIb2xkaW5nIFJvc2VzIGxpdmWgBwE%3D
"Freezing In Chicago — Live at Thalia Hall, December 31st, 2017",https://lastfm.freetls.fastly.net/i/u/300x300/19e2b93f5a89cd118f663f55a3703f70.jpg,Twin Peaks,2025-12-31,"The embers of '60s garage rock and the flaming-hot fire of the 2010s garage punk sound burned bright in the earliest releases of Chicago's Twin Peaks, including their second album and proper studio debut, 2014's Wild Onion. Meanwhile selling out rock clubs and earning a reputation as a good-time live band, they issued the more reflective Down in Heaven in 2016, which concentrated on later British Invasion influences. Still loose and thriving in a live setting, by 2019's Lookout Low, the group was exploring the territory of '70s roots rock and jam bands.
Twin Peaks was formed by four young Chicago natives -- vocalist/guitarist Cadien Lake James, guitarist Clay Frankel, bassist Jack Dolan, and drummer Connor Brodner -- in the early 2010s. The guys had known each other and been friends since elementary school, but only formed a band after the duo James had with his brother Hal split up so Hal could join the Smith Westerns. They began playing together near the end of high school, then went on tour during their senior year. Before heading out on the road, they had quickly and cheaply recorded an album in James' basement to sell in order to keep them in gas and beer. Titled Sunken, the album caught the ear of Autumn Tone, which issued it in the summer of 2013. After graduating, James, Dolan, and Brodner headed to Olympia to attend Evergreen College, but they decided school wasn't for them, so they swung by L.A. to get Frankel and headed back to Chicago.
Once there, they began working on a second album with producers Andrew Humphrey and Colin Croom. Taking more time to craft their sound but never losing the wild and loose feel of their live set, the album showed that the bandmembers' decision to quit school and stick together was wise. Wild Onion was issued by Grand Jury in summer 2014, just a few weeks after Twin Peaks wowed the crowd at the Pitchfork Festival with their set. More festivals, including Lollapalooza, followed amid a relentless touring schedule with multiple trips across the U.S. and forays into Canada, Mexico, the U.K., and Western Europe before their third LP, Down in Heaven, arrived in spring 2016. With Croom joining the lineup on keyboards, the album retained Twin Peaks' rough edges while drawing inspiration from the reflective tone of favorite works from the late '60s (the Rolling Stones, the Kinks, the Beatles). The following year, they delivered the double-live album Urbs in Horto, recorded over three nights at Chicago's Metro and Thalia Hall in 2016. Over the next year, the band toured and released a series of 7"" singles that were then compiled on 2018's Sweet '17 Singles. Also in 2018, Frankel released an eponymous album as Grapetooth with his then-roommate Chris Bailoni (Home-Sick) that combined garage punk and new wave influences.
Twin Peaks regrouped in the studio, this time with producer Ethan Johns (Paul McCartney, Kings of Leon, Ray LaMontagne). Featuring guests such as Ohmme on backing vocals and Kyle Davis (Cage the Elephant, Evangelicals) on auxiliary percussion, Lookout Low saw release in 2019. ~ Tim Sendra & Marcy Donelson",Blue Coupe (live),Unknown,https://www.youtube.com/watch?v=-yEFGLy13b8&list=RD-yEFGLy13b8&start_radio=1&pp=ygUaVHdpbiBQZWFrcyBCbHVlIENvdXBlIGxpdmWgBwE%3D
"Freezing In Chicago — Live at Thalia Hall, December 31st, 2017",https://lastfm.freetls.fastly.net/i/u/300x300/19e2b93f5a89cd118f663f55a3703f70.jpg,Twin Peaks,2025-12-31,"The embers of '60s garage rock and the flaming-hot fire of the 2010s garage punk sound burned bright in the earliest releases of Chicago's Twin Peaks, including their second album and proper studio debut, 2014's Wild Onion. Meanwhile selling out rock clubs and earning a reputation as a good-time live band, they issued the more reflective Down in Heaven in 2016, which concentrated on later British Invasion influences. Still loose and thriving in a live setting, by 2019's Lookout Low, the group was exploring the territory of '70s roots rock and jam bands.
Twin Peaks was formed by four young Chicago natives -- vocalist/guitarist Cadien Lake James, guitarist Clay Frankel, bassist Jack Dolan, and drummer Connor Brodner -- in the early 2010s. The guys had known each other and been friends since elementary school, but only formed a band after the duo James had with his brother Hal split up so Hal could join the Smith Westerns. They began playing together near the end of high school, then went on tour during their senior year. Before heading out on the road, they had quickly and cheaply recorded an album in James' basement to sell in order to keep them in gas and beer. Titled Sunken, the album caught the ear of Autumn Tone, which issued it in the summer of 2013. After graduating, James, Dolan, and Brodner headed to Olympia to attend Evergreen College, but they decided school wasn't for them, so they swung by L.A. to get Frankel and headed back to Chicago.
Once there, they began working on a second album with producers Andrew Humphrey and Colin Croom. Taking more time to craft their sound but never losing the wild and loose feel of their live set, the album showed that the bandmembers' decision to quit school and stick together was wise. Wild Onion was issued by Grand Jury in summer 2014, just a few weeks after Twin Peaks wowed the crowd at the Pitchfork Festival with their set. More festivals, including Lollapalooza, followed amid a relentless touring schedule with multiple trips across the U.S. and forays into Canada, Mexico, the U.K., and Western Europe before their third LP, Down in Heaven, arrived in spring 2016. With Croom joining the lineup on keyboards, the album retained Twin Peaks' rough edges while drawing inspiration from the reflective tone of favorite works from the late '60s (the Rolling Stones, the Kinks, the Beatles). The following year, they delivered the double-live album Urbs in Horto, recorded over three nights at Chicago's Metro and Thalia Hall in 2016. Over the next year, the band toured and released a series of 7"" singles that were then compiled on 2018's Sweet '17 Singles. Also in 2018, Frankel released an eponymous album as Grapetooth with his then-roommate Chris Bailoni (Home-Sick) that combined garage punk and new wave influences.
Twin Peaks regrouped in the studio, this time with producer Ethan Johns (Paul McCartney, Kings of Leon, Ray LaMontagne). Featuring guests such as Ohmme on backing vocals and Kyle Davis (Cage the Elephant, Evangelicals) on auxiliary percussion, Lookout Low saw release in 2019. ~ Tim Sendra & Marcy Donelson",Strawberry Smoothie (live),Unknown,https://www.youtube.com/watch?v=42oCWCU9lPU&list=RD42oCWCU9lPU&start_radio=1&pp=ygUjVHdpbiBQZWFrcyBTdHJhd2JlcnJ5IFNtb290aGllIGxpdmWgBwE%3D
"Freezing In Chicago — Live at Thalia Hall, December 31st, 2017",https://lastfm.freetls.fastly.net/i/u/300x300/19e2b93f5a89cd118f663f55a3703f70.jpg,Twin Peaks,2025-12-31,"The embers of '60s garage rock and the flaming-hot fire of the 2010s garage punk sound burned bright in the earliest releases of Chicago's Twin Peaks, including their second album and proper studio debut, 2014's Wild Onion. Meanwhile selling out rock clubs and earning a reputation as a good-time live band, they issued the more reflective Down in Heaven in 2016, which concentrated on later British Invasion influences. Still loose and thriving in a live setting, by 2019's Lookout Low, the group was exploring the territory of '70s roots rock and jam bands.
Twin Peaks was formed by four young Chicago natives -- vocalist/guitarist Cadien Lake James, guitarist Clay Frankel, bassist Jack Dolan, and drummer Connor Brodner -- in the early 2010s. The guys had known each other and been friends since elementary school, but only formed a band after the duo James had with his brother Hal split up so Hal could join the Smith Westerns. They began playing together near the end of high school, then went on tour during their senior year. Before heading out on the road, they had quickly and cheaply recorded an album in James' basement to sell in order to keep them in gas and beer. Titled Sunken, the album caught the ear of Autumn Tone, which issued it in the summer of 2013. After graduating, James, Dolan, and Brodner headed to Olympia to attend Evergreen College, but they decided school wasn't for them, so they swung by L.A. to get Frankel and headed back to Chicago.
Once there, they began working on a second album with producers Andrew Humphrey and Colin Croom. Taking more time to craft their sound but never losing the wild and loose feel of their live set, the album showed that the bandmembers' decision to quit school and stick together was wise. Wild Onion was issued by Grand Jury in summer 2014, just a few weeks after Twin Peaks wowed the crowd at the Pitchfork Festival with their set. More festivals, including Lollapalooza, followed amid a relentless touring schedule with multiple trips across the U.S. and forays into Canada, Mexico, the U.K., and Western Europe before their third LP, Down in Heaven, arrived in spring 2016. With Croom joining the lineup on keyboards, the album retained Twin Peaks' rough edges while drawing inspiration from the reflective tone of favorite works from the late '60s (the Rolling Stones, the Kinks, the Beatles). The following year, they delivered the double-live album Urbs in Horto, recorded over three nights at Chicago's Metro and Thalia Hall in 2016. Over the next year, the band toured and released a series of 7"" singles that were then compiled on 2018's Sweet '17 Singles. Also in 2018, Frankel released an eponymous album as Grapetooth with his then-roommate Chris Bailoni (Home-Sick) that combined garage punk and new wave influences.
Twin Peaks regrouped in the studio, this time with producer Ethan Johns (Paul McCartney, Kings of Leon, Ray LaMontagne). Featuring guests such as Ohmme on backing vocals and Kyle Davis (Cage the Elephant, Evangelicals) on auxiliary percussion, Lookout Low saw release in 2019. ~ Tim Sendra & Marcy Donelson",Heavenly Showers (live),Unknown,https://www.youtube.com/watch?v=Qc3TBogAXcg&list=RDQc3TBogAXcg&start_radio=1&pp=ygUgVHdpbiBQZWFrcyBIZWF2ZW5seSBTaG93ZXJzIGxpdmWgBwE%3D
"Freezing In Chicago — Live at Thalia Hall, December 31st, 2017",https://lastfm.freetls.fastly.net/i/u/300x300/19e2b93f5a89cd118f663f55a3703f70.jpg,Twin Peaks,2025-12-31,"The embers of '60s garage rock and the flaming-hot fire of the 2010s garage punk sound burned bright in the earliest releases of Chicago's Twin Peaks, including their second album and proper studio debut, 2014's Wild Onion. Meanwhile selling out rock clubs and earning a reputation as a good-time live band, they issued the more reflective Down in Heaven in 2016, which concentrated on later British Invasion influences. Still loose and thriving in a live setting, by 2019's Lookout Low, the group was exploring the territory of '70s roots rock and jam bands.
Twin Peaks was formed by four young Chicago natives -- vocalist/guitarist Cadien Lake James, guitarist Clay Frankel, bassist Jack Dolan, and drummer Connor Brodner -- in the early 2010s. The guys had known each other and been friends since elementary school, but only formed a band after the duo James had with his brother Hal split up so Hal could join the Smith Westerns. They began playing together near the end of high school, then went on tour during their senior year. Before heading out on the road, they had quickly and cheaply recorded an album in James' basement to sell in order to keep them in gas and beer. Titled Sunken, the album caught the ear of Autumn Tone, which issued it in the summer of 2013. After graduating, James, Dolan, and Brodner headed to Olympia to attend Evergreen College, but they decided school wasn't for them, so they swung by L.A. to get Frankel and headed back to Chicago.
Once there, they began working on a second album with producers Andrew Humphrey and Colin Croom. Taking more time to craft their sound but never losing the wild and loose feel of their live set, the album showed that the bandmembers' decision to quit school and stick together was wise. Wild Onion was issued by Grand Jury in summer 2014, just a few weeks after Twin Peaks wowed the crowd at the Pitchfork Festival with their set. More festivals, including Lollapalooza, followed amid a relentless touring schedule with multiple trips across the U.S. and forays into Canada, Mexico, the U.K., and Western Europe before their third LP, Down in Heaven, arrived in spring 2016. With Croom joining the lineup on keyboards, the album retained Twin Peaks' rough edges while drawing inspiration from the reflective tone of favorite works from the late '60s (the Rolling Stones, the Kinks, the Beatles). The following year, they delivered the double-live album Urbs in Horto, recorded over three nights at Chicago's Metro and Thalia Hall in 2016. Over the next year, the band toured and released a series of 7"" singles that were then compiled on 2018's Sweet '17 Singles. Also in 2018, Frankel released an eponymous album as Grapetooth with his then-roommate Chris Bailoni (Home-Sick) that combined garage punk and new wave influences.
Twin Peaks regrouped in the studio, this time with producer Ethan Johns (Paul McCartney, Kings of Leon, Ray LaMontagne). Featuring guests such as Ohmme on backing vocals and Kyle Davis (Cage the Elephant, Evangelicals) on auxiliary percussion, Lookout Low saw release in 2019. ~ Tim Sendra & Marcy Donelson",Wanted You (live),Unknown,https://www.youtube.com/watch?v=C7B21_ywtek&list=RDC7B21_ywtek&start_radio=1&pp=ygUaVHdpbiBQZWFrcyBXYW50ZWQgWW91IGxpdmWgBwE%3D
"Freezing In Chicago — Live at Thalia Hall, December 31st, 2017",https://lastfm.freetls.fastly.net/i/u/300x300/19e2b93f5a89cd118f663f55a3703f70.jpg,Twin Peaks,2025-12-31,"The embers of '60s garage rock and the flaming-hot fire of the 2010s garage punk sound burned bright in the earliest releases of Chicago's Twin Peaks, including their second album and proper studio debut, 2014's Wild Onion. Meanwhile selling out rock clubs and earning a reputation as a good-time live band, they issued the more reflective Down in Heaven in 2016, which concentrated on later British Invasion influences. Still loose and thriving in a live setting, by 2019's Lookout Low, the group was exploring the territory of '70s roots rock and jam bands.
Twin Peaks was formed by four young Chicago natives -- vocalist/guitarist Cadien Lake James, guitarist Clay Frankel, bassist Jack Dolan, and drummer Connor Brodner -- in the early 2010s. The guys had known each other and been friends since elementary school, but only formed a band after the duo James had with his brother Hal split up so Hal could join the Smith Westerns. They began playing together near the end of high school, then went on tour during their senior year. Before heading out on the road, they had quickly and cheaply recorded an album in James' basement to sell in order to keep them in gas and beer. Titled Sunken, the album caught the ear of Autumn Tone, which issued it in the summer of 2013. After graduating, James, Dolan, and Brodner headed to Olympia to attend Evergreen College, but they decided school wasn't for them, so they swung by L.A. to get Frankel and headed back to Chicago.
Once there, they began working on a second album with producers Andrew Humphrey and Colin Croom. Taking more time to craft their sound but never losing the wild and loose feel of their live set, the album showed that the bandmembers' decision to quit school and stick together was wise. Wild Onion was issued by Grand Jury in summer 2014, just a few weeks after Twin Peaks wowed the crowd at the Pitchfork Festival with their set. More festivals, including Lollapalooza, followed amid a relentless touring schedule with multiple trips across the U.S. and forays into Canada, Mexico, the U.K., and Western Europe before their third LP, Down in Heaven, arrived in spring 2016. With Croom joining the lineup on keyboards, the album retained Twin Peaks' rough edges while drawing inspiration from the reflective tone of favorite works from the late '60s (the Rolling Stones, the Kinks, the Beatles). The following year, they delivered the double-live album Urbs in Horto, recorded over three nights at Chicago's Metro and Thalia Hall in 2016. Over the next year, the band toured and released a series of 7"" singles that were then compiled on 2018's Sweet '17 Singles. Also in 2018, Frankel released an eponymous album as Grapetooth with his then-roommate Chris Bailoni (Home-Sick) that combined garage punk and new wave influences.
Twin Peaks regrouped in the studio, this time with producer Ethan Johns (Paul McCartney, Kings of Leon, Ray LaMontagne). Featuring guests such as Ohmme on backing vocals and Kyle Davis (Cage the Elephant, Evangelicals) on auxiliary percussion, Lookout Low saw release in 2019. ~ Tim Sendra & Marcy Donelson",We Will Not Make It (Not Without You) (live),Unknown,https://www.youtube.com/watch?v=2pj8j6ALz6E&list=RD2pj8j6ALz6E&start_radio=1&pp=ygUzVHdpbiBQZWFrcyBXZSBXaWxsIE5vdCBNYWtlIEl0IE5vdCBXaXRob3V0IFlvdSBsaXZloAcB
420 Premium Quality,https://lastfm.freetls.fastly.net/i/u/300x300/ef9cb38357275a4e5db5011e4948e777.jpg,Twiztid,2023-04-20,"Protégés of the Insane Clown Posse, the Detroit-area horrorcore rap duo Twiztid base their act on a similarly theatrical, outrageous, makeup-heavy image and an obsession with serial killers, horror films, marijuana, and comic books. Comprised of Jamie Spaniolo (Jamie Madrox) and Paul Methric (Monoxide), the pair have released 15 studio albums since emerging in 1998, including career highlights like The Green Book (2003), Heartbroken & Homicidal (2010), The Darkness (2015), and Unlikely Prescription (2021).
Jamie Madrox and the Monoxide Child cast themselves as psychotic axe murderers on their 1998 debut album, Mostasteless, which was reissued with new artwork and extra tracks a year later in the wake of ICP's rise to national notoriety. Twiztid's second album, Freek Show, was released on Halloween 2000 in conjunction with ICP's Bizzar/Bizaar sets; Mirror Mirror followed two years later. The Green Book hit the shelves in 2003, with Man's Myth, Vol. 1 landing in 2005. The 2007 album Independent's Day featured numerous guest stars, including DJ Quik and tha Dogg Pound along with D12 members Bizarre and Proof. Two years later, W.I.C.K.E.D. appeared, the initials standing for ""Wish I Could Kill Every Day."" Monoxide produced most of the cuts on their 2010 effort, Heartbroken & Homicidal, and Abominationz landed in 2012 as the group's last album for ICP's Psychopathic label.
A year later, Twiztid issued the EP A New Nightmare on their own label. It was followed in 2015 by their tenth full-length studio album, The Darkness, with a pair of reissued remasters of Mutant, Vol. 2 and Green Book arriving in 2016. The duo's 11th set, The Continuous Evilution of Life's ?'s, arrived to the delight of Juggalos everywhere in January 2017. Peaking within the Billboard Top 30, the album featured guest appearances by familiar faces like Blaze Ya Dead Homie, the D.O.C., and Lex ""The Hex"" Master, as well as rapper G-Mo Skee. Before the end of the year, they returned with Twiztid Presents: Year of the Sword. The pair kept up a steady stream of singles, releasing the Trick or Treat EP in October 2018 before resuming their singles output in 2019 with tracks like ""Something New"" and the Young Wicked collaboration ""Clockin' w's."" Later that year, they released Generation Nightmare, which peaked at number three on the Billboard Top Independent Albums chart. Mad Season and Revelashen appeared in 2020, and in 2021 the prolific duo entered the mainstream rock charts with the single ""Rose Petal,"" which appeared on the full-length Unlikely Prescription later that year. ~ Steve Huey",420 Premium Quality,Unknown,https://www.youtube.com/watch?v=jeOA7_gbuA0&pp=ygUdVHdpenRpZCAtIDQyMCBQcmVtaXVtIFF1YWxpdHk%3D
Corkscrew,https://lastfm.freetls.fastly.net/i/u/300x300/697d3d6418af42e2c03d73e73874e78d.jpg,Twiztid,2021-02-05,"Protégés of the Insane Clown Posse, the Detroit-area horrorcore rap duo Twiztid base their act on a similarly theatrical, outrageous, makeup-heavy image and an obsession with serial killers, horror films, marijuana, and comic books. Comprised of Jamie Spaniolo (Jamie Madrox) and Paul Methric (Monoxide), the pair have released 15 studio albums since emerging in 1998, including career highlights like The Green Book (2003), Heartbroken & Homicidal (2010), The Darkness (2015), and Unlikely Prescription (2021).
Jamie Madrox and the Monoxide Child cast themselves as psychotic axe murderers on their 1998 debut album, Mostasteless, which was reissued with new artwork and extra tracks a year later in the wake of ICP's rise to national notoriety. Twiztid's second album, Freek Show, was released on Halloween 2000 in conjunction with ICP's Bizzar/Bizaar sets; Mirror Mirror followed two years later. The Green Book hit the shelves in 2003, with Man's Myth, Vol. 1 landing in 2005. The 2007 album Independent's Day featured numerous guest stars, including DJ Quik and tha Dogg Pound along with D12 members Bizarre and Proof. Two years later, W.I.C.K.E.D. appeared, the initials standing for ""Wish I Could Kill Every Day."" Monoxide produced most of the cuts on their 2010 effort, Heartbroken & Homicidal, and Abominationz landed in 2012 as the group's last album for ICP's Psychopathic label.
A year later, Twiztid issued the EP A New Nightmare on their own label. It was followed in 2015 by their tenth full-length studio album, The Darkness, with a pair of reissued remasters of Mutant, Vol. 2 and Green Book arriving in 2016. The duo's 11th set, The Continuous Evilution of Life's ?'s, arrived to the delight of Juggalos everywhere in January 2017. Peaking within the Billboard Top 30, the album featured guest appearances by familiar faces like Blaze Ya Dead Homie, the D.O.C., and Lex ""The Hex"" Master, as well as rapper G-Mo Skee. Before the end of the year, they returned with Twiztid Presents: Year of the Sword. The pair kept up a steady stream of singles, releasing the Trick or Treat EP in October 2018 before resuming their singles output in 2019 with tracks like ""Something New"" and the Young Wicked collaboration ""Clockin' w's."" Later that year, they released Generation Nightmare, which peaked at number three on the Billboard Top Independent Albums chart. Mad Season and Revelashen appeared in 2020, and in 2021 the prolific duo entered the mainstream rock charts with the single ""Rose Petal,"" which appeared on the full-length Unlikely Prescription later that year. ~ Steve Huey",Corkscrew,Unknown,https://www.youtube.com/watch?v=e0UQnme2s1E&pp=ygURVHdpenRpZCBDb3Jrc2NyZXc%3D
Generation Nightmare,https://lastfm.freetls.fastly.net/i/u/300x300/98955f8efa0b0f5e537f5ed69c849fde.jpg,Twiztid,2019-04-26,"Protégés of the Insane Clown Posse, the Detroit-area horrorcore rap duo Twiztid base their act on a similarly theatrical, outrageous, makeup-heavy image and an obsession with serial killers, horror films, marijuana, and comic books. Comprised of Jamie Spaniolo (Jamie Madrox) and Paul Methric (Monoxide), the pair have released 15 studio albums since emerging in 1998, including career highlights like The Green Book (2003), Heartbroken & Homicidal (2010), The Darkness (2015), and Unlikely Prescription (2021).
Jamie Madrox and the Monoxide Child cast themselves as psychotic axe murderers on their 1998 debut album, Mostasteless, which was reissued with new artwork and extra tracks a year later in the wake of ICP's rise to national notoriety. Twiztid's second album, Freek Show, was released on Halloween 2000 in conjunction with ICP's Bizzar/Bizaar sets; Mirror Mirror followed two years later. The Green Book hit the shelves in 2003, with Man's Myth, Vol. 1 landing in 2005. The 2007 album Independent's Day featured numerous guest stars, including DJ Quik and tha Dogg Pound along with D12 members Bizarre and Proof. Two years later, W.I.C.K.E.D. appeared, the initials standing for ""Wish I Could Kill Every Day."" Monoxide produced most of the cuts on their 2010 effort, Heartbroken & Homicidal, and Abominationz landed in 2012 as the group's last album for ICP's Psychopathic label.
A year later, Twiztid issued the EP A New Nightmare on their own label. It was followed in 2015 by their tenth full-length studio album, The Darkness, with a pair of reissued remasters of Mutant, Vol. 2 and Green Book arriving in 2016. The duo's 11th set, The Continuous Evilution of Life's ?'s, arrived to the delight of Juggalos everywhere in January 2017. Peaking within the Billboard Top 30, the album featured guest appearances by familiar faces like Blaze Ya Dead Homie, the D.O.C., and Lex ""The Hex"" Master, as well as rapper G-Mo Skee. Before the end of the year, they returned with Twiztid Presents: Year of the Sword. The pair kept up a steady stream of singles, releasing the Trick or Treat EP in October 2018 before resuming their singles output in 2019 with tracks like ""Something New"" and the Young Wicked collaboration ""Clockin' w's."" Later that year, they released Generation Nightmare, which peaked at number three on the Billboard Top Independent Albums chart. Mad Season and Revelashen appeared in 2020, and in 2021 the prolific duo entered the mainstream rock charts with the single ""Rose Petal,"" which appeared on the full-length Unlikely Prescription later that year. ~ Steve Huey",Siamese Amazement,Unknown,https://www.youtube.com/watch?v=VyRCgCRsRuA&pp=ygUbVHdpenRpZCAtIFNpYW1lc2UgQW1hemVtZW50
Generation Nightmare,https://lastfm.freetls.fastly.net/i/u/300x300/98955f8efa0b0f5e537f5ed69c849fde.jpg,Twiztid,2019-04-26,"Protégés of the Insane Clown Posse, the Detroit-area horrorcore rap duo Twiztid base their act on a similarly theatrical, outrageous, makeup-heavy image and an obsession with serial killers, horror films, marijuana, and comic books. Comprised of Jamie Spaniolo (Jamie Madrox) and Paul Methric (Monoxide), the pair have released 15 studio albums since emerging in 1998, including career highlights like The Green Book (2003), Heartbroken & Homicidal (2010), The Darkness (2015), and Unlikely Prescription (2021).
Jamie Madrox and the Monoxide Child cast themselves as psychotic axe murderers on their 1998 debut album, Mostasteless, which was reissued with new artwork and extra tracks a year later in the wake of ICP's rise to national notoriety. Twiztid's second album, Freek Show, was released on Halloween 2000 in conjunction with ICP's Bizzar/Bizaar sets; Mirror Mirror followed two years later. The Green Book hit the shelves in 2003, with Man's Myth, Vol. 1 landing in 2005. The 2007 album Independent's Day featured numerous guest stars, including DJ Quik and tha Dogg Pound along with D12 members Bizarre and Proof. Two years later, W.I.C.K.E.D. appeared, the initials standing for ""Wish I Could Kill Every Day."" Monoxide produced most of the cuts on their 2010 effort, Heartbroken & Homicidal, and Abominationz landed in 2012 as the group's last album for ICP's Psychopathic label.
A year later, Twiztid issued the EP A New Nightmare on their own label. It was followed in 2015 by their tenth full-length studio album, The Darkness, with a pair of reissued remasters of Mutant, Vol. 2 and Green Book arriving in 2016. The duo's 11th set, The Continuous Evilution of Life's ?'s, arrived to the delight of Juggalos everywhere in January 2017. Peaking within the Billboard Top 30, the album featured guest appearances by familiar faces like Blaze Ya Dead Homie, the D.O.C., and Lex ""The Hex"" Master, as well as rapper G-Mo Skee. Before the end of the year, they returned with Twiztid Presents: Year of the Sword. The pair kept up a steady stream of singles, releasing the Trick or Treat EP in October 2018 before resuming their singles output in 2019 with tracks like ""Something New"" and the Young Wicked collaboration ""Clockin' w's."" Later that year, they released Generation Nightmare, which peaked at number three on the Billboard Top Independent Albums chart. Mad Season and Revelashen appeared in 2020, and in 2021 the prolific duo entered the mainstream rock charts with the single ""Rose Petal,"" which appeared on the full-length Unlikely Prescription later that year. ~ Steve Huey",Magic Spellz,Unknown,https://www.youtube.com/watch?v=V0SYTb4QXUw&pp=ygUUVHdpenRpZCBNYWdpYyBTcGVsbHo%3D
Generation Nightmare,https://lastfm.freetls.fastly.net/i/u/300x300/98955f8efa0b0f5e537f5ed69c849fde.jpg,Twiztid,2019-04-26,"Protégés of the Insane Clown Posse, the Detroit-area horrorcore rap duo Twiztid base their act on a similarly theatrical, outrageous, makeup-heavy image and an obsession with serial killers, horror films, marijuana, and comic books. Comprised of Jamie Spaniolo (Jamie Madrox) and Paul Methric (Monoxide), the pair have released 15 studio albums since emerging in 1998, including career highlights like The Green Book (2003), Heartbroken & Homicidal (2010), The Darkness (2015), and Unlikely Prescription (2021).
Jamie Madrox and the Monoxide Child cast themselves as psychotic axe murderers on their 1998 debut album, Mostasteless, which was reissued with new artwork and extra tracks a year later in the wake of ICP's rise to national notoriety. Twiztid's second album, Freek Show, was released on Halloween 2000 in conjunction with ICP's Bizzar/Bizaar sets; Mirror Mirror followed two years later. The Green Book hit the shelves in 2003, with Man's Myth, Vol. 1 landing in 2005. The 2007 album Independent's Day featured numerous guest stars, including DJ Quik and tha Dogg Pound along with D12 members Bizarre and Proof. Two years later, W.I.C.K.E.D. appeared, the initials standing for ""Wish I Could Kill Every Day."" Monoxide produced most of the cuts on their 2010 effort, Heartbroken & Homicidal, and Abominationz landed in 2012 as the group's last album for ICP's Psychopathic label.
A year later, Twiztid issued the EP A New Nightmare on their own label. It was followed in 2015 by their tenth full-length studio album, The Darkness, with a pair of reissued remasters of Mutant, Vol. 2 and Green Book arriving in 2016. The duo's 11th set, The Continuous Evilution of Life's ?'s, arrived to the delight of Juggalos everywhere in January 2017. Peaking within the Billboard Top 30, the album featured guest appearances by familiar faces like Blaze Ya Dead Homie, the D.O.C., and Lex ""The Hex"" Master, as well as rapper G-Mo Skee. Before the end of the year, they returned with Twiztid Presents: Year of the Sword. The pair kept up a steady stream of singles, releasing the Trick or Treat EP in October 2018 before resuming their singles output in 2019 with tracks like ""Something New"" and the Young Wicked collaboration ""Clockin' w's."" Later that year, they released Generation Nightmare, which peaked at number three on the Billboard Top Independent Albums chart. Mad Season and Revelashen appeared in 2020, and in 2021 the prolific duo entered the mainstream rock charts with the single ""Rose Petal,"" which appeared on the full-length Unlikely Prescription later that year. ~ Steve Huey",Wreck,Unknown,https://www.youtube.com/watch?v=mAXCebw4vsg&pp=ygUNVHdpenRpZCBXcmVjaw%3D%3D
Mostasteless,https://lastfm.freetls.fastly.net/i/u/300x300/6c9b9007e15500c700c99ff2bf31bb51.jpg,Twiztid,1997-11-25,"Protégés of the Insane Clown Posse, the Detroit-area horrorcore rap duo Twiztid base their act on a similarly theatrical, outrageous, makeup-heavy image and an obsession with serial killers, horror films, marijuana, and comic books. Comprised of Jamie Spaniolo (Jamie Madrox) and Paul Methric (Monoxide), the pair have released 15 studio albums since emerging in 1998, including career highlights like The Green Book (2003), Heartbroken & Homicidal (2010), The Darkness (2015), and Unlikely Prescription (2021).
Jamie Madrox and the Monoxide Child cast themselves as psychotic axe murderers on their 1998 debut album, Mostasteless, which was reissued with new artwork and extra tracks a year later in the wake of ICP's rise to national notoriety. Twiztid's second album, Freek Show, was released on Halloween 2000 in conjunction with ICP's Bizzar/Bizaar sets; Mirror Mirror followed two years later. The Green Book hit the shelves in 2003, with Man's Myth, Vol. 1 landing in 2005. The 2007 album Independent's Day featured numerous guest stars, including DJ Quik and tha Dogg Pound along with D12 members Bizarre and Proof. Two years later, W.I.C.K.E.D. appeared, the initials standing for ""Wish I Could Kill Every Day."" Monoxide produced most of the cuts on their 2010 effort, Heartbroken & Homicidal, and Abominationz landed in 2012 as the group's last album for ICP's Psychopathic label.
A year later, Twiztid issued the EP A New Nightmare on their own label. It was followed in 2015 by their tenth full-length studio album, The Darkness, with a pair of reissued remasters of Mutant, Vol. 2 and Green Book arriving in 2016. The duo's 11th set, The Continuous Evilution of Life's ?'s, arrived to the delight of Juggalos everywhere in January 2017. Peaking within the Billboard Top 30, the album featured guest appearances by familiar faces like Blaze Ya Dead Homie, the D.O.C., and Lex ""The Hex"" Master, as well as rapper G-Mo Skee. Before the end of the year, they returned with Twiztid Presents: Year of the Sword. The pair kept up a steady stream of singles, releasing the Trick or Treat EP in October 2018 before resuming their singles output in 2019 with tracks like ""Something New"" and the Young Wicked collaboration ""Clockin' w's."" Later that year, they released Generation Nightmare, which peaked at number three on the Billboard Top Independent Albums chart. Mad Season and Revelashen appeared in 2020, and in 2021 the prolific duo entered the mainstream rock charts with the single ""Rose Petal,"" which appeared on the full-length Unlikely Prescription later that year. ~ Steve Huey",2nd Hand Smoke (Remix),Unknown,https://www.youtube.com/watch?v=za_A9vgNPwE&pp=ygUcVHdpenRpZCAybmQgSGFuZCBTbW9rZSBSZW1peA%3D%3D
Mostasteless,https://lastfm.freetls.fastly.net/i/u/300x300/6c9b9007e15500c700c99ff2bf31bb51.jpg,Twiztid,1997-11-25,"Protégés of the Insane Clown Posse, the Detroit-area horrorcore rap duo Twiztid base their act on a similarly theatrical, outrageous, makeup-heavy image and an obsession with serial killers, horror films, marijuana, and comic books. Comprised of Jamie Spaniolo (Jamie Madrox) and Paul Methric (Monoxide), the pair have released 15 studio albums since emerging in 1998, including career highlights like The Green Book (2003), Heartbroken & Homicidal (2010), The Darkness (2015), and Unlikely Prescription (2021).
Jamie Madrox and the Monoxide Child cast themselves as psychotic axe murderers on their 1998 debut album, Mostasteless, which was reissued with new artwork and extra tracks a year later in the wake of ICP's rise to national notoriety. Twiztid's second album, Freek Show, was released on Halloween 2000 in conjunction with ICP's Bizzar/Bizaar sets; Mirror Mirror followed two years later. The Green Book hit the shelves in 2003, with Man's Myth, Vol. 1 landing in 2005. The 2007 album Independent's Day featured numerous guest stars, including DJ Quik and tha Dogg Pound along with D12 members Bizarre and Proof. Two years later, W.I.C.K.E.D. appeared, the initials standing for ""Wish I Could Kill Every Day."" Monoxide produced most of the cuts on their 2010 effort, Heartbroken & Homicidal, and Abominationz landed in 2012 as the group's last album for ICP's Psychopathic label.
A year later, Twiztid issued the EP A New Nightmare on their own label. It was followed in 2015 by their tenth full-length studio album, The Darkness, with a pair of reissued remasters of Mutant, Vol. 2 and Green Book arriving in 2016. The duo's 11th set, The Continuous Evilution of Life's ?'s, arrived to the delight of Juggalos everywhere in January 2017. Peaking within the Billboard Top 30, the album featured guest appearances by familiar faces like Blaze Ya Dead Homie, the D.O.C., and Lex ""The Hex"" Master, as well as rapper G-Mo Skee. Before the end of the year, they returned with Twiztid Presents: Year of the Sword. The pair kept up a steady stream of singles, releasing the Trick or Treat EP in October 2018 before resuming their singles output in 2019 with tracks like ""Something New"" and the Young Wicked collaboration ""Clockin' w's."" Later that year, they released Generation Nightmare, which peaked at number three on the Billboard Top Independent Albums chart. Mad Season and Revelashen appeared in 2020, and in 2021 the prolific duo entered the mainstream rock charts with the single ""Rose Petal,"" which appeared on the full-length Unlikely Prescription later that year. ~ Steve Huey",Bury Me Alive,Unknown,https://www.youtube.com/watch?v=2EQYeBmY3aY&pp=ygUXVHdpenRpZCAtIEJ1cnkgTWUgQWxpdmU%3D
Rose Petal,https://lastfm.freetls.fastly.net/i/u/300x300/b9b29db468993a8e1e9bfb91c9d09487.jpg,Twiztid,2020-09-25,"Protégés of the Insane Clown Posse, the Detroit-area horrorcore rap duo Twiztid base their act on a similarly theatrical, outrageous, makeup-heavy image and an obsession with serial killers, horror films, marijuana, and comic books. Comprised of Jamie Spaniolo (Jamie Madrox) and Paul Methric (Monoxide), the pair have released 15 studio albums since emerging in 1998, including career highlights like The Green Book (2003), Heartbroken & Homicidal (2010), The Darkness (2015), and Unlikely Prescription (2021).
Jamie Madrox and the Monoxide Child cast themselves as psychotic axe murderers on their 1998 debut album, Mostasteless, which was reissued with new artwork and extra tracks a year later in the wake of ICP's rise to national notoriety. Twiztid's second album, Freek Show, was released on Halloween 2000 in conjunction with ICP's Bizzar/Bizaar sets; Mirror Mirror followed two years later. The Green Book hit the shelves in 2003, with Man's Myth, Vol. 1 landing in 2005. The 2007 album Independent's Day featured numerous guest stars, including DJ Quik and tha Dogg Pound along with D12 members Bizarre and Proof. Two years later, W.I.C.K.E.D. appeared, the initials standing for ""Wish I Could Kill Every Day."" Monoxide produced most of the cuts on their 2010 effort, Heartbroken & Homicidal, and Abominationz landed in 2012 as the group's last album for ICP's Psychopathic label.
A year later, Twiztid issued the EP A New Nightmare on their own label. It was followed in 2015 by their tenth full-length studio album, The Darkness, with a pair of reissued remasters of Mutant, Vol. 2 and Green Book arriving in 2016. The duo's 11th set, The Continuous Evilution of Life's ?'s, arrived to the delight of Juggalos everywhere in January 2017. Peaking within the Billboard Top 30, the album featured guest appearances by familiar faces like Blaze Ya Dead Homie, the D.O.C., and Lex ""The Hex"" Master, as well as rapper G-Mo Skee. Before the end of the year, they returned with Twiztid Presents: Year of the Sword. The pair kept up a steady stream of singles, releasing the Trick or Treat EP in October 2018 before resuming their singles output in 2019 with tracks like ""Something New"" and the Young Wicked collaboration ""Clockin' w's."" Later that year, they released Generation Nightmare, which peaked at number three on the Billboard Top Independent Albums chart. Mad Season and Revelashen appeared in 2020, and in 2021 the prolific duo entered the mainstream rock charts with the single ""Rose Petal,"" which appeared on the full-length Unlikely Prescription later that year. ~ Steve Huey",Rose Petal,Unknown,https://www.youtube.com/watch?v=2Ns6n4nQ82Y&pp=ygUSVHdpenRpZCBSb3NlIFBldGFs
"Songs of Samhain, Vol. IV - The Liminal Space",https://lastfm.freetls.fastly.net/i/u/300x300/c61c58794376b97bdf917f055a063e26.jpg,Twiztid,2023-10-27,"Protégés of the Insane Clown Posse, the Detroit-area horrorcore rap duo Twiztid base their act on a similarly theatrical, outrageous, makeup-heavy image and an obsession with serial killers, horror films, marijuana, and comic books. Comprised of Jamie Spaniolo (Jamie Madrox) and Paul Methric (Monoxide), the pair have released 15 studio albums since emerging in 1998, including career highlights like The Green Book (2003), Heartbroken & Homicidal (2010), The Darkness (2015), and Unlikely Prescription (2021).
Jamie Madrox and the Monoxide Child cast themselves as psychotic axe murderers on their 1998 debut album, Mostasteless, which was reissued with new artwork and extra tracks a year later in the wake of ICP's rise to national notoriety. Twiztid's second album, Freek Show, was released on Halloween 2000 in conjunction with ICP's Bizzar/Bizaar sets; Mirror Mirror followed two years later. The Green Book hit the shelves in 2003, with Man's Myth, Vol. 1 landing in 2005. The 2007 album Independent's Day featured numerous guest stars, including DJ Quik and tha Dogg Pound along with D12 members Bizarre and Proof. Two years later, W.I.C.K.E.D. appeared, the initials standing for ""Wish I Could Kill Every Day."" Monoxide produced most of the cuts on their 2010 effort, Heartbroken & Homicidal, and Abominationz landed in 2012 as the group's last album for ICP's Psychopathic label.
A year later, Twiztid issued the EP A New Nightmare on their own label. It was followed in 2015 by their tenth full-length studio album, The Darkness, with a pair of reissued remasters of Mutant, Vol. 2 and Green Book arriving in 2016. The duo's 11th set, The Continuous Evilution of Life's ?'s, arrived to the delight of Juggalos everywhere in January 2017. Peaking within the Billboard Top 30, the album featured guest appearances by familiar faces like Blaze Ya Dead Homie, the D.O.C., and Lex ""The Hex"" Master, as well as rapper G-Mo Skee. Before the end of the year, they returned with Twiztid Presents: Year of the Sword. The pair kept up a steady stream of singles, releasing the Trick or Treat EP in October 2018 before resuming their singles output in 2019 with tracks like ""Something New"" and the Young Wicked collaboration ""Clockin' w's."" Later that year, they released Generation Nightmare, which peaked at number three on the Billboard Top Independent Albums chart. Mad Season and Revelashen appeared in 2020, and in 2021 the prolific duo entered the mainstream rock charts with the single ""Rose Petal,"" which appeared on the full-length Unlikely Prescription later that year. ~ Steve Huey",I Am the Night,Unknown,https://www.youtube.com/watch?v=sMoThWQ87nk&pp=ygUWVHdpenRpZCBJIEFtIHRoZSBOaWdodA%3D%3D
"Songs of Samhain, Vol. IV - The Liminal Space",https://lastfm.freetls.fastly.net/i/u/300x300/c61c58794376b97bdf917f055a063e26.jpg,Twiztid,2023-10-27,"Protégés of the Insane Clown Posse, the Detroit-area horrorcore rap duo Twiztid base their act on a similarly theatrical, outrageous, makeup-heavy image and an obsession with serial killers, horror films, marijuana, and comic books. Comprised of Jamie Spaniolo (Jamie Madrox) and Paul Methric (Monoxide), the pair have released 15 studio albums since emerging in 1998, including career highlights like The Green Book (2003), Heartbroken & Homicidal (2010), The Darkness (2015), and Unlikely Prescription (2021).
Jamie Madrox and the Monoxide Child cast themselves as psychotic axe murderers on their 1998 debut album, Mostasteless, which was reissued with new artwork and extra tracks a year later in the wake of ICP's rise to national notoriety. Twiztid's second album, Freek Show, was released on Halloween 2000 in conjunction with ICP's Bizzar/Bizaar sets; Mirror Mirror followed two years later. The Green Book hit the shelves in 2003, with Man's Myth, Vol. 1 landing in 2005. The 2007 album Independent's Day featured numerous guest stars, including DJ Quik and tha Dogg Pound along with D12 members Bizarre and Proof. Two years later, W.I.C.K.E.D. appeared, the initials standing for ""Wish I Could Kill Every Day."" Monoxide produced most of the cuts on their 2010 effort, Heartbroken & Homicidal, and Abominationz landed in 2012 as the group's last album for ICP's Psychopathic label.
A year later, Twiztid issued the EP A New Nightmare on their own label. It was followed in 2015 by their tenth full-length studio album, The Darkness, with a pair of reissued remasters of Mutant, Vol. 2 and Green Book arriving in 2016. The duo's 11th set, The Continuous Evilution of Life's ?'s, arrived to the delight of Juggalos everywhere in January 2017. Peaking within the Billboard Top 30, the album featured guest appearances by familiar faces like Blaze Ya Dead Homie, the D.O.C., and Lex ""The Hex"" Master, as well as rapper G-Mo Skee. Before the end of the year, they returned with Twiztid Presents: Year of the Sword. The pair kept up a steady stream of singles, releasing the Trick or Treat EP in October 2018 before resuming their singles output in 2019 with tracks like ""Something New"" and the Young Wicked collaboration ""Clockin' w's."" Later that year, they released Generation Nightmare, which peaked at number three on the Billboard Top Independent Albums chart. Mad Season and Revelashen appeared in 2020, and in 2021 the prolific duo entered the mainstream rock charts with the single ""Rose Petal,"" which appeared on the full-length Unlikely Prescription later that year. ~ Steve Huey",If I Return,Unknown,https://www.youtube.com/watch?v=B_LdQ8vSz9g&pp=ygUVVHdpenRpZCAtIElmIEkgUmV0dXJu
Over the Top,https://lastfm.freetls.fastly.net/i/u/300x300/51a89c5a747e1ff2103c191187f2281d.jpg,TWRP,2020-09-25,"Although they're based in Toronto, Canada, '80s-inspired synth rock/electro-funk outfit TWRP (""Tupper Ware Remix Party"") transcend time and space. Known for their wild live shows and unpretentious party music, the group rose to prominence in the early 2010s both with their own colorful releases and through frequent collaborations with like-minded New York duo Ninja Sex Party. Throughout their career, TWRP's members have withheld their true names and always appear in costume. As of 2019, the band has released three proper albums and a variety of singles, EPs, compilations, and collaborations.
TWRP was created by frontman, vocalist, and keytar wielder Doctor Sung, who was born around the time of the Big Bang. The 69th-degree black belt recruited the group's second member, robot drummer Havve Hogan, sometime during the Mesozoic Era. The pair would not fully flesh out the band until much later, when the lion-headed, intergalactic, funk-smuggling humanoid Commander Meouch joined as TWRP's bassist and the fourth and final member, rocketeering Lord Phobos, filled the guitarist slot. Together, the four spandex-clad time-and-space travelers made their debut in 2011 with the ""Lazerhorse"" single, a combination of melodic chiptune and '80s hair metal. The following year, TWRP unveiled their first funky EP, The Device, which saw the quartet develop their sound in the direction of a Discovery-era Daft Punk cover band. A pair of EPs arrived in 2015. 2nite featured appearances by Skratch Bastid and Ninja Sex Party, an American duo who would become frequent collaborators with TWRP. Another NSP track was included on 2015's other EP, Believe in Your Dreams, which also featured White Hot Guilt. TWRP's first extended collaboration with NSP was released in 2016. The Under the Covers EP included their interpretations of '80s classics from a-ha, Tears for Fears, Van Halen, Michael Jackson, and others, with TWRP serving as the duo's backing band. TWRP released their fourth EP that year as well. Guardians of the Zone included ""Rock n Roll Best Friends"" and an updated version of The Device's ""The No Pants Dance"" that added NSP to the mix. In early 2017, their fifth effort arrived. Ladyworld debuted at number five on the Billboard Heatseekers chart. 2019 brought both a new TWRP album, Return to Wherever, along with a backing band appearance on The TryForce by NSP side project Starbomb. ~ Neil Z. Yeung",Need Each Other,Unknown,https://www.youtube.com/watch?v=ovym0Plu_UE&pp=ygUUVFdSUCBOZWVkIEVhY2ggT3RoZXI%3D
"""Hello, Hi""",https://lastfm.freetls.fastly.net/i/u/300x300/35c16a1d35f1b6f39f782a37b836fe76.jpg,Ty Segall,2022-07-22,"Working as a solo act and in a number of bands and side projects, Ty Segall has released dozens of albums that have helped to define and establish the parameters of garage punk for his generation. Not content to stick to one specific style or sound, he's also ventured into hard rock, folk-rock, and heavy metal, used instruments ranging from synthesizers to xylophones, and made solo records played on acoustic guitars. Depending on the album, Segall can sound raw (2016's Emotional Mugger) or refined (2013's Sleeper), and he's capable of focused one-man-band efforts (2009's Lemons) as well as sprawling and eclectic releases with a range of collaborators (2018's Freedom's Goblin). He proves just as compelling when stripping back the noise and adding synths, as on 2021's Harmonizer, composing film music in classic style (2022's Whirlybird), or recording at home on his own (2022's subdued Hello, Hi and 2024's all-percussion Love Rudiments). No matter the sonic setting, Segall's strong melodic frameworks, creative restlessness, and the infectious intensity of his songs and performances are the constants in his ever-evolving discography.
Ty Segall first garnered public acclaim as the lead singer of Orange County, California garage rock revivalists the Epsilons. With that band, he practiced a rawer, snottier take on Strokes/Vines/White Stripes-style rock, occasionally delving into more retro territory. When that band splintered, he struck out on his own and started cranking out lo-fi albums, beginning with a self-titled effort on Castle Face in 2008. On his solo album Lemons, however, Segall delivered a much more traditional sound, studiously re-creating '60s guitar tones and drenching his tracks in old-school reverb. The stomping results bore a striking resemblance to early garage masters such as the Sonics and the Standells, as well as proto-punks the Stooges and bedroom folk antecedent Alexander ""Skip"" Spence. He returned in 2010 with Melted.
The year 2011 was busy for him, with two albums -- Live in Aisle Five and Goodbye Bread -- scheduled for release, as well as an EP of T. Rex covers, Ty-Rex. Goodbye Bread marked a turn toward Segall's softer side, evoking a John Lennon-like take on quieter and more introspective singer/songwriter fare. In 2012, Segall collaborated with Strange Boys' offshoot White Fence on Hair. This mini-album married Segall's Beatles-soaked pop hooks and production with White Fence's Syd Barrett-influenced, acid-damaged garage sounds. Two more Segall albums followed that year, including June's Slaughterhouse with the Ty Segall Band on In the Red, and Twins, the completely solo follow-up to Goodbye Bread released on Drag City in October.
Segall's profile grew, and 2013 began with several reissues of previous projects, including a 2009 collaboration with Mikal Cronin entitled Reverse Shark Tank, as well as his earlier garage trio the Traditional Fools' out of print 2008 debut. In 2013, Segall also released the debut album from his side project Fuzz, in which he played drums rather than guitar. Also in 2013, he showed off a new approach, recording a departure from the usual and titling it Sleeper -- all of the songs were acoustic ballads. Not one to rest on his laurels, Segall returned to the studio to record the 17-track follow-up Manipulator in 2014, released by Drag City in August. A live concert by the Ty Segall Band at the San Francisco club the Rickshaw Stop was released in February 2015 as part of the Live in San Francisco album series from Castle Face. Another live recording of Segall and his band, preserving his set at the 2013 Pickathon Festival, was released in May 2015 as a split album with the garage/psych act King Tuff, who were also taped at the same event. The year 2015 also saw the arrival of the second Fuzz album, and an expanded reissue of the Ty-Rex EP.
Segall kept up his usual frantic pace the next year, releasing the Emotional Mugger album in January, then touring behind it extensively. He also formed the band Gøggs, with Fuzz's Charles Moothart and Chris Shaw of Ex-Cult. They released a self-titled album in July. The next Ty Segall album was a self-titled effort in early 2017 on Drag City, recorded at Steve Albini's studio and featuring a full band that included longtime collaborator Mikal Cronin and the Cairo Gang's Emmett Kelly on guitar and vocals. Well-received, the album reached number ten on Billboard's Top Independent Albums chart. In early 2018, the prolific Segall brought out Freedom's Goblin, a 19-song album that reunited him with Albini, Cronin, and Kelly, while expanding his sound with the use of a horn section, then released Joy a few months later -- a collaboration with old running mate White Fence on a batch of off-kilter psych rock songs. In October 2018, Segall released Fudge Sandwich, in which he put his own unique spin on 11 cover tunes, interpreting artists ranging from Funkadelic to the Grateful Dead. The same month, he also brought out a low-key cassette-only release, Orange Rainbow, created in a run of just 55 copies for sale at a show of his visual art at a Los Angeles gallery. In January 2018, two live shows in Los Angeles on the tour supporting Freedom's Goblin were recorded by Steve Albini. Highlights from the concerts were released in March 2019 on the album Deforming Lobes, credited to Ty Segall & Freedom Band.
After indulging his rock side on most of his 2018 releases, Segall took a detour with First Taste, released in August 2019, which was more clearly informed by vintage pop and folk-rock sounds. While stuck at home in 2020, he took the opportunity to record an EP of Harry Nilsson songs, which was released in March under the title Segall Smeagol. He also spent time recording with his usual band of cohorts (Cronin, Kelly, Moothart, and keyboardist Ben Boye), working separately for the most part. Denée Segall of Lamps also joined the session, writing and singing on two songs. The resulting Harmonizer was co-produced by Cooper Crain of Bitchin Bajas and is the first album done at Segall's recently constructed Harmonizer Studios. The record, the cleanest, most synth-heavy entry in his catalog, was released by Drag City in August 2021.
His first soundtrack album, Whirlybird, appeared in early 2022; the film, a documentary about reporters who chased stories in helicopters in the 1980s and '90s, inspired Segall to explore a less rock-oriented sound, with keyboards, percussion, and sometimes strings dominating the music. Following the experimentation of Whirlybird, 2022's Hello, Hi was a shift back to a simpler approach, with Segall handling all instruments and vocals himself, primarily using acoustic guitars and layered harmonies. While he seemed busy enough with his own projects, he made time to work with friends and fellow musicians he admired. He contributed instrumental performances to albums by Shannon Lay (2021's Geist) and Bonnie ""Prince"" Billy & Bill Callahan (2022's Blind Date Party); produced recordings for Grave Flowers Bongo Band (2021's Strength of Spring) and SASAMI (2022's Squeeze); and collaborated with Cory Hanson on the 2021 single ""She's a Beam"" b/w ""Milk Bird Flyer."" Given Segall's prolific nature, it surprised some that he didn't release an album in 2023, though an intimate live performance with Emmett Kelly from July 2022 resulted in an EP, Live at Worship, while Segall produced and engineered an album for Flat Worms, 2023's Witness Marks. Segall was back in action with the January 2024 release of Three Bells, a set of psychedelic-leaning folk-rock-influenced songs reinforced with electric guitar freakouts. It was recorded at Segall's Harmonizer Studio, where he handled most of the instrumentation himself. Also recorded there and released in August of 2024 was Love Rudiments, an all percussion album. On it, Segall traces a relationship from beginning to end using a drum kit, synth drums, tympani, woodblocks, tambourine, xylophone, and many more types of percussion. ~ Pemberton Roach & Mark Deming",Saturday Pt. 2,Unknown,https://www.youtube.com/watch?v=uUTjrtOPd6E&pp=ygUXVHkgU2VnYWxsIFNhdHVyZGF5IFB0IDI%3D
Manipulator,https://lastfm.freetls.fastly.net/i/u/300x300/e695ffbe59664fcccf8380e87b913b29.jpg,Ty Segall,2014-08-26,"Working as a solo act and in a number of bands and side projects, Ty Segall has released dozens of albums that have helped to define and establish the parameters of garage punk for his generation. Not content to stick to one specific style or sound, he's also ventured into hard rock, folk-rock, and heavy metal, used instruments ranging from synthesizers to xylophones, and made solo records played on acoustic guitars. Depending on the album, Segall can sound raw (2016's Emotional Mugger) or refined (2013's Sleeper), and he's capable of focused one-man-band efforts (2009's Lemons) as well as sprawling and eclectic releases with a range of collaborators (2018's Freedom's Goblin). He proves just as compelling when stripping back the noise and adding synths, as on 2021's Harmonizer, composing film music in classic style (2022's Whirlybird), or recording at home on his own (2022's subdued Hello, Hi and 2024's all-percussion Love Rudiments). No matter the sonic setting, Segall's strong melodic frameworks, creative restlessness, and the infectious intensity of his songs and performances are the constants in his ever-evolving discography.
Ty Segall first garnered public acclaim as the lead singer of Orange County, California garage rock revivalists the Epsilons. With that band, he practiced a rawer, snottier take on Strokes/Vines/White Stripes-style rock, occasionally delving into more retro territory. When that band splintered, he struck out on his own and started cranking out lo-fi albums, beginning with a self-titled effort on Castle Face in 2008. On his solo album Lemons, however, Segall delivered a much more traditional sound, studiously re-creating '60s guitar tones and drenching his tracks in old-school reverb. The stomping results bore a striking resemblance to early garage masters such as the Sonics and the Standells, as well as proto-punks the Stooges and bedroom folk antecedent Alexander ""Skip"" Spence. He returned in 2010 with Melted.
The year 2011 was busy for him, with two albums -- Live in Aisle Five and Goodbye Bread -- scheduled for release, as well as an EP of T. Rex covers, Ty-Rex. Goodbye Bread marked a turn toward Segall's softer side, evoking a John Lennon-like take on quieter and more introspective singer/songwriter fare. In 2012, Segall collaborated with Strange Boys' offshoot White Fence on Hair. This mini-album married Segall's Beatles-soaked pop hooks and production with White Fence's Syd Barrett-influenced, acid-damaged garage sounds. Two more Segall albums followed that year, including June's Slaughterhouse with the Ty Segall Band on In the Red, and Twins, the completely solo follow-up to Goodbye Bread released on Drag City in October.
Segall's profile grew, and 2013 began with several reissues of previous projects, including a 2009 collaboration with Mikal Cronin entitled Reverse Shark Tank, as well as his earlier garage trio the Traditional Fools' out of print 2008 debut. In 2013, Segall also released the debut album from his side project Fuzz, in which he played drums rather than guitar. Also in 2013, he showed off a new approach, recording a departure from the usual and titling it Sleeper -- all of the songs were acoustic ballads. Not one to rest on his laurels, Segall returned to the studio to record the 17-track follow-up Manipulator in 2014, released by Drag City in August. A live concert by the Ty Segall Band at the San Francisco club the Rickshaw Stop was released in February 2015 as part of the Live in San Francisco album series from Castle Face. Another live recording of Segall and his band, preserving his set at the 2013 Pickathon Festival, was released in May 2015 as a split album with the garage/psych act King Tuff, who were also taped at the same event. The year 2015 also saw the arrival of the second Fuzz album, and an expanded reissue of the Ty-Rex EP.
Segall kept up his usual frantic pace the next year, releasing the Emotional Mugger album in January, then touring behind it extensively. He also formed the band Gøggs, with Fuzz's Charles Moothart and Chris Shaw of Ex-Cult. They released a self-titled album in July. The next Ty Segall album was a self-titled effort in early 2017 on Drag City, recorded at Steve Albini's studio and featuring a full band that included longtime collaborator Mikal Cronin and the Cairo Gang's Emmett Kelly on guitar and vocals. Well-received, the album reached number ten on Billboard's Top Independent Albums chart. In early 2018, the prolific Segall brought out Freedom's Goblin, a 19-song album that reunited him with Albini, Cronin, and Kelly, while expanding his sound with the use of a horn section, then released Joy a few months later -- a collaboration with old running mate White Fence on a batch of off-kilter psych rock songs. In October 2018, Segall released Fudge Sandwich, in which he put his own unique spin on 11 cover tunes, interpreting artists ranging from Funkadelic to the Grateful Dead. The same month, he also brought out a low-key cassette-only release, Orange Rainbow, created in a run of just 55 copies for sale at a show of his visual art at a Los Angeles gallery. In January 2018, two live shows in Los Angeles on the tour supporting Freedom's Goblin were recorded by Steve Albini. Highlights from the concerts were released in March 2019 on the album Deforming Lobes, credited to Ty Segall & Freedom Band.
After indulging his rock side on most of his 2018 releases, Segall took a detour with First Taste, released in August 2019, which was more clearly informed by vintage pop and folk-rock sounds. While stuck at home in 2020, he took the opportunity to record an EP of Harry Nilsson songs, which was released in March under the title Segall Smeagol. He also spent time recording with his usual band of cohorts (Cronin, Kelly, Moothart, and keyboardist Ben Boye), working separately for the most part. Denée Segall of Lamps also joined the session, writing and singing on two songs. The resulting Harmonizer was co-produced by Cooper Crain of Bitchin Bajas and is the first album done at Segall's recently constructed Harmonizer Studios. The record, the cleanest, most synth-heavy entry in his catalog, was released by Drag City in August 2021.
His first soundtrack album, Whirlybird, appeared in early 2022; the film, a documentary about reporters who chased stories in helicopters in the 1980s and '90s, inspired Segall to explore a less rock-oriented sound, with keyboards, percussion, and sometimes strings dominating the music. Following the experimentation of Whirlybird, 2022's Hello, Hi was a shift back to a simpler approach, with Segall handling all instruments and vocals himself, primarily using acoustic guitars and layered harmonies. While he seemed busy enough with his own projects, he made time to work with friends and fellow musicians he admired. He contributed instrumental performances to albums by Shannon Lay (2021's Geist) and Bonnie ""Prince"" Billy & Bill Callahan (2022's Blind Date Party); produced recordings for Grave Flowers Bongo Band (2021's Strength of Spring) and SASAMI (2022's Squeeze); and collaborated with Cory Hanson on the 2021 single ""She's a Beam"" b/w ""Milk Bird Flyer."" Given Segall's prolific nature, it surprised some that he didn't release an album in 2023, though an intimate live performance with Emmett Kelly from July 2022 resulted in an EP, Live at Worship, while Segall produced and engineered an album for Flat Worms, 2023's Witness Marks. Segall was back in action with the January 2024 release of Three Bells, a set of psychedelic-leaning folk-rock-influenced songs reinforced with electric guitar freakouts. It was recorded at Segall's Harmonizer Studio, where he handled most of the instrumentation himself. Also recorded there and released in August of 2024 was Love Rudiments, an all percussion album. On it, Segall traces a relationship from beginning to end using a drum kit, synth drums, tympani, woodblocks, tambourine, xylophone, and many more types of percussion. ~ Pemberton Roach & Mark Deming",Feel,Unknown,https://www.youtube.com/watch?v=yI24-fxsigo&pp=ygUOVHkgU2VnYWxsIEZlZWw%3D
Possession,https://lastfm.freetls.fastly.net/i/u/300x300/c3b960e660ac65c017a42d0693053636.jpg,Ty Segall,1996-02-20,"Working as a solo act and in a number of bands and side projects, Ty Segall has released dozens of albums that have helped to define and establish the parameters of garage punk for his generation. Not content to stick to one specific style or sound, he's also ventured into hard rock, folk-rock, and heavy metal, used instruments ranging from synthesizers to xylophones, and made solo records played on acoustic guitars. Depending on the album, Segall can sound raw (2016's Emotional Mugger) or refined (2013's Sleeper), and he's capable of focused one-man-band efforts (2009's Lemons) as well as sprawling and eclectic releases with a range of collaborators (2018's Freedom's Goblin). He proves just as compelling when stripping back the noise and adding synths, as on 2021's Harmonizer, composing film music in classic style (2022's Whirlybird), or recording at home on his own (2022's subdued Hello, Hi and 2024's all-percussion Love Rudiments). No matter the sonic setting, Segall's strong melodic frameworks, creative restlessness, and the infectious intensity of his songs and performances are the constants in his ever-evolving discography.
Ty Segall first garnered public acclaim as the lead singer of Orange County, California garage rock revivalists the Epsilons. With that band, he practiced a rawer, snottier take on Strokes/Vines/White Stripes-style rock, occasionally delving into more retro territory. When that band splintered, he struck out on his own and started cranking out lo-fi albums, beginning with a self-titled effort on Castle Face in 2008. On his solo album Lemons, however, Segall delivered a much more traditional sound, studiously re-creating '60s guitar tones and drenching his tracks in old-school reverb. The stomping results bore a striking resemblance to early garage masters such as the Sonics and the Standells, as well as proto-punks the Stooges and bedroom folk antecedent Alexander ""Skip"" Spence. He returned in 2010 with Melted.
The year 2011 was busy for him, with two albums -- Live in Aisle Five and Goodbye Bread -- scheduled for release, as well as an EP of T. Rex covers, Ty-Rex. Goodbye Bread marked a turn toward Segall's softer side, evoking a John Lennon-like take on quieter and more introspective singer/songwriter fare. In 2012, Segall collaborated with Strange Boys' offshoot White Fence on Hair. This mini-album married Segall's Beatles-soaked pop hooks and production with White Fence's Syd Barrett-influenced, acid-damaged garage sounds. Two more Segall albums followed that year, including June's Slaughterhouse with the Ty Segall Band on In the Red, and Twins, the completely solo follow-up to Goodbye Bread released on Drag City in October.
Segall's profile grew, and 2013 began with several reissues of previous projects, including a 2009 collaboration with Mikal Cronin entitled Reverse Shark Tank, as well as his earlier garage trio the Traditional Fools' out of print 2008 debut. In 2013, Segall also released the debut album from his side project Fuzz, in which he played drums rather than guitar. Also in 2013, he showed off a new approach, recording a departure from the usual and titling it Sleeper -- all of the songs were acoustic ballads. Not one to rest on his laurels, Segall returned to the studio to record the 17-track follow-up Manipulator in 2014, released by Drag City in August. A live concert by the Ty Segall Band at the San Francisco club the Rickshaw Stop was released in February 2015 as part of the Live in San Francisco album series from Castle Face. Another live recording of Segall and his band, preserving his set at the 2013 Pickathon Festival, was released in May 2015 as a split album with the garage/psych act King Tuff, who were also taped at the same event. The year 2015 also saw the arrival of the second Fuzz album, and an expanded reissue of the Ty-Rex EP.
Segall kept up his usual frantic pace the next year, releasing the Emotional Mugger album in January, then touring behind it extensively. He also formed the band Gøggs, with Fuzz's Charles Moothart and Chris Shaw of Ex-Cult. They released a self-titled album in July. The next Ty Segall album was a self-titled effort in early 2017 on Drag City, recorded at Steve Albini's studio and featuring a full band that included longtime collaborator Mikal Cronin and the Cairo Gang's Emmett Kelly on guitar and vocals. Well-received, the album reached number ten on Billboard's Top Independent Albums chart. In early 2018, the prolific Segall brought out Freedom's Goblin, a 19-song album that reunited him with Albini, Cronin, and Kelly, while expanding his sound with the use of a horn section, then released Joy a few months later -- a collaboration with old running mate White Fence on a batch of off-kilter psych rock songs. In October 2018, Segall released Fudge Sandwich, in which he put his own unique spin on 11 cover tunes, interpreting artists ranging from Funkadelic to the Grateful Dead. The same month, he also brought out a low-key cassette-only release, Orange Rainbow, created in a run of just 55 copies for sale at a show of his visual art at a Los Angeles gallery. In January 2018, two live shows in Los Angeles on the tour supporting Freedom's Goblin were recorded by Steve Albini. Highlights from the concerts were released in March 2019 on the album Deforming Lobes, credited to Ty Segall & Freedom Band.
After indulging his rock side on most of his 2018 releases, Segall took a detour with First Taste, released in August 2019, which was more clearly informed by vintage pop and folk-rock sounds. While stuck at home in 2020, he took the opportunity to record an EP of Harry Nilsson songs, which was released in March under the title Segall Smeagol. He also spent time recording with his usual band of cohorts (Cronin, Kelly, Moothart, and keyboardist Ben Boye), working separately for the most part. Denée Segall of Lamps also joined the session, writing and singing on two songs. The resulting Harmonizer was co-produced by Cooper Crain of Bitchin Bajas and is the first album done at Segall's recently constructed Harmonizer Studios. The record, the cleanest, most synth-heavy entry in his catalog, was released by Drag City in August 2021.
His first soundtrack album, Whirlybird, appeared in early 2022; the film, a documentary about reporters who chased stories in helicopters in the 1980s and '90s, inspired Segall to explore a less rock-oriented sound, with keyboards, percussion, and sometimes strings dominating the music. Following the experimentation of Whirlybird, 2022's Hello, Hi was a shift back to a simpler approach, with Segall handling all instruments and vocals himself, primarily using acoustic guitars and layered harmonies. While he seemed busy enough with his own projects, he made time to work with friends and fellow musicians he admired. He contributed instrumental performances to albums by Shannon Lay (2021's Geist) and Bonnie ""Prince"" Billy & Bill Callahan (2022's Blind Date Party); produced recordings for Grave Flowers Bongo Band (2021's Strength of Spring) and SASAMI (2022's Squeeze); and collaborated with Cory Hanson on the 2021 single ""She's a Beam"" b/w ""Milk Bird Flyer."" Given Segall's prolific nature, it surprised some that he didn't release an album in 2023, though an intimate live performance with Emmett Kelly from July 2022 resulted in an EP, Live at Worship, while Segall produced and engineered an album for Flat Worms, 2023's Witness Marks. Segall was back in action with the January 2024 release of Three Bells, a set of psychedelic-leaning folk-rock-influenced songs reinforced with electric guitar freakouts. It was recorded at Segall's Harmonizer Studio, where he handled most of the instrumentation himself. Also recorded there and released in August of 2024 was Love Rudiments, an all percussion album. On it, Segall traces a relationship from beginning to end using a drum kit, synth drums, tympani, woodblocks, tambourine, xylophone, and many more types of percussion. ~ Pemberton Roach & Mark Deming","Ty Segall ""Possession"" (Official Song Video)",Unknown,https://www.youtube.com/watch?v=UbDqOCki0Sk&pp=ygUyVHkgU2VnYWxsIFR5IFNlZ2FsbCBQb3NzZXNzaW9uIE9mZmljaWFsIFNvbmcgVmlkZW8%3D
Bloody Kisses,https://lastfm.freetls.fastly.net/i/u/300x300/391b090e5d946374c2c8b7092782c12b.jpg,Type O Negative,1993-08-17,"New York goth metal quartet Type O Negative were led by vocalist/bassist/songwriter Peter Steele and featured guitarist Ken Hickey, keyboardist Josh Silver, and drummer Johnny Kelly. Steele formed Type O Negative in 1990 out of the remnants of thrash band Carnivore, along with his friend Sal Abruscato (drums). Type O's music slowed down the tempos of thrash metal, alternately satirizing and wallowing in a glum mixture of misanthropy, misogyny, depression, and vampiric vocals, as well as loads of cheap-sounding guitar distortion. The band's debut album, Slow, Deep and Hard, was released in 1991, featuring long, mopey dirges with titles like ""Unsuccessfully Coping with the Natural Beauty of Infidelity.""
Not everyone appreciated Steele's dark sense of humor, though, and he was roasted by some critics who charged him with being a homicidal misogynist and Nazi sympathizer. A fake live album, The Origin of the Feces, appeared the following year, its notorious cover depicting a pair of spread buttocks (the album was eventually reissued with less graphic artwork). Released in 1993, Bloody Kisses added surprisingly skilled Beatlesque melodies, and Steele's often ironic treatments of his depressing subject matter and the emotional and musical excesses of goth (particularly Type O Negative's brand) were deadly accurate and often very funny. Abruscato departed following its release to join Life of Agony, at which point Kelly joined the band. Bloody Kisses slowly won the band a cult following, thanks in part to the video for ""Black No. 1"" and the band's constant touring, and the album cracked Billboard's Top 200 well over a year after its release.
The more upbeat follow-up, October Rust, appeared in 1996, building on the more pop-oriented tracks of its predecessor; in the meantime, Steele achieved notoriety by appearing as a Playgirl magazine centerfold. World Coming Down finally appeared in 1999 after a three-year hiatus, a considerably darker affair than October Rust but proof that -- in spite of Steele's pronouncements to the contrary -- its predecessors were no fluke. In 2000, Roadrunner compiled The Least Worst of Type O Negative, which featured European single edits and alternate mixes of the band's most popular songs, plus several unreleased tracks. Life Is Killing Me arrived in 2003 with a cover of ""Angry Inch"" from the film Hedwig and the Angry Inch. Four years passed before the band returned with Dead Again. On April 14, 2010, Steele died from apparent heart failure at the age of 48, which brought Type O Negative to a close as a performing and recording unit. ~ Steve Huey",Summer Breeze,Unknown,https://www.youtube.com/watch?v=XNo7ZZryuSQ&pp=ygUfVHlwZSBPIE5lZ2F0aXZlIC0gU3VtbWVyIEJyZWV6ZQ%3D%3D
Bloody Kisses,https://lastfm.freetls.fastly.net/i/u/300x300/391b090e5d946374c2c8b7092782c12b.jpg,Type O Negative,1993-08-17,"New York goth metal quartet Type O Negative were led by vocalist/bassist/songwriter Peter Steele and featured guitarist Ken Hickey, keyboardist Josh Silver, and drummer Johnny Kelly. Steele formed Type O Negative in 1990 out of the remnants of thrash band Carnivore, along with his friend Sal Abruscato (drums). Type O's music slowed down the tempos of thrash metal, alternately satirizing and wallowing in a glum mixture of misanthropy, misogyny, depression, and vampiric vocals, as well as loads of cheap-sounding guitar distortion. The band's debut album, Slow, Deep and Hard, was released in 1991, featuring long, mopey dirges with titles like ""Unsuccessfully Coping with the Natural Beauty of Infidelity.""
Not everyone appreciated Steele's dark sense of humor, though, and he was roasted by some critics who charged him with being a homicidal misogynist and Nazi sympathizer. A fake live album, The Origin of the Feces, appeared the following year, its notorious cover depicting a pair of spread buttocks (the album was eventually reissued with less graphic artwork). Released in 1993, Bloody Kisses added surprisingly skilled Beatlesque melodies, and Steele's often ironic treatments of his depressing subject matter and the emotional and musical excesses of goth (particularly Type O Negative's brand) were deadly accurate and often very funny. Abruscato departed following its release to join Life of Agony, at which point Kelly joined the band. Bloody Kisses slowly won the band a cult following, thanks in part to the video for ""Black No. 1"" and the band's constant touring, and the album cracked Billboard's Top 200 well over a year after its release.
The more upbeat follow-up, October Rust, appeared in 1996, building on the more pop-oriented tracks of its predecessor; in the meantime, Steele achieved notoriety by appearing as a Playgirl magazine centerfold. World Coming Down finally appeared in 1999 after a three-year hiatus, a considerably darker affair than October Rust but proof that -- in spite of Steele's pronouncements to the contrary -- its predecessors were no fluke. In 2000, Roadrunner compiled The Least Worst of Type O Negative, which featured European single edits and alternate mixes of the band's most popular songs, plus several unreleased tracks. Life Is Killing Me arrived in 2003 with a cover of ""Angry Inch"" from the film Hedwig and the Angry Inch. Four years passed before the band returned with Dead Again. On April 14, 2010, Steele died from apparent heart failure at the age of 48, which brought Type O Negative to a close as a performing and recording unit. ~ Steve Huey",Can’t Lose You,Unknown,https://www.youtube.com/watch?v=nIUIkQ9nDhM&pp=ygUiVHlwZSBPIE5lZ2F0aXZlIC0gQ2Fu4oCZdCBMb3NlIFlvdQ%3D%3D
Dead Again,https://lastfm.freetls.fastly.net/i/u/300x300/dad5ea8b069d216ca96d93c8d765a273.jpg,Type O Negative,2007-03-13,"New York goth metal quartet Type O Negative were led by vocalist/bassist/songwriter Peter Steele and featured guitarist Ken Hickey, keyboardist Josh Silver, and drummer Johnny Kelly. Steele formed Type O Negative in 1990 out of the remnants of thrash band Carnivore, along with his friend Sal Abruscato (drums). Type O's music slowed down the tempos of thrash metal, alternately satirizing and wallowing in a glum mixture of misanthropy, misogyny, depression, and vampiric vocals, as well as loads of cheap-sounding guitar distortion. The band's debut album, Slow, Deep and Hard, was released in 1991, featuring long, mopey dirges with titles like ""Unsuccessfully Coping with the Natural Beauty of Infidelity.""
Not everyone appreciated Steele's dark sense of humor, though, and he was roasted by some critics who charged him with being a homicidal misogynist and Nazi sympathizer. A fake live album, The Origin of the Feces, appeared the following year, its notorious cover depicting a pair of spread buttocks (the album was eventually reissued with less graphic artwork). Released in 1993, Bloody Kisses added surprisingly skilled Beatlesque melodies, and Steele's often ironic treatments of his depressing subject matter and the emotional and musical excesses of goth (particularly Type O Negative's brand) were deadly accurate and often very funny. Abruscato departed following its release to join Life of Agony, at which point Kelly joined the band. Bloody Kisses slowly won the band a cult following, thanks in part to the video for ""Black No. 1"" and the band's constant touring, and the album cracked Billboard's Top 200 well over a year after its release.
The more upbeat follow-up, October Rust, appeared in 1996, building on the more pop-oriented tracks of its predecessor; in the meantime, Steele achieved notoriety by appearing as a Playgirl magazine centerfold. World Coming Down finally appeared in 1999 after a three-year hiatus, a considerably darker affair than October Rust but proof that -- in spite of Steele's pronouncements to the contrary -- its predecessors were no fluke. In 2000, Roadrunner compiled The Least Worst of Type O Negative, which featured European single edits and alternate mixes of the band's most popular songs, plus several unreleased tracks. Life Is Killing Me arrived in 2003 with a cover of ""Angry Inch"" from the film Hedwig and the Angry Inch. Four years passed before the band returned with Dead Again. On April 14, 2010, Steele died from apparent heart failure at the age of 48, which brought Type O Negative to a close as a performing and recording unit. ~ Steve Huey",Dead Again,Unknown,https://www.youtube.com/watch?v=N7XBkfNXPOE&pp=ygUcVHlwZSBPIE5lZ2F0aXZlIC0gRGVhZCBBZ2Fpbg%3D%3D
Dead Again,https://lastfm.freetls.fastly.net/i/u/300x300/dad5ea8b069d216ca96d93c8d765a273.jpg,Type O Negative,2007-03-13,"New York goth metal quartet Type O Negative were led by vocalist/bassist/songwriter Peter Steele and featured guitarist Ken Hickey, keyboardist Josh Silver, and drummer Johnny Kelly. Steele formed Type O Negative in 1990 out of the remnants of thrash band Carnivore, along with his friend Sal Abruscato (drums). Type O's music slowed down the tempos of thrash metal, alternately satirizing and wallowing in a glum mixture of misanthropy, misogyny, depression, and vampiric vocals, as well as loads of cheap-sounding guitar distortion. The band's debut album, Slow, Deep and Hard, was released in 1991, featuring long, mopey dirges with titles like ""Unsuccessfully Coping with the Natural Beauty of Infidelity.""
Not everyone appreciated Steele's dark sense of humor, though, and he was roasted by some critics who charged him with being a homicidal misogynist and Nazi sympathizer. A fake live album, The Origin of the Feces, appeared the following year, its notorious cover depicting a pair of spread buttocks (the album was eventually reissued with less graphic artwork). Released in 1993, Bloody Kisses added surprisingly skilled Beatlesque melodies, and Steele's often ironic treatments of his depressing subject matter and the emotional and musical excesses of goth (particularly Type O Negative's brand) were deadly accurate and often very funny. Abruscato departed following its release to join Life of Agony, at which point Kelly joined the band. Bloody Kisses slowly won the band a cult following, thanks in part to the video for ""Black No. 1"" and the band's constant touring, and the album cracked Billboard's Top 200 well over a year after its release.
The more upbeat follow-up, October Rust, appeared in 1996, building on the more pop-oriented tracks of its predecessor; in the meantime, Steele achieved notoriety by appearing as a Playgirl magazine centerfold. World Coming Down finally appeared in 1999 after a three-year hiatus, a considerably darker affair than October Rust but proof that -- in spite of Steele's pronouncements to the contrary -- its predecessors were no fluke. In 2000, Roadrunner compiled The Least Worst of Type O Negative, which featured European single edits and alternate mixes of the band's most popular songs, plus several unreleased tracks. Life Is Killing Me arrived in 2003 with a cover of ""Angry Inch"" from the film Hedwig and the Angry Inch. Four years passed before the band returned with Dead Again. On April 14, 2010, Steele died from apparent heart failure at the age of 48, which brought Type O Negative to a close as a performing and recording unit. ~ Steve Huey",Tripping a Blind Man,Unknown,https://www.youtube.com/watch?v=mtF9gaf0e8A&pp=ygUmVHlwZSBPIE5lZ2F0aXZlIC0gVHJpcHBpbmcgYSBCbGluZCBNYW4%3D
Dead Again,https://lastfm.freetls.fastly.net/i/u/300x300/dad5ea8b069d216ca96d93c8d765a273.jpg,Type O Negative,2007-03-13,"New York goth metal quartet Type O Negative were led by vocalist/bassist/songwriter Peter Steele and featured guitarist Ken Hickey, keyboardist Josh Silver, and drummer Johnny Kelly. Steele formed Type O Negative in 1990 out of the remnants of thrash band Carnivore, along with his friend Sal Abruscato (drums). Type O's music slowed down the tempos of thrash metal, alternately satirizing and wallowing in a glum mixture of misanthropy, misogyny, depression, and vampiric vocals, as well as loads of cheap-sounding guitar distortion. The band's debut album, Slow, Deep and Hard, was released in 1991, featuring long, mopey dirges with titles like ""Unsuccessfully Coping with the Natural Beauty of Infidelity.""
Not everyone appreciated Steele's dark sense of humor, though, and he was roasted by some critics who charged him with being a homicidal misogynist and Nazi sympathizer. A fake live album, The Origin of the Feces, appeared the following year, its notorious cover depicting a pair of spread buttocks (the album was eventually reissued with less graphic artwork). Released in 1993, Bloody Kisses added surprisingly skilled Beatlesque melodies, and Steele's often ironic treatments of his depressing subject matter and the emotional and musical excesses of goth (particularly Type O Negative's brand) were deadly accurate and often very funny. Abruscato departed following its release to join Life of Agony, at which point Kelly joined the band. Bloody Kisses slowly won the band a cult following, thanks in part to the video for ""Black No. 1"" and the band's constant touring, and the album cracked Billboard's Top 200 well over a year after its release.
The more upbeat follow-up, October Rust, appeared in 1996, building on the more pop-oriented tracks of its predecessor; in the meantime, Steele achieved notoriety by appearing as a Playgirl magazine centerfold. World Coming Down finally appeared in 1999 after a three-year hiatus, a considerably darker affair than October Rust but proof that -- in spite of Steele's pronouncements to the contrary -- its predecessors were no fluke. In 2000, Roadrunner compiled The Least Worst of Type O Negative, which featured European single edits and alternate mixes of the band's most popular songs, plus several unreleased tracks. Life Is Killing Me arrived in 2003 with a cover of ""Angry Inch"" from the film Hedwig and the Angry Inch. Four years passed before the band returned with Dead Again. On April 14, 2010, Steele died from apparent heart failure at the age of 48, which brought Type O Negative to a close as a performing and recording unit. ~ Steve Huey",September Sun,Unknown,https://www.youtube.com/watch?v=g_Qqhabjync&pp=ygUdVHlwZSBPIE5lZ2F0aXZlIFNlcHRlbWJlciBTdW4%3D
Dead Again,https://lastfm.freetls.fastly.net/i/u/300x300/dad5ea8b069d216ca96d93c8d765a273.jpg,Type O Negative,2007-03-13,"New York goth metal quartet Type O Negative were led by vocalist/bassist/songwriter Peter Steele and featured guitarist Ken Hickey, keyboardist Josh Silver, and drummer Johnny Kelly. Steele formed Type O Negative in 1990 out of the remnants of thrash band Carnivore, along with his friend Sal Abruscato (drums). Type O's music slowed down the tempos of thrash metal, alternately satirizing and wallowing in a glum mixture of misanthropy, misogyny, depression, and vampiric vocals, as well as loads of cheap-sounding guitar distortion. The band's debut album, Slow, Deep and Hard, was released in 1991, featuring long, mopey dirges with titles like ""Unsuccessfully Coping with the Natural Beauty of Infidelity.""
Not everyone appreciated Steele's dark sense of humor, though, and he was roasted by some critics who charged him with being a homicidal misogynist and Nazi sympathizer. A fake live album, The Origin of the Feces, appeared the following year, its notorious cover depicting a pair of spread buttocks (the album was eventually reissued with less graphic artwork). Released in 1993, Bloody Kisses added surprisingly skilled Beatlesque melodies, and Steele's often ironic treatments of his depressing subject matter and the emotional and musical excesses of goth (particularly Type O Negative's brand) were deadly accurate and often very funny. Abruscato departed following its release to join Life of Agony, at which point Kelly joined the band. Bloody Kisses slowly won the band a cult following, thanks in part to the video for ""Black No. 1"" and the band's constant touring, and the album cracked Billboard's Top 200 well over a year after its release.
The more upbeat follow-up, October Rust, appeared in 1996, building on the more pop-oriented tracks of its predecessor; in the meantime, Steele achieved notoriety by appearing as a Playgirl magazine centerfold. World Coming Down finally appeared in 1999 after a three-year hiatus, a considerably darker affair than October Rust but proof that -- in spite of Steele's pronouncements to the contrary -- its predecessors were no fluke. In 2000, Roadrunner compiled The Least Worst of Type O Negative, which featured European single edits and alternate mixes of the band's most popular songs, plus several unreleased tracks. Life Is Killing Me arrived in 2003 with a cover of ""Angry Inch"" from the film Hedwig and the Angry Inch. Four years passed before the band returned with Dead Again. On April 14, 2010, Steele died from apparent heart failure at the age of 48, which brought Type O Negative to a close as a performing and recording unit. ~ Steve Huey",Halloween in Heaven,Unknown,https://www.youtube.com/watch?v=xU7kDt3rVuo&pp=ygUjVHlwZSBPIE5lZ2F0aXZlIEhhbGxvd2VlbiBpbiBIZWF2ZW4%3D
Dead Again,https://lastfm.freetls.fastly.net/i/u/300x300/dad5ea8b069d216ca96d93c8d765a273.jpg,Type O Negative,2007-03-13,"New York goth metal quartet Type O Negative were led by vocalist/bassist/songwriter Peter Steele and featured guitarist Ken Hickey, keyboardist Josh Silver, and drummer Johnny Kelly. Steele formed Type O Negative in 1990 out of the remnants of thrash band Carnivore, along with his friend Sal Abruscato (drums). Type O's music slowed down the tempos of thrash metal, alternately satirizing and wallowing in a glum mixture of misanthropy, misogyny, depression, and vampiric vocals, as well as loads of cheap-sounding guitar distortion. The band's debut album, Slow, Deep and Hard, was released in 1991, featuring long, mopey dirges with titles like ""Unsuccessfully Coping with the Natural Beauty of Infidelity.""
Not everyone appreciated Steele's dark sense of humor, though, and he was roasted by some critics who charged him with being a homicidal misogynist and Nazi sympathizer. A fake live album, The Origin of the Feces, appeared the following year, its notorious cover depicting a pair of spread buttocks (the album was eventually reissued with less graphic artwork). Released in 1993, Bloody Kisses added surprisingly skilled Beatlesque melodies, and Steele's often ironic treatments of his depressing subject matter and the emotional and musical excesses of goth (particularly Type O Negative's brand) were deadly accurate and often very funny. Abruscato departed following its release to join Life of Agony, at which point Kelly joined the band. Bloody Kisses slowly won the band a cult following, thanks in part to the video for ""Black No. 1"" and the band's constant touring, and the album cracked Billboard's Top 200 well over a year after its release.
The more upbeat follow-up, October Rust, appeared in 1996, building on the more pop-oriented tracks of its predecessor; in the meantime, Steele achieved notoriety by appearing as a Playgirl magazine centerfold. World Coming Down finally appeared in 1999 after a three-year hiatus, a considerably darker affair than October Rust but proof that -- in spite of Steele's pronouncements to the contrary -- its predecessors were no fluke. In 2000, Roadrunner compiled The Least Worst of Type O Negative, which featured European single edits and alternate mixes of the band's most popular songs, plus several unreleased tracks. Life Is Killing Me arrived in 2003 with a cover of ""Angry Inch"" from the film Hedwig and the Angry Inch. Four years passed before the band returned with Dead Again. On April 14, 2010, Steele died from apparent heart failure at the age of 48, which brought Type O Negative to a close as a performing and recording unit. ~ Steve Huey",These Three Things,Unknown,https://www.youtube.com/watch?v=yfVIGV1GzSg&pp=ygUiVHlwZSBPIE5lZ2F0aXZlIFRoZXNlIFRocmVlIFRoaW5ncw%3D%3D
Dead Again,https://lastfm.freetls.fastly.net/i/u/300x300/dad5ea8b069d216ca96d93c8d765a273.jpg,Type O Negative,2007-03-13,"New York goth metal quartet Type O Negative were led by vocalist/bassist/songwriter Peter Steele and featured guitarist Ken Hickey, keyboardist Josh Silver, and drummer Johnny Kelly. Steele formed Type O Negative in 1990 out of the remnants of thrash band Carnivore, along with his friend Sal Abruscato (drums). Type O's music slowed down the tempos of thrash metal, alternately satirizing and wallowing in a glum mixture of misanthropy, misogyny, depression, and vampiric vocals, as well as loads of cheap-sounding guitar distortion. The band's debut album, Slow, Deep and Hard, was released in 1991, featuring long, mopey dirges with titles like ""Unsuccessfully Coping with the Natural Beauty of Infidelity.""
Not everyone appreciated Steele's dark sense of humor, though, and he was roasted by some critics who charged him with being a homicidal misogynist and Nazi sympathizer. A fake live album, The Origin of the Feces, appeared the following year, its notorious cover depicting a pair of spread buttocks (the album was eventually reissued with less graphic artwork). Released in 1993, Bloody Kisses added surprisingly skilled Beatlesque melodies, and Steele's often ironic treatments of his depressing subject matter and the emotional and musical excesses of goth (particularly Type O Negative's brand) were deadly accurate and often very funny. Abruscato departed following its release to join Life of Agony, at which point Kelly joined the band. Bloody Kisses slowly won the band a cult following, thanks in part to the video for ""Black No. 1"" and the band's constant touring, and the album cracked Billboard's Top 200 well over a year after its release.
The more upbeat follow-up, October Rust, appeared in 1996, building on the more pop-oriented tracks of its predecessor; in the meantime, Steele achieved notoriety by appearing as a Playgirl magazine centerfold. World Coming Down finally appeared in 1999 after a three-year hiatus, a considerably darker affair than October Rust but proof that -- in spite of Steele's pronouncements to the contrary -- its predecessors were no fluke. In 2000, Roadrunner compiled The Least Worst of Type O Negative, which featured European single edits and alternate mixes of the band's most popular songs, plus several unreleased tracks. Life Is Killing Me arrived in 2003 with a cover of ""Angry Inch"" from the film Hedwig and the Angry Inch. Four years passed before the band returned with Dead Again. On April 14, 2010, Steele died from apparent heart failure at the age of 48, which brought Type O Negative to a close as a performing and recording unit. ~ Steve Huey",She Burned Me Down,Unknown,https://www.youtube.com/watch?v=Hdq857F1h4E&pp=ygUkVHlwZSBPIE5lZ2F0aXZlIC0gU2hlIEJ1cm5lZCBNZSBEb3du
Dead Again,https://lastfm.freetls.fastly.net/i/u/300x300/dad5ea8b069d216ca96d93c8d765a273.jpg,Type O Negative,2007-03-13,"New York goth metal quartet Type O Negative were led by vocalist/bassist/songwriter Peter Steele and featured guitarist Ken Hickey, keyboardist Josh Silver, and drummer Johnny Kelly. Steele formed Type O Negative in 1990 out of the remnants of thrash band Carnivore, along with his friend Sal Abruscato (drums). Type O's music slowed down the tempos of thrash metal, alternately satirizing and wallowing in a glum mixture of misanthropy, misogyny, depression, and vampiric vocals, as well as loads of cheap-sounding guitar distortion. The band's debut album, Slow, Deep and Hard, was released in 1991, featuring long, mopey dirges with titles like ""Unsuccessfully Coping with the Natural Beauty of Infidelity.""
Not everyone appreciated Steele's dark sense of humor, though, and he was roasted by some critics who charged him with being a homicidal misogynist and Nazi sympathizer. A fake live album, The Origin of the Feces, appeared the following year, its notorious cover depicting a pair of spread buttocks (the album was eventually reissued with less graphic artwork). Released in 1993, Bloody Kisses added surprisingly skilled Beatlesque melodies, and Steele's often ironic treatments of his depressing subject matter and the emotional and musical excesses of goth (particularly Type O Negative's brand) were deadly accurate and often very funny. Abruscato departed following its release to join Life of Agony, at which point Kelly joined the band. Bloody Kisses slowly won the band a cult following, thanks in part to the video for ""Black No. 1"" and the band's constant touring, and the album cracked Billboard's Top 200 well over a year after its release.
The more upbeat follow-up, October Rust, appeared in 1996, building on the more pop-oriented tracks of its predecessor; in the meantime, Steele achieved notoriety by appearing as a Playgirl magazine centerfold. World Coming Down finally appeared in 1999 after a three-year hiatus, a considerably darker affair than October Rust but proof that -- in spite of Steele's pronouncements to the contrary -- its predecessors were no fluke. In 2000, Roadrunner compiled The Least Worst of Type O Negative, which featured European single edits and alternate mixes of the band's most popular songs, plus several unreleased tracks. Life Is Killing Me arrived in 2003 with a cover of ""Angry Inch"" from the film Hedwig and the Angry Inch. Four years passed before the band returned with Dead Again. On April 14, 2010, Steele died from apparent heart failure at the age of 48, which brought Type O Negative to a close as a performing and recording unit. ~ Steve Huey",Some Stupid Tomorrow,Unknown,https://www.youtube.com/watch?v=gI-wnf-wiFI&pp=ygUmVHlwZSBPIE5lZ2F0aXZlIC0gU29tZSBTdHVwaWQgVG9tb3Jyb3fSBwkJhAkBhyohjO8%3D
Dead Again,https://lastfm.freetls.fastly.net/i/u/300x300/dad5ea8b069d216ca96d93c8d765a273.jpg,Type O Negative,2007-03-13,"New York goth metal quartet Type O Negative were led by vocalist/bassist/songwriter Peter Steele and featured guitarist Ken Hickey, keyboardist Josh Silver, and drummer Johnny Kelly. Steele formed Type O Negative in 1990 out of the remnants of thrash band Carnivore, along with his friend Sal Abruscato (drums). Type O's music slowed down the tempos of thrash metal, alternately satirizing and wallowing in a glum mixture of misanthropy, misogyny, depression, and vampiric vocals, as well as loads of cheap-sounding guitar distortion. The band's debut album, Slow, Deep and Hard, was released in 1991, featuring long, mopey dirges with titles like ""Unsuccessfully Coping with the Natural Beauty of Infidelity.""
Not everyone appreciated Steele's dark sense of humor, though, and he was roasted by some critics who charged him with being a homicidal misogynist and Nazi sympathizer. A fake live album, The Origin of the Feces, appeared the following year, its notorious cover depicting a pair of spread buttocks (the album was eventually reissued with less graphic artwork). Released in 1993, Bloody Kisses added surprisingly skilled Beatlesque melodies, and Steele's often ironic treatments of his depressing subject matter and the emotional and musical excesses of goth (particularly Type O Negative's brand) were deadly accurate and often very funny. Abruscato departed following its release to join Life of Agony, at which point Kelly joined the band. Bloody Kisses slowly won the band a cult following, thanks in part to the video for ""Black No. 1"" and the band's constant touring, and the album cracked Billboard's Top 200 well over a year after its release.
The more upbeat follow-up, October Rust, appeared in 1996, building on the more pop-oriented tracks of its predecessor; in the meantime, Steele achieved notoriety by appearing as a Playgirl magazine centerfold. World Coming Down finally appeared in 1999 after a three-year hiatus, a considerably darker affair than October Rust but proof that -- in spite of Steele's pronouncements to the contrary -- its predecessors were no fluke. In 2000, Roadrunner compiled The Least Worst of Type O Negative, which featured European single edits and alternate mixes of the band's most popular songs, plus several unreleased tracks. Life Is Killing Me arrived in 2003 with a cover of ""Angry Inch"" from the film Hedwig and the Angry Inch. Four years passed before the band returned with Dead Again. On April 14, 2010, Steele died from apparent heart failure at the age of 48, which brought Type O Negative to a close as a performing and recording unit. ~ Steve Huey",An Ode to Locksmiths,Unknown,https://www.youtube.com/watch?v=s3wHmuDY8Tc&pp=ygUmVHlwZSBPIE5lZ2F0aXZlIC0gQW4gT2RlIHRvIExvY2tzbWl0aHPSBwkJhAkBhyohjO8%3D
Dead Again,https://lastfm.freetls.fastly.net/i/u/300x300/dad5ea8b069d216ca96d93c8d765a273.jpg,Type O Negative,2007-03-13,"New York goth metal quartet Type O Negative were led by vocalist/bassist/songwriter Peter Steele and featured guitarist Ken Hickey, keyboardist Josh Silver, and drummer Johnny Kelly. Steele formed Type O Negative in 1990 out of the remnants of thrash band Carnivore, along with his friend Sal Abruscato (drums). Type O's music slowed down the tempos of thrash metal, alternately satirizing and wallowing in a glum mixture of misanthropy, misogyny, depression, and vampiric vocals, as well as loads of cheap-sounding guitar distortion. The band's debut album, Slow, Deep and Hard, was released in 1991, featuring long, mopey dirges with titles like ""Unsuccessfully Coping with the Natural Beauty of Infidelity.""
Not everyone appreciated Steele's dark sense of humor, though, and he was roasted by some critics who charged him with being a homicidal misogynist and Nazi sympathizer. A fake live album, The Origin of the Feces, appeared the following year, its notorious cover depicting a pair of spread buttocks (the album was eventually reissued with less graphic artwork). Released in 1993, Bloody Kisses added surprisingly skilled Beatlesque melodies, and Steele's often ironic treatments of his depressing subject matter and the emotional and musical excesses of goth (particularly Type O Negative's brand) were deadly accurate and often very funny. Abruscato departed following its release to join Life of Agony, at which point Kelly joined the band. Bloody Kisses slowly won the band a cult following, thanks in part to the video for ""Black No. 1"" and the band's constant touring, and the album cracked Billboard's Top 200 well over a year after its release.
The more upbeat follow-up, October Rust, appeared in 1996, building on the more pop-oriented tracks of its predecessor; in the meantime, Steele achieved notoriety by appearing as a Playgirl magazine centerfold. World Coming Down finally appeared in 1999 after a three-year hiatus, a considerably darker affair than October Rust but proof that -- in spite of Steele's pronouncements to the contrary -- its predecessors were no fluke. In 2000, Roadrunner compiled The Least Worst of Type O Negative, which featured European single edits and alternate mixes of the band's most popular songs, plus several unreleased tracks. Life Is Killing Me arrived in 2003 with a cover of ""Angry Inch"" from the film Hedwig and the Angry Inch. Four years passed before the band returned with Dead Again. On April 14, 2010, Steele died from apparent heart failure at the age of 48, which brought Type O Negative to a close as a performing and recording unit. ~ Steve Huey",Hail and Farewell to Britain,Unknown,https://www.youtube.com/watch?v=3rNoDxjmi7g&pp=ygUuVHlwZSBPIE5lZ2F0aXZlIC0gSGFpbCBhbmQgRmFyZXdlbGwgdG8gQnJpdGFpbtIHCQmECQGHKiGM7w%3D%3D
Life Is Killing Me,https://lastfm.freetls.fastly.net/i/u/300x300/d7ec28f1f9834e84864d719b0a4092dd.png,Type O Negative,2003-06-16,"New York goth metal quartet Type O Negative were led by vocalist/bassist/songwriter Peter Steele and featured guitarist Ken Hickey, keyboardist Josh Silver, and drummer Johnny Kelly. Steele formed Type O Negative in 1990 out of the remnants of thrash band Carnivore, along with his friend Sal Abruscato (drums). Type O's music slowed down the tempos of thrash metal, alternately satirizing and wallowing in a glum mixture of misanthropy, misogyny, depression, and vampiric vocals, as well as loads of cheap-sounding guitar distortion. The band's debut album, Slow, Deep and Hard, was released in 1991, featuring long, mopey dirges with titles like ""Unsuccessfully Coping with the Natural Beauty of Infidelity.""
Not everyone appreciated Steele's dark sense of humor, though, and he was roasted by some critics who charged him with being a homicidal misogynist and Nazi sympathizer. A fake live album, The Origin of the Feces, appeared the following year, its notorious cover depicting a pair of spread buttocks (the album was eventually reissued with less graphic artwork). Released in 1993, Bloody Kisses added surprisingly skilled Beatlesque melodies, and Steele's often ironic treatments of his depressing subject matter and the emotional and musical excesses of goth (particularly Type O Negative's brand) were deadly accurate and often very funny. Abruscato departed following its release to join Life of Agony, at which point Kelly joined the band. Bloody Kisses slowly won the band a cult following, thanks in part to the video for ""Black No. 1"" and the band's constant touring, and the album cracked Billboard's Top 200 well over a year after its release.
The more upbeat follow-up, October Rust, appeared in 1996, building on the more pop-oriented tracks of its predecessor; in the meantime, Steele achieved notoriety by appearing as a Playgirl magazine centerfold. World Coming Down finally appeared in 1999 after a three-year hiatus, a considerably darker affair than October Rust but proof that -- in spite of Steele's pronouncements to the contrary -- its predecessors were no fluke. In 2000, Roadrunner compiled The Least Worst of Type O Negative, which featured European single edits and alternate mixes of the band's most popular songs, plus several unreleased tracks. Life Is Killing Me arrived in 2003 with a cover of ""Angry Inch"" from the film Hedwig and the Angry Inch. Four years passed before the band returned with Dead Again. On April 14, 2010, Steele died from apparent heart failure at the age of 48, which brought Type O Negative to a close as a performing and recording unit. ~ Steve Huey",Todd’s Ship Gods (Above All Things),Unknown,https://www.youtube.com/watch?v=fjgSgpQFopw&pp=ygUwVHlwZSBPIE5lZ2F0aXZlIFRvZGRzIFNoaXAgR29kcyBBYm92ZSBBbGwgVGhpbmdz
Life Is Killing Me,https://lastfm.freetls.fastly.net/i/u/300x300/d7ec28f1f9834e84864d719b0a4092dd.png,Type O Negative,2003-06-16,"New York goth metal quartet Type O Negative were led by vocalist/bassist/songwriter Peter Steele and featured guitarist Ken Hickey, keyboardist Josh Silver, and drummer Johnny Kelly. Steele formed Type O Negative in 1990 out of the remnants of thrash band Carnivore, along with his friend Sal Abruscato (drums). Type O's music slowed down the tempos of thrash metal, alternately satirizing and wallowing in a glum mixture of misanthropy, misogyny, depression, and vampiric vocals, as well as loads of cheap-sounding guitar distortion. The band's debut album, Slow, Deep and Hard, was released in 1991, featuring long, mopey dirges with titles like ""Unsuccessfully Coping with the Natural Beauty of Infidelity.""
Not everyone appreciated Steele's dark sense of humor, though, and he was roasted by some critics who charged him with being a homicidal misogynist and Nazi sympathizer. A fake live album, The Origin of the Feces, appeared the following year, its notorious cover depicting a pair of spread buttocks (the album was eventually reissued with less graphic artwork). Released in 1993, Bloody Kisses added surprisingly skilled Beatlesque melodies, and Steele's often ironic treatments of his depressing subject matter and the emotional and musical excesses of goth (particularly Type O Negative's brand) were deadly accurate and often very funny. Abruscato departed following its release to join Life of Agony, at which point Kelly joined the band. Bloody Kisses slowly won the band a cult following, thanks in part to the video for ""Black No. 1"" and the band's constant touring, and the album cracked Billboard's Top 200 well over a year after its release.
The more upbeat follow-up, October Rust, appeared in 1996, building on the more pop-oriented tracks of its predecessor; in the meantime, Steele achieved notoriety by appearing as a Playgirl magazine centerfold. World Coming Down finally appeared in 1999 after a three-year hiatus, a considerably darker affair than October Rust but proof that -- in spite of Steele's pronouncements to the contrary -- its predecessors were no fluke. In 2000, Roadrunner compiled The Least Worst of Type O Negative, which featured European single edits and alternate mixes of the band's most popular songs, plus several unreleased tracks. Life Is Killing Me arrived in 2003 with a cover of ""Angry Inch"" from the film Hedwig and the Angry Inch. Four years passed before the band returned with Dead Again. On April 14, 2010, Steele died from apparent heart failure at the age of 48, which brought Type O Negative to a close as a performing and recording unit. ~ Steve Huey",…A Dish Best Served Coldly,Unknown,https://www.youtube.com/watch?v=AW9OaaOIDM8&pp=ygUpVHlwZSBPIE5lZ2F0aXZlIEEgRGlzaCBCZXN0IFNlcnZlZCBDb2xkbHk%3D
Life Is Killing Me,https://lastfm.freetls.fastly.net/i/u/300x300/d7ec28f1f9834e84864d719b0a4092dd.png,Type O Negative,2003-06-16,"New York goth metal quartet Type O Negative were led by vocalist/bassist/songwriter Peter Steele and featured guitarist Ken Hickey, keyboardist Josh Silver, and drummer Johnny Kelly. Steele formed Type O Negative in 1990 out of the remnants of thrash band Carnivore, along with his friend Sal Abruscato (drums). Type O's music slowed down the tempos of thrash metal, alternately satirizing and wallowing in a glum mixture of misanthropy, misogyny, depression, and vampiric vocals, as well as loads of cheap-sounding guitar distortion. The band's debut album, Slow, Deep and Hard, was released in 1991, featuring long, mopey dirges with titles like ""Unsuccessfully Coping with the Natural Beauty of Infidelity.""
Not everyone appreciated Steele's dark sense of humor, though, and he was roasted by some critics who charged him with being a homicidal misogynist and Nazi sympathizer. A fake live album, The Origin of the Feces, appeared the following year, its notorious cover depicting a pair of spread buttocks (the album was eventually reissued with less graphic artwork). Released in 1993, Bloody Kisses added surprisingly skilled Beatlesque melodies, and Steele's often ironic treatments of his depressing subject matter and the emotional and musical excesses of goth (particularly Type O Negative's brand) were deadly accurate and often very funny. Abruscato departed following its release to join Life of Agony, at which point Kelly joined the band. Bloody Kisses slowly won the band a cult following, thanks in part to the video for ""Black No. 1"" and the band's constant touring, and the album cracked Billboard's Top 200 well over a year after its release.
The more upbeat follow-up, October Rust, appeared in 1996, building on the more pop-oriented tracks of its predecessor; in the meantime, Steele achieved notoriety by appearing as a Playgirl magazine centerfold. World Coming Down finally appeared in 1999 after a three-year hiatus, a considerably darker affair than October Rust but proof that -- in spite of Steele's pronouncements to the contrary -- its predecessors were no fluke. In 2000, Roadrunner compiled The Least Worst of Type O Negative, which featured European single edits and alternate mixes of the band's most popular songs, plus several unreleased tracks. Life Is Killing Me arrived in 2003 with a cover of ""Angry Inch"" from the film Hedwig and the Angry Inch. Four years passed before the band returned with Dead Again. On April 14, 2010, Steele died from apparent heart failure at the age of 48, which brought Type O Negative to a close as a performing and recording unit. ~ Steve Huey",How Could She?,Unknown,https://www.youtube.com/watch?v=SmFUCeRtq2Q&pp=ygUgVHlwZSBPIE5lZ2F0aXZlIC0gSG93IENvdWxkIFNoZT8%3D
Life Is Killing Me,https://lastfm.freetls.fastly.net/i/u/300x300/d7ec28f1f9834e84864d719b0a4092dd.png,Type O Negative,2003-06-16,"New York goth metal quartet Type O Negative were led by vocalist/bassist/songwriter Peter Steele and featured guitarist Ken Hickey, keyboardist Josh Silver, and drummer Johnny Kelly. Steele formed Type O Negative in 1990 out of the remnants of thrash band Carnivore, along with his friend Sal Abruscato (drums). Type O's music slowed down the tempos of thrash metal, alternately satirizing and wallowing in a glum mixture of misanthropy, misogyny, depression, and vampiric vocals, as well as loads of cheap-sounding guitar distortion. The band's debut album, Slow, Deep and Hard, was released in 1991, featuring long, mopey dirges with titles like ""Unsuccessfully Coping with the Natural Beauty of Infidelity.""
Not everyone appreciated Steele's dark sense of humor, though, and he was roasted by some critics who charged him with being a homicidal misogynist and Nazi sympathizer. A fake live album, The Origin of the Feces, appeared the following year, its notorious cover depicting a pair of spread buttocks (the album was eventually reissued with less graphic artwork). Released in 1993, Bloody Kisses added surprisingly skilled Beatlesque melodies, and Steele's often ironic treatments of his depressing subject matter and the emotional and musical excesses of goth (particularly Type O Negative's brand) were deadly accurate and often very funny. Abruscato departed following its release to join Life of Agony, at which point Kelly joined the band. Bloody Kisses slowly won the band a cult following, thanks in part to the video for ""Black No. 1"" and the band's constant touring, and the album cracked Billboard's Top 200 well over a year after its release.
The more upbeat follow-up, October Rust, appeared in 1996, building on the more pop-oriented tracks of its predecessor; in the meantime, Steele achieved notoriety by appearing as a Playgirl magazine centerfold. World Coming Down finally appeared in 1999 after a three-year hiatus, a considerably darker affair than October Rust but proof that -- in spite of Steele's pronouncements to the contrary -- its predecessors were no fluke. In 2000, Roadrunner compiled The Least Worst of Type O Negative, which featured European single edits and alternate mixes of the band's most popular songs, plus several unreleased tracks. Life Is Killing Me arrived in 2003 with a cover of ""Angry Inch"" from the film Hedwig and the Angry Inch. Four years passed before the band returned with Dead Again. On April 14, 2010, Steele died from apparent heart failure at the age of 48, which brought Type O Negative to a close as a performing and recording unit. ~ Steve Huey",(We Were) Electrocute,Unknown,https://www.youtube.com/watch?v=my40o4qiw3s&pp=ygUnVHlwZSBPIE5lZ2F0aXZlIC0gKFdlIFdlcmUpIEVsZWN0cm9jdXRl
Life Is Killing Me,https://lastfm.freetls.fastly.net/i/u/300x300/d7ec28f1f9834e84864d719b0a4092dd.png,Type O Negative,2003-06-16,"New York goth metal quartet Type O Negative were led by vocalist/bassist/songwriter Peter Steele and featured guitarist Ken Hickey, keyboardist Josh Silver, and drummer Johnny Kelly. Steele formed Type O Negative in 1990 out of the remnants of thrash band Carnivore, along with his friend Sal Abruscato (drums). Type O's music slowed down the tempos of thrash metal, alternately satirizing and wallowing in a glum mixture of misanthropy, misogyny, depression, and vampiric vocals, as well as loads of cheap-sounding guitar distortion. The band's debut album, Slow, Deep and Hard, was released in 1991, featuring long, mopey dirges with titles like ""Unsuccessfully Coping with the Natural Beauty of Infidelity.""
Not everyone appreciated Steele's dark sense of humor, though, and he was roasted by some critics who charged him with being a homicidal misogynist and Nazi sympathizer. A fake live album, The Origin of the Feces, appeared the following year, its notorious cover depicting a pair of spread buttocks (the album was eventually reissued with less graphic artwork). Released in 1993, Bloody Kisses added surprisingly skilled Beatlesque melodies, and Steele's often ironic treatments of his depressing subject matter and the emotional and musical excesses of goth (particularly Type O Negative's brand) were deadly accurate and often very funny. Abruscato departed following its release to join Life of Agony, at which point Kelly joined the band. Bloody Kisses slowly won the band a cult following, thanks in part to the video for ""Black No. 1"" and the band's constant touring, and the album cracked Billboard's Top 200 well over a year after its release.
The more upbeat follow-up, October Rust, appeared in 1996, building on the more pop-oriented tracks of its predecessor; in the meantime, Steele achieved notoriety by appearing as a Playgirl magazine centerfold. World Coming Down finally appeared in 1999 after a three-year hiatus, a considerably darker affair than October Rust but proof that -- in spite of Steele's pronouncements to the contrary -- its predecessors were no fluke. In 2000, Roadrunner compiled The Least Worst of Type O Negative, which featured European single edits and alternate mixes of the band's most popular songs, plus several unreleased tracks. Life Is Killing Me arrived in 2003 with a cover of ""Angry Inch"" from the film Hedwig and the Angry Inch. Four years passed before the band returned with Dead Again. On April 14, 2010, Steele died from apparent heart failure at the age of 48, which brought Type O Negative to a close as a performing and recording unit. ~ Steve Huey",IYDKMIGTHTKY (Gimme That),Unknown,https://www.youtube.com/watch?v=q2QKTnXTuyI&pp=ygUrVHlwZSBPIE5lZ2F0aXZlIC0gSVlES01JR1RIVEtZIChHaW1tZSBUaGF0KQ%3D%3D
Life Is Killing Me,https://lastfm.freetls.fastly.net/i/u/300x300/d7ec28f1f9834e84864d719b0a4092dd.png,Type O Negative,2003-06-16,"New York goth metal quartet Type O Negative were led by vocalist/bassist/songwriter Peter Steele and featured guitarist Ken Hickey, keyboardist Josh Silver, and drummer Johnny Kelly. Steele formed Type O Negative in 1990 out of the remnants of thrash band Carnivore, along with his friend Sal Abruscato (drums). Type O's music slowed down the tempos of thrash metal, alternately satirizing and wallowing in a glum mixture of misanthropy, misogyny, depression, and vampiric vocals, as well as loads of cheap-sounding guitar distortion. The band's debut album, Slow, Deep and Hard, was released in 1991, featuring long, mopey dirges with titles like ""Unsuccessfully Coping with the Natural Beauty of Infidelity.""
Not everyone appreciated Steele's dark sense of humor, though, and he was roasted by some critics who charged him with being a homicidal misogynist and Nazi sympathizer. A fake live album, The Origin of the Feces, appeared the following year, its notorious cover depicting a pair of spread buttocks (the album was eventually reissued with less graphic artwork). Released in 1993, Bloody Kisses added surprisingly skilled Beatlesque melodies, and Steele's often ironic treatments of his depressing subject matter and the emotional and musical excesses of goth (particularly Type O Negative's brand) were deadly accurate and often very funny. Abruscato departed following its release to join Life of Agony, at which point Kelly joined the band. Bloody Kisses slowly won the band a cult following, thanks in part to the video for ""Black No. 1"" and the band's constant touring, and the album cracked Billboard's Top 200 well over a year after its release.
The more upbeat follow-up, October Rust, appeared in 1996, building on the more pop-oriented tracks of its predecessor; in the meantime, Steele achieved notoriety by appearing as a Playgirl magazine centerfold. World Coming Down finally appeared in 1999 after a three-year hiatus, a considerably darker affair than October Rust but proof that -- in spite of Steele's pronouncements to the contrary -- its predecessors were no fluke. In 2000, Roadrunner compiled The Least Worst of Type O Negative, which featured European single edits and alternate mixes of the band's most popular songs, plus several unreleased tracks. Life Is Killing Me arrived in 2003 with a cover of ""Angry Inch"" from the film Hedwig and the Angry Inch. Four years passed before the band returned with Dead Again. On April 14, 2010, Steele died from apparent heart failure at the age of 48, which brought Type O Negative to a close as a performing and recording unit. ~ Steve Huey",Anesthesia,Unknown,https://www.youtube.com/watch?v=K3DcfBv0jKY&pp=ygUaVHlwZSBPIE5lZ2F0aXZlIEFuZXN0aGVzaWE%3D
Life Is Killing Me,https://lastfm.freetls.fastly.net/i/u/300x300/d7ec28f1f9834e84864d719b0a4092dd.png,Type O Negative,2003-06-16,"New York goth metal quartet Type O Negative were led by vocalist/bassist/songwriter Peter Steele and featured guitarist Ken Hickey, keyboardist Josh Silver, and drummer Johnny Kelly. Steele formed Type O Negative in 1990 out of the remnants of thrash band Carnivore, along with his friend Sal Abruscato (drums). Type O's music slowed down the tempos of thrash metal, alternately satirizing and wallowing in a glum mixture of misanthropy, misogyny, depression, and vampiric vocals, as well as loads of cheap-sounding guitar distortion. The band's debut album, Slow, Deep and Hard, was released in 1991, featuring long, mopey dirges with titles like ""Unsuccessfully Coping with the Natural Beauty of Infidelity.""
Not everyone appreciated Steele's dark sense of humor, though, and he was roasted by some critics who charged him with being a homicidal misogynist and Nazi sympathizer. A fake live album, The Origin of the Feces, appeared the following year, its notorious cover depicting a pair of spread buttocks (the album was eventually reissued with less graphic artwork). Released in 1993, Bloody Kisses added surprisingly skilled Beatlesque melodies, and Steele's often ironic treatments of his depressing subject matter and the emotional and musical excesses of goth (particularly Type O Negative's brand) were deadly accurate and often very funny. Abruscato departed following its release to join Life of Agony, at which point Kelly joined the band. Bloody Kisses slowly won the band a cult following, thanks in part to the video for ""Black No. 1"" and the band's constant touring, and the album cracked Billboard's Top 200 well over a year after its release.
The more upbeat follow-up, October Rust, appeared in 1996, building on the more pop-oriented tracks of its predecessor; in the meantime, Steele achieved notoriety by appearing as a Playgirl magazine centerfold. World Coming Down finally appeared in 1999 after a three-year hiatus, a considerably darker affair than October Rust but proof that -- in spite of Steele's pronouncements to the contrary -- its predecessors were no fluke. In 2000, Roadrunner compiled The Least Worst of Type O Negative, which featured European single edits and alternate mixes of the band's most popular songs, plus several unreleased tracks. Life Is Killing Me arrived in 2003 with a cover of ""Angry Inch"" from the film Hedwig and the Angry Inch. Four years passed before the band returned with Dead Again. On April 14, 2010, Steele died from apparent heart failure at the age of 48, which brought Type O Negative to a close as a performing and recording unit. ~ Steve Huey",I Don’t Wanna Be Me,Unknown,https://www.youtube.com/watch?v=LXIWRan3XGY&pp=ygUiVHlwZSBPIE5lZ2F0aXZlIEkgRG9udCBXYW5uYSBCZSBNZQ%3D%3D
October Rust,https://lastfm.freetls.fastly.net/i/u/300x300/bb830427ca254d869290b316116fd372.jpg,Type O Negative,1996-08-20,"New York goth metal quartet Type O Negative were led by vocalist/bassist/songwriter Peter Steele and featured guitarist Ken Hickey, keyboardist Josh Silver, and drummer Johnny Kelly. Steele formed Type O Negative in 1990 out of the remnants of thrash band Carnivore, along with his friend Sal Abruscato (drums). Type O's music slowed down the tempos of thrash metal, alternately satirizing and wallowing in a glum mixture of misanthropy, misogyny, depression, and vampiric vocals, as well as loads of cheap-sounding guitar distortion. The band's debut album, Slow, Deep and Hard, was released in 1991, featuring long, mopey dirges with titles like ""Unsuccessfully Coping with the Natural Beauty of Infidelity.""
Not everyone appreciated Steele's dark sense of humor, though, and he was roasted by some critics who charged him with being a homicidal misogynist and Nazi sympathizer. A fake live album, The Origin of the Feces, appeared the following year, its notorious cover depicting a pair of spread buttocks (the album was eventually reissued with less graphic artwork). Released in 1993, Bloody Kisses added surprisingly skilled Beatlesque melodies, and Steele's often ironic treatments of his depressing subject matter and the emotional and musical excesses of goth (particularly Type O Negative's brand) were deadly accurate and often very funny. Abruscato departed following its release to join Life of Agony, at which point Kelly joined the band. Bloody Kisses slowly won the band a cult following, thanks in part to the video for ""Black No. 1"" and the band's constant touring, and the album cracked Billboard's Top 200 well over a year after its release.
The more upbeat follow-up, October Rust, appeared in 1996, building on the more pop-oriented tracks of its predecessor; in the meantime, Steele achieved notoriety by appearing as a Playgirl magazine centerfold. World Coming Down finally appeared in 1999 after a three-year hiatus, a considerably darker affair than October Rust but proof that -- in spite of Steele's pronouncements to the contrary -- its predecessors were no fluke. In 2000, Roadrunner compiled The Least Worst of Type O Negative, which featured European single edits and alternate mixes of the band's most popular songs, plus several unreleased tracks. Life Is Killing Me arrived in 2003 with a cover of ""Angry Inch"" from the film Hedwig and the Angry Inch. Four years passed before the band returned with Dead Again. On April 14, 2010, Steele died from apparent heart failure at the age of 48, which brought Type O Negative to a close as a performing and recording unit. ~ Steve Huey",Green Man,Unknown,https://www.youtube.com/watch?v=EWkh13Efebg&pp=ygUbVHlwZSBPIE5lZ2F0aXZlIC0gR3JlZW4gTWFu
World Coming Down,https://lastfm.freetls.fastly.net/i/u/300x300/c31e9911d92c44a7b6312ceb156bf78d.png,Type O Negative,1999-09-20,"New York goth metal quartet Type O Negative were led by vocalist/bassist/songwriter Peter Steele and featured guitarist Ken Hickey, keyboardist Josh Silver, and drummer Johnny Kelly. Steele formed Type O Negative in 1990 out of the remnants of thrash band Carnivore, along with his friend Sal Abruscato (drums). Type O's music slowed down the tempos of thrash metal, alternately satirizing and wallowing in a glum mixture of misanthropy, misogyny, depression, and vampiric vocals, as well as loads of cheap-sounding guitar distortion. The band's debut album, Slow, Deep and Hard, was released in 1991, featuring long, mopey dirges with titles like ""Unsuccessfully Coping with the Natural Beauty of Infidelity.""
Not everyone appreciated Steele's dark sense of humor, though, and he was roasted by some critics who charged him with being a homicidal misogynist and Nazi sympathizer. A fake live album, The Origin of the Feces, appeared the following year, its notorious cover depicting a pair of spread buttocks (the album was eventually reissued with less graphic artwork). Released in 1993, Bloody Kisses added surprisingly skilled Beatlesque melodies, and Steele's often ironic treatments of his depressing subject matter and the emotional and musical excesses of goth (particularly Type O Negative's brand) were deadly accurate and often very funny. Abruscato departed following its release to join Life of Agony, at which point Kelly joined the band. Bloody Kisses slowly won the band a cult following, thanks in part to the video for ""Black No. 1"" and the band's constant touring, and the album cracked Billboard's Top 200 well over a year after its release.
The more upbeat follow-up, October Rust, appeared in 1996, building on the more pop-oriented tracks of its predecessor; in the meantime, Steele achieved notoriety by appearing as a Playgirl magazine centerfold. World Coming Down finally appeared in 1999 after a three-year hiatus, a considerably darker affair than October Rust but proof that -- in spite of Steele's pronouncements to the contrary -- its predecessors were no fluke. In 2000, Roadrunner compiled The Least Worst of Type O Negative, which featured European single edits and alternate mixes of the band's most popular songs, plus several unreleased tracks. Life Is Killing Me arrived in 2003 with a cover of ""Angry Inch"" from the film Hedwig and the Angry Inch. Four years passed before the band returned with Dead Again. On April 14, 2010, Steele died from apparent heart failure at the age of 48, which brought Type O Negative to a close as a performing and recording unit. ~ Steve Huey",Everyone I Love Is Dead,Unknown,https://www.youtube.com/watch?v=XhTHHBE_hgs&pp=ygUpVHlwZSBPIE5lZ2F0aXZlIC0gRXZlcnlvbmUgSSBMb3ZlIElzIERlYWTSBwkJhAkBhyohjO8%3D
World Coming Down,https://lastfm.freetls.fastly.net/i/u/300x300/c31e9911d92c44a7b6312ceb156bf78d.png,Type O Negative,1999-09-20,"New York goth metal quartet Type O Negative were led by vocalist/bassist/songwriter Peter Steele and featured guitarist Ken Hickey, keyboardist Josh Silver, and drummer Johnny Kelly. Steele formed Type O Negative in 1990 out of the remnants of thrash band Carnivore, along with his friend Sal Abruscato (drums). Type O's music slowed down the tempos of thrash metal, alternately satirizing and wallowing in a glum mixture of misanthropy, misogyny, depression, and vampiric vocals, as well as loads of cheap-sounding guitar distortion. The band's debut album, Slow, Deep and Hard, was released in 1991, featuring long, mopey dirges with titles like ""Unsuccessfully Coping with the Natural Beauty of Infidelity.""
Not everyone appreciated Steele's dark sense of humor, though, and he was roasted by some critics who charged him with being a homicidal misogynist and Nazi sympathizer. A fake live album, The Origin of the Feces, appeared the following year, its notorious cover depicting a pair of spread buttocks (the album was eventually reissued with less graphic artwork). Released in 1993, Bloody Kisses added surprisingly skilled Beatlesque melodies, and Steele's often ironic treatments of his depressing subject matter and the emotional and musical excesses of goth (particularly Type O Negative's brand) were deadly accurate and often very funny. Abruscato departed following its release to join Life of Agony, at which point Kelly joined the band. Bloody Kisses slowly won the band a cult following, thanks in part to the video for ""Black No. 1"" and the band's constant touring, and the album cracked Billboard's Top 200 well over a year after its release.
The more upbeat follow-up, October Rust, appeared in 1996, building on the more pop-oriented tracks of its predecessor; in the meantime, Steele achieved notoriety by appearing as a Playgirl magazine centerfold. World Coming Down finally appeared in 1999 after a three-year hiatus, a considerably darker affair than October Rust but proof that -- in spite of Steele's pronouncements to the contrary -- its predecessors were no fluke. In 2000, Roadrunner compiled The Least Worst of Type O Negative, which featured European single edits and alternate mixes of the band's most popular songs, plus several unreleased tracks. Life Is Killing Me arrived in 2003 with a cover of ""Angry Inch"" from the film Hedwig and the Angry Inch. Four years passed before the band returned with Dead Again. On April 14, 2010, Steele died from apparent heart failure at the age of 48, which brought Type O Negative to a close as a performing and recording unit. ~ Steve Huey",World Coming Down,Unknown,https://www.youtube.com/watch?v=KTxgN693xjo&pp=ygUjVHlwZSBPIE5lZ2F0aXZlIC0gV29ybGQgQ29taW5nIERvd24%3D
World Coming Down,https://lastfm.freetls.fastly.net/i/u/300x300/c31e9911d92c44a7b6312ceb156bf78d.png,Type O Negative,1999-09-20,"New York goth metal quartet Type O Negative were led by vocalist/bassist/songwriter Peter Steele and featured guitarist Ken Hickey, keyboardist Josh Silver, and drummer Johnny Kelly. Steele formed Type O Negative in 1990 out of the remnants of thrash band Carnivore, along with his friend Sal Abruscato (drums). Type O's music slowed down the tempos of thrash metal, alternately satirizing and wallowing in a glum mixture of misanthropy, misogyny, depression, and vampiric vocals, as well as loads of cheap-sounding guitar distortion. The band's debut album, Slow, Deep and Hard, was released in 1991, featuring long, mopey dirges with titles like ""Unsuccessfully Coping with the Natural Beauty of Infidelity.""
Not everyone appreciated Steele's dark sense of humor, though, and he was roasted by some critics who charged him with being a homicidal misogynist and Nazi sympathizer. A fake live album, The Origin of the Feces, appeared the following year, its notorious cover depicting a pair of spread buttocks (the album was eventually reissued with less graphic artwork). Released in 1993, Bloody Kisses added surprisingly skilled Beatlesque melodies, and Steele's often ironic treatments of his depressing subject matter and the emotional and musical excesses of goth (particularly Type O Negative's brand) were deadly accurate and often very funny. Abruscato departed following its release to join Life of Agony, at which point Kelly joined the band. Bloody Kisses slowly won the band a cult following, thanks in part to the video for ""Black No. 1"" and the band's constant touring, and the album cracked Billboard's Top 200 well over a year after its release.
The more upbeat follow-up, October Rust, appeared in 1996, building on the more pop-oriented tracks of its predecessor; in the meantime, Steele achieved notoriety by appearing as a Playgirl magazine centerfold. World Coming Down finally appeared in 1999 after a three-year hiatus, a considerably darker affair than October Rust but proof that -- in spite of Steele's pronouncements to the contrary -- its predecessors were no fluke. In 2000, Roadrunner compiled The Least Worst of Type O Negative, which featured European single edits and alternate mixes of the band's most popular songs, plus several unreleased tracks. Life Is Killing Me arrived in 2003 with a cover of ""Angry Inch"" from the film Hedwig and the Angry Inch. Four years passed before the band returned with Dead Again. On April 14, 2010, Steele died from apparent heart failure at the age of 48, which brought Type O Negative to a close as a performing and recording unit. ~ Steve Huey",Creepy Green Light,Unknown,https://www.youtube.com/watch?v=jQJ3DjQVrdg&pp=ygUkVHlwZSBPIE5lZ2F0aXZlIC0gQ3JlZXB5IEdyZWVuIExpZ2h0
World Coming Down,https://lastfm.freetls.fastly.net/i/u/300x300/c31e9911d92c44a7b6312ceb156bf78d.png,Type O Negative,1999-09-20,"New York goth metal quartet Type O Negative were led by vocalist/bassist/songwriter Peter Steele and featured guitarist Ken Hickey, keyboardist Josh Silver, and drummer Johnny Kelly. Steele formed Type O Negative in 1990 out of the remnants of thrash band Carnivore, along with his friend Sal Abruscato (drums). Type O's music slowed down the tempos of thrash metal, alternately satirizing and wallowing in a glum mixture of misanthropy, misogyny, depression, and vampiric vocals, as well as loads of cheap-sounding guitar distortion. The band's debut album, Slow, Deep and Hard, was released in 1991, featuring long, mopey dirges with titles like ""Unsuccessfully Coping with the Natural Beauty of Infidelity.""
Not everyone appreciated Steele's dark sense of humor, though, and he was roasted by some critics who charged him with being a homicidal misogynist and Nazi sympathizer. A fake live album, The Origin of the Feces, appeared the following year, its notorious cover depicting a pair of spread buttocks (the album was eventually reissued with less graphic artwork). Released in 1993, Bloody Kisses added surprisingly skilled Beatlesque melodies, and Steele's often ironic treatments of his depressing subject matter and the emotional and musical excesses of goth (particularly Type O Negative's brand) were deadly accurate and often very funny. Abruscato departed following its release to join Life of Agony, at which point Kelly joined the band. Bloody Kisses slowly won the band a cult following, thanks in part to the video for ""Black No. 1"" and the band's constant touring, and the album cracked Billboard's Top 200 well over a year after its release.
The more upbeat follow-up, October Rust, appeared in 1996, building on the more pop-oriented tracks of its predecessor; in the meantime, Steele achieved notoriety by appearing as a Playgirl magazine centerfold. World Coming Down finally appeared in 1999 after a three-year hiatus, a considerably darker affair than October Rust but proof that -- in spite of Steele's pronouncements to the contrary -- its predecessors were no fluke. In 2000, Roadrunner compiled The Least Worst of Type O Negative, which featured European single edits and alternate mixes of the band's most popular songs, plus several unreleased tracks. Life Is Killing Me arrived in 2003 with a cover of ""Angry Inch"" from the film Hedwig and the Angry Inch. Four years passed before the band returned with Dead Again. On April 14, 2010, Steele died from apparent heart failure at the age of 48, which brought Type O Negative to a close as a performing and recording unit. ~ Steve Huey",Everything Dies,Unknown,https://www.youtube.com/watch?v=NJ3aiM8K6D0&pp=ygUfVHlwZSBPIE5lZ2F0aXZlIEV2ZXJ5dGhpbmcgRGllcw%3D%3D
World Coming Down,https://lastfm.freetls.fastly.net/i/u/300x300/c31e9911d92c44a7b6312ceb156bf78d.png,Type O Negative,1999-09-20,"New York goth metal quartet Type O Negative were led by vocalist/bassist/songwriter Peter Steele and featured guitarist Ken Hickey, keyboardist Josh Silver, and drummer Johnny Kelly. Steele formed Type O Negative in 1990 out of the remnants of thrash band Carnivore, along with his friend Sal Abruscato (drums). Type O's music slowed down the tempos of thrash metal, alternately satirizing and wallowing in a glum mixture of misanthropy, misogyny, depression, and vampiric vocals, as well as loads of cheap-sounding guitar distortion. The band's debut album, Slow, Deep and Hard, was released in 1991, featuring long, mopey dirges with titles like ""Unsuccessfully Coping with the Natural Beauty of Infidelity.""
Not everyone appreciated Steele's dark sense of humor, though, and he was roasted by some critics who charged him with being a homicidal misogynist and Nazi sympathizer. A fake live album, The Origin of the Feces, appeared the following year, its notorious cover depicting a pair of spread buttocks (the album was eventually reissued with less graphic artwork). Released in 1993, Bloody Kisses added surprisingly skilled Beatlesque melodies, and Steele's often ironic treatments of his depressing subject matter and the emotional and musical excesses of goth (particularly Type O Negative's brand) were deadly accurate and often very funny. Abruscato departed following its release to join Life of Agony, at which point Kelly joined the band. Bloody Kisses slowly won the band a cult following, thanks in part to the video for ""Black No. 1"" and the band's constant touring, and the album cracked Billboard's Top 200 well over a year after its release.
The more upbeat follow-up, October Rust, appeared in 1996, building on the more pop-oriented tracks of its predecessor; in the meantime, Steele achieved notoriety by appearing as a Playgirl magazine centerfold. World Coming Down finally appeared in 1999 after a three-year hiatus, a considerably darker affair than October Rust but proof that -- in spite of Steele's pronouncements to the contrary -- its predecessors were no fluke. In 2000, Roadrunner compiled The Least Worst of Type O Negative, which featured European single edits and alternate mixes of the band's most popular songs, plus several unreleased tracks. Life Is Killing Me arrived in 2003 with a cover of ""Angry Inch"" from the film Hedwig and the Angry Inch. Four years passed before the band returned with Dead Again. On April 14, 2010, Steele died from apparent heart failure at the age of 48, which brought Type O Negative to a close as a performing and recording unit. ~ Steve Huey",Pyretta Blaze,Unknown,https://www.youtube.com/watch?v=JZv1hiywTHU&pp=ygUdVHlwZSBPIE5lZ2F0aXZlIFB5cmV0dGEgQmxhemU%3D
Duana,,Tùatha Dé Danann,1999-01-01,http://www.tuatha.it/tuatha/welcome.htm Read more on Last.fm. User-contributed text is available under the Creative Commons By-SA License; additional terms may apply.,Eala Fo Leòn / Jig,Unknown,https://www.youtube.com/watch?v=xuFzrKRraCo&pp=ygUkVMO5YXRoYSBEw6kgRGFuYW5uIEVhbGEgRm8gTGXDsm4gSmln
All That You Can’t Leave Behind,https://lastfm.freetls.fastly.net/i/u/300x300/5de7a559b25f41d29c2a4596efa6d13b.jpg,U2,2000-10-30,"U2 catapulted over its post-punk peers to become the biggest rock & roll band in the world, a title they earned after the release of The Joshua Tree in 1987 and maintained well into the 21st century. Alone among all the groups to emerge from the post-punk era, U2 channeled their yen for moody, experimental aural textures into clearly defined rock anthems and ballads -- songs that sounded majestic yet felt personal. Much of that sense of intimacy can be attributed to Bono, a lead singer who gravitates toward grand gestures yet remains grounded by his belief in humanity and the revolutionary power of rock & roll. This sense of righteousness never left U2, not even after the group sold millions of albums all over the globe, but it burned brightest on their earliest records such as 1983's galvanizing War, when the cavernous guitar of the Edge still seemed flinty and the rhythm section of Larry Mullen, Jr. and Adam Clayton conveyed the grit of the group's punk beginnings. This phase of U2 crested around the time they stole the show at Live Aid in 1985, an event that laid the groundwork for The Joshua Tree. Powered by the twin Billboard chart-toppers ""With or Without You"" and ""I Still Haven't Found What I'm Looking For,"" The Joshua Tree contained the group's most direct music to date, yet that immediacy was countered by evocative, noir-ish production, setting a precedent U2 would follow for the rest of their career. Still, they continued to evolve. Their first -- and most radical -- reinvention arrived in 1991, with the dense, electronics-drenched Achtung Baby, a left turn that set the pace for a decade of risk-taking that culminated with 1997's Pop; an album that topped the charts even as it challenged fan expectations . U2 righted themselves with 2000's All That You Can't Leave Behind, a streamlined back-to-basics album that brought them to a cruising altitude they maintained through the 2000s, as they released albums like How to Dismantle an Atomic Bomb and No Line on the Horizon that kept them at the forefront of mainstream rock. While they revisited the anthemic energy of their youth with 2014's Songs of Innocence, the album's release as a no-cost download to the library of every iTunes user underscored their daring sensibilities; one they contrasted with the reflective 2017 companion album Songs of Experience. Along with 2023's Songs of Surrender, an album that found them reinterpreting 40 songs from their catalog, U2 have continued to find vital new ways to present themselves, such as their headlining a residency at the Sphere in Las Vegas which carried them through 2024.
The band's sound was undeniably indebted to post-punk, so it's mildly ironic that U2 formed in 1976, before punk had even reached their hometown of Dublin, Ireland. Larry Mullen, Jr. posted a notice on a high school bulletin board asking for fellow musicians to form a band. Bono, the Edge, Adam Clayton, and Dick Evans responded to the ad, and the teenagers got together as a Beatles and Stones cover band called the Feedback. They then changed their name to the Hype in 1977. Shortly afterward, Dick Evans left the band to form the Virgin Prunes, and they changed names once again, this time adopting the moniker of U2.
U2's first big break arrived in 1978, during the members' final year of high school when they won a talent contest sponsored by Guinness. By the end of the year, the Stranglers' manager, Paul McGuinness, had seen U2 play and offered to manage them. Even with a powerful manager in their corner, the band had trouble making much headway, and failed an audition with CBS Records at the end of the year. In the fall of 1979, U2 released their debut EP, U2 Three. The EP was available only in Ireland, where it topped the national charts. Shortly afterward, they began to play in England, but they failed to gain much attention away from home.
U2 scored one more chart-topping single, ""Another Day,"" in early 1980 before Island Records offered the group a contract. Later that year, the band's full-length debut, Boy, was released. Produced by Steve Lillywhite, the album's sweeping, atmospheric but edgy sound was unlike most recordings by U2's post-punk contemporaries, and the band earned further attention for its public embrace of Christianity; only Clayton was not a practicing Christian. Through constant touring, including opening gigs for Talking Heads, U2 were able to take Boy into the American Top 70 in early 1981. October, also produced by Lillywhite, followed in the fall, and it became their British breakthrough, reaching number 11 on the charts. By early 1983, Boy's ""I Will Follow"" and October's ""Gloria"" had become staples on MTV, which, along with their touring, gave U2 a formidable cult following in the U.S.
Released in the spring of 1983, the Lillywhite-produced War became U2's breakthrough release, entering the U.K. charts at number one and elevating them into arenas in the United States, where the album peaked at number 12. War had a stronger political message than its predecessors, as evidenced by the international hits ""Sunday Bloody Sunday"" and ""New Year's Day."" During the supporting tour, the band filmed its concert at Colorado's Red Rocks Amphitheater, releasing the show as an EP and video titled Under a Blood Red Sky. The EP entered in the U.K. charts at number two, becoming the most successful live recording in British history. U2 had become one of the most popular bands in the world, and their righteous political stance soon became replicated by many other bands, providing the impetus for the Band Aid and Live Aid projects in 1984 and 1985, respectively.
For the follow-up to War, U2 entered the studios with co-producers Brian Eno and Daniel Lanois, who helped give the resulting album an experimental, atmospheric tone. Released in the fall of 1984, The Unforgettable Fire replicated the chart status of War, entering the U.K. charts at number one and reaching number 12 in the U.S. The album also generated the group's first Top 40 hit in America with ""(Pride) In the Name of Love,"" a tribute to Martin Luther King, Jr. U2 supported the album with a successful international tour, highlighted by a show-stealing performance at Live Aid. Following the tour, the band released the live EP Wide Awake in America in 1985.
While U2 had become one of the most successful rock bands of the '80s, they didn't truly become superstars until the spring 1987 release of The Joshua Tree. Greeted with enthusiastic reviews, many of which proclaimed the album a masterpiece, The Joshua Tree became U2's first American number one hit and their third straight album to enter the U.K. charts at number one; in England, it set a record by going platinum within 28 hours. Generating the U.S. number one hits ""With or Without You"" and ""I Still Haven't Found What I'm Looking For,"" The Joshua Tree and the group's supporting tour became the biggest success story of 1987, earning U2 the cover of respected publications like Time magazine. U2 decided to film a documentary about their American tour, recording new material along the way. The project became Rattle & Hum, a film that was supported by a double-album soundtrack that was divided between live tracks and new material. While the album Rattle & Hum was a hit, the record and film received the weakest reviews of U2's career, with many critics taking issue with the group's fascination with American roots music like blues, soul, country, and folk. Following the release of Rattle & Hum, the band took an extended hiatus.
U2 reconvened in Berlin in 1990 to record a new album with Eno and Lanois. While the sessions for the album were difficult, the resulting record, Achtung Baby, represented a successful reinvention of the band's trademark sound. Where they had been inspired by post-punk in their early career and American music during their mid-career, U2 delved into electronic and dance music with Achtung Baby. Inspired equally by late-'70s Bowie and the Madchester scene in the U.K., Achtung Baby was sonically more eclectic and adventurous than U2's earlier work, and it didn't alienate their core audience. The album debuted at number one throughout the world and spawned Top Ten hits with ""Mysterious Ways"" and ""One.""
Early in 1992, the group launched an elaborate tour to support Achtung Baby. Dubbed Zoo TV, the tour was an innovative blend of multimedia electronics, featuring a stage filled with televisions, suspended cars, and cellular phones. Bono devised an alter ego called the Fly, which was a knowing send-up of rock stardom. Even under the ironic guise of the Fly and Zoo TV, it was evident that U2 were looser and more fun than ever before, even though they had not abandoned their trademark righteous political anger. Following the completion of the American Zoo TV tour in late 1992 and preceding the launch of the tour's European leg, U2 entered the studio to complete an EP of new material that soon became the full-length Zooropa. Released in the summer of 1993 to coincide with the tour of the same name, Zooropa demonstrated a heavier techno and dance influence than Achtung Baby and received strong reviews. Nevertheless, the album stalled at sales of two million and failed to generate a big hit single. During the subsequent Zooropa tour, the Fly metamorphosed into the demonic MacPhisto, which dominated the remainder of the tour. Upon the completion of the Zooropa tour in late 1993, the band took another extended break.
In 1995, U2 re-emerged with ""Hold Me, Thrill Me, Kiss Me, Kill Me,"" a glam rock theme to Batman Forever that was produced by Nellee Hooper (Björk, Soul II Soul). Later that year, they recorded the collaborative album Original Soundtracks, Vol. 1 with Brian Eno, releasing the record under the name the Passengers late in 1995. It was greeted with a muted reception, both critically and commercially. Many hardcore U2 fans (including drummer Larry Mullen, Jr.) were unhappy with the Passengers project, and U2 promised their next album, to be released in the fall of 1996, would be a rock & roll record.
The project took longer to complete than usual, ultimately being pushed back to the spring of 1997. During its delay, a few tracks, including the forthcoming first single ""Discotheque,"" were leaked, and it became clear that the new album was going to be heavily influenced by techno, dance, and electronic music. When it was finally released, Pop did indeed bear a heavier dance influence, but it was greeted with strong initial sales and a few positive reviews. Demand for the album lessened in the following months, however, and Pop ultimately became the band's least popular album in over a decade. In late 1998, the group returned with Best of 1980-1990, the first in a series of hits collections issued in conjunction with a reported 50-million-dollar agreement with Polygram. Included in the comprehensive track list was a remixed version of ""Sweetest Thing,"" originally released as B-side in 1987, which charted well in multiple countries.
Three years after the mediocre response to Pop, U2 teamed up with Eno and Lanois once again to release All That You Can't Leave Behind later in 2000. The album was heralded as a return to form, melding the band's classic sound with contemporary trends. It topped charts around the world, reached number three in America, earned Grammy Awards for the singles ""Beautiful Day"" and ""Walk On,"" and became the band's biggest-selling record in years. (The Elevation tour that followed also brought U2 a hefty paycheck.) Steve Lillywhite, producer of the early-'80s landmarks Boy, October, and War, returned to the helm for U2's next record, How to Dismantle an Atomic Bomb. Released in November 2004, it hit the top of the Billboard charts and quickly gained platinum status. The album also garnered eight Grammy Awards, including Album of the Year, Rock Album of the Year, and Song of the Year (for ""Sometimes You Can't Make It on Your Own,"" which Bono had written for his father). U2 were inducted into the Rock & Roll Hall of Fame in early 2005 and launched an international tour soon after, selling out arena venues in the U.S. and outdoor stadium shows abroad. The Vertigo Tour became the highest-grossing tour of 2005; by the time the entire tour concluded in late 2006, its gross of $389 million had made it the second most successful tour ever.
U2 returned to the drawing board in 2006 by partnering with veteran rock producer Rick Rubin. Two songs from those sessions appeared on the compilation U218 Singles, but the remaining material was ultimately scrapped. The band then turned to longtime friends Brian Eno, Daniel Lanois, and Steve Lillywhite, all of whom helped shape the sound of U2's 12th studio effort. Entitled No Line on the Horizon, the album was originally slated to appear in October 2008, although the release date was ultimately pushed back to March 2009. No Line on the Horizon was met with enthusiastic reviews but failed to yield a big radio single; even so, the band embarked on another lucrative tour that summer. A second leg, originally planned for 2010, was postponed when Bono suffered a slipped disc and underwent emergency back surgery. Touring resumed the following year, and the so-called 360 Tour was ultimately named the highest-grossing concert tour in history. Meanwhile, Bono and the Edge also worked on music for the Broadway musical Spider-Man: Turn Off the Dark, which opened in June 2011.
Not long after completing the 360 Tour, U2 turned their attention to recording their 13th album, a process that turned out to be rather complicated. Initially, the group worked with such dance-oriented producers as will.i.am and David Guetta, but as the sessions progressed, the concept of the record changed, as did the producers, with the band trying out Ryan Tedder and Flood before eventually settling in for the long haul with Danger Mouse. The first fruits of these sessions appeared in late 2013, when ""Ordinary Love"" was released as part of the soundtrack to the film Mandela: Long Walk to Freedom; the song was nominated for an Oscar and won a Golden Globe. The next song up was ""Invisible,"" which appeared to be the opening salvo for a new album as it soundtracked a commercial for Super Bowl XLVIII and the group played it on the inaugural February 17, 2014, episode of The Tonight Show Starring Jimmy Fallon. Commercial response to the single was lukewarm and the band retreated into the studio for several more months, unexpectedly emerging with a completed album called Songs of Innocence in September 2014. Available in its first month-and-a-half as a free download, Songs of Innocence saw a physical release in October. Upon that release, it debuted at nine on the Billboard 200, selling 25,000 copies in its first week. U2 toured the album through 2015 and began work on their next album, Songs of Experience, in 2016. They set the album aside in 2017 to celebrate the 30th anniversary of The Joshua Tree by touring that album and releasing a deluxe reissue of the 1987 LP. By late August 2017, the first music from Songs of Experience surfaced via a video of ""The Blackout,"" which was followed in early September by ""You're the Best Thing About Me,"" the first official single from the album. Songs of Experience appeared in December 2017 and the group supported it with an international tour that ran through 2018. The following year, U2 brought their Joshua Tree anniversary tour to Asia. In 2020, the band celebrated the 20th anniversary of All That You Can't Leave Behind with a super deluxe box set containing five CDs' worth of music. 2021's ""Your Song Saved My Life,"" from the Sing 2 soundtrack, marked U2's first new music of the decade.
The next phase in the band's Songs Of... era appeared in March 2023 with Songs of Surrender, a sprawling set of re-recorded, intimate versions of tracks chosen from their catalog and divided among the band, with each member choosing ten representative tracks. On the day of release, Bono and the Edge appeared in A Sort of Homecoming, With Dave Letterman, a documentary film set in Dublin that featured unreleased footage, interviews, and a special performance by the pair. The album peaked at number five on the Billboard 200 and topped both the Modern Rock and Alternative Albums charts.
In September 2023, they returned with the single ""Atomic City,"" released in conjunction with their U2:UV Achtung Baby residency at the Sphere at The Venetian Resort in Las Vegas. Produced by Jacknife Lee and Steve Lillywhite, the song found the band drawing upon their '70s dance-punk roots and paying homage to bands like Blondie and the Clash. Along with their extended Sphere shows, the group continued to explore their past catalog, releasing a 20th anniversary edition of 2004's How to Dismantle an Atomic Bomb, which appeared in November 2024 alongside a companion set of unreleased recordings from the sessions, How to Re-Assemble an Atomic Bomb. Featured on the album was the previously unreleased single ""Country Mile."" ~ Stephen Thomas Erlewine",Beautiful Day,Unknown,https://www.youtube.com/watch?v=co6WMzDOh1o&pp=ygUQVTIgQmVhdXRpZnVsIERheQ%3D%3D
"Hold Me, Thrill Me, Kiss Me, Kill Me",https://lastfm.freetls.fastly.net/i/u/300x300/8f8d4054234b4cdbe0355af5f07c5fb4.jpg,U2,1995-05-01,"U2 catapulted over its post-punk peers to become the biggest rock & roll band in the world, a title they earned after the release of The Joshua Tree in 1987 and maintained well into the 21st century. Alone among all the groups to emerge from the post-punk era, U2 channeled their yen for moody, experimental aural textures into clearly defined rock anthems and ballads -- songs that sounded majestic yet felt personal. Much of that sense of intimacy can be attributed to Bono, a lead singer who gravitates toward grand gestures yet remains grounded by his belief in humanity and the revolutionary power of rock & roll. This sense of righteousness never left U2, not even after the group sold millions of albums all over the globe, but it burned brightest on their earliest records such as 1983's galvanizing War, when the cavernous guitar of the Edge still seemed flinty and the rhythm section of Larry Mullen, Jr. and Adam Clayton conveyed the grit of the group's punk beginnings. This phase of U2 crested around the time they stole the show at Live Aid in 1985, an event that laid the groundwork for The Joshua Tree. Powered by the twin Billboard chart-toppers ""With or Without You"" and ""I Still Haven't Found What I'm Looking For,"" The Joshua Tree contained the group's most direct music to date, yet that immediacy was countered by evocative, noir-ish production, setting a precedent U2 would follow for the rest of their career. Still, they continued to evolve. Their first -- and most radical -- reinvention arrived in 1991, with the dense, electronics-drenched Achtung Baby, a left turn that set the pace for a decade of risk-taking that culminated with 1997's Pop; an album that topped the charts even as it challenged fan expectations . U2 righted themselves with 2000's All That You Can't Leave Behind, a streamlined back-to-basics album that brought them to a cruising altitude they maintained through the 2000s, as they released albums like How to Dismantle an Atomic Bomb and No Line on the Horizon that kept them at the forefront of mainstream rock. While they revisited the anthemic energy of their youth with 2014's Songs of Innocence, the album's release as a no-cost download to the library of every iTunes user underscored their daring sensibilities; one they contrasted with the reflective 2017 companion album Songs of Experience. Along with 2023's Songs of Surrender, an album that found them reinterpreting 40 songs from their catalog, U2 have continued to find vital new ways to present themselves, such as their headlining a residency at the Sphere in Las Vegas which carried them through 2024.
The band's sound was undeniably indebted to post-punk, so it's mildly ironic that U2 formed in 1976, before punk had even reached their hometown of Dublin, Ireland. Larry Mullen, Jr. posted a notice on a high school bulletin board asking for fellow musicians to form a band. Bono, the Edge, Adam Clayton, and Dick Evans responded to the ad, and the teenagers got together as a Beatles and Stones cover band called the Feedback. They then changed their name to the Hype in 1977. Shortly afterward, Dick Evans left the band to form the Virgin Prunes, and they changed names once again, this time adopting the moniker of U2.
U2's first big break arrived in 1978, during the members' final year of high school when they won a talent contest sponsored by Guinness. By the end of the year, the Stranglers' manager, Paul McGuinness, had seen U2 play and offered to manage them. Even with a powerful manager in their corner, the band had trouble making much headway, and failed an audition with CBS Records at the end of the year. In the fall of 1979, U2 released their debut EP, U2 Three. The EP was available only in Ireland, where it topped the national charts. Shortly afterward, they began to play in England, but they failed to gain much attention away from home.
U2 scored one more chart-topping single, ""Another Day,"" in early 1980 before Island Records offered the group a contract. Later that year, the band's full-length debut, Boy, was released. Produced by Steve Lillywhite, the album's sweeping, atmospheric but edgy sound was unlike most recordings by U2's post-punk contemporaries, and the band earned further attention for its public embrace of Christianity; only Clayton was not a practicing Christian. Through constant touring, including opening gigs for Talking Heads, U2 were able to take Boy into the American Top 70 in early 1981. October, also produced by Lillywhite, followed in the fall, and it became their British breakthrough, reaching number 11 on the charts. By early 1983, Boy's ""I Will Follow"" and October's ""Gloria"" had become staples on MTV, which, along with their touring, gave U2 a formidable cult following in the U.S.
Released in the spring of 1983, the Lillywhite-produced War became U2's breakthrough release, entering the U.K. charts at number one and elevating them into arenas in the United States, where the album peaked at number 12. War had a stronger political message than its predecessors, as evidenced by the international hits ""Sunday Bloody Sunday"" and ""New Year's Day."" During the supporting tour, the band filmed its concert at Colorado's Red Rocks Amphitheater, releasing the show as an EP and video titled Under a Blood Red Sky. The EP entered in the U.K. charts at number two, becoming the most successful live recording in British history. U2 had become one of the most popular bands in the world, and their righteous political stance soon became replicated by many other bands, providing the impetus for the Band Aid and Live Aid projects in 1984 and 1985, respectively.
For the follow-up to War, U2 entered the studios with co-producers Brian Eno and Daniel Lanois, who helped give the resulting album an experimental, atmospheric tone. Released in the fall of 1984, The Unforgettable Fire replicated the chart status of War, entering the U.K. charts at number one and reaching number 12 in the U.S. The album also generated the group's first Top 40 hit in America with ""(Pride) In the Name of Love,"" a tribute to Martin Luther King, Jr. U2 supported the album with a successful international tour, highlighted by a show-stealing performance at Live Aid. Following the tour, the band released the live EP Wide Awake in America in 1985.
While U2 had become one of the most successful rock bands of the '80s, they didn't truly become superstars until the spring 1987 release of The Joshua Tree. Greeted with enthusiastic reviews, many of which proclaimed the album a masterpiece, The Joshua Tree became U2's first American number one hit and their third straight album to enter the U.K. charts at number one; in England, it set a record by going platinum within 28 hours. Generating the U.S. number one hits ""With or Without You"" and ""I Still Haven't Found What I'm Looking For,"" The Joshua Tree and the group's supporting tour became the biggest success story of 1987, earning U2 the cover of respected publications like Time magazine. U2 decided to film a documentary about their American tour, recording new material along the way. The project became Rattle & Hum, a film that was supported by a double-album soundtrack that was divided between live tracks and new material. While the album Rattle & Hum was a hit, the record and film received the weakest reviews of U2's career, with many critics taking issue with the group's fascination with American roots music like blues, soul, country, and folk. Following the release of Rattle & Hum, the band took an extended hiatus.
U2 reconvened in Berlin in 1990 to record a new album with Eno and Lanois. While the sessions for the album were difficult, the resulting record, Achtung Baby, represented a successful reinvention of the band's trademark sound. Where they had been inspired by post-punk in their early career and American music during their mid-career, U2 delved into electronic and dance music with Achtung Baby. Inspired equally by late-'70s Bowie and the Madchester scene in the U.K., Achtung Baby was sonically more eclectic and adventurous than U2's earlier work, and it didn't alienate their core audience. The album debuted at number one throughout the world and spawned Top Ten hits with ""Mysterious Ways"" and ""One.""
Early in 1992, the group launched an elaborate tour to support Achtung Baby. Dubbed Zoo TV, the tour was an innovative blend of multimedia electronics, featuring a stage filled with televisions, suspended cars, and cellular phones. Bono devised an alter ego called the Fly, which was a knowing send-up of rock stardom. Even under the ironic guise of the Fly and Zoo TV, it was evident that U2 were looser and more fun than ever before, even though they had not abandoned their trademark righteous political anger. Following the completion of the American Zoo TV tour in late 1992 and preceding the launch of the tour's European leg, U2 entered the studio to complete an EP of new material that soon became the full-length Zooropa. Released in the summer of 1993 to coincide with the tour of the same name, Zooropa demonstrated a heavier techno and dance influence than Achtung Baby and received strong reviews. Nevertheless, the album stalled at sales of two million and failed to generate a big hit single. During the subsequent Zooropa tour, the Fly metamorphosed into the demonic MacPhisto, which dominated the remainder of the tour. Upon the completion of the Zooropa tour in late 1993, the band took another extended break.
In 1995, U2 re-emerged with ""Hold Me, Thrill Me, Kiss Me, Kill Me,"" a glam rock theme to Batman Forever that was produced by Nellee Hooper (Björk, Soul II Soul). Later that year, they recorded the collaborative album Original Soundtracks, Vol. 1 with Brian Eno, releasing the record under the name the Passengers late in 1995. It was greeted with a muted reception, both critically and commercially. Many hardcore U2 fans (including drummer Larry Mullen, Jr.) were unhappy with the Passengers project, and U2 promised their next album, to be released in the fall of 1996, would be a rock & roll record.
The project took longer to complete than usual, ultimately being pushed back to the spring of 1997. During its delay, a few tracks, including the forthcoming first single ""Discotheque,"" were leaked, and it became clear that the new album was going to be heavily influenced by techno, dance, and electronic music. When it was finally released, Pop did indeed bear a heavier dance influence, but it was greeted with strong initial sales and a few positive reviews. Demand for the album lessened in the following months, however, and Pop ultimately became the band's least popular album in over a decade. In late 1998, the group returned with Best of 1980-1990, the first in a series of hits collections issued in conjunction with a reported 50-million-dollar agreement with Polygram. Included in the comprehensive track list was a remixed version of ""Sweetest Thing,"" originally released as B-side in 1987, which charted well in multiple countries.
Three years after the mediocre response to Pop, U2 teamed up with Eno and Lanois once again to release All That You Can't Leave Behind later in 2000. The album was heralded as a return to form, melding the band's classic sound with contemporary trends. It topped charts around the world, reached number three in America, earned Grammy Awards for the singles ""Beautiful Day"" and ""Walk On,"" and became the band's biggest-selling record in years. (The Elevation tour that followed also brought U2 a hefty paycheck.) Steve Lillywhite, producer of the early-'80s landmarks Boy, October, and War, returned to the helm for U2's next record, How to Dismantle an Atomic Bomb. Released in November 2004, it hit the top of the Billboard charts and quickly gained platinum status. The album also garnered eight Grammy Awards, including Album of the Year, Rock Album of the Year, and Song of the Year (for ""Sometimes You Can't Make It on Your Own,"" which Bono had written for his father). U2 were inducted into the Rock & Roll Hall of Fame in early 2005 and launched an international tour soon after, selling out arena venues in the U.S. and outdoor stadium shows abroad. The Vertigo Tour became the highest-grossing tour of 2005; by the time the entire tour concluded in late 2006, its gross of $389 million had made it the second most successful tour ever.
U2 returned to the drawing board in 2006 by partnering with veteran rock producer Rick Rubin. Two songs from those sessions appeared on the compilation U218 Singles, but the remaining material was ultimately scrapped. The band then turned to longtime friends Brian Eno, Daniel Lanois, and Steve Lillywhite, all of whom helped shape the sound of U2's 12th studio effort. Entitled No Line on the Horizon, the album was originally slated to appear in October 2008, although the release date was ultimately pushed back to March 2009. No Line on the Horizon was met with enthusiastic reviews but failed to yield a big radio single; even so, the band embarked on another lucrative tour that summer. A second leg, originally planned for 2010, was postponed when Bono suffered a slipped disc and underwent emergency back surgery. Touring resumed the following year, and the so-called 360 Tour was ultimately named the highest-grossing concert tour in history. Meanwhile, Bono and the Edge also worked on music for the Broadway musical Spider-Man: Turn Off the Dark, which opened in June 2011.
Not long after completing the 360 Tour, U2 turned their attention to recording their 13th album, a process that turned out to be rather complicated. Initially, the group worked with such dance-oriented producers as will.i.am and David Guetta, but as the sessions progressed, the concept of the record changed, as did the producers, with the band trying out Ryan Tedder and Flood before eventually settling in for the long haul with Danger Mouse. The first fruits of these sessions appeared in late 2013, when ""Ordinary Love"" was released as part of the soundtrack to the film Mandela: Long Walk to Freedom; the song was nominated for an Oscar and won a Golden Globe. The next song up was ""Invisible,"" which appeared to be the opening salvo for a new album as it soundtracked a commercial for Super Bowl XLVIII and the group played it on the inaugural February 17, 2014, episode of The Tonight Show Starring Jimmy Fallon. Commercial response to the single was lukewarm and the band retreated into the studio for several more months, unexpectedly emerging with a completed album called Songs of Innocence in September 2014. Available in its first month-and-a-half as a free download, Songs of Innocence saw a physical release in October. Upon that release, it debuted at nine on the Billboard 200, selling 25,000 copies in its first week. U2 toured the album through 2015 and began work on their next album, Songs of Experience, in 2016. They set the album aside in 2017 to celebrate the 30th anniversary of The Joshua Tree by touring that album and releasing a deluxe reissue of the 1987 LP. By late August 2017, the first music from Songs of Experience surfaced via a video of ""The Blackout,"" which was followed in early September by ""You're the Best Thing About Me,"" the first official single from the album. Songs of Experience appeared in December 2017 and the group supported it with an international tour that ran through 2018. The following year, U2 brought their Joshua Tree anniversary tour to Asia. In 2020, the band celebrated the 20th anniversary of All That You Can't Leave Behind with a super deluxe box set containing five CDs' worth of music. 2021's ""Your Song Saved My Life,"" from the Sing 2 soundtrack, marked U2's first new music of the decade.
The next phase in the band's Songs Of... era appeared in March 2023 with Songs of Surrender, a sprawling set of re-recorded, intimate versions of tracks chosen from their catalog and divided among the band, with each member choosing ten representative tracks. On the day of release, Bono and the Edge appeared in A Sort of Homecoming, With Dave Letterman, a documentary film set in Dublin that featured unreleased footage, interviews, and a special performance by the pair. The album peaked at number five on the Billboard 200 and topped both the Modern Rock and Alternative Albums charts.
In September 2023, they returned with the single ""Atomic City,"" released in conjunction with their U2:UV Achtung Baby residency at the Sphere at The Venetian Resort in Las Vegas. Produced by Jacknife Lee and Steve Lillywhite, the song found the band drawing upon their '70s dance-punk roots and paying homage to bands like Blondie and the Clash. Along with their extended Sphere shows, the group continued to explore their past catalog, releasing a 20th anniversary edition of 2004's How to Dismantle an Atomic Bomb, which appeared in November 2024 alongside a companion set of unreleased recordings from the sessions, How to Re-Assemble an Atomic Bomb. Featured on the album was the previously unreleased single ""Country Mile."" ~ Stephen Thomas Erlewine","Hold Me, Thrill Me, Kiss Me, Kill Me",Unknown,https://www.youtube.com/watch?v=A9eQ0DaHCec&pp=ygUpVTIgLSBIb2xkIE1lLCBUaHJpbGwgTWUsIEtpc3MgTWUsIEtpbGwgTWU%3D
Obsession,https://lastfm.freetls.fastly.net/i/u/300x300/70c401d9b24d2a97ceb8ecdb68c727ed.jpg,UFO,1978-01-01,"UFO, an English hard rock institution, helped pave the way for the New Wave of British Heavy Metal, with seminal acts like Iron Maiden, Judas Priest, and Def Leppard citing the band as a significant influence. Led by vocalist Phil Mogg, who has been the group's sole constant member since its formation in 1968, UFO enjoyed commercial success in the '70s and '80s with hits like ""Rock Bottom,"" ""Lights Out,"" and ""Doctor, Doctor."" Their 1979 concert album Strangers in the Night is often cited as one of the greatest live rock albums. UFO underwent numerous lineup changes over the years -- guitarist Michael Schenker, formerly of Scorpions, joined the band in 1973 and contributed significantly to their sound before leaving in 1978 -- but managed to release 22 studio albums, 14 live recordings, and numerous compilations before ceasing operations in 2024.
Vocalist Phil Mogg, guitarist Mick Bolton, bassist Pete Way, and drummer Andy Parker formed the British space metal outfit UFO in 1968. Originally known as Hocus Pocus, the group, which took the name UFO in honor of a London club, debuted in 1971 with UFO 1. Both the album and its follow-up, the same year's Flying, found great success in Japan, France, and Germany but were barely noticed in the band's native country; as a result, their third effort, 1972's Live, was released only in Japan.
In 1974, Bolton left the group; after brief trial runs with ex-Pink Fairies guitarist Larry Wallis and future Whitesnake member Bernie Marsden, former Scorpion Michael Schenker stepped in as a permanent replacement in time to record 1974's Phenomenon, which sported a harder-edged guitar sound. After 1975's Force It and 1976's No Heavy Petting gave UFO increased visibility with American audiences, keyboardist Paul Raymond joined for 1977's Lights Out. However, after 1978's Obsession, Schenker left the group, first to rejoin the Scorpions and later to form his own band. Despite the addition of guitarist Paul Chapman, the following UFO LP, No Place to Run, failed to match the success of its predecessors.
In 1982, the group released Mechanix, notching a minor U.S. hit with ""Back into My Life."" Later that year, Way exited to form Waysted and was replaced by ex-Eddie & the Hot Rods bassist Paul Gray. After 1983's Making Contact, UFO dissolved, only to re-form two years later for Misdemeanor; however, the album was met with little response, and they again called it quits. In 1993, the band's most popular lineup -- Mogg, Schenker, Way, Raymond, and Parker -- reunited and recorded the 1995 album Walk on Water. After a tour, the members yet again went their separate ways. Mogg and Way continued to work as Mogg/Way and released the albums Edge of the World (1997) and Chocolate Box (1999).
Schenker rejoined in 2000 with veteran drummer Aynsley Dunbar for the double LP Covenant, featuring new studio and live recordings. Sharks appeared in 2002; Schenker and Dunbar departed and were replaced by Vinnie Moore and Jason Bonham, respectively. This new band welcomed returning keyboardist Paul Raymond for 2004's You Are Here and 2005's live album Showtime. Bonham was the next to leave and was replaced by the band's original drummer, Andy Parker, for 2006's The Monkey Puzzle. The Visitor -- an album recorded without the participation of Pete Way due to the bassist's health problems -- followed in 2009. Seven Deadly arrived in 2012, and in early 2015, the group issued their 21st studio long-player, Conspiracy of Stars, which featured a lineup of core members Phil Mogg, Paul Raymond, and Andy Parker, along with Vinnie Moore and bassist Rob De Luca. UFO released the all-covers LP The Salentino Cuts two years later. Health issues plagued the band in the years to come, with the deaths of longtime keyboardist and guitarist Paul Raymond (2019), former guitarist Paul Chapman (2020), and Pete Way (2020); Mogg's heart attack in 2022 resulted in the official dissolution of the legendary group in 2024. ~ Jason Ankeny & James Christopher Monger",Cherry,Unknown,https://www.youtube.com/watch?v=5rxPba1GmX4&pp=ygUKVUZPIENoZXJyeQ%3D%3D
Will the Last Man Standing (Turn Out the Light): The Best of UFO,https://lastfm.freetls.fastly.net/i/u/300x300/601641b5fde39e91d721fe9066b26196.jpg,UFO,2019-03-15,"UFO, an English hard rock institution, helped pave the way for the New Wave of British Heavy Metal, with seminal acts like Iron Maiden, Judas Priest, and Def Leppard citing the band as a significant influence. Led by vocalist Phil Mogg, who has been the group's sole constant member since its formation in 1968, UFO enjoyed commercial success in the '70s and '80s with hits like ""Rock Bottom,"" ""Lights Out,"" and ""Doctor, Doctor."" Their 1979 concert album Strangers in the Night is often cited as one of the greatest live rock albums. UFO underwent numerous lineup changes over the years -- guitarist Michael Schenker, formerly of Scorpions, joined the band in 1973 and contributed significantly to their sound before leaving in 1978 -- but managed to release 22 studio albums, 14 live recordings, and numerous compilations before ceasing operations in 2024.
Vocalist Phil Mogg, guitarist Mick Bolton, bassist Pete Way, and drummer Andy Parker formed the British space metal outfit UFO in 1968. Originally known as Hocus Pocus, the group, which took the name UFO in honor of a London club, debuted in 1971 with UFO 1. Both the album and its follow-up, the same year's Flying, found great success in Japan, France, and Germany but were barely noticed in the band's native country; as a result, their third effort, 1972's Live, was released only in Japan.
In 1974, Bolton left the group; after brief trial runs with ex-Pink Fairies guitarist Larry Wallis and future Whitesnake member Bernie Marsden, former Scorpion Michael Schenker stepped in as a permanent replacement in time to record 1974's Phenomenon, which sported a harder-edged guitar sound. After 1975's Force It and 1976's No Heavy Petting gave UFO increased visibility with American audiences, keyboardist Paul Raymond joined for 1977's Lights Out. However, after 1978's Obsession, Schenker left the group, first to rejoin the Scorpions and later to form his own band. Despite the addition of guitarist Paul Chapman, the following UFO LP, No Place to Run, failed to match the success of its predecessors.
In 1982, the group released Mechanix, notching a minor U.S. hit with ""Back into My Life."" Later that year, Way exited to form Waysted and was replaced by ex-Eddie & the Hot Rods bassist Paul Gray. After 1983's Making Contact, UFO dissolved, only to re-form two years later for Misdemeanor; however, the album was met with little response, and they again called it quits. In 1993, the band's most popular lineup -- Mogg, Schenker, Way, Raymond, and Parker -- reunited and recorded the 1995 album Walk on Water. After a tour, the members yet again went their separate ways. Mogg and Way continued to work as Mogg/Way and released the albums Edge of the World (1997) and Chocolate Box (1999).
Schenker rejoined in 2000 with veteran drummer Aynsley Dunbar for the double LP Covenant, featuring new studio and live recordings. Sharks appeared in 2002; Schenker and Dunbar departed and were replaced by Vinnie Moore and Jason Bonham, respectively. This new band welcomed returning keyboardist Paul Raymond for 2004's You Are Here and 2005's live album Showtime. Bonham was the next to leave and was replaced by the band's original drummer, Andy Parker, for 2006's The Monkey Puzzle. The Visitor -- an album recorded without the participation of Pete Way due to the bassist's health problems -- followed in 2009. Seven Deadly arrived in 2012, and in early 2015, the group issued their 21st studio long-player, Conspiracy of Stars, which featured a lineup of core members Phil Mogg, Paul Raymond, and Andy Parker, along with Vinnie Moore and bassist Rob De Luca. UFO released the all-covers LP The Salentino Cuts two years later. Health issues plagued the band in the years to come, with the deaths of longtime keyboardist and guitarist Paul Raymond (2019), former guitarist Paul Chapman (2020), and Pete Way (2020); Mogg's heart attack in 2022 resulted in the official dissolution of the legendary group in 2024. ~ Jason Ankeny & James Christopher Monger",When It's Time to Rock,Unknown,https://www.youtube.com/watch?v=5W5jZUoOBDE&pp=ygUZVUZPIFdoZW4gSXRzIFRpbWUgdG8gUm9jaw%3D%3D
Now Is a Timeless Present: A Retrospective,https://lastfm.freetls.fastly.net/i/u/300x300/fbc19b3ea2424e6134c0945618f1ead7.jpg,Ulrich Schnauss,2019-12-06,"Throughout his multi-decade career, German musician Ulrich Schnauss has bridged beat-driven electronic production with the swirling textures and melancholy but hopeful melodicism of shoegaze and indie rock. Working under various electronic styles since the mid-'90s, Schnauss developed his signature style with acclaimed releases under his own name such as 2001's Far Away Trains Passing By and 2003's A Strangely Isolated Place, which established him as one of the most notable indie electronic artists. He remixed or produced artists ranging from Mojave 3 and Asobi Seksu to Sia and Depeche Mode, and performed as a member of the indie rock bands Longview and Engineers. Since the early 2010s, he's recorded albums with Engineers' Mark Peters (such as 2013's Tomorrow Is Another Day) and Jonas Munk, aka Manual (including 2021's Eight Fragments of an Illusion). Schnauss has also been a member of electronic music pioneers Tangerine Dream since 2014.
Ulrich Schnauss was born in Kiel, a seaport city in Northern Germany, in 1977. He took piano lessons as a child, and started making electronic music during the 1990s. He began releasing techno and acid records with Frank Müller as Beroshima in 1994, and issued atmospheric drum'n'bass under the pseudonyms Ethereal 77, the Extremist, and View to the Future. He also had a short-lived electro project with Alex Krüger called Hair, and produced minimal techno as Hexaquart. Living in Berlin since 1996, he released his first full-length under his own name, Far Away Trains Passing By, on the City Centre Offices label in 2001. The dreamy downtempo album was a word-of-mouth success, and its 2003 follow-up, the more shoegaze-influenced Far Away Trains Passing By, was even more popular and acclaimed.
Schnauss played keyboards in Longview, and collaborated with the band on a 2003 EP. Longview's Rob McVey appeared on Goodbye, Schnauss' third album, which was released by Independiente and Domino in 2007. Quicksand Memory, an EP that preceded the album, included remixes by Cocteau Twins' Robin Guthrie. Schnauss issued the EP Stars in 2008, and released singles with dream pop bands Pia Fraus and A Shoreline Dream. He toured with A Shoreline Dream and appeared on their 2009 album Recollections of Memory.
The 2010 Rocket Girl release Missing Deadlines: Selected Remixes collected Schnauss' reworks of songs by A Sunny Day in Glasgow, Mojave 3, Asobi Seksu, and others. His debut collaboration with Jonas Munk was issued by Pedigree Cuts under the name Epic; several addition configurations of the album subsequently appeared under multiple titles. Also in 2010, Schnauss collaborated with former Opus III singer Kirsty Hawkshaw, releasing the limited Two Trees EP. Schnauss began collaborating with Müller again, contributing to Beroshima releases for the first time since 2000. Schnauss performed and recorded with Engineers, and collaborated with the band's Mark Peters on the 2012 album Underrated Silence, released by Bureau B. He also collaborated with experimental drum'n'bass producer ASC on the Auxiliary-issued 77 EP. A Long Way to Fall, Schnauss' fourth solo album, was the debut release on his Scripted Realities imprint, arriving in early 2013. Tomorrow Is Another Day, a second album with Peters, also appeared that year.
Schnauss became a member of Tangerine Dream in 2014, joining group founder Edgar Froese, violinist/cellist Hoshiko Yamane, and multi-instrumentalist Thorsten Quaeschning. After Froese died in 2015, subsequent Tangerine Dream releases like 2015's Quantum Key and 2017's Quantum Gate included material conceptualized by the band's founder prior to his death. Schnauss released the solo album No Further Ahead Than Today in 2016, and Quaeschning & Schnauss issued their first duo collaboration, Synthwaves, in 2017. Other collaborations that appeared during the year included Passage (with Munk) and Snöflingor EP (with Swedish drum'n'bass producer Seba). Schnauss formed Measured with Brian Wenckebach and Evagelia Maravelias of electro-shoegazers Elika, and their debut single, ""My Heart Waits,"" was released by Sonic Cathedral in 2019. Schnauss remastered all of his solo albums and issued them (along with a bonus disc of unreleased material and outtakes) as the seven-CD box set Now Is a Timeless Present; the albums were also individually reissued in 2020. Eight Fragments of an Illusion, a third collaboration with Munk, appeared on Azure Vista in 2021. Schnauss and Peters released the album Destiny Waiving the same year. ~ Paul Simpson",On My Own,Unknown,https://www.youtube.com/watch?v=PMsJ4AAIJV8&pp=ygUZVWxyaWNoIFNjaG5hdXNzIE9uIE15IE93bg%3D%3D
Now Is a Timeless Present: A Retrospective,https://lastfm.freetls.fastly.net/i/u/300x300/fbc19b3ea2424e6134c0945618f1ead7.jpg,Ulrich Schnauss,2019-12-06,"Throughout his multi-decade career, German musician Ulrich Schnauss has bridged beat-driven electronic production with the swirling textures and melancholy but hopeful melodicism of shoegaze and indie rock. Working under various electronic styles since the mid-'90s, Schnauss developed his signature style with acclaimed releases under his own name such as 2001's Far Away Trains Passing By and 2003's A Strangely Isolated Place, which established him as one of the most notable indie electronic artists. He remixed or produced artists ranging from Mojave 3 and Asobi Seksu to Sia and Depeche Mode, and performed as a member of the indie rock bands Longview and Engineers. Since the early 2010s, he's recorded albums with Engineers' Mark Peters (such as 2013's Tomorrow Is Another Day) and Jonas Munk, aka Manual (including 2021's Eight Fragments of an Illusion). Schnauss has also been a member of electronic music pioneers Tangerine Dream since 2014.
Ulrich Schnauss was born in Kiel, a seaport city in Northern Germany, in 1977. He took piano lessons as a child, and started making electronic music during the 1990s. He began releasing techno and acid records with Frank Müller as Beroshima in 1994, and issued atmospheric drum'n'bass under the pseudonyms Ethereal 77, the Extremist, and View to the Future. He also had a short-lived electro project with Alex Krüger called Hair, and produced minimal techno as Hexaquart. Living in Berlin since 1996, he released his first full-length under his own name, Far Away Trains Passing By, on the City Centre Offices label in 2001. The dreamy downtempo album was a word-of-mouth success, and its 2003 follow-up, the more shoegaze-influenced Far Away Trains Passing By, was even more popular and acclaimed.
Schnauss played keyboards in Longview, and collaborated with the band on a 2003 EP. Longview's Rob McVey appeared on Goodbye, Schnauss' third album, which was released by Independiente and Domino in 2007. Quicksand Memory, an EP that preceded the album, included remixes by Cocteau Twins' Robin Guthrie. Schnauss issued the EP Stars in 2008, and released singles with dream pop bands Pia Fraus and A Shoreline Dream. He toured with A Shoreline Dream and appeared on their 2009 album Recollections of Memory.
The 2010 Rocket Girl release Missing Deadlines: Selected Remixes collected Schnauss' reworks of songs by A Sunny Day in Glasgow, Mojave 3, Asobi Seksu, and others. His debut collaboration with Jonas Munk was issued by Pedigree Cuts under the name Epic; several addition configurations of the album subsequently appeared under multiple titles. Also in 2010, Schnauss collaborated with former Opus III singer Kirsty Hawkshaw, releasing the limited Two Trees EP. Schnauss began collaborating with Müller again, contributing to Beroshima releases for the first time since 2000. Schnauss performed and recorded with Engineers, and collaborated with the band's Mark Peters on the 2012 album Underrated Silence, released by Bureau B. He also collaborated with experimental drum'n'bass producer ASC on the Auxiliary-issued 77 EP. A Long Way to Fall, Schnauss' fourth solo album, was the debut release on his Scripted Realities imprint, arriving in early 2013. Tomorrow Is Another Day, a second album with Peters, also appeared that year.
Schnauss became a member of Tangerine Dream in 2014, joining group founder Edgar Froese, violinist/cellist Hoshiko Yamane, and multi-instrumentalist Thorsten Quaeschning. After Froese died in 2015, subsequent Tangerine Dream releases like 2015's Quantum Key and 2017's Quantum Gate included material conceptualized by the band's founder prior to his death. Schnauss released the solo album No Further Ahead Than Today in 2016, and Quaeschning & Schnauss issued their first duo collaboration, Synthwaves, in 2017. Other collaborations that appeared during the year included Passage (with Munk) and Snöflingor EP (with Swedish drum'n'bass producer Seba). Schnauss formed Measured with Brian Wenckebach and Evagelia Maravelias of electro-shoegazers Elika, and their debut single, ""My Heart Waits,"" was released by Sonic Cathedral in 2019. Schnauss remastered all of his solo albums and issued them (along with a bonus disc of unreleased material and outtakes) as the seven-CD box set Now Is a Timeless Present; the albums were also individually reissued in 2020. Eight Fragments of an Illusion, a third collaboration with Munk, appeared on Azure Vista in 2021. Schnauss and Peters released the album Destiny Waiving the same year. ~ Paul Simpson",A Strangely Isolated Place,Unknown,https://www.youtube.com/watch?v=l9svsmx4XvM&pp=ygUqVWxyaWNoIFNjaG5hdXNzIEEgU3RyYW5nZWx5IElzb2xhdGVkIFBsYWNl
Now Is a Timeless Present: A Retrospective,https://lastfm.freetls.fastly.net/i/u/300x300/fbc19b3ea2424e6134c0945618f1ead7.jpg,Ulrich Schnauss,2019-12-06,"Throughout his multi-decade career, German musician Ulrich Schnauss has bridged beat-driven electronic production with the swirling textures and melancholy but hopeful melodicism of shoegaze and indie rock. Working under various electronic styles since the mid-'90s, Schnauss developed his signature style with acclaimed releases under his own name such as 2001's Far Away Trains Passing By and 2003's A Strangely Isolated Place, which established him as one of the most notable indie electronic artists. He remixed or produced artists ranging from Mojave 3 and Asobi Seksu to Sia and Depeche Mode, and performed as a member of the indie rock bands Longview and Engineers. Since the early 2010s, he's recorded albums with Engineers' Mark Peters (such as 2013's Tomorrow Is Another Day) and Jonas Munk, aka Manual (including 2021's Eight Fragments of an Illusion). Schnauss has also been a member of electronic music pioneers Tangerine Dream since 2014.
Ulrich Schnauss was born in Kiel, a seaport city in Northern Germany, in 1977. He took piano lessons as a child, and started making electronic music during the 1990s. He began releasing techno and acid records with Frank Müller as Beroshima in 1994, and issued atmospheric drum'n'bass under the pseudonyms Ethereal 77, the Extremist, and View to the Future. He also had a short-lived electro project with Alex Krüger called Hair, and produced minimal techno as Hexaquart. Living in Berlin since 1996, he released his first full-length under his own name, Far Away Trains Passing By, on the City Centre Offices label in 2001. The dreamy downtempo album was a word-of-mouth success, and its 2003 follow-up, the more shoegaze-influenced Far Away Trains Passing By, was even more popular and acclaimed.
Schnauss played keyboards in Longview, and collaborated with the band on a 2003 EP. Longview's Rob McVey appeared on Goodbye, Schnauss' third album, which was released by Independiente and Domino in 2007. Quicksand Memory, an EP that preceded the album, included remixes by Cocteau Twins' Robin Guthrie. Schnauss issued the EP Stars in 2008, and released singles with dream pop bands Pia Fraus and A Shoreline Dream. He toured with A Shoreline Dream and appeared on their 2009 album Recollections of Memory.
The 2010 Rocket Girl release Missing Deadlines: Selected Remixes collected Schnauss' reworks of songs by A Sunny Day in Glasgow, Mojave 3, Asobi Seksu, and others. His debut collaboration with Jonas Munk was issued by Pedigree Cuts under the name Epic; several addition configurations of the album subsequently appeared under multiple titles. Also in 2010, Schnauss collaborated with former Opus III singer Kirsty Hawkshaw, releasing the limited Two Trees EP. Schnauss began collaborating with Müller again, contributing to Beroshima releases for the first time since 2000. Schnauss performed and recorded with Engineers, and collaborated with the band's Mark Peters on the 2012 album Underrated Silence, released by Bureau B. He also collaborated with experimental drum'n'bass producer ASC on the Auxiliary-issued 77 EP. A Long Way to Fall, Schnauss' fourth solo album, was the debut release on his Scripted Realities imprint, arriving in early 2013. Tomorrow Is Another Day, a second album with Peters, also appeared that year.
Schnauss became a member of Tangerine Dream in 2014, joining group founder Edgar Froese, violinist/cellist Hoshiko Yamane, and multi-instrumentalist Thorsten Quaeschning. After Froese died in 2015, subsequent Tangerine Dream releases like 2015's Quantum Key and 2017's Quantum Gate included material conceptualized by the band's founder prior to his death. Schnauss released the solo album No Further Ahead Than Today in 2016, and Quaeschning & Schnauss issued their first duo collaboration, Synthwaves, in 2017. Other collaborations that appeared during the year included Passage (with Munk) and Snöflingor EP (with Swedish drum'n'bass producer Seba). Schnauss formed Measured with Brian Wenckebach and Evagelia Maravelias of electro-shoegazers Elika, and their debut single, ""My Heart Waits,"" was released by Sonic Cathedral in 2019. Schnauss remastered all of his solo albums and issued them (along with a bonus disc of unreleased material and outtakes) as the seven-CD box set Now Is a Timeless Present; the albums were also individually reissued in 2020. Eight Fragments of an Illusion, a third collaboration with Munk, appeared on Azure Vista in 2021. Schnauss and Peters released the album Destiny Waiving the same year. ~ Paul Simpson",Stars,Unknown,https://www.youtube.com/watch?v=bINikRHQy9s&pp=ygUXVWxyaWNoIFNjaG5hdXNzIC0gU3RhcnM%3D
Now Is a Timeless Present: A Retrospective,https://lastfm.freetls.fastly.net/i/u/300x300/fbc19b3ea2424e6134c0945618f1ead7.jpg,Ulrich Schnauss,2019-12-06,"Throughout his multi-decade career, German musician Ulrich Schnauss has bridged beat-driven electronic production with the swirling textures and melancholy but hopeful melodicism of shoegaze and indie rock. Working under various electronic styles since the mid-'90s, Schnauss developed his signature style with acclaimed releases under his own name such as 2001's Far Away Trains Passing By and 2003's A Strangely Isolated Place, which established him as one of the most notable indie electronic artists. He remixed or produced artists ranging from Mojave 3 and Asobi Seksu to Sia and Depeche Mode, and performed as a member of the indie rock bands Longview and Engineers. Since the early 2010s, he's recorded albums with Engineers' Mark Peters (such as 2013's Tomorrow Is Another Day) and Jonas Munk, aka Manual (including 2021's Eight Fragments of an Illusion). Schnauss has also been a member of electronic music pioneers Tangerine Dream since 2014.
Ulrich Schnauss was born in Kiel, a seaport city in Northern Germany, in 1977. He took piano lessons as a child, and started making electronic music during the 1990s. He began releasing techno and acid records with Frank Müller as Beroshima in 1994, and issued atmospheric drum'n'bass under the pseudonyms Ethereal 77, the Extremist, and View to the Future. He also had a short-lived electro project with Alex Krüger called Hair, and produced minimal techno as Hexaquart. Living in Berlin since 1996, he released his first full-length under his own name, Far Away Trains Passing By, on the City Centre Offices label in 2001. The dreamy downtempo album was a word-of-mouth success, and its 2003 follow-up, the more shoegaze-influenced Far Away Trains Passing By, was even more popular and acclaimed.
Schnauss played keyboards in Longview, and collaborated with the band on a 2003 EP. Longview's Rob McVey appeared on Goodbye, Schnauss' third album, which was released by Independiente and Domino in 2007. Quicksand Memory, an EP that preceded the album, included remixes by Cocteau Twins' Robin Guthrie. Schnauss issued the EP Stars in 2008, and released singles with dream pop bands Pia Fraus and A Shoreline Dream. He toured with A Shoreline Dream and appeared on their 2009 album Recollections of Memory.
The 2010 Rocket Girl release Missing Deadlines: Selected Remixes collected Schnauss' reworks of songs by A Sunny Day in Glasgow, Mojave 3, Asobi Seksu, and others. His debut collaboration with Jonas Munk was issued by Pedigree Cuts under the name Epic; several addition configurations of the album subsequently appeared under multiple titles. Also in 2010, Schnauss collaborated with former Opus III singer Kirsty Hawkshaw, releasing the limited Two Trees EP. Schnauss began collaborating with Müller again, contributing to Beroshima releases for the first time since 2000. Schnauss performed and recorded with Engineers, and collaborated with the band's Mark Peters on the 2012 album Underrated Silence, released by Bureau B. He also collaborated with experimental drum'n'bass producer ASC on the Auxiliary-issued 77 EP. A Long Way to Fall, Schnauss' fourth solo album, was the debut release on his Scripted Realities imprint, arriving in early 2013. Tomorrow Is Another Day, a second album with Peters, also appeared that year.
Schnauss became a member of Tangerine Dream in 2014, joining group founder Edgar Froese, violinist/cellist Hoshiko Yamane, and multi-instrumentalist Thorsten Quaeschning. After Froese died in 2015, subsequent Tangerine Dream releases like 2015's Quantum Key and 2017's Quantum Gate included material conceptualized by the band's founder prior to his death. Schnauss released the solo album No Further Ahead Than Today in 2016, and Quaeschning & Schnauss issued their first duo collaboration, Synthwaves, in 2017. Other collaborations that appeared during the year included Passage (with Munk) and Snöflingor EP (with Swedish drum'n'bass producer Seba). Schnauss formed Measured with Brian Wenckebach and Evagelia Maravelias of electro-shoegazers Elika, and their debut single, ""My Heart Waits,"" was released by Sonic Cathedral in 2019. Schnauss remastered all of his solo albums and issued them (along with a bonus disc of unreleased material and outtakes) as the seven-CD box set Now Is a Timeless Present; the albums were also individually reissued in 2020. Eight Fragments of an Illusion, a third collaboration with Munk, appeared on Azure Vista in 2021. Schnauss and Peters released the album Destiny Waiving the same year. ~ Paul Simpson",Like a Ghost in Your Own Life,Unknown,https://www.youtube.com/watch?v=HAmkg15zCKI&pp=ygUtVWxyaWNoIFNjaG5hdXNzIExpa2UgYSBHaG9zdCBpbiBZb3VyIE93biBMaWZl
Now Is a Timeless Present: A Retrospective,https://lastfm.freetls.fastly.net/i/u/300x300/fbc19b3ea2424e6134c0945618f1ead7.jpg,Ulrich Schnauss,2019-12-06,"Throughout his multi-decade career, German musician Ulrich Schnauss has bridged beat-driven electronic production with the swirling textures and melancholy but hopeful melodicism of shoegaze and indie rock. Working under various electronic styles since the mid-'90s, Schnauss developed his signature style with acclaimed releases under his own name such as 2001's Far Away Trains Passing By and 2003's A Strangely Isolated Place, which established him as one of the most notable indie electronic artists. He remixed or produced artists ranging from Mojave 3 and Asobi Seksu to Sia and Depeche Mode, and performed as a member of the indie rock bands Longview and Engineers. Since the early 2010s, he's recorded albums with Engineers' Mark Peters (such as 2013's Tomorrow Is Another Day) and Jonas Munk, aka Manual (including 2021's Eight Fragments of an Illusion). Schnauss has also been a member of electronic music pioneers Tangerine Dream since 2014.
Ulrich Schnauss was born in Kiel, a seaport city in Northern Germany, in 1977. He took piano lessons as a child, and started making electronic music during the 1990s. He began releasing techno and acid records with Frank Müller as Beroshima in 1994, and issued atmospheric drum'n'bass under the pseudonyms Ethereal 77, the Extremist, and View to the Future. He also had a short-lived electro project with Alex Krüger called Hair, and produced minimal techno as Hexaquart. Living in Berlin since 1996, he released his first full-length under his own name, Far Away Trains Passing By, on the City Centre Offices label in 2001. The dreamy downtempo album was a word-of-mouth success, and its 2003 follow-up, the more shoegaze-influenced Far Away Trains Passing By, was even more popular and acclaimed.
Schnauss played keyboards in Longview, and collaborated with the band on a 2003 EP. Longview's Rob McVey appeared on Goodbye, Schnauss' third album, which was released by Independiente and Domino in 2007. Quicksand Memory, an EP that preceded the album, included remixes by Cocteau Twins' Robin Guthrie. Schnauss issued the EP Stars in 2008, and released singles with dream pop bands Pia Fraus and A Shoreline Dream. He toured with A Shoreline Dream and appeared on their 2009 album Recollections of Memory.
The 2010 Rocket Girl release Missing Deadlines: Selected Remixes collected Schnauss' reworks of songs by A Sunny Day in Glasgow, Mojave 3, Asobi Seksu, and others. His debut collaboration with Jonas Munk was issued by Pedigree Cuts under the name Epic; several addition configurations of the album subsequently appeared under multiple titles. Also in 2010, Schnauss collaborated with former Opus III singer Kirsty Hawkshaw, releasing the limited Two Trees EP. Schnauss began collaborating with Müller again, contributing to Beroshima releases for the first time since 2000. Schnauss performed and recorded with Engineers, and collaborated with the band's Mark Peters on the 2012 album Underrated Silence, released by Bureau B. He also collaborated with experimental drum'n'bass producer ASC on the Auxiliary-issued 77 EP. A Long Way to Fall, Schnauss' fourth solo album, was the debut release on his Scripted Realities imprint, arriving in early 2013. Tomorrow Is Another Day, a second album with Peters, also appeared that year.
Schnauss became a member of Tangerine Dream in 2014, joining group founder Edgar Froese, violinist/cellist Hoshiko Yamane, and multi-instrumentalist Thorsten Quaeschning. After Froese died in 2015, subsequent Tangerine Dream releases like 2015's Quantum Key and 2017's Quantum Gate included material conceptualized by the band's founder prior to his death. Schnauss released the solo album No Further Ahead Than Today in 2016, and Quaeschning & Schnauss issued their first duo collaboration, Synthwaves, in 2017. Other collaborations that appeared during the year included Passage (with Munk) and Snöflingor EP (with Swedish drum'n'bass producer Seba). Schnauss formed Measured with Brian Wenckebach and Evagelia Maravelias of electro-shoegazers Elika, and their debut single, ""My Heart Waits,"" was released by Sonic Cathedral in 2019. Schnauss remastered all of his solo albums and issued them (along with a bonus disc of unreleased material and outtakes) as the seven-CD box set Now Is a Timeless Present; the albums were also individually reissued in 2020. Eight Fragments of an Illusion, a third collaboration with Munk, appeared on Azure Vista in 2021. Schnauss and Peters released the album Destiny Waiving the same year. ~ Paul Simpson",Borrowed Time,Unknown,https://www.youtube.com/watch?v=knI2fMBM1Cs&pp=ygUfVWxyaWNoIFNjaG5hdXNzIC0gQm9ycm93ZWQgVGltZQ%3D%3D
Now Is a Timeless Present: A Retrospective,https://lastfm.freetls.fastly.net/i/u/300x300/fbc19b3ea2424e6134c0945618f1ead7.jpg,Ulrich Schnauss,2019-12-06,"Throughout his multi-decade career, German musician Ulrich Schnauss has bridged beat-driven electronic production with the swirling textures and melancholy but hopeful melodicism of shoegaze and indie rock. Working under various electronic styles since the mid-'90s, Schnauss developed his signature style with acclaimed releases under his own name such as 2001's Far Away Trains Passing By and 2003's A Strangely Isolated Place, which established him as one of the most notable indie electronic artists. He remixed or produced artists ranging from Mojave 3 and Asobi Seksu to Sia and Depeche Mode, and performed as a member of the indie rock bands Longview and Engineers. Since the early 2010s, he's recorded albums with Engineers' Mark Peters (such as 2013's Tomorrow Is Another Day) and Jonas Munk, aka Manual (including 2021's Eight Fragments of an Illusion). Schnauss has also been a member of electronic music pioneers Tangerine Dream since 2014.
Ulrich Schnauss was born in Kiel, a seaport city in Northern Germany, in 1977. He took piano lessons as a child, and started making electronic music during the 1990s. He began releasing techno and acid records with Frank Müller as Beroshima in 1994, and issued atmospheric drum'n'bass under the pseudonyms Ethereal 77, the Extremist, and View to the Future. He also had a short-lived electro project with Alex Krüger called Hair, and produced minimal techno as Hexaquart. Living in Berlin since 1996, he released his first full-length under his own name, Far Away Trains Passing By, on the City Centre Offices label in 2001. The dreamy downtempo album was a word-of-mouth success, and its 2003 follow-up, the more shoegaze-influenced Far Away Trains Passing By, was even more popular and acclaimed.
Schnauss played keyboards in Longview, and collaborated with the band on a 2003 EP. Longview's Rob McVey appeared on Goodbye, Schnauss' third album, which was released by Independiente and Domino in 2007. Quicksand Memory, an EP that preceded the album, included remixes by Cocteau Twins' Robin Guthrie. Schnauss issued the EP Stars in 2008, and released singles with dream pop bands Pia Fraus and A Shoreline Dream. He toured with A Shoreline Dream and appeared on their 2009 album Recollections of Memory.
The 2010 Rocket Girl release Missing Deadlines: Selected Remixes collected Schnauss' reworks of songs by A Sunny Day in Glasgow, Mojave 3, Asobi Seksu, and others. His debut collaboration with Jonas Munk was issued by Pedigree Cuts under the name Epic; several addition configurations of the album subsequently appeared under multiple titles. Also in 2010, Schnauss collaborated with former Opus III singer Kirsty Hawkshaw, releasing the limited Two Trees EP. Schnauss began collaborating with Müller again, contributing to Beroshima releases for the first time since 2000. Schnauss performed and recorded with Engineers, and collaborated with the band's Mark Peters on the 2012 album Underrated Silence, released by Bureau B. He also collaborated with experimental drum'n'bass producer ASC on the Auxiliary-issued 77 EP. A Long Way to Fall, Schnauss' fourth solo album, was the debut release on his Scripted Realities imprint, arriving in early 2013. Tomorrow Is Another Day, a second album with Peters, also appeared that year.
Schnauss became a member of Tangerine Dream in 2014, joining group founder Edgar Froese, violinist/cellist Hoshiko Yamane, and multi-instrumentalist Thorsten Quaeschning. After Froese died in 2015, subsequent Tangerine Dream releases like 2015's Quantum Key and 2017's Quantum Gate included material conceptualized by the band's founder prior to his death. Schnauss released the solo album No Further Ahead Than Today in 2016, and Quaeschning & Schnauss issued their first duo collaboration, Synthwaves, in 2017. Other collaborations that appeared during the year included Passage (with Munk) and Snöflingor EP (with Swedish drum'n'bass producer Seba). Schnauss formed Measured with Brian Wenckebach and Evagelia Maravelias of electro-shoegazers Elika, and their debut single, ""My Heart Waits,"" was released by Sonic Cathedral in 2019. Schnauss remastered all of his solo albums and issued them (along with a bonus disc of unreleased material and outtakes) as the seven-CD box set Now Is a Timeless Present; the albums were also individually reissued in 2020. Eight Fragments of an Illusion, a third collaboration with Munk, appeared on Azure Vista in 2021. Schnauss and Peters released the album Destiny Waiving the same year. ~ Paul Simpson",The Magic in You,Unknown,https://www.youtube.com/watch?v=OUp5_o_i3uA&pp=ygUiVWxyaWNoIFNjaG5hdXNzIC0gVGhlIE1hZ2ljIGluIFlvdQ%3D%3D
Now Is a Timeless Present: A Retrospective,https://lastfm.freetls.fastly.net/i/u/300x300/fbc19b3ea2424e6134c0945618f1ead7.jpg,Ulrich Schnauss,2019-12-06,"Throughout his multi-decade career, German musician Ulrich Schnauss has bridged beat-driven electronic production with the swirling textures and melancholy but hopeful melodicism of shoegaze and indie rock. Working under various electronic styles since the mid-'90s, Schnauss developed his signature style with acclaimed releases under his own name such as 2001's Far Away Trains Passing By and 2003's A Strangely Isolated Place, which established him as one of the most notable indie electronic artists. He remixed or produced artists ranging from Mojave 3 and Asobi Seksu to Sia and Depeche Mode, and performed as a member of the indie rock bands Longview and Engineers. Since the early 2010s, he's recorded albums with Engineers' Mark Peters (such as 2013's Tomorrow Is Another Day) and Jonas Munk, aka Manual (including 2021's Eight Fragments of an Illusion). Schnauss has also been a member of electronic music pioneers Tangerine Dream since 2014.
Ulrich Schnauss was born in Kiel, a seaport city in Northern Germany, in 1977. He took piano lessons as a child, and started making electronic music during the 1990s. He began releasing techno and acid records with Frank Müller as Beroshima in 1994, and issued atmospheric drum'n'bass under the pseudonyms Ethereal 77, the Extremist, and View to the Future. He also had a short-lived electro project with Alex Krüger called Hair, and produced minimal techno as Hexaquart. Living in Berlin since 1996, he released his first full-length under his own name, Far Away Trains Passing By, on the City Centre Offices label in 2001. The dreamy downtempo album was a word-of-mouth success, and its 2003 follow-up, the more shoegaze-influenced Far Away Trains Passing By, was even more popular and acclaimed.
Schnauss played keyboards in Longview, and collaborated with the band on a 2003 EP. Longview's Rob McVey appeared on Goodbye, Schnauss' third album, which was released by Independiente and Domino in 2007. Quicksand Memory, an EP that preceded the album, included remixes by Cocteau Twins' Robin Guthrie. Schnauss issued the EP Stars in 2008, and released singles with dream pop bands Pia Fraus and A Shoreline Dream. He toured with A Shoreline Dream and appeared on their 2009 album Recollections of Memory.
The 2010 Rocket Girl release Missing Deadlines: Selected Remixes collected Schnauss' reworks of songs by A Sunny Day in Glasgow, Mojave 3, Asobi Seksu, and others. His debut collaboration with Jonas Munk was issued by Pedigree Cuts under the name Epic; several addition configurations of the album subsequently appeared under multiple titles. Also in 2010, Schnauss collaborated with former Opus III singer Kirsty Hawkshaw, releasing the limited Two Trees EP. Schnauss began collaborating with Müller again, contributing to Beroshima releases for the first time since 2000. Schnauss performed and recorded with Engineers, and collaborated with the band's Mark Peters on the 2012 album Underrated Silence, released by Bureau B. He also collaborated with experimental drum'n'bass producer ASC on the Auxiliary-issued 77 EP. A Long Way to Fall, Schnauss' fourth solo album, was the debut release on his Scripted Realities imprint, arriving in early 2013. Tomorrow Is Another Day, a second album with Peters, also appeared that year.
Schnauss became a member of Tangerine Dream in 2014, joining group founder Edgar Froese, violinist/cellist Hoshiko Yamane, and multi-instrumentalist Thorsten Quaeschning. After Froese died in 2015, subsequent Tangerine Dream releases like 2015's Quantum Key and 2017's Quantum Gate included material conceptualized by the band's founder prior to his death. Schnauss released the solo album No Further Ahead Than Today in 2016, and Quaeschning & Schnauss issued their first duo collaboration, Synthwaves, in 2017. Other collaborations that appeared during the year included Passage (with Munk) and Snöflingor EP (with Swedish drum'n'bass producer Seba). Schnauss formed Measured with Brian Wenckebach and Evagelia Maravelias of electro-shoegazers Elika, and their debut single, ""My Heart Waits,"" was released by Sonic Cathedral in 2019. Schnauss remastered all of his solo albums and issued them (along with a bonus disc of unreleased material and outtakes) as the seven-CD box set Now Is a Timeless Present; the albums were also individually reissued in 2020. Eight Fragments of an Illusion, a third collaboration with Munk, appeared on Azure Vista in 2021. Schnauss and Peters released the album Destiny Waiving the same year. ~ Paul Simpson",Thoughtless Motion,Unknown,https://www.youtube.com/watch?v=V4rcPkolsEg&pp=ygUiVWxyaWNoIFNjaG5hdXNzIFRob3VnaHRsZXNzIE1vdGlvbg%3D%3D
Lament,https://lastfm.freetls.fastly.net/i/u/300x300/768e33757642e33e9684a107fb50ccc3.png,Ultravox,1984-05-01,"Rejecting the abrasive guitars of their punk-era contemporaries in favor of lushly romantic synthesizers, Ultravox emerged as one of the primary influences on the British electro-pop movement of the early '80s. Formed in London in 1974, the group -- originally dubbed Ultravox! -- was led by vocalist and keyboardist John Foxx (born Dennis Leigh), whose interest in synths and cutting-edge technology began during his school years. With an initial lineup consisting of bassist Chris Cross, keyboardist/violinist Billy Currie, guitarist Steve Shears, and drummer Warren Cann, their obvious affection for the glam rock sound of David Bowie and Roxy Music brought them little respect from audiences caught up in the growing fervor of punk, but in 1977 Island Records signed the quintet anyway, with Brian Eno agreeing to produce the band's self-titled debut LP.
After scoring a minor U.K. hit with the single ""My Sex,"" Ultravox returned later that year with Ha! Ha! Ha!; sales were minimal, however, and Shears soon exited, replaced by guitarist Robin Simon. A third LP, 1978's Systems of Romance, was recorded in Germany with renowned producer Conrad Plank, but it too failed commercially. Island soon dropped the band, at which time both Foxx and Simon quit, the former mounting a solo career and the latter joining Magazine. At that point the remaining members of Ultravox tapped singer/guitarist Midge Ure, an alumnus of Slik as well as Glen Matlock's Rich Kids; upon signing to Chrysalis, the new lineup recorded Vienna, scoring a surprise smash hit with the single ""Sleepwalk,"" which reached the number two spot on the U.K. pop charts in 1981 and pushed the LP into the Top Five. The album's title track also fared well, peaking at number two on the charts and remaining there for several weeks.
After 1981's Rage in Eden, Ultravox teamed with legendary producer George Martin for 1983's Quartet; their most successful LP in the otherwise impenetrable American market, it launched the minor hit ""Reap the Wild Wind."" Upon completing 1984's Lament, Warren Cann left Ultravox to forge a solo career. The remaining members, after adding Big Country's Mark Brzezicki, resurfaced with U-Vox in 1986 before going their separate ways. Currie and Simon re-formed the band in 1993, adding vocalist Marcus O'Higgins; three years later, they released the lackluster Ingenuity with Sam Blue on lead vocals. The album marked the group's final studio release. Bassist Chris Cross died on March 25, 2024, at the age of 71. ~ Jason Ankeny",White China,Unknown,https://www.youtube.com/watch?v=LBKRTvBzyIk&pp=ygUUVWx0cmF2b3ggV2hpdGUgQ2hpbmE%3D
Lament,https://lastfm.freetls.fastly.net/i/u/300x300/768e33757642e33e9684a107fb50ccc3.png,Ultravox,1984-05-01,"Rejecting the abrasive guitars of their punk-era contemporaries in favor of lushly romantic synthesizers, Ultravox emerged as one of the primary influences on the British electro-pop movement of the early '80s. Formed in London in 1974, the group -- originally dubbed Ultravox! -- was led by vocalist and keyboardist John Foxx (born Dennis Leigh), whose interest in synths and cutting-edge technology began during his school years. With an initial lineup consisting of bassist Chris Cross, keyboardist/violinist Billy Currie, guitarist Steve Shears, and drummer Warren Cann, their obvious affection for the glam rock sound of David Bowie and Roxy Music brought them little respect from audiences caught up in the growing fervor of punk, but in 1977 Island Records signed the quintet anyway, with Brian Eno agreeing to produce the band's self-titled debut LP.
After scoring a minor U.K. hit with the single ""My Sex,"" Ultravox returned later that year with Ha! Ha! Ha!; sales were minimal, however, and Shears soon exited, replaced by guitarist Robin Simon. A third LP, 1978's Systems of Romance, was recorded in Germany with renowned producer Conrad Plank, but it too failed commercially. Island soon dropped the band, at which time both Foxx and Simon quit, the former mounting a solo career and the latter joining Magazine. At that point the remaining members of Ultravox tapped singer/guitarist Midge Ure, an alumnus of Slik as well as Glen Matlock's Rich Kids; upon signing to Chrysalis, the new lineup recorded Vienna, scoring a surprise smash hit with the single ""Sleepwalk,"" which reached the number two spot on the U.K. pop charts in 1981 and pushed the LP into the Top Five. The album's title track also fared well, peaking at number two on the charts and remaining there for several weeks.
After 1981's Rage in Eden, Ultravox teamed with legendary producer George Martin for 1983's Quartet; their most successful LP in the otherwise impenetrable American market, it launched the minor hit ""Reap the Wild Wind."" Upon completing 1984's Lament, Warren Cann left Ultravox to forge a solo career. The remaining members, after adding Big Country's Mark Brzezicki, resurfaced with U-Vox in 1986 before going their separate ways. Currie and Simon re-formed the band in 1993, adding vocalist Marcus O'Higgins; three years later, they released the lackluster Ingenuity with Sam Blue on lead vocals. The album marked the group's final studio release. Bassist Chris Cross died on March 25, 2024, at the age of 71. ~ Jason Ankeny",One Small Day,Unknown,https://www.youtube.com/watch?v=NL3CNiKtaYY&pp=ygUWVWx0cmF2b3ggT25lIFNtYWxsIERheQ%3D%3D
Lament,https://lastfm.freetls.fastly.net/i/u/300x300/768e33757642e33e9684a107fb50ccc3.png,Ultravox,1984-05-01,"Rejecting the abrasive guitars of their punk-era contemporaries in favor of lushly romantic synthesizers, Ultravox emerged as one of the primary influences on the British electro-pop movement of the early '80s. Formed in London in 1974, the group -- originally dubbed Ultravox! -- was led by vocalist and keyboardist John Foxx (born Dennis Leigh), whose interest in synths and cutting-edge technology began during his school years. With an initial lineup consisting of bassist Chris Cross, keyboardist/violinist Billy Currie, guitarist Steve Shears, and drummer Warren Cann, their obvious affection for the glam rock sound of David Bowie and Roxy Music brought them little respect from audiences caught up in the growing fervor of punk, but in 1977 Island Records signed the quintet anyway, with Brian Eno agreeing to produce the band's self-titled debut LP.
After scoring a minor U.K. hit with the single ""My Sex,"" Ultravox returned later that year with Ha! Ha! Ha!; sales were minimal, however, and Shears soon exited, replaced by guitarist Robin Simon. A third LP, 1978's Systems of Romance, was recorded in Germany with renowned producer Conrad Plank, but it too failed commercially. Island soon dropped the band, at which time both Foxx and Simon quit, the former mounting a solo career and the latter joining Magazine. At that point the remaining members of Ultravox tapped singer/guitarist Midge Ure, an alumnus of Slik as well as Glen Matlock's Rich Kids; upon signing to Chrysalis, the new lineup recorded Vienna, scoring a surprise smash hit with the single ""Sleepwalk,"" which reached the number two spot on the U.K. pop charts in 1981 and pushed the LP into the Top Five. The album's title track also fared well, peaking at number two on the charts and remaining there for several weeks.
After 1981's Rage in Eden, Ultravox teamed with legendary producer George Martin for 1983's Quartet; their most successful LP in the otherwise impenetrable American market, it launched the minor hit ""Reap the Wild Wind."" Upon completing 1984's Lament, Warren Cann left Ultravox to forge a solo career. The remaining members, after adding Big Country's Mark Brzezicki, resurfaced with U-Vox in 1986 before going their separate ways. Currie and Simon re-formed the band in 1993, adding vocalist Marcus O'Higgins; three years later, they released the lackluster Ingenuity with Sam Blue on lead vocals. The album marked the group's final studio release. Bassist Chris Cross died on March 25, 2024, at the age of 71. ~ Jason Ankeny",Dancing With Tears in My Eyes,Unknown,https://www.youtube.com/watch?v=PSQWUZ8a2Ho&pp=ygUmVWx0cmF2b3ggRGFuY2luZyBXaXRoIFRlYXJzIGluIE15IEV5ZXM%3D
Lament,https://lastfm.freetls.fastly.net/i/u/300x300/768e33757642e33e9684a107fb50ccc3.png,Ultravox,1984-05-01,"Rejecting the abrasive guitars of their punk-era contemporaries in favor of lushly romantic synthesizers, Ultravox emerged as one of the primary influences on the British electro-pop movement of the early '80s. Formed in London in 1974, the group -- originally dubbed Ultravox! -- was led by vocalist and keyboardist John Foxx (born Dennis Leigh), whose interest in synths and cutting-edge technology began during his school years. With an initial lineup consisting of bassist Chris Cross, keyboardist/violinist Billy Currie, guitarist Steve Shears, and drummer Warren Cann, their obvious affection for the glam rock sound of David Bowie and Roxy Music brought them little respect from audiences caught up in the growing fervor of punk, but in 1977 Island Records signed the quintet anyway, with Brian Eno agreeing to produce the band's self-titled debut LP.
After scoring a minor U.K. hit with the single ""My Sex,"" Ultravox returned later that year with Ha! Ha! Ha!; sales were minimal, however, and Shears soon exited, replaced by guitarist Robin Simon. A third LP, 1978's Systems of Romance, was recorded in Germany with renowned producer Conrad Plank, but it too failed commercially. Island soon dropped the band, at which time both Foxx and Simon quit, the former mounting a solo career and the latter joining Magazine. At that point the remaining members of Ultravox tapped singer/guitarist Midge Ure, an alumnus of Slik as well as Glen Matlock's Rich Kids; upon signing to Chrysalis, the new lineup recorded Vienna, scoring a surprise smash hit with the single ""Sleepwalk,"" which reached the number two spot on the U.K. pop charts in 1981 and pushed the LP into the Top Five. The album's title track also fared well, peaking at number two on the charts and remaining there for several weeks.
After 1981's Rage in Eden, Ultravox teamed with legendary producer George Martin for 1983's Quartet; their most successful LP in the otherwise impenetrable American market, it launched the minor hit ""Reap the Wild Wind."" Upon completing 1984's Lament, Warren Cann left Ultravox to forge a solo career. The remaining members, after adding Big Country's Mark Brzezicki, resurfaced with U-Vox in 1986 before going their separate ways. Currie and Simon re-formed the band in 1993, adding vocalist Marcus O'Higgins; three years later, they released the lackluster Ingenuity with Sam Blue on lead vocals. The album marked the group's final studio release. Bassist Chris Cross died on March 25, 2024, at the age of 71. ~ Jason Ankeny",Love’s Great Adventure,Unknown,https://www.youtube.com/watch?v=v5jVLiTlnnE&pp=ygUeVWx0cmF2b3ggTG92ZXMgR3JlYXQgQWR2ZW50dXJl
Lament,https://lastfm.freetls.fastly.net/i/u/300x300/768e33757642e33e9684a107fb50ccc3.png,Ultravox,1984-05-01,"Rejecting the abrasive guitars of their punk-era contemporaries in favor of lushly romantic synthesizers, Ultravox emerged as one of the primary influences on the British electro-pop movement of the early '80s. Formed in London in 1974, the group -- originally dubbed Ultravox! -- was led by vocalist and keyboardist John Foxx (born Dennis Leigh), whose interest in synths and cutting-edge technology began during his school years. With an initial lineup consisting of bassist Chris Cross, keyboardist/violinist Billy Currie, guitarist Steve Shears, and drummer Warren Cann, their obvious affection for the glam rock sound of David Bowie and Roxy Music brought them little respect from audiences caught up in the growing fervor of punk, but in 1977 Island Records signed the quintet anyway, with Brian Eno agreeing to produce the band's self-titled debut LP.
After scoring a minor U.K. hit with the single ""My Sex,"" Ultravox returned later that year with Ha! Ha! Ha!; sales were minimal, however, and Shears soon exited, replaced by guitarist Robin Simon. A third LP, 1978's Systems of Romance, was recorded in Germany with renowned producer Conrad Plank, but it too failed commercially. Island soon dropped the band, at which time both Foxx and Simon quit, the former mounting a solo career and the latter joining Magazine. At that point the remaining members of Ultravox tapped singer/guitarist Midge Ure, an alumnus of Slik as well as Glen Matlock's Rich Kids; upon signing to Chrysalis, the new lineup recorded Vienna, scoring a surprise smash hit with the single ""Sleepwalk,"" which reached the number two spot on the U.K. pop charts in 1981 and pushed the LP into the Top Five. The album's title track also fared well, peaking at number two on the charts and remaining there for several weeks.
After 1981's Rage in Eden, Ultravox teamed with legendary producer George Martin for 1983's Quartet; their most successful LP in the otherwise impenetrable American market, it launched the minor hit ""Reap the Wild Wind."" Upon completing 1984's Lament, Warren Cann left Ultravox to forge a solo career. The remaining members, after adding Big Country's Mark Brzezicki, resurfaced with U-Vox in 1986 before going their separate ways. Currie and Simon re-formed the band in 1993, adding vocalist Marcus O'Higgins; three years later, they released the lackluster Ingenuity with Sam Blue on lead vocals. The album marked the group's final studio release. Bassist Chris Cross died on March 25, 2024, at the age of 71. ~ Jason Ankeny",Lament,Unknown,https://www.youtube.com/watch?v=KDNn9A0MBCc&pp=ygUPVWx0cmF2b3ggTGFtZW500gcJCX4JAYcqIYzv
Lament,https://lastfm.freetls.fastly.net/i/u/300x300/768e33757642e33e9684a107fb50ccc3.png,Ultravox,1984-05-01,"Rejecting the abrasive guitars of their punk-era contemporaries in favor of lushly romantic synthesizers, Ultravox emerged as one of the primary influences on the British electro-pop movement of the early '80s. Formed in London in 1974, the group -- originally dubbed Ultravox! -- was led by vocalist and keyboardist John Foxx (born Dennis Leigh), whose interest in synths and cutting-edge technology began during his school years. With an initial lineup consisting of bassist Chris Cross, keyboardist/violinist Billy Currie, guitarist Steve Shears, and drummer Warren Cann, their obvious affection for the glam rock sound of David Bowie and Roxy Music brought them little respect from audiences caught up in the growing fervor of punk, but in 1977 Island Records signed the quintet anyway, with Brian Eno agreeing to produce the band's self-titled debut LP.
After scoring a minor U.K. hit with the single ""My Sex,"" Ultravox returned later that year with Ha! Ha! Ha!; sales were minimal, however, and Shears soon exited, replaced by guitarist Robin Simon. A third LP, 1978's Systems of Romance, was recorded in Germany with renowned producer Conrad Plank, but it too failed commercially. Island soon dropped the band, at which time both Foxx and Simon quit, the former mounting a solo career and the latter joining Magazine. At that point the remaining members of Ultravox tapped singer/guitarist Midge Ure, an alumnus of Slik as well as Glen Matlock's Rich Kids; upon signing to Chrysalis, the new lineup recorded Vienna, scoring a surprise smash hit with the single ""Sleepwalk,"" which reached the number two spot on the U.K. pop charts in 1981 and pushed the LP into the Top Five. The album's title track also fared well, peaking at number two on the charts and remaining there for several weeks.
After 1981's Rage in Eden, Ultravox teamed with legendary producer George Martin for 1983's Quartet; their most successful LP in the otherwise impenetrable American market, it launched the minor hit ""Reap the Wild Wind."" Upon completing 1984's Lament, Warren Cann left Ultravox to forge a solo career. The remaining members, after adding Big Country's Mark Brzezicki, resurfaced with U-Vox in 1986 before going their separate ways. Currie and Simon re-formed the band in 1993, adding vocalist Marcus O'Higgins; three years later, they released the lackluster Ingenuity with Sam Blue on lead vocals. The album marked the group's final studio release. Bassist Chris Cross died on March 25, 2024, at the age of 71. ~ Jason Ankeny",Man of Two Worlds,Unknown,https://www.youtube.com/watch?v=3Q4gjOg9otw&pp=ygUaVWx0cmF2b3ggTWFuIG9mIFR3byBXb3JsZHM%3D
Lament,https://lastfm.freetls.fastly.net/i/u/300x300/768e33757642e33e9684a107fb50ccc3.png,Ultravox,1984-05-01,"Rejecting the abrasive guitars of their punk-era contemporaries in favor of lushly romantic synthesizers, Ultravox emerged as one of the primary influences on the British electro-pop movement of the early '80s. Formed in London in 1974, the group -- originally dubbed Ultravox! -- was led by vocalist and keyboardist John Foxx (born Dennis Leigh), whose interest in synths and cutting-edge technology began during his school years. With an initial lineup consisting of bassist Chris Cross, keyboardist/violinist Billy Currie, guitarist Steve Shears, and drummer Warren Cann, their obvious affection for the glam rock sound of David Bowie and Roxy Music brought them little respect from audiences caught up in the growing fervor of punk, but in 1977 Island Records signed the quintet anyway, with Brian Eno agreeing to produce the band's self-titled debut LP.
After scoring a minor U.K. hit with the single ""My Sex,"" Ultravox returned later that year with Ha! Ha! Ha!; sales were minimal, however, and Shears soon exited, replaced by guitarist Robin Simon. A third LP, 1978's Systems of Romance, was recorded in Germany with renowned producer Conrad Plank, but it too failed commercially. Island soon dropped the band, at which time both Foxx and Simon quit, the former mounting a solo career and the latter joining Magazine. At that point the remaining members of Ultravox tapped singer/guitarist Midge Ure, an alumnus of Slik as well as Glen Matlock's Rich Kids; upon signing to Chrysalis, the new lineup recorded Vienna, scoring a surprise smash hit with the single ""Sleepwalk,"" which reached the number two spot on the U.K. pop charts in 1981 and pushed the LP into the Top Five. The album's title track also fared well, peaking at number two on the charts and remaining there for several weeks.
After 1981's Rage in Eden, Ultravox teamed with legendary producer George Martin for 1983's Quartet; their most successful LP in the otherwise impenetrable American market, it launched the minor hit ""Reap the Wild Wind."" Upon completing 1984's Lament, Warren Cann left Ultravox to forge a solo career. The remaining members, after adding Big Country's Mark Brzezicki, resurfaced with U-Vox in 1986 before going their separate ways. Currie and Simon re-formed the band in 1993, adding vocalist Marcus O'Higgins; three years later, they released the lackluster Ingenuity with Sam Blue on lead vocals. The album marked the group's final studio release. Bassist Chris Cross died on March 25, 2024, at the age of 71. ~ Jason Ankeny",Heart of the Country,Unknown,https://www.youtube.com/watch?v=5RueBV8AUbI&pp=ygUdVWx0cmF2b3ggSGVhcnQgb2YgdGhlIENvdW50cnk%3D
Lament,https://lastfm.freetls.fastly.net/i/u/300x300/768e33757642e33e9684a107fb50ccc3.png,Ultravox,1984-05-01,"Rejecting the abrasive guitars of their punk-era contemporaries in favor of lushly romantic synthesizers, Ultravox emerged as one of the primary influences on the British electro-pop movement of the early '80s. Formed in London in 1974, the group -- originally dubbed Ultravox! -- was led by vocalist and keyboardist John Foxx (born Dennis Leigh), whose interest in synths and cutting-edge technology began during his school years. With an initial lineup consisting of bassist Chris Cross, keyboardist/violinist Billy Currie, guitarist Steve Shears, and drummer Warren Cann, their obvious affection for the glam rock sound of David Bowie and Roxy Music brought them little respect from audiences caught up in the growing fervor of punk, but in 1977 Island Records signed the quintet anyway, with Brian Eno agreeing to produce the band's self-titled debut LP.
After scoring a minor U.K. hit with the single ""My Sex,"" Ultravox returned later that year with Ha! Ha! Ha!; sales were minimal, however, and Shears soon exited, replaced by guitarist Robin Simon. A third LP, 1978's Systems of Romance, was recorded in Germany with renowned producer Conrad Plank, but it too failed commercially. Island soon dropped the band, at which time both Foxx and Simon quit, the former mounting a solo career and the latter joining Magazine. At that point the remaining members of Ultravox tapped singer/guitarist Midge Ure, an alumnus of Slik as well as Glen Matlock's Rich Kids; upon signing to Chrysalis, the new lineup recorded Vienna, scoring a surprise smash hit with the single ""Sleepwalk,"" which reached the number two spot on the U.K. pop charts in 1981 and pushed the LP into the Top Five. The album's title track also fared well, peaking at number two on the charts and remaining there for several weeks.
After 1981's Rage in Eden, Ultravox teamed with legendary producer George Martin for 1983's Quartet; their most successful LP in the otherwise impenetrable American market, it launched the minor hit ""Reap the Wild Wind."" Upon completing 1984's Lament, Warren Cann left Ultravox to forge a solo career. The remaining members, after adding Big Country's Mark Brzezicki, resurfaced with U-Vox in 1986 before going their separate ways. Currie and Simon re-formed the band in 1993, adding vocalist Marcus O'Higgins; three years later, they released the lackluster Ingenuity with Sam Blue on lead vocals. The album marked the group's final studio release. Bassist Chris Cross died on March 25, 2024, at the age of 71. ~ Jason Ankeny",When the Time Comes,Unknown,https://www.youtube.com/watch?v=nTXf5mo50Bw&pp=ygUcVWx0cmF2b3ggV2hlbiB0aGUgVGltZSBDb21lcw%3D%3D
Lament,https://lastfm.freetls.fastly.net/i/u/300x300/768e33757642e33e9684a107fb50ccc3.png,Ultravox,1984-05-01,"Rejecting the abrasive guitars of their punk-era contemporaries in favor of lushly romantic synthesizers, Ultravox emerged as one of the primary influences on the British electro-pop movement of the early '80s. Formed in London in 1974, the group -- originally dubbed Ultravox! -- was led by vocalist and keyboardist John Foxx (born Dennis Leigh), whose interest in synths and cutting-edge technology began during his school years. With an initial lineup consisting of bassist Chris Cross, keyboardist/violinist Billy Currie, guitarist Steve Shears, and drummer Warren Cann, their obvious affection for the glam rock sound of David Bowie and Roxy Music brought them little respect from audiences caught up in the growing fervor of punk, but in 1977 Island Records signed the quintet anyway, with Brian Eno agreeing to produce the band's self-titled debut LP.
After scoring a minor U.K. hit with the single ""My Sex,"" Ultravox returned later that year with Ha! Ha! Ha!; sales were minimal, however, and Shears soon exited, replaced by guitarist Robin Simon. A third LP, 1978's Systems of Romance, was recorded in Germany with renowned producer Conrad Plank, but it too failed commercially. Island soon dropped the band, at which time both Foxx and Simon quit, the former mounting a solo career and the latter joining Magazine. At that point the remaining members of Ultravox tapped singer/guitarist Midge Ure, an alumnus of Slik as well as Glen Matlock's Rich Kids; upon signing to Chrysalis, the new lineup recorded Vienna, scoring a surprise smash hit with the single ""Sleepwalk,"" which reached the number two spot on the U.K. pop charts in 1981 and pushed the LP into the Top Five. The album's title track also fared well, peaking at number two on the charts and remaining there for several weeks.
After 1981's Rage in Eden, Ultravox teamed with legendary producer George Martin for 1983's Quartet; their most successful LP in the otherwise impenetrable American market, it launched the minor hit ""Reap the Wild Wind."" Upon completing 1984's Lament, Warren Cann left Ultravox to forge a solo career. The remaining members, after adding Big Country's Mark Brzezicki, resurfaced with U-Vox in 1986 before going their separate ways. Currie and Simon re-formed the band in 1993, adding vocalist Marcus O'Higgins; three years later, they released the lackluster Ingenuity with Sam Blue on lead vocals. The album marked the group's final studio release. Bassist Chris Cross died on March 25, 2024, at the age of 71. ~ Jason Ankeny",A Friend I Call Desire,Unknown,https://www.youtube.com/watch?v=sujGWyltJII&pp=ygUfVWx0cmF2b3ggQSBGcmllbmQgSSBDYWxsIERlc2lyZQ%3D%3D
Quartet,https://lastfm.freetls.fastly.net/i/u/300x300/e8f0c29abd6147809d352ffc07894be0.png,Ultravox,1982-10-15,"Rejecting the abrasive guitars of their punk-era contemporaries in favor of lushly romantic synthesizers, Ultravox emerged as one of the primary influences on the British electro-pop movement of the early '80s. Formed in London in 1974, the group -- originally dubbed Ultravox! -- was led by vocalist and keyboardist John Foxx (born Dennis Leigh), whose interest in synths and cutting-edge technology began during his school years. With an initial lineup consisting of bassist Chris Cross, keyboardist/violinist Billy Currie, guitarist Steve Shears, and drummer Warren Cann, their obvious affection for the glam rock sound of David Bowie and Roxy Music brought them little respect from audiences caught up in the growing fervor of punk, but in 1977 Island Records signed the quintet anyway, with Brian Eno agreeing to produce the band's self-titled debut LP.
After scoring a minor U.K. hit with the single ""My Sex,"" Ultravox returned later that year with Ha! Ha! Ha!; sales were minimal, however, and Shears soon exited, replaced by guitarist Robin Simon. A third LP, 1978's Systems of Romance, was recorded in Germany with renowned producer Conrad Plank, but it too failed commercially. Island soon dropped the band, at which time both Foxx and Simon quit, the former mounting a solo career and the latter joining Magazine. At that point the remaining members of Ultravox tapped singer/guitarist Midge Ure, an alumnus of Slik as well as Glen Matlock's Rich Kids; upon signing to Chrysalis, the new lineup recorded Vienna, scoring a surprise smash hit with the single ""Sleepwalk,"" which reached the number two spot on the U.K. pop charts in 1981 and pushed the LP into the Top Five. The album's title track also fared well, peaking at number two on the charts and remaining there for several weeks.
After 1981's Rage in Eden, Ultravox teamed with legendary producer George Martin for 1983's Quartet; their most successful LP in the otherwise impenetrable American market, it launched the minor hit ""Reap the Wild Wind."" Upon completing 1984's Lament, Warren Cann left Ultravox to forge a solo career. The remaining members, after adding Big Country's Mark Brzezicki, resurfaced with U-Vox in 1986 before going their separate ways. Currie and Simon re-formed the band in 1993, adding vocalist Marcus O'Higgins; three years later, they released the lackluster Ingenuity with Sam Blue on lead vocals. The album marked the group's final studio release. Bassist Chris Cross died on March 25, 2024, at the age of 71. ~ Jason Ankeny",Reap the Wild Wind,Unknown,https://www.youtube.com/watch?v=SeR9OtIOajc&pp=ygUbVWx0cmF2b3ggUmVhcCB0aGUgV2lsZCBXaW5k
U-Vox,https://lastfm.freetls.fastly.net/i/u/300x300/5d47a3cfad6f46b18b6fec250cbf7f6c.png,Ultravox,1986-01-01,"Rejecting the abrasive guitars of their punk-era contemporaries in favor of lushly romantic synthesizers, Ultravox emerged as one of the primary influences on the British electro-pop movement of the early '80s. Formed in London in 1974, the group -- originally dubbed Ultravox! -- was led by vocalist and keyboardist John Foxx (born Dennis Leigh), whose interest in synths and cutting-edge technology began during his school years. With an initial lineup consisting of bassist Chris Cross, keyboardist/violinist Billy Currie, guitarist Steve Shears, and drummer Warren Cann, their obvious affection for the glam rock sound of David Bowie and Roxy Music brought them little respect from audiences caught up in the growing fervor of punk, but in 1977 Island Records signed the quintet anyway, with Brian Eno agreeing to produce the band's self-titled debut LP.
After scoring a minor U.K. hit with the single ""My Sex,"" Ultravox returned later that year with Ha! Ha! Ha!; sales were minimal, however, and Shears soon exited, replaced by guitarist Robin Simon. A third LP, 1978's Systems of Romance, was recorded in Germany with renowned producer Conrad Plank, but it too failed commercially. Island soon dropped the band, at which time both Foxx and Simon quit, the former mounting a solo career and the latter joining Magazine. At that point the remaining members of Ultravox tapped singer/guitarist Midge Ure, an alumnus of Slik as well as Glen Matlock's Rich Kids; upon signing to Chrysalis, the new lineup recorded Vienna, scoring a surprise smash hit with the single ""Sleepwalk,"" which reached the number two spot on the U.K. pop charts in 1981 and pushed the LP into the Top Five. The album's title track also fared well, peaking at number two on the charts and remaining there for several weeks.
After 1981's Rage in Eden, Ultravox teamed with legendary producer George Martin for 1983's Quartet; their most successful LP in the otherwise impenetrable American market, it launched the minor hit ""Reap the Wild Wind."" Upon completing 1984's Lament, Warren Cann left Ultravox to forge a solo career. The remaining members, after adding Big Country's Mark Brzezicki, resurfaced with U-Vox in 1986 before going their separate ways. Currie and Simon re-formed the band in 1993, adding vocalist Marcus O'Higgins; three years later, they released the lackluster Ingenuity with Sam Blue on lead vocals. The album marked the group's final studio release. Bassist Chris Cross died on March 25, 2024, at the age of 71. ~ Jason Ankeny",All Fall Down,Unknown,https://www.youtube.com/watch?v=igJ_Du4uf5s&pp=ygUWVWx0cmF2b3ggQWxsIEZhbGwgRG93bg%3D%3D
Vienna,https://lastfm.freetls.fastly.net/i/u/300x300/6251fd11803c447f9579ad572ae052f4.png,Ultravox,1981-01-15,"Rejecting the abrasive guitars of their punk-era contemporaries in favor of lushly romantic synthesizers, Ultravox emerged as one of the primary influences on the British electro-pop movement of the early '80s. Formed in London in 1974, the group -- originally dubbed Ultravox! -- was led by vocalist and keyboardist John Foxx (born Dennis Leigh), whose interest in synths and cutting-edge technology began during his school years. With an initial lineup consisting of bassist Chris Cross, keyboardist/violinist Billy Currie, guitarist Steve Shears, and drummer Warren Cann, their obvious affection for the glam rock sound of David Bowie and Roxy Music brought them little respect from audiences caught up in the growing fervor of punk, but in 1977 Island Records signed the quintet anyway, with Brian Eno agreeing to produce the band's self-titled debut LP.
After scoring a minor U.K. hit with the single ""My Sex,"" Ultravox returned later that year with Ha! Ha! Ha!; sales were minimal, however, and Shears soon exited, replaced by guitarist Robin Simon. A third LP, 1978's Systems of Romance, was recorded in Germany with renowned producer Conrad Plank, but it too failed commercially. Island soon dropped the band, at which time both Foxx and Simon quit, the former mounting a solo career and the latter joining Magazine. At that point the remaining members of Ultravox tapped singer/guitarist Midge Ure, an alumnus of Slik as well as Glen Matlock's Rich Kids; upon signing to Chrysalis, the new lineup recorded Vienna, scoring a surprise smash hit with the single ""Sleepwalk,"" which reached the number two spot on the U.K. pop charts in 1981 and pushed the LP into the Top Five. The album's title track also fared well, peaking at number two on the charts and remaining there for several weeks.
After 1981's Rage in Eden, Ultravox teamed with legendary producer George Martin for 1983's Quartet; their most successful LP in the otherwise impenetrable American market, it launched the minor hit ""Reap the Wild Wind."" Upon completing 1984's Lament, Warren Cann left Ultravox to forge a solo career. The remaining members, after adding Big Country's Mark Brzezicki, resurfaced with U-Vox in 1986 before going their separate ways. Currie and Simon re-formed the band in 1993, adding vocalist Marcus O'Higgins; three years later, they released the lackluster Ingenuity with Sam Blue on lead vocals. The album marked the group's final studio release. Bassist Chris Cross died on March 25, 2024, at the age of 71. ~ Jason Ankeny",Vienna,Unknown,https://www.youtube.com/watch?v=xJeWySiuq1I&pp=ygUPVWx0cmF2b3ggVmllbm5h
Machine Guns and Peacock Feathers (Carpenter Brut remix),https://lastfm.freetls.fastly.net/i/u/300x300/7b02fb3292824beb9b0e08a333324bf5.png,Ulver,2021-01-22,"Norway's Ulver took their name from the Norse word for ""wolf."" As a unit, they are one of the most diverse groups in North European music. Though initially regarded as a black metal band, they have worked in numerous genres -- all dependent on predetermined concepts -- rendering them an entity unto themselves. Active since 1994, early recordings like Bergtatt -- a ferocious, blasting, buzzing, blackened masterpiece -- they immediately shifted gears with the completely acoustic Kveldssanger and the recorded-in-a-field Nattens Madrigal, confounding fans and critics but enthralling them simultaneously. In the 21st century, they experimented with electro-acoustic music on Perdition City, ambient soundtracks such as Lyckantropen Themes, Svidd Neger, and Riverhead, large-scale works such as Messe I.X-VI.X (with the Tromsø Chamber Orchestra), extrapolations of Krautrock (ATGCLVLSSCAP), and gothic-influenced pop on The Assassination of Julius Caesar.
Led by vocalist Garm (Kristoffer Rygg), Ulver recorded three albums that made up a trilogy and spawned a global reputation for stylistic unpredictability. The first, 1995's Bergtatt, was a black metal set that detailed a Norse legend in which maidens are abducted by denizens of the underworld. Their second LP, Kveldssanger, issued a year later, employed classical guitars, strings, and a chamber choir as they performed original folk and classical dirges. Ulver made their international debut with the final entry in their trilogy, 1997's Nattens Madrigal. An album about wolves, it brought them full-circle. It was intentionally under-produced and performed in traditional Norwegian black metal style.
In late 1997, Garm began working with keyboardist, sound conceptualist, and composer Tore Ylwizaker, who formally joined the band. Together they created the strategy for Themes from William Blake's the Marriage of Heaven & Hell, which was issued in 1998. The album initially proved a head scratcher for fans since it transcended black metal's aesthetics and employed everything from ambient and classical sounds to industrial, prog metal, and art rock, but was eventually regarded as one of their finest moments.
The Metamorphosis EP, the first of their electronic ""ambient soundtracks"" works, was released in 1999, followed by four records of the same type in quick succession: their fifth album, Perdition City (Music to an Interior Film) in 2000, and three EPs: Silence Teaches You How to Sing and Silencing the Singing, both in 2001, and 2003's A Quick Fix of Melancholy.
In 2005, Ulver released Blood Inside, their sixth full-length, and an album that marked a return to standard rock instrumentation, combined with orchestral instruments and arrangements. Their seventh studio album, Shadows of the Sun, saw another sonic sea change. Ulver enlisted guitarist and producer Christian Fennesz and Theremin master Pamelia Kurstin as collaborators. The release received the Album of the Year Award at the Oslo Awards.
In 2009, Ulver announced they would become a quartet. Their three extant members -- Garm, Ylwizaker, and multi-instrumentalist Jørn H. Sværen -- enlisted British composer and multi-instrumentalist Daniel O'Sullivan, who joined the group. The first album to feature the quartet was 2011's Wars of the Roses, followed by a thoroughly reimagined collection of '60s cover versions on 2012's Childhood's End, and an EP from the Roadburn Festival, as well as a DVD of a performance at the Norwegian National Opera.
Also that year, Ulver received a commission for a new work from the KulturHuset Tromsø in Norway, in cooperation with the Arctic Opera and Philharmonic Orchestra. Entitled Messe I.X-VI.X, it was performed and recorded by the band (with new member Ole Alexander Halstensgård replacing O'Sullivan) with the Tromsø Chamber Orchestra. The original recordings underwent post-production work with orchestral arranger Martin Romberg, and were finally released in the fall of 2013. Also in 2013, Ulver collaborated on a full-length recording with Sunn 0))); it was released as Terrestrials in February of 2014. That same month, the band played a series of shows that consisted ""...of partly new and improv-based material, likely to revolve around motifs already familiar to our familiars."" The following year, they announced that O'Sullivan -- under the nom de plume ""12"" -- had taken the multi-track tapes of those shows and massively edited them. Rygg, Ylwizaker, Sværen, and Anders Møller added new studio material to them during subsequent months. The full project, titled ATGCLVLSSCAP, was issued in 2016 on House of Mythology.
An original score and soundtrack for the film Riverhead appeared in December 2016 and continued along the improvisational path. In March 2017, Ulver managed to shock fans and critics yet again by heading into radical directions with the release of the dark synth pop single and video for ""Nemoralia."" In an interview, Rygg called the full-length The Assassination of Julius Caesar ""Ulver's pop album."" Issued in April, it preceded the band's appearance at the annual Roadburn Festival. The set included guest spots by saxophonist Nik Turner (ex-Hawkwind) and guitarist Stian Westerhus. The following year, Ulver released the Sic Transit Gloria Mundi EP, comprised of two recently completed songs whose original demos were left on the cutting-room floor during The Assassination of Julius Caesar sessions, and a cover of Frankie Goes to Hollywood's ""The Power of Love.""
In June of 2020, Ulver announced the release of full-length The Flowers of Evil, and the imminent publication of Wolves Evolve: The Ulver Story, a hardbound 336-page biography. An aesthetic follow-up to The Assassination of Julius Caesar, it showcased a deeper move into the ""doom dance"" sound of its predecessor, with return production from Michael Rendall and Martin ""Youth"" Glover. The album and the book were released in August. ~ Thom Jurek",Machine Guns and Peacock Feathers (Carpenter Brut remix),Unknown,https://www.youtube.com/watch?v=lbXhOtUxZ_8&pp=ygU8VWx2ZXIgTWFjaGluZSBHdW5zIGFuZCBQZWFjb2NrIEZlYXRoZXJzIENhcnBlbnRlciBCcnV0IHJlbWl4
Underneath the Radar,https://lastfm.freetls.fastly.net/i/u/300x300/0b910fda33c9a30014dcb682f3a7914f.png,Underworld,1988-03-01,"Underworld are a British techno institution whose sound is a progressive synthesis of old and new, an approach that has served them well for several decades. The trio's two-man front line, vocalist Karl Hyde and keyboard player Rick Smith, have been recording together since the early-'80s new wave explosion. After the pair released a pair of obscure rock albums, they hit it big the following decade with new recruit Darren Emerson. Traditional song forms were jettisoned in favor of Hyde's heavily treated vocals, barely-there whispering, and surreal wordplay, stretched out over the urban breakbeat trance ripped out by Emerson and company while Hyde's cascade of guitar-shard effects provided a bluesy foil to the stark music. The first album by the trio, Dubnobasswithmyheadman (1993), appeared to a flurry of critical acclaim and reached number 12 in their native U.K. Second Toughest in the Infants (1996), the group's following LP, updated their sound slightly, scraped the Top Ten, and remained on the chart for over eight months, thanks in part to a boost they received from appearing on the soundtrack of the seminal Trainspotting. Although that has remained the group's commercial peak, Underworld continue to record challenging and well-received albums, as well as soundtrack material, amid numerous solo pursuits. Their ninth album, Barbara Barbara, We Face a Shining Future (2016), earned Underworld their first Grammy nomination, after which they collaborated with Iggy Pop for Teatime Dub Encounters (2018). Following the ambitious DRIFT Series 1 project, the group released the full-length Strawberry Hotel in 2024.
The roots of Underworld go back to the dawn of the '80s, when Hyde and Smith formed a new wave band called Freur. The group released Doot-Doot in 1983 and Get Us Out of Here two years later, but subsequently disintegrated. Hyde worked on guitar sessions for Debbie Harry and Prince, then reunited with Smith in 1988 to form an industrial-funk band called Underworld. The pair earned an American contract with Sire and released Underneath the Radar (1988) and Change the Weather (1989). Each album produced a single that reached the back half of the Billboard Hot 100, but Underworld disappeared shortly thereafter.
As they had several years earlier, Hyde and Smith shed their skins yet again, recruiting hotshot DJ Darren Emerson and renaming themselves Lemon Interrupt. In 1992, the trio debuted with two singles, ""Dirty""/""Minneapolis"" and ""Bigmouth""/""Eclipse,"" both released on Junior Boys Own Records. After they reverted to Underworld, 1993's ""Rez"" and ""MMM...Skyscraper I Love You"" caused a minor sensation in the dance community. Instead of adding small elements of techno to a basically pop or rock formula (as many bands had attempted with varying success), Underworld treated techno as the dominant force. Their debut album, Dubnobasswithmyheadman, was praised by many critics upon release later in 1993 and crossed over to the British pop chart, peaking at number 12. Hyde, Smith, and Emerson impressed many at their concert dates as well. The trio apparently relished playing live, touring Great Britain twice plus Japan, Europe, and the annual summer festival circuit, where their Glastonbury appearance became the stuff of legend.
Dubnobasswithmyheadman was released in the U.S. in 1995 after being licensed to TVT Records. During the rest of the year, Underworld were relatively quiet, releasing only the single ""Born Slippy."" Finally, Second Toughest in the Infants appeared in early 1996 to much critical praise. The trio gained no small amount of commercial success later in the year when ""Born Slippy"" (specifically its B-side version, ""Born Slippy .NUXX"") was featured on the soundtrack to Trainspotting, the controversial Scottish film that earned praise from critics all over the globe. In the U.K., Second Toughest peaked at number nine during a 34-week stay on the album chart. Underworld also remained busy with Tomato -- their own graphic design company responsible for commercials from such high-profile clients as Nike, Sony, Adidas, and Pepsi -- and remixing work for Depeche Mode, Björk, St. Etienne, Sven Väth, Simply Red, and Leftfield. Emerson continued to DJ on a regular basis, releasing mix albums for Mixmag! and Deconstruction. Underworld's 1999 LP, Beaucoup Fish, entered the U.K. chart at number three. The band continued to tour the world, as documented in 2000 with the live album Everything, Everything, after which Emerson left to continue his DJ career. A Hundred Days Off, Underworld's first LP as a duo since 1989, was released in mid-2002. One year later, the stopgap compilation 1992-2002 appeared.
By 2005, the duo had officially been joined by one of Britain's most respected DJs, Darren Price (although he contributed to A Hundred Days Off), and his work also appeared on a series of online-only EPs Underworld released during 2005 and 2006. They also recorded new material for the soundtrack of the Anthony Minghella film Breaking and Entering. Their first ""proper"" full-length since 2002, Oblivion with Bells, appeared in 2007. It was followed in 2010 by Barking, an album that featured numerous guest producers including Paul van Dyk, Appleblim, and High Contrast. Underworld simultaneously released two more compilations, the triple-CD 1992–2012 as well as the single-disc A Collection (which featured previously unreleased collaborations with Brian Eno, Tiësto, and Mark Knight & D. Ramirez), in late 2011.
In 2012, Underworld served as music directors for the opening ceremony of the 2012 Summer Olympics, held in London. They wrote two songs (""And I Will Kiss"" and ""Caliban's Dream"") for the opening ceremony, and 11 of their tracks were included on the ceremony's official soundtrack album, Isles of Wonder. Underworld were granted the prize for Innovation in Sound at the 2012 Q Awards. In 2013, Karl Hyde released his debut solo album, Edgeland. The following year, he issued a collaborative album with Brian Eno, Someday World; the full-length was quickly followed by High Life, an excellent album that recalled Eno's pioneering work with Talking Heads and David Byrne during the '70s and '80s.
Underworld announced plans to reissue their studio albums in remastered and expanded editions. A 20th anniversary edition of Dubnobasswithmyheadman appeared in 2014, available as a double CD as well as a super deluxe five-CD version, loaded with remixes and unreleased recordings. This was followed by a similar reissue of Second Toughest in November of 2015 (a bit short of its actual 20th anniversary), again as a two-disc edition, as well as an expansive four-CD configuration, including an entire disc devoted to charting the evolution of ""Born Slippy .NUXX,"" from studio demos and live incarnations to an iconic, era-defining anthem. In 2016, they returned with new music and a new label as Caroline International issued Barbara Barbara, We Face a Shining Future. The album became their third Top Ten U.K. hit and was nominated for a Grammy in the category of Best Dance/Electronic Album. After a pair of non-album singles, Underworld worked with Iggy Pop on Teatime Dub Encounters, a five-track EP issued in 2018.
Later that year, the duo kicked off an ambitious project titled Drift. Issuing material on a weekly basis, they split the series into ""Episodes,"" releasing Dust, Atom, Heart, Space, and Game into late 2019. A compilation box set considered the band's tenth studio album, DRIFT Series 1, arrived in November. Originally planned to be the end of the project, it simply marked the end of the first phase as Underworld decided to continue with it, though no releases have yet appeared as part of the second series. To celebrate the accomplishment, they promoted the effort with live shows in Colombia, Mexico, Belgium, the Netherlands, and England. The band then released a few reworked and live versions of classic tracks, including ""Two Months Off"" and ""Juanita."" They began issuing new material in 2023, starting with ""and the colour red"" and ""denver luna."" Two collaborations with KETTAMA followed, and the full-length Strawberry Hotel arrived in 2024. ~ John Bush",Underneath the Radar,Unknown,https://www.youtube.com/watch?v=br8AvTqZ0w4&pp=ygUfVW5kZXJ3b3JsZCBVbmRlcm5lYXRoIHRoZSBSYWRhcg%3D%3D
Born Slippy,https://lastfm.freetls.fastly.net/i/u/300x300/d1062b7b92c5680ffa83493fc2051406.png,Underworld,1995-05-01,"Underworld are a British techno institution whose sound is a progressive synthesis of old and new, an approach that has served them well for several decades. The trio's two-man front line, vocalist Karl Hyde and keyboard player Rick Smith, have been recording together since the early-'80s new wave explosion. After the pair released a pair of obscure rock albums, they hit it big the following decade with new recruit Darren Emerson. Traditional song forms were jettisoned in favor of Hyde's heavily treated vocals, barely-there whispering, and surreal wordplay, stretched out over the urban breakbeat trance ripped out by Emerson and company while Hyde's cascade of guitar-shard effects provided a bluesy foil to the stark music. The first album by the trio, Dubnobasswithmyheadman (1993), appeared to a flurry of critical acclaim and reached number 12 in their native U.K. Second Toughest in the Infants (1996), the group's following LP, updated their sound slightly, scraped the Top Ten, and remained on the chart for over eight months, thanks in part to a boost they received from appearing on the soundtrack of the seminal Trainspotting. Although that has remained the group's commercial peak, Underworld continue to record challenging and well-received albums, as well as soundtrack material, amid numerous solo pursuits. Their ninth album, Barbara Barbara, We Face a Shining Future (2016), earned Underworld their first Grammy nomination, after which they collaborated with Iggy Pop for Teatime Dub Encounters (2018). Following the ambitious DRIFT Series 1 project, the group released the full-length Strawberry Hotel in 2024.
The roots of Underworld go back to the dawn of the '80s, when Hyde and Smith formed a new wave band called Freur. The group released Doot-Doot in 1983 and Get Us Out of Here two years later, but subsequently disintegrated. Hyde worked on guitar sessions for Debbie Harry and Prince, then reunited with Smith in 1988 to form an industrial-funk band called Underworld. The pair earned an American contract with Sire and released Underneath the Radar (1988) and Change the Weather (1989). Each album produced a single that reached the back half of the Billboard Hot 100, but Underworld disappeared shortly thereafter.
As they had several years earlier, Hyde and Smith shed their skins yet again, recruiting hotshot DJ Darren Emerson and renaming themselves Lemon Interrupt. In 1992, the trio debuted with two singles, ""Dirty""/""Minneapolis"" and ""Bigmouth""/""Eclipse,"" both released on Junior Boys Own Records. After they reverted to Underworld, 1993's ""Rez"" and ""MMM...Skyscraper I Love You"" caused a minor sensation in the dance community. Instead of adding small elements of techno to a basically pop or rock formula (as many bands had attempted with varying success), Underworld treated techno as the dominant force. Their debut album, Dubnobasswithmyheadman, was praised by many critics upon release later in 1993 and crossed over to the British pop chart, peaking at number 12. Hyde, Smith, and Emerson impressed many at their concert dates as well. The trio apparently relished playing live, touring Great Britain twice plus Japan, Europe, and the annual summer festival circuit, where their Glastonbury appearance became the stuff of legend.
Dubnobasswithmyheadman was released in the U.S. in 1995 after being licensed to TVT Records. During the rest of the year, Underworld were relatively quiet, releasing only the single ""Born Slippy."" Finally, Second Toughest in the Infants appeared in early 1996 to much critical praise. The trio gained no small amount of commercial success later in the year when ""Born Slippy"" (specifically its B-side version, ""Born Slippy .NUXX"") was featured on the soundtrack to Trainspotting, the controversial Scottish film that earned praise from critics all over the globe. In the U.K., Second Toughest peaked at number nine during a 34-week stay on the album chart. Underworld also remained busy with Tomato -- their own graphic design company responsible for commercials from such high-profile clients as Nike, Sony, Adidas, and Pepsi -- and remixing work for Depeche Mode, Björk, St. Etienne, Sven Väth, Simply Red, and Leftfield. Emerson continued to DJ on a regular basis, releasing mix albums for Mixmag! and Deconstruction. Underworld's 1999 LP, Beaucoup Fish, entered the U.K. chart at number three. The band continued to tour the world, as documented in 2000 with the live album Everything, Everything, after which Emerson left to continue his DJ career. A Hundred Days Off, Underworld's first LP as a duo since 1989, was released in mid-2002. One year later, the stopgap compilation 1992-2002 appeared.
By 2005, the duo had officially been joined by one of Britain's most respected DJs, Darren Price (although he contributed to A Hundred Days Off), and his work also appeared on a series of online-only EPs Underworld released during 2005 and 2006. They also recorded new material for the soundtrack of the Anthony Minghella film Breaking and Entering. Their first ""proper"" full-length since 2002, Oblivion with Bells, appeared in 2007. It was followed in 2010 by Barking, an album that featured numerous guest producers including Paul van Dyk, Appleblim, and High Contrast. Underworld simultaneously released two more compilations, the triple-CD 1992–2012 as well as the single-disc A Collection (which featured previously unreleased collaborations with Brian Eno, Tiësto, and Mark Knight & D. Ramirez), in late 2011.
In 2012, Underworld served as music directors for the opening ceremony of the 2012 Summer Olympics, held in London. They wrote two songs (""And I Will Kiss"" and ""Caliban's Dream"") for the opening ceremony, and 11 of their tracks were included on the ceremony's official soundtrack album, Isles of Wonder. Underworld were granted the prize for Innovation in Sound at the 2012 Q Awards. In 2013, Karl Hyde released his debut solo album, Edgeland. The following year, he issued a collaborative album with Brian Eno, Someday World; the full-length was quickly followed by High Life, an excellent album that recalled Eno's pioneering work with Talking Heads and David Byrne during the '70s and '80s.
Underworld announced plans to reissue their studio albums in remastered and expanded editions. A 20th anniversary edition of Dubnobasswithmyheadman appeared in 2014, available as a double CD as well as a super deluxe five-CD version, loaded with remixes and unreleased recordings. This was followed by a similar reissue of Second Toughest in November of 2015 (a bit short of its actual 20th anniversary), again as a two-disc edition, as well as an expansive four-CD configuration, including an entire disc devoted to charting the evolution of ""Born Slippy .NUXX,"" from studio demos and live incarnations to an iconic, era-defining anthem. In 2016, they returned with new music and a new label as Caroline International issued Barbara Barbara, We Face a Shining Future. The album became their third Top Ten U.K. hit and was nominated for a Grammy in the category of Best Dance/Electronic Album. After a pair of non-album singles, Underworld worked with Iggy Pop on Teatime Dub Encounters, a five-track EP issued in 2018.
Later that year, the duo kicked off an ambitious project titled Drift. Issuing material on a weekly basis, they split the series into ""Episodes,"" releasing Dust, Atom, Heart, Space, and Game into late 2019. A compilation box set considered the band's tenth studio album, DRIFT Series 1, arrived in November. Originally planned to be the end of the project, it simply marked the end of the first phase as Underworld decided to continue with it, though no releases have yet appeared as part of the second series. To celebrate the accomplishment, they promoted the effort with live shows in Colombia, Mexico, Belgium, the Netherlands, and England. The band then released a few reworked and live versions of classic tracks, including ""Two Months Off"" and ""Juanita."" They began issuing new material in 2023, starting with ""and the colour red"" and ""denver luna."" Two collaborations with KETTAMA followed, and the full-length Strawberry Hotel arrived in 2024. ~ John Bush",Born Slippy,Unknown,https://www.youtube.com/watch?v=XiMrrleH_hI&list=RDXiMrrleH_hI&start_radio=1&pp=ygUYVW5kZXJ3b3JsZCAtIEJvcm4gU2xpcHB5oAcB
Born Slippy,https://lastfm.freetls.fastly.net/i/u/300x300/d1062b7b92c5680ffa83493fc2051406.png,Underworld,1995-05-01,"Underworld are a British techno institution whose sound is a progressive synthesis of old and new, an approach that has served them well for several decades. The trio's two-man front line, vocalist Karl Hyde and keyboard player Rick Smith, have been recording together since the early-'80s new wave explosion. After the pair released a pair of obscure rock albums, they hit it big the following decade with new recruit Darren Emerson. Traditional song forms were jettisoned in favor of Hyde's heavily treated vocals, barely-there whispering, and surreal wordplay, stretched out over the urban breakbeat trance ripped out by Emerson and company while Hyde's cascade of guitar-shard effects provided a bluesy foil to the stark music. The first album by the trio, Dubnobasswithmyheadman (1993), appeared to a flurry of critical acclaim and reached number 12 in their native U.K. Second Toughest in the Infants (1996), the group's following LP, updated their sound slightly, scraped the Top Ten, and remained on the chart for over eight months, thanks in part to a boost they received from appearing on the soundtrack of the seminal Trainspotting. Although that has remained the group's commercial peak, Underworld continue to record challenging and well-received albums, as well as soundtrack material, amid numerous solo pursuits. Their ninth album, Barbara Barbara, We Face a Shining Future (2016), earned Underworld their first Grammy nomination, after which they collaborated with Iggy Pop for Teatime Dub Encounters (2018). Following the ambitious DRIFT Series 1 project, the group released the full-length Strawberry Hotel in 2024.
The roots of Underworld go back to the dawn of the '80s, when Hyde and Smith formed a new wave band called Freur. The group released Doot-Doot in 1983 and Get Us Out of Here two years later, but subsequently disintegrated. Hyde worked on guitar sessions for Debbie Harry and Prince, then reunited with Smith in 1988 to form an industrial-funk band called Underworld. The pair earned an American contract with Sire and released Underneath the Radar (1988) and Change the Weather (1989). Each album produced a single that reached the back half of the Billboard Hot 100, but Underworld disappeared shortly thereafter.
As they had several years earlier, Hyde and Smith shed their skins yet again, recruiting hotshot DJ Darren Emerson and renaming themselves Lemon Interrupt. In 1992, the trio debuted with two singles, ""Dirty""/""Minneapolis"" and ""Bigmouth""/""Eclipse,"" both released on Junior Boys Own Records. After they reverted to Underworld, 1993's ""Rez"" and ""MMM...Skyscraper I Love You"" caused a minor sensation in the dance community. Instead of adding small elements of techno to a basically pop or rock formula (as many bands had attempted with varying success), Underworld treated techno as the dominant force. Their debut album, Dubnobasswithmyheadman, was praised by many critics upon release later in 1993 and crossed over to the British pop chart, peaking at number 12. Hyde, Smith, and Emerson impressed many at their concert dates as well. The trio apparently relished playing live, touring Great Britain twice plus Japan, Europe, and the annual summer festival circuit, where their Glastonbury appearance became the stuff of legend.
Dubnobasswithmyheadman was released in the U.S. in 1995 after being licensed to TVT Records. During the rest of the year, Underworld were relatively quiet, releasing only the single ""Born Slippy."" Finally, Second Toughest in the Infants appeared in early 1996 to much critical praise. The trio gained no small amount of commercial success later in the year when ""Born Slippy"" (specifically its B-side version, ""Born Slippy .NUXX"") was featured on the soundtrack to Trainspotting, the controversial Scottish film that earned praise from critics all over the globe. In the U.K., Second Toughest peaked at number nine during a 34-week stay on the album chart. Underworld also remained busy with Tomato -- their own graphic design company responsible for commercials from such high-profile clients as Nike, Sony, Adidas, and Pepsi -- and remixing work for Depeche Mode, Björk, St. Etienne, Sven Väth, Simply Red, and Leftfield. Emerson continued to DJ on a regular basis, releasing mix albums for Mixmag! and Deconstruction. Underworld's 1999 LP, Beaucoup Fish, entered the U.K. chart at number three. The band continued to tour the world, as documented in 2000 with the live album Everything, Everything, after which Emerson left to continue his DJ career. A Hundred Days Off, Underworld's first LP as a duo since 1989, was released in mid-2002. One year later, the stopgap compilation 1992-2002 appeared.
By 2005, the duo had officially been joined by one of Britain's most respected DJs, Darren Price (although he contributed to A Hundred Days Off), and his work also appeared on a series of online-only EPs Underworld released during 2005 and 2006. They also recorded new material for the soundtrack of the Anthony Minghella film Breaking and Entering. Their first ""proper"" full-length since 2002, Oblivion with Bells, appeared in 2007. It was followed in 2010 by Barking, an album that featured numerous guest producers including Paul van Dyk, Appleblim, and High Contrast. Underworld simultaneously released two more compilations, the triple-CD 1992–2012 as well as the single-disc A Collection (which featured previously unreleased collaborations with Brian Eno, Tiësto, and Mark Knight & D. Ramirez), in late 2011.
In 2012, Underworld served as music directors for the opening ceremony of the 2012 Summer Olympics, held in London. They wrote two songs (""And I Will Kiss"" and ""Caliban's Dream"") for the opening ceremony, and 11 of their tracks were included on the ceremony's official soundtrack album, Isles of Wonder. Underworld were granted the prize for Innovation in Sound at the 2012 Q Awards. In 2013, Karl Hyde released his debut solo album, Edgeland. The following year, he issued a collaborative album with Brian Eno, Someday World; the full-length was quickly followed by High Life, an excellent album that recalled Eno's pioneering work with Talking Heads and David Byrne during the '70s and '80s.
Underworld announced plans to reissue their studio albums in remastered and expanded editions. A 20th anniversary edition of Dubnobasswithmyheadman appeared in 2014, available as a double CD as well as a super deluxe five-CD version, loaded with remixes and unreleased recordings. This was followed by a similar reissue of Second Toughest in November of 2015 (a bit short of its actual 20th anniversary), again as a two-disc edition, as well as an expansive four-CD configuration, including an entire disc devoted to charting the evolution of ""Born Slippy .NUXX,"" from studio demos and live incarnations to an iconic, era-defining anthem. In 2016, they returned with new music and a new label as Caroline International issued Barbara Barbara, We Face a Shining Future. The album became their third Top Ten U.K. hit and was nominated for a Grammy in the category of Best Dance/Electronic Album. After a pair of non-album singles, Underworld worked with Iggy Pop on Teatime Dub Encounters, a five-track EP issued in 2018.
Later that year, the duo kicked off an ambitious project titled Drift. Issuing material on a weekly basis, they split the series into ""Episodes,"" releasing Dust, Atom, Heart, Space, and Game into late 2019. A compilation box set considered the band's tenth studio album, DRIFT Series 1, arrived in November. Originally planned to be the end of the project, it simply marked the end of the first phase as Underworld decided to continue with it, though no releases have yet appeared as part of the second series. To celebrate the accomplishment, they promoted the effort with live shows in Colombia, Mexico, Belgium, the Netherlands, and England. The band then released a few reworked and live versions of classic tracks, including ""Two Months Off"" and ""Juanita."" They began issuing new material in 2023, starting with ""and the colour red"" and ""denver luna."" Two collaborations with KETTAMA followed, and the full-length Strawberry Hotel arrived in 2024. ~ John Bush",Born Slippy .NUXX,Unknown,https://www.youtube.com/watch?v=XiMrrleH_hI&list=RDXiMrrleH_hI&start_radio=1&pp=ygUeVW5kZXJ3b3JsZCAtIEJvcm4gU2xpcHB5IC5OVVhYoAcB
Born Slippy,https://lastfm.freetls.fastly.net/i/u/300x300/d1062b7b92c5680ffa83493fc2051406.png,Underworld,1995-05-01,"Underworld are a British techno institution whose sound is a progressive synthesis of old and new, an approach that has served them well for several decades. The trio's two-man front line, vocalist Karl Hyde and keyboard player Rick Smith, have been recording together since the early-'80s new wave explosion. After the pair released a pair of obscure rock albums, they hit it big the following decade with new recruit Darren Emerson. Traditional song forms were jettisoned in favor of Hyde's heavily treated vocals, barely-there whispering, and surreal wordplay, stretched out over the urban breakbeat trance ripped out by Emerson and company while Hyde's cascade of guitar-shard effects provided a bluesy foil to the stark music. The first album by the trio, Dubnobasswithmyheadman (1993), appeared to a flurry of critical acclaim and reached number 12 in their native U.K. Second Toughest in the Infants (1996), the group's following LP, updated their sound slightly, scraped the Top Ten, and remained on the chart for over eight months, thanks in part to a boost they received from appearing on the soundtrack of the seminal Trainspotting. Although that has remained the group's commercial peak, Underworld continue to record challenging and well-received albums, as well as soundtrack material, amid numerous solo pursuits. Their ninth album, Barbara Barbara, We Face a Shining Future (2016), earned Underworld their first Grammy nomination, after which they collaborated with Iggy Pop for Teatime Dub Encounters (2018). Following the ambitious DRIFT Series 1 project, the group released the full-length Strawberry Hotel in 2024.
The roots of Underworld go back to the dawn of the '80s, when Hyde and Smith formed a new wave band called Freur. The group released Doot-Doot in 1983 and Get Us Out of Here two years later, but subsequently disintegrated. Hyde worked on guitar sessions for Debbie Harry and Prince, then reunited with Smith in 1988 to form an industrial-funk band called Underworld. The pair earned an American contract with Sire and released Underneath the Radar (1988) and Change the Weather (1989). Each album produced a single that reached the back half of the Billboard Hot 100, but Underworld disappeared shortly thereafter.
As they had several years earlier, Hyde and Smith shed their skins yet again, recruiting hotshot DJ Darren Emerson and renaming themselves Lemon Interrupt. In 1992, the trio debuted with two singles, ""Dirty""/""Minneapolis"" and ""Bigmouth""/""Eclipse,"" both released on Junior Boys Own Records. After they reverted to Underworld, 1993's ""Rez"" and ""MMM...Skyscraper I Love You"" caused a minor sensation in the dance community. Instead of adding small elements of techno to a basically pop or rock formula (as many bands had attempted with varying success), Underworld treated techno as the dominant force. Their debut album, Dubnobasswithmyheadman, was praised by many critics upon release later in 1993 and crossed over to the British pop chart, peaking at number 12. Hyde, Smith, and Emerson impressed many at their concert dates as well. The trio apparently relished playing live, touring Great Britain twice plus Japan, Europe, and the annual summer festival circuit, where their Glastonbury appearance became the stuff of legend.
Dubnobasswithmyheadman was released in the U.S. in 1995 after being licensed to TVT Records. During the rest of the year, Underworld were relatively quiet, releasing only the single ""Born Slippy."" Finally, Second Toughest in the Infants appeared in early 1996 to much critical praise. The trio gained no small amount of commercial success later in the year when ""Born Slippy"" (specifically its B-side version, ""Born Slippy .NUXX"") was featured on the soundtrack to Trainspotting, the controversial Scottish film that earned praise from critics all over the globe. In the U.K., Second Toughest peaked at number nine during a 34-week stay on the album chart. Underworld also remained busy with Tomato -- their own graphic design company responsible for commercials from such high-profile clients as Nike, Sony, Adidas, and Pepsi -- and remixing work for Depeche Mode, Björk, St. Etienne, Sven Väth, Simply Red, and Leftfield. Emerson continued to DJ on a regular basis, releasing mix albums for Mixmag! and Deconstruction. Underworld's 1999 LP, Beaucoup Fish, entered the U.K. chart at number three. The band continued to tour the world, as documented in 2000 with the live album Everything, Everything, after which Emerson left to continue his DJ career. A Hundred Days Off, Underworld's first LP as a duo since 1989, was released in mid-2002. One year later, the stopgap compilation 1992-2002 appeared.
By 2005, the duo had officially been joined by one of Britain's most respected DJs, Darren Price (although he contributed to A Hundred Days Off), and his work also appeared on a series of online-only EPs Underworld released during 2005 and 2006. They also recorded new material for the soundtrack of the Anthony Minghella film Breaking and Entering. Their first ""proper"" full-length since 2002, Oblivion with Bells, appeared in 2007. It was followed in 2010 by Barking, an album that featured numerous guest producers including Paul van Dyk, Appleblim, and High Contrast. Underworld simultaneously released two more compilations, the triple-CD 1992–2012 as well as the single-disc A Collection (which featured previously unreleased collaborations with Brian Eno, Tiësto, and Mark Knight & D. Ramirez), in late 2011.
In 2012, Underworld served as music directors for the opening ceremony of the 2012 Summer Olympics, held in London. They wrote two songs (""And I Will Kiss"" and ""Caliban's Dream"") for the opening ceremony, and 11 of their tracks were included on the ceremony's official soundtrack album, Isles of Wonder. Underworld were granted the prize for Innovation in Sound at the 2012 Q Awards. In 2013, Karl Hyde released his debut solo album, Edgeland. The following year, he issued a collaborative album with Brian Eno, Someday World; the full-length was quickly followed by High Life, an excellent album that recalled Eno's pioneering work with Talking Heads and David Byrne during the '70s and '80s.
Underworld announced plans to reissue their studio albums in remastered and expanded editions. A 20th anniversary edition of Dubnobasswithmyheadman appeared in 2014, available as a double CD as well as a super deluxe five-CD version, loaded with remixes and unreleased recordings. This was followed by a similar reissue of Second Toughest in November of 2015 (a bit short of its actual 20th anniversary), again as a two-disc edition, as well as an expansive four-CD configuration, including an entire disc devoted to charting the evolution of ""Born Slippy .NUXX,"" from studio demos and live incarnations to an iconic, era-defining anthem. In 2016, they returned with new music and a new label as Caroline International issued Barbara Barbara, We Face a Shining Future. The album became their third Top Ten U.K. hit and was nominated for a Grammy in the category of Best Dance/Electronic Album. After a pair of non-album singles, Underworld worked with Iggy Pop on Teatime Dub Encounters, a five-track EP issued in 2018.
Later that year, the duo kicked off an ambitious project titled Drift. Issuing material on a weekly basis, they split the series into ""Episodes,"" releasing Dust, Atom, Heart, Space, and Game into late 2019. A compilation box set considered the band's tenth studio album, DRIFT Series 1, arrived in November. Originally planned to be the end of the project, it simply marked the end of the first phase as Underworld decided to continue with it, though no releases have yet appeared as part of the second series. To celebrate the accomplishment, they promoted the effort with live shows in Colombia, Mexico, Belgium, the Netherlands, and England. The band then released a few reworked and live versions of classic tracks, including ""Two Months Off"" and ""Juanita."" They began issuing new material in 2023, starting with ""and the colour red"" and ""denver luna."" Two collaborations with KETTAMA followed, and the full-length Strawberry Hotel arrived in 2024. ~ John Bush",Born Slippy,Unknown,https://www.youtube.com/watch?v=XiMrrleH_hI&list=RDXiMrrleH_hI&start_radio=1&pp=ygUYVW5kZXJ3b3JsZCAtIEJvcm4gU2xpcHB5oAcB
Born Slippy,https://lastfm.freetls.fastly.net/i/u/300x300/d1062b7b92c5680ffa83493fc2051406.png,Underworld,1995-05-01,"Underworld are a British techno institution whose sound is a progressive synthesis of old and new, an approach that has served them well for several decades. The trio's two-man front line, vocalist Karl Hyde and keyboard player Rick Smith, have been recording together since the early-'80s new wave explosion. After the pair released a pair of obscure rock albums, they hit it big the following decade with new recruit Darren Emerson. Traditional song forms were jettisoned in favor of Hyde's heavily treated vocals, barely-there whispering, and surreal wordplay, stretched out over the urban breakbeat trance ripped out by Emerson and company while Hyde's cascade of guitar-shard effects provided a bluesy foil to the stark music. The first album by the trio, Dubnobasswithmyheadman (1993), appeared to a flurry of critical acclaim and reached number 12 in their native U.K. Second Toughest in the Infants (1996), the group's following LP, updated their sound slightly, scraped the Top Ten, and remained on the chart for over eight months, thanks in part to a boost they received from appearing on the soundtrack of the seminal Trainspotting. Although that has remained the group's commercial peak, Underworld continue to record challenging and well-received albums, as well as soundtrack material, amid numerous solo pursuits. Their ninth album, Barbara Barbara, We Face a Shining Future (2016), earned Underworld their first Grammy nomination, after which they collaborated with Iggy Pop for Teatime Dub Encounters (2018). Following the ambitious DRIFT Series 1 project, the group released the full-length Strawberry Hotel in 2024.
The roots of Underworld go back to the dawn of the '80s, when Hyde and Smith formed a new wave band called Freur. The group released Doot-Doot in 1983 and Get Us Out of Here two years later, but subsequently disintegrated. Hyde worked on guitar sessions for Debbie Harry and Prince, then reunited with Smith in 1988 to form an industrial-funk band called Underworld. The pair earned an American contract with Sire and released Underneath the Radar (1988) and Change the Weather (1989). Each album produced a single that reached the back half of the Billboard Hot 100, but Underworld disappeared shortly thereafter.
As they had several years earlier, Hyde and Smith shed their skins yet again, recruiting hotshot DJ Darren Emerson and renaming themselves Lemon Interrupt. In 1992, the trio debuted with two singles, ""Dirty""/""Minneapolis"" and ""Bigmouth""/""Eclipse,"" both released on Junior Boys Own Records. After they reverted to Underworld, 1993's ""Rez"" and ""MMM...Skyscraper I Love You"" caused a minor sensation in the dance community. Instead of adding small elements of techno to a basically pop or rock formula (as many bands had attempted with varying success), Underworld treated techno as the dominant force. Their debut album, Dubnobasswithmyheadman, was praised by many critics upon release later in 1993 and crossed over to the British pop chart, peaking at number 12. Hyde, Smith, and Emerson impressed many at their concert dates as well. The trio apparently relished playing live, touring Great Britain twice plus Japan, Europe, and the annual summer festival circuit, where their Glastonbury appearance became the stuff of legend.
Dubnobasswithmyheadman was released in the U.S. in 1995 after being licensed to TVT Records. During the rest of the year, Underworld were relatively quiet, releasing only the single ""Born Slippy."" Finally, Second Toughest in the Infants appeared in early 1996 to much critical praise. The trio gained no small amount of commercial success later in the year when ""Born Slippy"" (specifically its B-side version, ""Born Slippy .NUXX"") was featured on the soundtrack to Trainspotting, the controversial Scottish film that earned praise from critics all over the globe. In the U.K., Second Toughest peaked at number nine during a 34-week stay on the album chart. Underworld also remained busy with Tomato -- their own graphic design company responsible for commercials from such high-profile clients as Nike, Sony, Adidas, and Pepsi -- and remixing work for Depeche Mode, Björk, St. Etienne, Sven Väth, Simply Red, and Leftfield. Emerson continued to DJ on a regular basis, releasing mix albums for Mixmag! and Deconstruction. Underworld's 1999 LP, Beaucoup Fish, entered the U.K. chart at number three. The band continued to tour the world, as documented in 2000 with the live album Everything, Everything, after which Emerson left to continue his DJ career. A Hundred Days Off, Underworld's first LP as a duo since 1989, was released in mid-2002. One year later, the stopgap compilation 1992-2002 appeared.
By 2005, the duo had officially been joined by one of Britain's most respected DJs, Darren Price (although he contributed to A Hundred Days Off), and his work also appeared on a series of online-only EPs Underworld released during 2005 and 2006. They also recorded new material for the soundtrack of the Anthony Minghella film Breaking and Entering. Their first ""proper"" full-length since 2002, Oblivion with Bells, appeared in 2007. It was followed in 2010 by Barking, an album that featured numerous guest producers including Paul van Dyk, Appleblim, and High Contrast. Underworld simultaneously released two more compilations, the triple-CD 1992–2012 as well as the single-disc A Collection (which featured previously unreleased collaborations with Brian Eno, Tiësto, and Mark Knight & D. Ramirez), in late 2011.
In 2012, Underworld served as music directors for the opening ceremony of the 2012 Summer Olympics, held in London. They wrote two songs (""And I Will Kiss"" and ""Caliban's Dream"") for the opening ceremony, and 11 of their tracks were included on the ceremony's official soundtrack album, Isles of Wonder. Underworld were granted the prize for Innovation in Sound at the 2012 Q Awards. In 2013, Karl Hyde released his debut solo album, Edgeland. The following year, he issued a collaborative album with Brian Eno, Someday World; the full-length was quickly followed by High Life, an excellent album that recalled Eno's pioneering work with Talking Heads and David Byrne during the '70s and '80s.
Underworld announced plans to reissue their studio albums in remastered and expanded editions. A 20th anniversary edition of Dubnobasswithmyheadman appeared in 2014, available as a double CD as well as a super deluxe five-CD version, loaded with remixes and unreleased recordings. This was followed by a similar reissue of Second Toughest in November of 2015 (a bit short of its actual 20th anniversary), again as a two-disc edition, as well as an expansive four-CD configuration, including an entire disc devoted to charting the evolution of ""Born Slippy .NUXX,"" from studio demos and live incarnations to an iconic, era-defining anthem. In 2016, they returned with new music and a new label as Caroline International issued Barbara Barbara, We Face a Shining Future. The album became their third Top Ten U.K. hit and was nominated for a Grammy in the category of Best Dance/Electronic Album. After a pair of non-album singles, Underworld worked with Iggy Pop on Teatime Dub Encounters, a five-track EP issued in 2018.
Later that year, the duo kicked off an ambitious project titled Drift. Issuing material on a weekly basis, they split the series into ""Episodes,"" releasing Dust, Atom, Heart, Space, and Game into late 2019. A compilation box set considered the band's tenth studio album, DRIFT Series 1, arrived in November. Originally planned to be the end of the project, it simply marked the end of the first phase as Underworld decided to continue with it, though no releases have yet appeared as part of the second series. To celebrate the accomplishment, they promoted the effort with live shows in Colombia, Mexico, Belgium, the Netherlands, and England. The band then released a few reworked and live versions of classic tracks, including ""Two Months Off"" and ""Juanita."" They began issuing new material in 2023, starting with ""and the colour red"" and ""denver luna."" Two collaborations with KETTAMA followed, and the full-length Strawberry Hotel arrived in 2024. ~ John Bush",Born Slippy .NUXX,Unknown,https://www.youtube.com/watch?v=XiMrrleH_hI&list=RDXiMrrleH_hI&start_radio=1&pp=ygUeVW5kZXJ3b3JsZCAtIEJvcm4gU2xpcHB5IC5OVVhYoAcB
Cemetery,,Unknown Artist,2016-01-05,"is a standard artist name used at MusicBrainz for indicating where an artist name is lacking or not provided. -- For the short-lived visual-kei band, see ＊ -- There are other artists with this or a similar spelling, usually their scrobbles will be filtered when submitted unless they are whitelisted. Read more on Last.fm. User-contributed text is available under the Creative Commons By-SA License; additional terms may apply.",Cemetery,Unknown,https://www.youtube.com/watch?v=CSM2ZWu2oMY&pp=ygUXVW5rbm93biBBcnRpc3QgQ2VtZXRlcnk%3D
Multi‐Love,https://lastfm.freetls.fastly.net/i/u/300x300/af79cdfffdb4a528dbfe9fd34ec48362.jpg,Unknown Mortal Orchestra,2015-05-21,"Unknown Mortal Orchestra's genre-defying approach to music has allowed the band's sound to shift and evolve with every new album. The group's driving force, Ruban Nielson, is a psychedelic explorer with an experimental bent that was clear from the very first home-recorded UMO album, which combined his soaring guitar work with winsome melodies and trippy production. Working by himself and with collaborators who included his brother Kody, Nielson has taken the band on a journey through acoustic balladry, free jazz, hard rock, and, on 2015's breakthrough album Multi-Love, freaky late-night R&B. Nielson's dedication to exploration and expression made Unknown Mortal Orchestra one of the more interesting acts to come out of the 2010s neo-psych explosion. The project jumps from '70s soft rock-inspired pop to jumpy disco rhythms on 2023's ambitious double album V and explores tropical grooves on the entirely instrumental 2025 album IC-02 Bogotá.
After disbanding New Zealand's the Mint Chicks, the oddball punk-pop band he had with Kody, Nielson planned to quit music and take a day job. For a hobby, he started making psychedelic demos in his basement using samples. Soon, music took over as his career again, and his fun brand of experimental pop ended up in the hands of Fat Possum Records, which released Unknown Mortal Orchestra's self-titled debut in the early summer of 2011. As interest in the project grew, Nielson enlisted the help of a full band (which included his brother Kody on drums and bassist Jacob Portrait) for a promotional tour and then signed with Jagjaguwar for UMO's sophomore album, II. During the tour, Nielson was often asked to pop in to radio stations and play a couple songs. Having just picked up acoustic guitar, he saw this as a chance to explore a different sound and style, which he documented on 2013's EP Blue Record. Recorded to one mike in his basement, the EP was made up of three songs from II and covers of Dirty Projectors and Beck.
Nielson spent much of 2014 working on the next Unknown Mortal Orchestra album, Multi-Love. Though Jagjaguwar gave him a budget large enough to record in a ""real"" studio, he retreated to his home studio and his homemade synthesizers and recording gear. With Kody helping out on drums, Portrait on occasional bass and production, and the Nielsons' dad, Chris, on occasional horns, the music the band crafted turned away from the expansive psychedelic sound of the past toward something more focused, with soul and R\&B influences mixed in. It also delved deeply into the period of romantic turmoil and exploration Nielson was experiencing as he recorded the album. Multi-Love was released in May 2015.
The next UMO record -- which was partly recorded in Vietnam, Mexico, Korea, New Zealand, and Portland with Kody, Chris, and Portrait all contributing -- shifted the focus on to the wider world, partly in reaction to increasing political upheaval. 2018's Sex & Food included some of the group's most rock-centric work to date. That same year, the band released IC-01 Hanoi, an electric jazz album in the mode of Miles Davis' On the Corner. It was recorded in Vietnam and featured the two Nielson brothers, their dad on flügelhorn and sax, bassist Portrait, and Vietnamese musician Minh Nguyen on Sáo Trúc, Đàn Môi, and Vietnamese percussion.
After the touring cycle for Sex & Food ended, Neilson relocated to Palm Springs, California, and stayed busy with remixes (Soccer Mommy's ""circle the drain,"" Westerman's ""Drawbridge"") and collaborations with artists as diverse as Aminé, Gorillaz, Free Nationals, and India Shawn. All the while, he was working on his own music. Singles like the smooth, disco-inflected ""Weekend Run"" and the hazy radio pop reconfiguration of ""That Life"" were released throughout 2021, followed in 2022 by the single ""I Killed Captain Cook."" These songs and many others were included as part of 2023's ambitious double album V. Neilson toyed with different genres throughout V, sometimes changing gears mid-song and using multiple instrumental tracks to do his deepest genre exploring.
In 2025, UMO offered up a second installment of their Improvisation/Collaboration series that had begun with 2018 album IC-01 Hanoi. The second volume, IC-02 Bogotá, was a completely instrumental album tracked in Bogotá, Colombia, with the help of guest percussionist Jose David Infante. In the midlle of the year, they issued the Curse EP which was made up of six songs influenced by metal and global psychedelia. ~ Jason Lymangrover",Like Acid Rain,Unknown,https://www.youtube.com/watch?v=oH5glbC98hE&list=RDoH5glbC98hE&start_radio=1&pp=ygUnVW5rbm93biBNb3J0YWwgT3JjaGVzdHJhIExpa2UgQWNpZCBSYWluoAcB
Multi‐Love,https://lastfm.freetls.fastly.net/i/u/300x300/af79cdfffdb4a528dbfe9fd34ec48362.jpg,Unknown Mortal Orchestra,2015-05-21,"Unknown Mortal Orchestra's genre-defying approach to music has allowed the band's sound to shift and evolve with every new album. The group's driving force, Ruban Nielson, is a psychedelic explorer with an experimental bent that was clear from the very first home-recorded UMO album, which combined his soaring guitar work with winsome melodies and trippy production. Working by himself and with collaborators who included his brother Kody, Nielson has taken the band on a journey through acoustic balladry, free jazz, hard rock, and, on 2015's breakthrough album Multi-Love, freaky late-night R&B. Nielson's dedication to exploration and expression made Unknown Mortal Orchestra one of the more interesting acts to come out of the 2010s neo-psych explosion. The project jumps from '70s soft rock-inspired pop to jumpy disco rhythms on 2023's ambitious double album V and explores tropical grooves on the entirely instrumental 2025 album IC-02 Bogotá.
After disbanding New Zealand's the Mint Chicks, the oddball punk-pop band he had with Kody, Nielson planned to quit music and take a day job. For a hobby, he started making psychedelic demos in his basement using samples. Soon, music took over as his career again, and his fun brand of experimental pop ended up in the hands of Fat Possum Records, which released Unknown Mortal Orchestra's self-titled debut in the early summer of 2011. As interest in the project grew, Nielson enlisted the help of a full band (which included his brother Kody on drums and bassist Jacob Portrait) for a promotional tour and then signed with Jagjaguwar for UMO's sophomore album, II. During the tour, Nielson was often asked to pop in to radio stations and play a couple songs. Having just picked up acoustic guitar, he saw this as a chance to explore a different sound and style, which he documented on 2013's EP Blue Record. Recorded to one mike in his basement, the EP was made up of three songs from II and covers of Dirty Projectors and Beck.
Nielson spent much of 2014 working on the next Unknown Mortal Orchestra album, Multi-Love. Though Jagjaguwar gave him a budget large enough to record in a ""real"" studio, he retreated to his home studio and his homemade synthesizers and recording gear. With Kody helping out on drums, Portrait on occasional bass and production, and the Nielsons' dad, Chris, on occasional horns, the music the band crafted turned away from the expansive psychedelic sound of the past toward something more focused, with soul and R\&B influences mixed in. It also delved deeply into the period of romantic turmoil and exploration Nielson was experiencing as he recorded the album. Multi-Love was released in May 2015.
The next UMO record -- which was partly recorded in Vietnam, Mexico, Korea, New Zealand, and Portland with Kody, Chris, and Portrait all contributing -- shifted the focus on to the wider world, partly in reaction to increasing political upheaval. 2018's Sex & Food included some of the group's most rock-centric work to date. That same year, the band released IC-01 Hanoi, an electric jazz album in the mode of Miles Davis' On the Corner. It was recorded in Vietnam and featured the two Nielson brothers, their dad on flügelhorn and sax, bassist Portrait, and Vietnamese musician Minh Nguyen on Sáo Trúc, Đàn Môi, and Vietnamese percussion.
After the touring cycle for Sex & Food ended, Neilson relocated to Palm Springs, California, and stayed busy with remixes (Soccer Mommy's ""circle the drain,"" Westerman's ""Drawbridge"") and collaborations with artists as diverse as Aminé, Gorillaz, Free Nationals, and India Shawn. All the while, he was working on his own music. Singles like the smooth, disco-inflected ""Weekend Run"" and the hazy radio pop reconfiguration of ""That Life"" were released throughout 2021, followed in 2022 by the single ""I Killed Captain Cook."" These songs and many others were included as part of 2023's ambitious double album V. Neilson toyed with different genres throughout V, sometimes changing gears mid-song and using multiple instrumental tracks to do his deepest genre exploring.
In 2025, UMO offered up a second installment of their Improvisation/Collaboration series that had begun with 2018 album IC-01 Hanoi. The second volume, IC-02 Bogotá, was a completely instrumental album tracked in Bogotá, Colombia, with the help of guest percussionist Jose David Infante. In the midlle of the year, they issued the Curse EP which was made up of six songs influenced by metal and global psychedelia. ~ Jason Lymangrover",Ur Life One Night,Unknown,https://www.youtube.com/watch?v=giwX3fbUbdQ&list=RDgiwX3fbUbdQ&start_radio=1&pp=ygUqVW5rbm93biBNb3J0YWwgT3JjaGVzdHJhIFVyIExpZmUgT25lIE5pZ2h0oAcB
Multi‐Love,https://lastfm.freetls.fastly.net/i/u/300x300/af79cdfffdb4a528dbfe9fd34ec48362.jpg,Unknown Mortal Orchestra,2015-05-21,"Unknown Mortal Orchestra's genre-defying approach to music has allowed the band's sound to shift and evolve with every new album. The group's driving force, Ruban Nielson, is a psychedelic explorer with an experimental bent that was clear from the very first home-recorded UMO album, which combined his soaring guitar work with winsome melodies and trippy production. Working by himself and with collaborators who included his brother Kody, Nielson has taken the band on a journey through acoustic balladry, free jazz, hard rock, and, on 2015's breakthrough album Multi-Love, freaky late-night R&B. Nielson's dedication to exploration and expression made Unknown Mortal Orchestra one of the more interesting acts to come out of the 2010s neo-psych explosion. The project jumps from '70s soft rock-inspired pop to jumpy disco rhythms on 2023's ambitious double album V and explores tropical grooves on the entirely instrumental 2025 album IC-02 Bogotá.
After disbanding New Zealand's the Mint Chicks, the oddball punk-pop band he had with Kody, Nielson planned to quit music and take a day job. For a hobby, he started making psychedelic demos in his basement using samples. Soon, music took over as his career again, and his fun brand of experimental pop ended up in the hands of Fat Possum Records, which released Unknown Mortal Orchestra's self-titled debut in the early summer of 2011. As interest in the project grew, Nielson enlisted the help of a full band (which included his brother Kody on drums and bassist Jacob Portrait) for a promotional tour and then signed with Jagjaguwar for UMO's sophomore album, II. During the tour, Nielson was often asked to pop in to radio stations and play a couple songs. Having just picked up acoustic guitar, he saw this as a chance to explore a different sound and style, which he documented on 2013's EP Blue Record. Recorded to one mike in his basement, the EP was made up of three songs from II and covers of Dirty Projectors and Beck.
Nielson spent much of 2014 working on the next Unknown Mortal Orchestra album, Multi-Love. Though Jagjaguwar gave him a budget large enough to record in a ""real"" studio, he retreated to his home studio and his homemade synthesizers and recording gear. With Kody helping out on drums, Portrait on occasional bass and production, and the Nielsons' dad, Chris, on occasional horns, the music the band crafted turned away from the expansive psychedelic sound of the past toward something more focused, with soul and R\&B influences mixed in. It also delved deeply into the period of romantic turmoil and exploration Nielson was experiencing as he recorded the album. Multi-Love was released in May 2015.
The next UMO record -- which was partly recorded in Vietnam, Mexico, Korea, New Zealand, and Portland with Kody, Chris, and Portrait all contributing -- shifted the focus on to the wider world, partly in reaction to increasing political upheaval. 2018's Sex & Food included some of the group's most rock-centric work to date. That same year, the band released IC-01 Hanoi, an electric jazz album in the mode of Miles Davis' On the Corner. It was recorded in Vietnam and featured the two Nielson brothers, their dad on flügelhorn and sax, bassist Portrait, and Vietnamese musician Minh Nguyen on Sáo Trúc, Đàn Môi, and Vietnamese percussion.
After the touring cycle for Sex & Food ended, Neilson relocated to Palm Springs, California, and stayed busy with remixes (Soccer Mommy's ""circle the drain,"" Westerman's ""Drawbridge"") and collaborations with artists as diverse as Aminé, Gorillaz, Free Nationals, and India Shawn. All the while, he was working on his own music. Singles like the smooth, disco-inflected ""Weekend Run"" and the hazy radio pop reconfiguration of ""That Life"" were released throughout 2021, followed in 2022 by the single ""I Killed Captain Cook."" These songs and many others were included as part of 2023's ambitious double album V. Neilson toyed with different genres throughout V, sometimes changing gears mid-song and using multiple instrumental tracks to do his deepest genre exploring.
In 2025, UMO offered up a second installment of their Improvisation/Collaboration series that had begun with 2018 album IC-01 Hanoi. The second volume, IC-02 Bogotá, was a completely instrumental album tracked in Bogotá, Colombia, with the help of guest percussionist Jose David Infante. In the midlle of the year, they issued the Curse EP which was made up of six songs influenced by metal and global psychedelia. ~ Jason Lymangrover",Can’t Keep Checking My Phone,Unknown,https://www.youtube.com/watch?v=OpD_74Vc3mA&list=RDOpD_74Vc3mA&start_radio=1&pp=ygU0VW5rbm93biBNb3J0YWwgT3JjaGVzdHJhIENhbnQgS2VlcCBDaGVja2luZyBNeSBQaG9uZaAHAQ%3D%3D
Multi‐Love,https://lastfm.freetls.fastly.net/i/u/300x300/af79cdfffdb4a528dbfe9fd34ec48362.jpg,Unknown Mortal Orchestra,2015-05-21,"Unknown Mortal Orchestra's genre-defying approach to music has allowed the band's sound to shift and evolve with every new album. The group's driving force, Ruban Nielson, is a psychedelic explorer with an experimental bent that was clear from the very first home-recorded UMO album, which combined his soaring guitar work with winsome melodies and trippy production. Working by himself and with collaborators who included his brother Kody, Nielson has taken the band on a journey through acoustic balladry, free jazz, hard rock, and, on 2015's breakthrough album Multi-Love, freaky late-night R&B. Nielson's dedication to exploration and expression made Unknown Mortal Orchestra one of the more interesting acts to come out of the 2010s neo-psych explosion. The project jumps from '70s soft rock-inspired pop to jumpy disco rhythms on 2023's ambitious double album V and explores tropical grooves on the entirely instrumental 2025 album IC-02 Bogotá.
After disbanding New Zealand's the Mint Chicks, the oddball punk-pop band he had with Kody, Nielson planned to quit music and take a day job. For a hobby, he started making psychedelic demos in his basement using samples. Soon, music took over as his career again, and his fun brand of experimental pop ended up in the hands of Fat Possum Records, which released Unknown Mortal Orchestra's self-titled debut in the early summer of 2011. As interest in the project grew, Nielson enlisted the help of a full band (which included his brother Kody on drums and bassist Jacob Portrait) for a promotional tour and then signed with Jagjaguwar for UMO's sophomore album, II. During the tour, Nielson was often asked to pop in to radio stations and play a couple songs. Having just picked up acoustic guitar, he saw this as a chance to explore a different sound and style, which he documented on 2013's EP Blue Record. Recorded to one mike in his basement, the EP was made up of three songs from II and covers of Dirty Projectors and Beck.
Nielson spent much of 2014 working on the next Unknown Mortal Orchestra album, Multi-Love. Though Jagjaguwar gave him a budget large enough to record in a ""real"" studio, he retreated to his home studio and his homemade synthesizers and recording gear. With Kody helping out on drums, Portrait on occasional bass and production, and the Nielsons' dad, Chris, on occasional horns, the music the band crafted turned away from the expansive psychedelic sound of the past toward something more focused, with soul and R\&B influences mixed in. It also delved deeply into the period of romantic turmoil and exploration Nielson was experiencing as he recorded the album. Multi-Love was released in May 2015.
The next UMO record -- which was partly recorded in Vietnam, Mexico, Korea, New Zealand, and Portland with Kody, Chris, and Portrait all contributing -- shifted the focus on to the wider world, partly in reaction to increasing political upheaval. 2018's Sex & Food included some of the group's most rock-centric work to date. That same year, the band released IC-01 Hanoi, an electric jazz album in the mode of Miles Davis' On the Corner. It was recorded in Vietnam and featured the two Nielson brothers, their dad on flügelhorn and sax, bassist Portrait, and Vietnamese musician Minh Nguyen on Sáo Trúc, Đàn Môi, and Vietnamese percussion.
After the touring cycle for Sex & Food ended, Neilson relocated to Palm Springs, California, and stayed busy with remixes (Soccer Mommy's ""circle the drain,"" Westerman's ""Drawbridge"") and collaborations with artists as diverse as Aminé, Gorillaz, Free Nationals, and India Shawn. All the while, he was working on his own music. Singles like the smooth, disco-inflected ""Weekend Run"" and the hazy radio pop reconfiguration of ""That Life"" were released throughout 2021, followed in 2022 by the single ""I Killed Captain Cook."" These songs and many others were included as part of 2023's ambitious double album V. Neilson toyed with different genres throughout V, sometimes changing gears mid-song and using multiple instrumental tracks to do his deepest genre exploring.
In 2025, UMO offered up a second installment of their Improvisation/Collaboration series that had begun with 2018 album IC-01 Hanoi. The second volume, IC-02 Bogotá, was a completely instrumental album tracked in Bogotá, Colombia, with the help of guest percussionist Jose David Infante. In the midlle of the year, they issued the Curse EP which was made up of six songs influenced by metal and global psychedelia. ~ Jason Lymangrover",Extreme Wealth and Casual Cruelty,Unknown,https://www.youtube.com/watch?v=xRFVawWsfUc&list=RDxRFVawWsfUc&start_radio=1&pp=ygU8VW5rbm93biBNb3J0YWwgT3JjaGVzdHJhIC0gRXh0cmVtZSBXZWFsdGggYW5kIENhc3VhbCBDcnVlbHR5oAcB
Multi‐Love,https://lastfm.freetls.fastly.net/i/u/300x300/af79cdfffdb4a528dbfe9fd34ec48362.jpg,Unknown Mortal Orchestra,2015-05-21,"Unknown Mortal Orchestra's genre-defying approach to music has allowed the band's sound to shift and evolve with every new album. The group's driving force, Ruban Nielson, is a psychedelic explorer with an experimental bent that was clear from the very first home-recorded UMO album, which combined his soaring guitar work with winsome melodies and trippy production. Working by himself and with collaborators who included his brother Kody, Nielson has taken the band on a journey through acoustic balladry, free jazz, hard rock, and, on 2015's breakthrough album Multi-Love, freaky late-night R&B. Nielson's dedication to exploration and expression made Unknown Mortal Orchestra one of the more interesting acts to come out of the 2010s neo-psych explosion. The project jumps from '70s soft rock-inspired pop to jumpy disco rhythms on 2023's ambitious double album V and explores tropical grooves on the entirely instrumental 2025 album IC-02 Bogotá.
After disbanding New Zealand's the Mint Chicks, the oddball punk-pop band he had with Kody, Nielson planned to quit music and take a day job. For a hobby, he started making psychedelic demos in his basement using samples. Soon, music took over as his career again, and his fun brand of experimental pop ended up in the hands of Fat Possum Records, which released Unknown Mortal Orchestra's self-titled debut in the early summer of 2011. As interest in the project grew, Nielson enlisted the help of a full band (which included his brother Kody on drums and bassist Jacob Portrait) for a promotional tour and then signed with Jagjaguwar for UMO's sophomore album, II. During the tour, Nielson was often asked to pop in to radio stations and play a couple songs. Having just picked up acoustic guitar, he saw this as a chance to explore a different sound and style, which he documented on 2013's EP Blue Record. Recorded to one mike in his basement, the EP was made up of three songs from II and covers of Dirty Projectors and Beck.
Nielson spent much of 2014 working on the next Unknown Mortal Orchestra album, Multi-Love. Though Jagjaguwar gave him a budget large enough to record in a ""real"" studio, he retreated to his home studio and his homemade synthesizers and recording gear. With Kody helping out on drums, Portrait on occasional bass and production, and the Nielsons' dad, Chris, on occasional horns, the music the band crafted turned away from the expansive psychedelic sound of the past toward something more focused, with soul and R\&B influences mixed in. It also delved deeply into the period of romantic turmoil and exploration Nielson was experiencing as he recorded the album. Multi-Love was released in May 2015.
The next UMO record -- which was partly recorded in Vietnam, Mexico, Korea, New Zealand, and Portland with Kody, Chris, and Portrait all contributing -- shifted the focus on to the wider world, partly in reaction to increasing political upheaval. 2018's Sex & Food included some of the group's most rock-centric work to date. That same year, the band released IC-01 Hanoi, an electric jazz album in the mode of Miles Davis' On the Corner. It was recorded in Vietnam and featured the two Nielson brothers, their dad on flügelhorn and sax, bassist Portrait, and Vietnamese musician Minh Nguyen on Sáo Trúc, Đàn Môi, and Vietnamese percussion.
After the touring cycle for Sex & Food ended, Neilson relocated to Palm Springs, California, and stayed busy with remixes (Soccer Mommy's ""circle the drain,"" Westerman's ""Drawbridge"") and collaborations with artists as diverse as Aminé, Gorillaz, Free Nationals, and India Shawn. All the while, he was working on his own music. Singles like the smooth, disco-inflected ""Weekend Run"" and the hazy radio pop reconfiguration of ""That Life"" were released throughout 2021, followed in 2022 by the single ""I Killed Captain Cook."" These songs and many others were included as part of 2023's ambitious double album V. Neilson toyed with different genres throughout V, sometimes changing gears mid-song and using multiple instrumental tracks to do his deepest genre exploring.
In 2025, UMO offered up a second installment of their Improvisation/Collaboration series that had begun with 2018 album IC-01 Hanoi. The second volume, IC-02 Bogotá, was a completely instrumental album tracked in Bogotá, Colombia, with the help of guest percussionist Jose David Infante. In the midlle of the year, they issued the Curse EP which was made up of six songs influenced by metal and global psychedelia. ~ Jason Lymangrover",The World Is Crowded,Unknown,https://www.youtube.com/watch?v=iPrCVCoSqCA&list=RDiPrCVCoSqCA&start_radio=1&pp=ygUtVW5rbm93biBNb3J0YWwgT3JjaGVzdHJhIFRoZSBXb3JsZCBJcyBDcm93ZGVkoAcB
Multi‐Love,https://lastfm.freetls.fastly.net/i/u/300x300/af79cdfffdb4a528dbfe9fd34ec48362.jpg,Unknown Mortal Orchestra,2015-05-21,"Unknown Mortal Orchestra's genre-defying approach to music has allowed the band's sound to shift and evolve with every new album. The group's driving force, Ruban Nielson, is a psychedelic explorer with an experimental bent that was clear from the very first home-recorded UMO album, which combined his soaring guitar work with winsome melodies and trippy production. Working by himself and with collaborators who included his brother Kody, Nielson has taken the band on a journey through acoustic balladry, free jazz, hard rock, and, on 2015's breakthrough album Multi-Love, freaky late-night R&B. Nielson's dedication to exploration and expression made Unknown Mortal Orchestra one of the more interesting acts to come out of the 2010s neo-psych explosion. The project jumps from '70s soft rock-inspired pop to jumpy disco rhythms on 2023's ambitious double album V and explores tropical grooves on the entirely instrumental 2025 album IC-02 Bogotá.
After disbanding New Zealand's the Mint Chicks, the oddball punk-pop band he had with Kody, Nielson planned to quit music and take a day job. For a hobby, he started making psychedelic demos in his basement using samples. Soon, music took over as his career again, and his fun brand of experimental pop ended up in the hands of Fat Possum Records, which released Unknown Mortal Orchestra's self-titled debut in the early summer of 2011. As interest in the project grew, Nielson enlisted the help of a full band (which included his brother Kody on drums and bassist Jacob Portrait) for a promotional tour and then signed with Jagjaguwar for UMO's sophomore album, II. During the tour, Nielson was often asked to pop in to radio stations and play a couple songs. Having just picked up acoustic guitar, he saw this as a chance to explore a different sound and style, which he documented on 2013's EP Blue Record. Recorded to one mike in his basement, the EP was made up of three songs from II and covers of Dirty Projectors and Beck.
Nielson spent much of 2014 working on the next Unknown Mortal Orchestra album, Multi-Love. Though Jagjaguwar gave him a budget large enough to record in a ""real"" studio, he retreated to his home studio and his homemade synthesizers and recording gear. With Kody helping out on drums, Portrait on occasional bass and production, and the Nielsons' dad, Chris, on occasional horns, the music the band crafted turned away from the expansive psychedelic sound of the past toward something more focused, with soul and R\&B influences mixed in. It also delved deeply into the period of romantic turmoil and exploration Nielson was experiencing as he recorded the album. Multi-Love was released in May 2015.
The next UMO record -- which was partly recorded in Vietnam, Mexico, Korea, New Zealand, and Portland with Kody, Chris, and Portrait all contributing -- shifted the focus on to the wider world, partly in reaction to increasing political upheaval. 2018's Sex & Food included some of the group's most rock-centric work to date. That same year, the band released IC-01 Hanoi, an electric jazz album in the mode of Miles Davis' On the Corner. It was recorded in Vietnam and featured the two Nielson brothers, their dad on flügelhorn and sax, bassist Portrait, and Vietnamese musician Minh Nguyen on Sáo Trúc, Đàn Môi, and Vietnamese percussion.
After the touring cycle for Sex & Food ended, Neilson relocated to Palm Springs, California, and stayed busy with remixes (Soccer Mommy's ""circle the drain,"" Westerman's ""Drawbridge"") and collaborations with artists as diverse as Aminé, Gorillaz, Free Nationals, and India Shawn. All the while, he was working on his own music. Singles like the smooth, disco-inflected ""Weekend Run"" and the hazy radio pop reconfiguration of ""That Life"" were released throughout 2021, followed in 2022 by the single ""I Killed Captain Cook."" These songs and many others were included as part of 2023's ambitious double album V. Neilson toyed with different genres throughout V, sometimes changing gears mid-song and using multiple instrumental tracks to do his deepest genre exploring.
In 2025, UMO offered up a second installment of their Improvisation/Collaboration series that had begun with 2018 album IC-01 Hanoi. The second volume, IC-02 Bogotá, was a completely instrumental album tracked in Bogotá, Colombia, with the help of guest percussionist Jose David Infante. In the midlle of the year, they issued the Curse EP which was made up of six songs influenced by metal and global psychedelia. ~ Jason Lymangrover",Stage or Screen,Unknown,https://www.youtube.com/watch?v=0bA74PxnfwQ&list=RD0bA74PxnfwQ&start_radio=1&pp=ygUoVW5rbm93biBNb3J0YWwgT3JjaGVzdHJhIFN0YWdlIG9yIFNjcmVlbqAHAQ%3D%3D
Multi‐Love,https://lastfm.freetls.fastly.net/i/u/300x300/af79cdfffdb4a528dbfe9fd34ec48362.jpg,Unknown Mortal Orchestra,2015-05-21,"Unknown Mortal Orchestra's genre-defying approach to music has allowed the band's sound to shift and evolve with every new album. The group's driving force, Ruban Nielson, is a psychedelic explorer with an experimental bent that was clear from the very first home-recorded UMO album, which combined his soaring guitar work with winsome melodies and trippy production. Working by himself and with collaborators who included his brother Kody, Nielson has taken the band on a journey through acoustic balladry, free jazz, hard rock, and, on 2015's breakthrough album Multi-Love, freaky late-night R&B. Nielson's dedication to exploration and expression made Unknown Mortal Orchestra one of the more interesting acts to come out of the 2010s neo-psych explosion. The project jumps from '70s soft rock-inspired pop to jumpy disco rhythms on 2023's ambitious double album V and explores tropical grooves on the entirely instrumental 2025 album IC-02 Bogotá.
After disbanding New Zealand's the Mint Chicks, the oddball punk-pop band he had with Kody, Nielson planned to quit music and take a day job. For a hobby, he started making psychedelic demos in his basement using samples. Soon, music took over as his career again, and his fun brand of experimental pop ended up in the hands of Fat Possum Records, which released Unknown Mortal Orchestra's self-titled debut in the early summer of 2011. As interest in the project grew, Nielson enlisted the help of a full band (which included his brother Kody on drums and bassist Jacob Portrait) for a promotional tour and then signed with Jagjaguwar for UMO's sophomore album, II. During the tour, Nielson was often asked to pop in to radio stations and play a couple songs. Having just picked up acoustic guitar, he saw this as a chance to explore a different sound and style, which he documented on 2013's EP Blue Record. Recorded to one mike in his basement, the EP was made up of three songs from II and covers of Dirty Projectors and Beck.
Nielson spent much of 2014 working on the next Unknown Mortal Orchestra album, Multi-Love. Though Jagjaguwar gave him a budget large enough to record in a ""real"" studio, he retreated to his home studio and his homemade synthesizers and recording gear. With Kody helping out on drums, Portrait on occasional bass and production, and the Nielsons' dad, Chris, on occasional horns, the music the band crafted turned away from the expansive psychedelic sound of the past toward something more focused, with soul and R\&B influences mixed in. It also delved deeply into the period of romantic turmoil and exploration Nielson was experiencing as he recorded the album. Multi-Love was released in May 2015.
The next UMO record -- which was partly recorded in Vietnam, Mexico, Korea, New Zealand, and Portland with Kody, Chris, and Portrait all contributing -- shifted the focus on to the wider world, partly in reaction to increasing political upheaval. 2018's Sex & Food included some of the group's most rock-centric work to date. That same year, the band released IC-01 Hanoi, an electric jazz album in the mode of Miles Davis' On the Corner. It was recorded in Vietnam and featured the two Nielson brothers, their dad on flügelhorn and sax, bassist Portrait, and Vietnamese musician Minh Nguyen on Sáo Trúc, Đàn Môi, and Vietnamese percussion.
After the touring cycle for Sex & Food ended, Neilson relocated to Palm Springs, California, and stayed busy with remixes (Soccer Mommy's ""circle the drain,"" Westerman's ""Drawbridge"") and collaborations with artists as diverse as Aminé, Gorillaz, Free Nationals, and India Shawn. All the while, he was working on his own music. Singles like the smooth, disco-inflected ""Weekend Run"" and the hazy radio pop reconfiguration of ""That Life"" were released throughout 2021, followed in 2022 by the single ""I Killed Captain Cook."" These songs and many others were included as part of 2023's ambitious double album V. Neilson toyed with different genres throughout V, sometimes changing gears mid-song and using multiple instrumental tracks to do his deepest genre exploring.
In 2025, UMO offered up a second installment of their Improvisation/Collaboration series that had begun with 2018 album IC-01 Hanoi. The second volume, IC-02 Bogotá, was a completely instrumental album tracked in Bogotá, Colombia, with the help of guest percussionist Jose David Infante. In the midlle of the year, they issued the Curse EP which was made up of six songs influenced by metal and global psychedelia. ~ Jason Lymangrover",Necessary Evil,Unknown,https://www.youtube.com/watch?v=XqjWidsMhvM&list=RDXqjWidsMhvM&start_radio=1&pp=ygUnVW5rbm93biBNb3J0YWwgT3JjaGVzdHJhIE5lY2Vzc2FyeSBFdmlsoAcB
Multi‐Love,https://lastfm.freetls.fastly.net/i/u/300x300/af79cdfffdb4a528dbfe9fd34ec48362.jpg,Unknown Mortal Orchestra,2015-05-21,"Unknown Mortal Orchestra's genre-defying approach to music has allowed the band's sound to shift and evolve with every new album. The group's driving force, Ruban Nielson, is a psychedelic explorer with an experimental bent that was clear from the very first home-recorded UMO album, which combined his soaring guitar work with winsome melodies and trippy production. Working by himself and with collaborators who included his brother Kody, Nielson has taken the band on a journey through acoustic balladry, free jazz, hard rock, and, on 2015's breakthrough album Multi-Love, freaky late-night R&B. Nielson's dedication to exploration and expression made Unknown Mortal Orchestra one of the more interesting acts to come out of the 2010s neo-psych explosion. The project jumps from '70s soft rock-inspired pop to jumpy disco rhythms on 2023's ambitious double album V and explores tropical grooves on the entirely instrumental 2025 album IC-02 Bogotá.
After disbanding New Zealand's the Mint Chicks, the oddball punk-pop band he had with Kody, Nielson planned to quit music and take a day job. For a hobby, he started making psychedelic demos in his basement using samples. Soon, music took over as his career again, and his fun brand of experimental pop ended up in the hands of Fat Possum Records, which released Unknown Mortal Orchestra's self-titled debut in the early summer of 2011. As interest in the project grew, Nielson enlisted the help of a full band (which included his brother Kody on drums and bassist Jacob Portrait) for a promotional tour and then signed with Jagjaguwar for UMO's sophomore album, II. During the tour, Nielson was often asked to pop in to radio stations and play a couple songs. Having just picked up acoustic guitar, he saw this as a chance to explore a different sound and style, which he documented on 2013's EP Blue Record. Recorded to one mike in his basement, the EP was made up of three songs from II and covers of Dirty Projectors and Beck.
Nielson spent much of 2014 working on the next Unknown Mortal Orchestra album, Multi-Love. Though Jagjaguwar gave him a budget large enough to record in a ""real"" studio, he retreated to his home studio and his homemade synthesizers and recording gear. With Kody helping out on drums, Portrait on occasional bass and production, and the Nielsons' dad, Chris, on occasional horns, the music the band crafted turned away from the expansive psychedelic sound of the past toward something more focused, with soul and R\&B influences mixed in. It also delved deeply into the period of romantic turmoil and exploration Nielson was experiencing as he recorded the album. Multi-Love was released in May 2015.
The next UMO record -- which was partly recorded in Vietnam, Mexico, Korea, New Zealand, and Portland with Kody, Chris, and Portrait all contributing -- shifted the focus on to the wider world, partly in reaction to increasing political upheaval. 2018's Sex & Food included some of the group's most rock-centric work to date. That same year, the band released IC-01 Hanoi, an electric jazz album in the mode of Miles Davis' On the Corner. It was recorded in Vietnam and featured the two Nielson brothers, their dad on flügelhorn and sax, bassist Portrait, and Vietnamese musician Minh Nguyen on Sáo Trúc, Đàn Môi, and Vietnamese percussion.
After the touring cycle for Sex & Food ended, Neilson relocated to Palm Springs, California, and stayed busy with remixes (Soccer Mommy's ""circle the drain,"" Westerman's ""Drawbridge"") and collaborations with artists as diverse as Aminé, Gorillaz, Free Nationals, and India Shawn. All the while, he was working on his own music. Singles like the smooth, disco-inflected ""Weekend Run"" and the hazy radio pop reconfiguration of ""That Life"" were released throughout 2021, followed in 2022 by the single ""I Killed Captain Cook."" These songs and many others were included as part of 2023's ambitious double album V. Neilson toyed with different genres throughout V, sometimes changing gears mid-song and using multiple instrumental tracks to do his deepest genre exploring.
In 2025, UMO offered up a second installment of their Improvisation/Collaboration series that had begun with 2018 album IC-01 Hanoi. The second volume, IC-02 Bogotá, was a completely instrumental album tracked in Bogotá, Colombia, with the help of guest percussionist Jose David Infante. In the midlle of the year, they issued the Curse EP which was made up of six songs influenced by metal and global psychedelia. ~ Jason Lymangrover",Like Acid Rain,Unknown,https://www.youtube.com/watch?v=oH5glbC98hE&list=RDoH5glbC98hE&start_radio=1&pp=ygUnVW5rbm93biBNb3J0YWwgT3JjaGVzdHJhIExpa2UgQWNpZCBSYWluoAcB
Multi‐Love,https://lastfm.freetls.fastly.net/i/u/300x300/af79cdfffdb4a528dbfe9fd34ec48362.jpg,Unknown Mortal Orchestra,2015-05-21,"Unknown Mortal Orchestra's genre-defying approach to music has allowed the band's sound to shift and evolve with every new album. The group's driving force, Ruban Nielson, is a psychedelic explorer with an experimental bent that was clear from the very first home-recorded UMO album, which combined his soaring guitar work with winsome melodies and trippy production. Working by himself and with collaborators who included his brother Kody, Nielson has taken the band on a journey through acoustic balladry, free jazz, hard rock, and, on 2015's breakthrough album Multi-Love, freaky late-night R&B. Nielson's dedication to exploration and expression made Unknown Mortal Orchestra one of the more interesting acts to come out of the 2010s neo-psych explosion. The project jumps from '70s soft rock-inspired pop to jumpy disco rhythms on 2023's ambitious double album V and explores tropical grooves on the entirely instrumental 2025 album IC-02 Bogotá.
After disbanding New Zealand's the Mint Chicks, the oddball punk-pop band he had with Kody, Nielson planned to quit music and take a day job. For a hobby, he started making psychedelic demos in his basement using samples. Soon, music took over as his career again, and his fun brand of experimental pop ended up in the hands of Fat Possum Records, which released Unknown Mortal Orchestra's self-titled debut in the early summer of 2011. As interest in the project grew, Nielson enlisted the help of a full band (which included his brother Kody on drums and bassist Jacob Portrait) for a promotional tour and then signed with Jagjaguwar for UMO's sophomore album, II. During the tour, Nielson was often asked to pop in to radio stations and play a couple songs. Having just picked up acoustic guitar, he saw this as a chance to explore a different sound and style, which he documented on 2013's EP Blue Record. Recorded to one mike in his basement, the EP was made up of three songs from II and covers of Dirty Projectors and Beck.
Nielson spent much of 2014 working on the next Unknown Mortal Orchestra album, Multi-Love. Though Jagjaguwar gave him a budget large enough to record in a ""real"" studio, he retreated to his home studio and his homemade synthesizers and recording gear. With Kody helping out on drums, Portrait on occasional bass and production, and the Nielsons' dad, Chris, on occasional horns, the music the band crafted turned away from the expansive psychedelic sound of the past toward something more focused, with soul and R\&B influences mixed in. It also delved deeply into the period of romantic turmoil and exploration Nielson was experiencing as he recorded the album. Multi-Love was released in May 2015.
The next UMO record -- which was partly recorded in Vietnam, Mexico, Korea, New Zealand, and Portland with Kody, Chris, and Portrait all contributing -- shifted the focus on to the wider world, partly in reaction to increasing political upheaval. 2018's Sex & Food included some of the group's most rock-centric work to date. That same year, the band released IC-01 Hanoi, an electric jazz album in the mode of Miles Davis' On the Corner. It was recorded in Vietnam and featured the two Nielson brothers, their dad on flügelhorn and sax, bassist Portrait, and Vietnamese musician Minh Nguyen on Sáo Trúc, Đàn Môi, and Vietnamese percussion.
After the touring cycle for Sex & Food ended, Neilson relocated to Palm Springs, California, and stayed busy with remixes (Soccer Mommy's ""circle the drain,"" Westerman's ""Drawbridge"") and collaborations with artists as diverse as Aminé, Gorillaz, Free Nationals, and India Shawn. All the while, he was working on his own music. Singles like the smooth, disco-inflected ""Weekend Run"" and the hazy radio pop reconfiguration of ""That Life"" were released throughout 2021, followed in 2022 by the single ""I Killed Captain Cook."" These songs and many others were included as part of 2023's ambitious double album V. Neilson toyed with different genres throughout V, sometimes changing gears mid-song and using multiple instrumental tracks to do his deepest genre exploring.
In 2025, UMO offered up a second installment of their Improvisation/Collaboration series that had begun with 2018 album IC-01 Hanoi. The second volume, IC-02 Bogotá, was a completely instrumental album tracked in Bogotá, Colombia, with the help of guest percussionist Jose David Infante. In the midlle of the year, they issued the Curse EP which was made up of six songs influenced by metal and global psychedelia. ~ Jason Lymangrover",Ur Life One Night,Unknown,https://www.youtube.com/watch?v=giwX3fbUbdQ&list=RDgiwX3fbUbdQ&start_radio=1&pp=ygUqVW5rbm93biBNb3J0YWwgT3JjaGVzdHJhIFVyIExpZmUgT25lIE5pZ2h0oAcB
Multi‐Love,https://lastfm.freetls.fastly.net/i/u/300x300/af79cdfffdb4a528dbfe9fd34ec48362.jpg,Unknown Mortal Orchestra,2015-05-21,"Unknown Mortal Orchestra's genre-defying approach to music has allowed the band's sound to shift and evolve with every new album. The group's driving force, Ruban Nielson, is a psychedelic explorer with an experimental bent that was clear from the very first home-recorded UMO album, which combined his soaring guitar work with winsome melodies and trippy production. Working by himself and with collaborators who included his brother Kody, Nielson has taken the band on a journey through acoustic balladry, free jazz, hard rock, and, on 2015's breakthrough album Multi-Love, freaky late-night R&B. Nielson's dedication to exploration and expression made Unknown Mortal Orchestra one of the more interesting acts to come out of the 2010s neo-psych explosion. The project jumps from '70s soft rock-inspired pop to jumpy disco rhythms on 2023's ambitious double album V and explores tropical grooves on the entirely instrumental 2025 album IC-02 Bogotá.
After disbanding New Zealand's the Mint Chicks, the oddball punk-pop band he had with Kody, Nielson planned to quit music and take a day job. For a hobby, he started making psychedelic demos in his basement using samples. Soon, music took over as his career again, and his fun brand of experimental pop ended up in the hands of Fat Possum Records, which released Unknown Mortal Orchestra's self-titled debut in the early summer of 2011. As interest in the project grew, Nielson enlisted the help of a full band (which included his brother Kody on drums and bassist Jacob Portrait) for a promotional tour and then signed with Jagjaguwar for UMO's sophomore album, II. During the tour, Nielson was often asked to pop in to radio stations and play a couple songs. Having just picked up acoustic guitar, he saw this as a chance to explore a different sound and style, which he documented on 2013's EP Blue Record. Recorded to one mike in his basement, the EP was made up of three songs from II and covers of Dirty Projectors and Beck.
Nielson spent much of 2014 working on the next Unknown Mortal Orchestra album, Multi-Love. Though Jagjaguwar gave him a budget large enough to record in a ""real"" studio, he retreated to his home studio and his homemade synthesizers and recording gear. With Kody helping out on drums, Portrait on occasional bass and production, and the Nielsons' dad, Chris, on occasional horns, the music the band crafted turned away from the expansive psychedelic sound of the past toward something more focused, with soul and R\&B influences mixed in. It also delved deeply into the period of romantic turmoil and exploration Nielson was experiencing as he recorded the album. Multi-Love was released in May 2015.
The next UMO record -- which was partly recorded in Vietnam, Mexico, Korea, New Zealand, and Portland with Kody, Chris, and Portrait all contributing -- shifted the focus on to the wider world, partly in reaction to increasing political upheaval. 2018's Sex & Food included some of the group's most rock-centric work to date. That same year, the band released IC-01 Hanoi, an electric jazz album in the mode of Miles Davis' On the Corner. It was recorded in Vietnam and featured the two Nielson brothers, their dad on flügelhorn and sax, bassist Portrait, and Vietnamese musician Minh Nguyen on Sáo Trúc, Đàn Môi, and Vietnamese percussion.
After the touring cycle for Sex & Food ended, Neilson relocated to Palm Springs, California, and stayed busy with remixes (Soccer Mommy's ""circle the drain,"" Westerman's ""Drawbridge"") and collaborations with artists as diverse as Aminé, Gorillaz, Free Nationals, and India Shawn. All the while, he was working on his own music. Singles like the smooth, disco-inflected ""Weekend Run"" and the hazy radio pop reconfiguration of ""That Life"" were released throughout 2021, followed in 2022 by the single ""I Killed Captain Cook."" These songs and many others were included as part of 2023's ambitious double album V. Neilson toyed with different genres throughout V, sometimes changing gears mid-song and using multiple instrumental tracks to do his deepest genre exploring.
In 2025, UMO offered up a second installment of their Improvisation/Collaboration series that had begun with 2018 album IC-01 Hanoi. The second volume, IC-02 Bogotá, was a completely instrumental album tracked in Bogotá, Colombia, with the help of guest percussionist Jose David Infante. In the midlle of the year, they issued the Curse EP which was made up of six songs influenced by metal and global psychedelia. ~ Jason Lymangrover",Can’t Keep Checking My Phone,Unknown,https://www.youtube.com/watch?v=OpD_74Vc3mA&list=RDOpD_74Vc3mA&start_radio=1&pp=ygU0VW5rbm93biBNb3J0YWwgT3JjaGVzdHJhIENhbnQgS2VlcCBDaGVja2luZyBNeSBQaG9uZaAHAQ%3D%3D
Multi‐Love,https://lastfm.freetls.fastly.net/i/u/300x300/af79cdfffdb4a528dbfe9fd34ec48362.jpg,Unknown Mortal Orchestra,2015-05-21,"Unknown Mortal Orchestra's genre-defying approach to music has allowed the band's sound to shift and evolve with every new album. The group's driving force, Ruban Nielson, is a psychedelic explorer with an experimental bent that was clear from the very first home-recorded UMO album, which combined his soaring guitar work with winsome melodies and trippy production. Working by himself and with collaborators who included his brother Kody, Nielson has taken the band on a journey through acoustic balladry, free jazz, hard rock, and, on 2015's breakthrough album Multi-Love, freaky late-night R&B. Nielson's dedication to exploration and expression made Unknown Mortal Orchestra one of the more interesting acts to come out of the 2010s neo-psych explosion. The project jumps from '70s soft rock-inspired pop to jumpy disco rhythms on 2023's ambitious double album V and explores tropical grooves on the entirely instrumental 2025 album IC-02 Bogotá.
After disbanding New Zealand's the Mint Chicks, the oddball punk-pop band he had with Kody, Nielson planned to quit music and take a day job. For a hobby, he started making psychedelic demos in his basement using samples. Soon, music took over as his career again, and his fun brand of experimental pop ended up in the hands of Fat Possum Records, which released Unknown Mortal Orchestra's self-titled debut in the early summer of 2011. As interest in the project grew, Nielson enlisted the help of a full band (which included his brother Kody on drums and bassist Jacob Portrait) for a promotional tour and then signed with Jagjaguwar for UMO's sophomore album, II. During the tour, Nielson was often asked to pop in to radio stations and play a couple songs. Having just picked up acoustic guitar, he saw this as a chance to explore a different sound and style, which he documented on 2013's EP Blue Record. Recorded to one mike in his basement, the EP was made up of three songs from II and covers of Dirty Projectors and Beck.
Nielson spent much of 2014 working on the next Unknown Mortal Orchestra album, Multi-Love. Though Jagjaguwar gave him a budget large enough to record in a ""real"" studio, he retreated to his home studio and his homemade synthesizers and recording gear. With Kody helping out on drums, Portrait on occasional bass and production, and the Nielsons' dad, Chris, on occasional horns, the music the band crafted turned away from the expansive psychedelic sound of the past toward something more focused, with soul and R\&B influences mixed in. It also delved deeply into the period of romantic turmoil and exploration Nielson was experiencing as he recorded the album. Multi-Love was released in May 2015.
The next UMO record -- which was partly recorded in Vietnam, Mexico, Korea, New Zealand, and Portland with Kody, Chris, and Portrait all contributing -- shifted the focus on to the wider world, partly in reaction to increasing political upheaval. 2018's Sex & Food included some of the group's most rock-centric work to date. That same year, the band released IC-01 Hanoi, an electric jazz album in the mode of Miles Davis' On the Corner. It was recorded in Vietnam and featured the two Nielson brothers, their dad on flügelhorn and sax, bassist Portrait, and Vietnamese musician Minh Nguyen on Sáo Trúc, Đàn Môi, and Vietnamese percussion.
After the touring cycle for Sex & Food ended, Neilson relocated to Palm Springs, California, and stayed busy with remixes (Soccer Mommy's ""circle the drain,"" Westerman's ""Drawbridge"") and collaborations with artists as diverse as Aminé, Gorillaz, Free Nationals, and India Shawn. All the while, he was working on his own music. Singles like the smooth, disco-inflected ""Weekend Run"" and the hazy radio pop reconfiguration of ""That Life"" were released throughout 2021, followed in 2022 by the single ""I Killed Captain Cook."" These songs and many others were included as part of 2023's ambitious double album V. Neilson toyed with different genres throughout V, sometimes changing gears mid-song and using multiple instrumental tracks to do his deepest genre exploring.
In 2025, UMO offered up a second installment of their Improvisation/Collaboration series that had begun with 2018 album IC-01 Hanoi. The second volume, IC-02 Bogotá, was a completely instrumental album tracked in Bogotá, Colombia, with the help of guest percussionist Jose David Infante. In the midlle of the year, they issued the Curse EP which was made up of six songs influenced by metal and global psychedelia. ~ Jason Lymangrover",Extreme Wealth and Casual Cruelty,Unknown,https://www.youtube.com/watch?v=xRFVawWsfUc&list=RDxRFVawWsfUc&start_radio=1&pp=ygU8VW5rbm93biBNb3J0YWwgT3JjaGVzdHJhIC0gRXh0cmVtZSBXZWFsdGggYW5kIENhc3VhbCBDcnVlbHR5oAcB
Multi‐Love,https://lastfm.freetls.fastly.net/i/u/300x300/af79cdfffdb4a528dbfe9fd34ec48362.jpg,Unknown Mortal Orchestra,2015-05-21,"Unknown Mortal Orchestra's genre-defying approach to music has allowed the band's sound to shift and evolve with every new album. The group's driving force, Ruban Nielson, is a psychedelic explorer with an experimental bent that was clear from the very first home-recorded UMO album, which combined his soaring guitar work with winsome melodies and trippy production. Working by himself and with collaborators who included his brother Kody, Nielson has taken the band on a journey through acoustic balladry, free jazz, hard rock, and, on 2015's breakthrough album Multi-Love, freaky late-night R&B. Nielson's dedication to exploration and expression made Unknown Mortal Orchestra one of the more interesting acts to come out of the 2010s neo-psych explosion. The project jumps from '70s soft rock-inspired pop to jumpy disco rhythms on 2023's ambitious double album V and explores tropical grooves on the entirely instrumental 2025 album IC-02 Bogotá.
After disbanding New Zealand's the Mint Chicks, the oddball punk-pop band he had with Kody, Nielson planned to quit music and take a day job. For a hobby, he started making psychedelic demos in his basement using samples. Soon, music took over as his career again, and his fun brand of experimental pop ended up in the hands of Fat Possum Records, which released Unknown Mortal Orchestra's self-titled debut in the early summer of 2011. As interest in the project grew, Nielson enlisted the help of a full band (which included his brother Kody on drums and bassist Jacob Portrait) for a promotional tour and then signed with Jagjaguwar for UMO's sophomore album, II. During the tour, Nielson was often asked to pop in to radio stations and play a couple songs. Having just picked up acoustic guitar, he saw this as a chance to explore a different sound and style, which he documented on 2013's EP Blue Record. Recorded to one mike in his basement, the EP was made up of three songs from II and covers of Dirty Projectors and Beck.
Nielson spent much of 2014 working on the next Unknown Mortal Orchestra album, Multi-Love. Though Jagjaguwar gave him a budget large enough to record in a ""real"" studio, he retreated to his home studio and his homemade synthesizers and recording gear. With Kody helping out on drums, Portrait on occasional bass and production, and the Nielsons' dad, Chris, on occasional horns, the music the band crafted turned away from the expansive psychedelic sound of the past toward something more focused, with soul and R\&B influences mixed in. It also delved deeply into the period of romantic turmoil and exploration Nielson was experiencing as he recorded the album. Multi-Love was released in May 2015.
The next UMO record -- which was partly recorded in Vietnam, Mexico, Korea, New Zealand, and Portland with Kody, Chris, and Portrait all contributing -- shifted the focus on to the wider world, partly in reaction to increasing political upheaval. 2018's Sex & Food included some of the group's most rock-centric work to date. That same year, the band released IC-01 Hanoi, an electric jazz album in the mode of Miles Davis' On the Corner. It was recorded in Vietnam and featured the two Nielson brothers, their dad on flügelhorn and sax, bassist Portrait, and Vietnamese musician Minh Nguyen on Sáo Trúc, Đàn Môi, and Vietnamese percussion.
After the touring cycle for Sex & Food ended, Neilson relocated to Palm Springs, California, and stayed busy with remixes (Soccer Mommy's ""circle the drain,"" Westerman's ""Drawbridge"") and collaborations with artists as diverse as Aminé, Gorillaz, Free Nationals, and India Shawn. All the while, he was working on his own music. Singles like the smooth, disco-inflected ""Weekend Run"" and the hazy radio pop reconfiguration of ""That Life"" were released throughout 2021, followed in 2022 by the single ""I Killed Captain Cook."" These songs and many others were included as part of 2023's ambitious double album V. Neilson toyed with different genres throughout V, sometimes changing gears mid-song and using multiple instrumental tracks to do his deepest genre exploring.
In 2025, UMO offered up a second installment of their Improvisation/Collaboration series that had begun with 2018 album IC-01 Hanoi. The second volume, IC-02 Bogotá, was a completely instrumental album tracked in Bogotá, Colombia, with the help of guest percussionist Jose David Infante. In the midlle of the year, they issued the Curse EP which was made up of six songs influenced by metal and global psychedelia. ~ Jason Lymangrover",The World Is Crowded,Unknown,https://www.youtube.com/watch?v=iPrCVCoSqCA&list=RDiPrCVCoSqCA&start_radio=1&pp=ygUtVW5rbm93biBNb3J0YWwgT3JjaGVzdHJhIFRoZSBXb3JsZCBJcyBDcm93ZGVkoAcB
Multi‐Love,https://lastfm.freetls.fastly.net/i/u/300x300/af79cdfffdb4a528dbfe9fd34ec48362.jpg,Unknown Mortal Orchestra,2015-05-21,"Unknown Mortal Orchestra's genre-defying approach to music has allowed the band's sound to shift and evolve with every new album. The group's driving force, Ruban Nielson, is a psychedelic explorer with an experimental bent that was clear from the very first home-recorded UMO album, which combined his soaring guitar work with winsome melodies and trippy production. Working by himself and with collaborators who included his brother Kody, Nielson has taken the band on a journey through acoustic balladry, free jazz, hard rock, and, on 2015's breakthrough album Multi-Love, freaky late-night R&B. Nielson's dedication to exploration and expression made Unknown Mortal Orchestra one of the more interesting acts to come out of the 2010s neo-psych explosion. The project jumps from '70s soft rock-inspired pop to jumpy disco rhythms on 2023's ambitious double album V and explores tropical grooves on the entirely instrumental 2025 album IC-02 Bogotá.
After disbanding New Zealand's the Mint Chicks, the oddball punk-pop band he had with Kody, Nielson planned to quit music and take a day job. For a hobby, he started making psychedelic demos in his basement using samples. Soon, music took over as his career again, and his fun brand of experimental pop ended up in the hands of Fat Possum Records, which released Unknown Mortal Orchestra's self-titled debut in the early summer of 2011. As interest in the project grew, Nielson enlisted the help of a full band (which included his brother Kody on drums and bassist Jacob Portrait) for a promotional tour and then signed with Jagjaguwar for UMO's sophomore album, II. During the tour, Nielson was often asked to pop in to radio stations and play a couple songs. Having just picked up acoustic guitar, he saw this as a chance to explore a different sound and style, which he documented on 2013's EP Blue Record. Recorded to one mike in his basement, the EP was made up of three songs from II and covers of Dirty Projectors and Beck.
Nielson spent much of 2014 working on the next Unknown Mortal Orchestra album, Multi-Love. Though Jagjaguwar gave him a budget large enough to record in a ""real"" studio, he retreated to his home studio and his homemade synthesizers and recording gear. With Kody helping out on drums, Portrait on occasional bass and production, and the Nielsons' dad, Chris, on occasional horns, the music the band crafted turned away from the expansive psychedelic sound of the past toward something more focused, with soul and R\&B influences mixed in. It also delved deeply into the period of romantic turmoil and exploration Nielson was experiencing as he recorded the album. Multi-Love was released in May 2015.
The next UMO record -- which was partly recorded in Vietnam, Mexico, Korea, New Zealand, and Portland with Kody, Chris, and Portrait all contributing -- shifted the focus on to the wider world, partly in reaction to increasing political upheaval. 2018's Sex & Food included some of the group's most rock-centric work to date. That same year, the band released IC-01 Hanoi, an electric jazz album in the mode of Miles Davis' On the Corner. It was recorded in Vietnam and featured the two Nielson brothers, their dad on flügelhorn and sax, bassist Portrait, and Vietnamese musician Minh Nguyen on Sáo Trúc, Đàn Môi, and Vietnamese percussion.
After the touring cycle for Sex & Food ended, Neilson relocated to Palm Springs, California, and stayed busy with remixes (Soccer Mommy's ""circle the drain,"" Westerman's ""Drawbridge"") and collaborations with artists as diverse as Aminé, Gorillaz, Free Nationals, and India Shawn. All the while, he was working on his own music. Singles like the smooth, disco-inflected ""Weekend Run"" and the hazy radio pop reconfiguration of ""That Life"" were released throughout 2021, followed in 2022 by the single ""I Killed Captain Cook."" These songs and many others were included as part of 2023's ambitious double album V. Neilson toyed with different genres throughout V, sometimes changing gears mid-song and using multiple instrumental tracks to do his deepest genre exploring.
In 2025, UMO offered up a second installment of their Improvisation/Collaboration series that had begun with 2018 album IC-01 Hanoi. The second volume, IC-02 Bogotá, was a completely instrumental album tracked in Bogotá, Colombia, with the help of guest percussionist Jose David Infante. In the midlle of the year, they issued the Curse EP which was made up of six songs influenced by metal and global psychedelia. ~ Jason Lymangrover",Stage or Screen,Unknown,https://www.youtube.com/watch?v=0bA74PxnfwQ&list=RD0bA74PxnfwQ&start_radio=1&pp=ygUoVW5rbm93biBNb3J0YWwgT3JjaGVzdHJhIFN0YWdlIG9yIFNjcmVlbqAHAQ%3D%3D
Multi‐Love,https://lastfm.freetls.fastly.net/i/u/300x300/af79cdfffdb4a528dbfe9fd34ec48362.jpg,Unknown Mortal Orchestra,2015-05-21,"Unknown Mortal Orchestra's genre-defying approach to music has allowed the band's sound to shift and evolve with every new album. The group's driving force, Ruban Nielson, is a psychedelic explorer with an experimental bent that was clear from the very first home-recorded UMO album, which combined his soaring guitar work with winsome melodies and trippy production. Working by himself and with collaborators who included his brother Kody, Nielson has taken the band on a journey through acoustic balladry, free jazz, hard rock, and, on 2015's breakthrough album Multi-Love, freaky late-night R&B. Nielson's dedication to exploration and expression made Unknown Mortal Orchestra one of the more interesting acts to come out of the 2010s neo-psych explosion. The project jumps from '70s soft rock-inspired pop to jumpy disco rhythms on 2023's ambitious double album V and explores tropical grooves on the entirely instrumental 2025 album IC-02 Bogotá.
After disbanding New Zealand's the Mint Chicks, the oddball punk-pop band he had with Kody, Nielson planned to quit music and take a day job. For a hobby, he started making psychedelic demos in his basement using samples. Soon, music took over as his career again, and his fun brand of experimental pop ended up in the hands of Fat Possum Records, which released Unknown Mortal Orchestra's self-titled debut in the early summer of 2011. As interest in the project grew, Nielson enlisted the help of a full band (which included his brother Kody on drums and bassist Jacob Portrait) for a promotional tour and then signed with Jagjaguwar for UMO's sophomore album, II. During the tour, Nielson was often asked to pop in to radio stations and play a couple songs. Having just picked up acoustic guitar, he saw this as a chance to explore a different sound and style, which he documented on 2013's EP Blue Record. Recorded to one mike in his basement, the EP was made up of three songs from II and covers of Dirty Projectors and Beck.
Nielson spent much of 2014 working on the next Unknown Mortal Orchestra album, Multi-Love. Though Jagjaguwar gave him a budget large enough to record in a ""real"" studio, he retreated to his home studio and his homemade synthesizers and recording gear. With Kody helping out on drums, Portrait on occasional bass and production, and the Nielsons' dad, Chris, on occasional horns, the music the band crafted turned away from the expansive psychedelic sound of the past toward something more focused, with soul and R\&B influences mixed in. It also delved deeply into the period of romantic turmoil and exploration Nielson was experiencing as he recorded the album. Multi-Love was released in May 2015.
The next UMO record -- which was partly recorded in Vietnam, Mexico, Korea, New Zealand, and Portland with Kody, Chris, and Portrait all contributing -- shifted the focus on to the wider world, partly in reaction to increasing political upheaval. 2018's Sex & Food included some of the group's most rock-centric work to date. That same year, the band released IC-01 Hanoi, an electric jazz album in the mode of Miles Davis' On the Corner. It was recorded in Vietnam and featured the two Nielson brothers, their dad on flügelhorn and sax, bassist Portrait, and Vietnamese musician Minh Nguyen on Sáo Trúc, Đàn Môi, and Vietnamese percussion.
After the touring cycle for Sex & Food ended, Neilson relocated to Palm Springs, California, and stayed busy with remixes (Soccer Mommy's ""circle the drain,"" Westerman's ""Drawbridge"") and collaborations with artists as diverse as Aminé, Gorillaz, Free Nationals, and India Shawn. All the while, he was working on his own music. Singles like the smooth, disco-inflected ""Weekend Run"" and the hazy radio pop reconfiguration of ""That Life"" were released throughout 2021, followed in 2022 by the single ""I Killed Captain Cook."" These songs and many others were included as part of 2023's ambitious double album V. Neilson toyed with different genres throughout V, sometimes changing gears mid-song and using multiple instrumental tracks to do his deepest genre exploring.
In 2025, UMO offered up a second installment of their Improvisation/Collaboration series that had begun with 2018 album IC-01 Hanoi. The second volume, IC-02 Bogotá, was a completely instrumental album tracked in Bogotá, Colombia, with the help of guest percussionist Jose David Infante. In the midlle of the year, they issued the Curse EP which was made up of six songs influenced by metal and global psychedelia. ~ Jason Lymangrover",Necessary Evil,Unknown,https://www.youtube.com/watch?v=XqjWidsMhvM&list=RDXqjWidsMhvM&start_radio=1&pp=ygUnVW5rbm93biBNb3J0YWwgT3JjaGVzdHJhIE5lY2Vzc2FyeSBFdmlsoAcB
The Singles Collection,https://lastfm.freetls.fastly.net/i/u/300x300/779985984de14964af198238510dbdcc.jpg,Urban Dance Squad,2006-08-08,"The Amsterdam-based rock/rap collective Urban Dance Squad began in 1986, playing and jamming together on an informal basis. They played a gig at the Utrecht Festival and, surprised by the raves their performance drew, became a more serious project. The group gigged for two years, and with the proceeds released 1990's Mental Floss for the Globe. Urban Dance Squad's mix of rock, rap, funk, ska, folk, hip-hop, and soul signaled the trend toward genre-bending that prevailed in '90s music. Mental Floss featured the single ""Deeper Shade of Soul"" which charted at number 21 in the U.S. on Billboard's Hot 100.
The group spent another year touring constantly, and released their second album Life 'n Perspective of a Genuine Crossover in 1991. Unfortunately, it failed to match Mental Floss' critical or commercial success, as did 1994's Persona Non Grata. 1999 saw Urban Dance Squad release their fourth album, Planet Ultra, as well as re-release their earlier releases on the Triple X label. ~ Heather Phares",Good Grief,Unknown,https://www.youtube.com/watch?v=QIgkfj4Vu20&ab_channel=UrbanDanceSquadMusic
The Singles Collection,https://lastfm.freetls.fastly.net/i/u/300x300/779985984de14964af198238510dbdcc.jpg,Urban Dance Squad,2006-08-08,"The Amsterdam-based rock/rap collective Urban Dance Squad began in 1986, playing and jamming together on an informal basis. They played a gig at the Utrecht Festival and, surprised by the raves their performance drew, became a more serious project. The group gigged for two years, and with the proceeds released 1990's Mental Floss for the Globe. Urban Dance Squad's mix of rock, rap, funk, ska, folk, hip-hop, and soul signaled the trend toward genre-bending that prevailed in '90s music. Mental Floss featured the single ""Deeper Shade of Soul"" which charted at number 21 in the U.S. on Billboard's Hot 100.
The group spent another year touring constantly, and released their second album Life 'n Perspective of a Genuine Crossover in 1991. Unfortunately, it failed to match Mental Floss' critical or commercial success, as did 1994's Persona Non Grata. 1999 saw Urban Dance Squad release their fourth album, Planet Ultra, as well as re-release their earlier releases on the Triple X label. ~ Heather Phares",Happy Go Fucked Up,Unknown,https://www.youtube.com/watch?v=XFClwjIoUWk&pp=ygUkVXJiYW4gRGFuY2UgU3F1YWQgSGFwcHkgR28gRnVja2VkIFVw
The Singles Collection,https://lastfm.freetls.fastly.net/i/u/300x300/779985984de14964af198238510dbdcc.jpg,Urban Dance Squad,2006-08-08,"The Amsterdam-based rock/rap collective Urban Dance Squad began in 1986, playing and jamming together on an informal basis. They played a gig at the Utrecht Festival and, surprised by the raves their performance drew, became a more serious project. The group gigged for two years, and with the proceeds released 1990's Mental Floss for the Globe. Urban Dance Squad's mix of rock, rap, funk, ska, folk, hip-hop, and soul signaled the trend toward genre-bending that prevailed in '90s music. Mental Floss featured the single ""Deeper Shade of Soul"" which charted at number 21 in the U.S. on Billboard's Hot 100.
The group spent another year touring constantly, and released their second album Life 'n Perspective of a Genuine Crossover in 1991. Unfortunately, it failed to match Mental Floss' critical or commercial success, as did 1994's Persona Non Grata. 1999 saw Urban Dance Squad release their fourth album, Planet Ultra, as well as re-release their earlier releases on the Triple X label. ~ Heather Phares",Bureaucrat Of Flaccostreet,Unknown,https://www.youtube.com/watch?v=1opBkCUiPUI&pp=ygUsVXJiYW4gRGFuY2UgU3F1YWQgQnVyZWF1Y3JhdCBPZiBGbGFjY29zdHJlZXTSBwkJfgkBhyohjO8%3D
The Singles Collection,https://lastfm.freetls.fastly.net/i/u/300x300/779985984de14964af198238510dbdcc.jpg,Urban Dance Squad,2006-08-08,"The Amsterdam-based rock/rap collective Urban Dance Squad began in 1986, playing and jamming together on an informal basis. They played a gig at the Utrecht Festival and, surprised by the raves their performance drew, became a more serious project. The group gigged for two years, and with the proceeds released 1990's Mental Floss for the Globe. Urban Dance Squad's mix of rock, rap, funk, ska, folk, hip-hop, and soul signaled the trend toward genre-bending that prevailed in '90s music. Mental Floss featured the single ""Deeper Shade of Soul"" which charted at number 21 in the U.S. on Billboard's Hot 100.
The group spent another year touring constantly, and released their second album Life 'n Perspective of a Genuine Crossover in 1991. Unfortunately, it failed to match Mental Floss' critical or commercial success, as did 1994's Persona Non Grata. 1999 saw Urban Dance Squad release their fourth album, Planet Ultra, as well as re-release their earlier releases on the Triple X label. ~ Heather Phares",Dresscode,Unknown,https://www.youtube.com/watch?v=nNL3TwzQAsw&pp=ygUbVXJiYW4gRGFuY2UgU3F1YWQgRHJlc3Njb2Rl
Enneunia,https://lastfm.freetls.fastly.net/i/u/300x300/5ce295f2c3f54cffe042d495fc99b9ff.png,Ursus Factory,2020-01-31,Ursus Factory is a two man band from Finland. The singer Jussi is funny like a young blonde Jack Black. Allu plays the drums. They occasionally also have Mexican wrestler as a saxophone player. Read more on Last.fm. User-contributed text is available under the Creative Commons By-SA License; additional terms may apply.,Enneunia,Unknown,https://www.youtube.com/watch?v=RF0i_v9XB7U&pp=ygUWVXJzdXMgRmFjdG9yeSBFbm5ldW5pYQ%3D%3D
Mitä mies mitä äijä,https://lastfm.freetls.fastly.net/i/u/300x300/756099fbaede1158300059005fe619cc.jpg,Ursus Factory,2021-03-05,Ursus Factory is a two man band from Finland. The singer Jussi is funny like a young blonde Jack Black. Allu plays the drums. They occasionally also have Mexican wrestler as a saxophone player. Read more on Last.fm. User-contributed text is available under the Creative Commons By-SA License; additional terms may apply.,Mitä mies mitä äijä,Unknown,https://www.youtube.com/watch?v=EcbO3SBrxbY&pp=ygUlVXJzdXMgRmFjdG9yeSBNaXTDpCBtaWVzIG1pdMOkIMOkaWrDpNIHCQl-CQGHKiGM7w%3D%3D
Sex & Religion,,Vai,1993-07-22,"Vai - Sex & Religion Sex & Religion is a Steve Vai album presented under the name of simply ""Vai"" and before then ""Light Without Heat"" but had to be changed due to copyright issues to the original name. It features Strapping Young Lad and The Devin Townsend Band vocalist and guitarist Devin Townsend on vocals before he started either one of his own bands. Townsend also co-wrote the track ""Pig"", as well as ""Just Cartilage"" which was left off the final album. Steve also worked with Desmond Child on the track ""In My Dreams with You"". For this album, Steve wished to put together a band of awe-inspiring musicians, which included him, Townsend, drummer Terry Bozzio and bassist T.M.Stevens, but ended up micro-managing the writing and recording process that was supposed to be a band of equals causing much conflict during the making of the album with a ""band"", which ideally is a democracy and therefore a catch-22. The band that recorded the album never toured in support of it due to conflicts during the recording process; in the words of Steve Vai ""...now the next record (after Passion and Warfare) was supposed to be so important. It turned out to be a hard record to make. There was the concept of putting this band together with all monster musicians. It worked in theory, but not in practice. I was hoping everybody could contribute their performance expertise while I sort of guided the band in the direction that I thought the music should go. They were very talented people that had definite ideas of the music they liked to play, and it all clashed dramatically. ""I was not ready for a band. You see, usually the idea of a band is to get together with people who could contribute their ideas and talents in a healthy exchange. With players like Terry Bozzio, T.M. Stevens and Devin Townsend, in order to have a band there needs to be an unconditional acceptance of everybody else’s contribution. I was not ready for that kind of commitment on my part. Although it may have seemed unfair to the others, there were definite ideas on which way I wanted to go with the music. Those guys are really wonderful musicians, but they have their own personality. When I try to have a band together I'm too much of a control freak. I want things to be done too much of a certain way. I gave them some freedom, but the freedom musicians of this calibre need, I wasn't able to give. Therefore, blame it on me, this project will not come together again. After the tour for the album was finished, the band split up, and Steve toured with Townsend and several session bassists and drummers. VAI is a canadian with french origins raper. Read more on Last.fm. User-contributed text is available under the Creative Commons By-SA License; additional terms may apply.",In My Dreams With You,Unknown,https://www.youtube.com/watch?v=GbiQNM0HrrI&pp=ygUZVmFpIEluIE15IERyZWFtcyBXaXRoIFlvdQ%3D%3D
5150,https://lastfm.freetls.fastly.net/i/u/300x300/f942136ebd35a6533ef0e6bc6405880f.jpg,Van Halen,1986-03-25,"Built at every stage around Eddie Van Halen's prodigious talent and wildly inventive guitar technique, Van Halen rewrote the rules for hard rock. They did this first in the early '80s with a celebratory, party-ready pop metal sound perfected by lead vocalist David Lee Roth's over-the-top performance style, and pivoted slowly to a milder, more accessible (and subsequently more commercially viable) approach, especially when Roth left the band shortly after the release of their era-defining hit album 1984 and was replaced by Sammy Hagar. Between 1985 and 1996, with Hagar on lead vocals and refined songwriting that hit all the marks for radio success, Van Halen consistently topped the charts with multi-platinum albums like 5150 and OU812. The band went into a brief hiatus after 1998's Gary Cherone-fronted Van Halen III, but eventually reunited with both Hagar, then Roth, the latter of whom would sing lead on the band's final studio album, 2011's A Different Kind of Truth. The group officially ceased operations after the death of Eddie Van Halen in 2020.
The son of a Dutch bandleader, Eddie Van Halen and his family moved from the Netherlands to Pasadena, California, in 1962, when he was seven years old and his older brother, Alex, was nine. As their father supported the family by playing in wedding bands, Eddie and Alex continued their classical piano training. Soon, both boys were enraptured by rock & roll. Eddie learned how to play drums and Alex took up the guitar, eventually switching instruments. The brothers began a hard rock band called Mammoth and began playing around Pasadena, eventually meeting David Lee Roth. At the time, Roth, who had been raised in a wealthy Californian family, was singing in Redball Jet. Impressed by the Van Halen brothers, he joined forces with the group. Shortly afterward, bassist Michael Anthony, who was singing with Snake, became a member of Mammoth. After discovering that another band had the rights to the name Mammoth, the group decided to call themselves Van Halen in 1974, rejecting the proposed Rat Salade.
For the next three years, Van Halen played throughout Pasadena, Santa Barbara, and Los Angeles, in both clubs and hotel bars. Their repertoire covered everything from pop and rock to disco, but they eventually worked in their own original material. Within a few years, they had become the most popular local band in Los Angeles, and Eddie became well known for his groundbreaking technique. In 1977, Kiss' Gene Simmons financed a demo recording session for Van Halen after seeing them at the Starwood Club. On the strength of Simmons' recommendation, Mo Ostin and Ted Templeman signed Van Halen to Warner Bros., releasing the band's debut the following year.
Van Halen became a hit due to strong word of mouth, constant touring, and support from AOR radio. Within three months, the album had gone gold, and five months later it went platinum. It would eventually sell over six million copies, thanks to the album rock staples ""You Really Got Me,"" ""Jamie's Cryin',"" and ""Runnin' with the Devil."" Van Halen II, released in 1979, continued the band's success, as ""Dance the Night Away"" became their first Top 20 single. Women and Children First (1980) didn't have any charting singles, but was a success on the album charts, reaching number six. The band supported the album with their first headlining, international arena tour, and were quickly on their way to being superstars. Released in 1981, Fair Warning wasn't quite as popular as their previous records, yet it still peaked at number six. Diver Down, released in 1982, was a huge hit, spawning a number 12 cover of Roy Orbison's ""(Oh) Pretty Woman"" and reaching number three.
While all of their previous albums were successful, Van Halen didn't become superstars until 1984, when their album 1984 became an across-the-board smash. Released on New Year's Day, 1984 rocketed to number two on the strength of the number one single ""Jump."" Like many songs on the album, ""Jump"" was driven by Eddie's new synthesizer, and while Roth was initially reluctant to use electronics, the expansion of the group's sound was widely praised. Throughout 1984, Van Halen gained steam, as ""I'll Wait"" and ""Panama"" became Top 15 singles and ""Hot for Teacher"" became a radio and MTV staple.
Despite the group's breakthrough success, things were not well within the band. During their 1984 tour, each member played separate solo sets and was physically separated on the stage. Roth was unhappy with Eddie's appearance on Michael Jackson's 1983 hit ""Beat It,"" and Eddie grew tired of Roth's comic antics. In 1985, Roth released a solo EP, Crazy from the Heat, which spawned hit covers of ""California Girls"" and ""Just a Gigolo/I Ain't Got Nobody."" When Roth delayed the recording of Van Halen's follow-up to 1984, he was fired from the band. Most observers were taken by surprise when Sammy Hagar was named as Roth's replacement. The former lead singer of Montrose, Hagar's solo career had been sporadically successful, highlighted by such arena metal hits as ""Three-Lock Box"" and ""I Can't Drive 55.""
Though many critics suspected Hagar wouldn't be able to sustain Van Halen's remarkable success, his first album with the band, 1986's 5150, was a huge hit, reaching number one and spawning the hit singles ""Why Can't This Be Love,"" ""Dreams,"" and ""Love Walks In."" Released in 1988, OU812 was just as successful, earning stronger reviews than its predecessor and generating the hits ""When It's Love"" and ""Finish What You Started."" For Unlawful Carnal Knowledge, released in 1991, was another number one hit, partially due to the hit MTV video for ""Right Now."" Van Halen followed the album with their first live record, the double-album Van Halen Live: Right Here, Right Now in 1993.
By the spring 1995 release of Balance, tensions between Eddie Van Halen and Sammy Hagar had grown considerably. Eddie had recently undergone well-publicized treatment for alcoholism, and Hagar was notorious for his party-hearty ways, even writing a paean to Amsterdam's hash bars with ""Amsterdam"" on Balance. Furthermore, the band had become subject to criticism that it simply repeated a formula. While Balance was successful, entering the charts at number one and selling two million copies shortly after its release, it stalled quickly afterward. The band wanted to release a greatest-hits collection, but Hagar balked at the idea, escalating tensions even further. Following a skirmish in 1996 over the recording of a song for the Twister soundtrack, Eddie decided to make a change by switching singers. Van Halen began recording new material with Roth without informing Hagar, who went ballistic upon learning of the group's reunion.
According to Hagar, Eddie fired him shortly afterward; Eddie claimed Hagar quit. Roth proceeded to record two new songs for Van Halen's Best Of, Vol. 1, and once the reunion became public, the rock media reacted positively to the news; MTV began airing a welcome back commercial days after the announcement. However, the reunion was not to be. Following an appearance at the MTV Music Awards, Eddie Van Halen fired Roth from the band, claiming that he was only on board to record two new songs. Roth said that he was duped into recording the songs, believing that the reunion was permanent. Former Extreme vocalist Gary Cherone was announced as the group's new lead singer. Though the resulting Best Of, Vol. 1 was a success, Eddie's reputation as a nice guy was tarnished once the entire affair was over. Cherone's long-awaited debut with Van Halen, entitled Van Halen III, was finally released in March 1998. Although the album debuted high on the charts, crashing in at number three, it quickly slipped down, since the reception to the album from fans, critics, and radio was mixed.
After Van Halen III proved to be the worst-selling album of Van Halen's long and illustrious career (the ensuing world tour was poorly attended as well), Cherone was dismissed from Van Halen in 1999. Immediately, rumors began to swirl once more of an impending David Lee Roth/Van Halen reunion. Things were kept hush-hush in the Van Halen camp until early 2001, when David Lee Roth went public on his website with an update, confirming that he had recorded several new songs with the band but hadn't heard back from them since the previous summer.
Only a few days after Roth's news, Eddie Van Halen admitted to the public that he was battling cancer, but was told by his doctors that chances were good for a complete recovery. In the summer of 2001, Eddie told MTV News that the band's remaining members had penned a total of three albums' worth of new material and that they were still unsure of who their next singer would be. Months later, Van Halen parted ways with Warner Bros., their label since 1979. The bandmembers blamed the label for promoting younger groups, while also admitting that they had not yet found Cherone's replacement and were no longer considering Roth.
The next three years found various members tending to situations both personal and professional. Eddie and longtime wife Valerie Bertinelli separated, Michael Anthony began making regular appearances with Sammy Hagar's Warboritas, and in a surprise move, David Lee Roth and Hagar hit the road together for the popular Heavyweight Champs of Rock & Roll Tour. In 2004, Van Halen announced that Hagar would return to the fold for an American tour in support of a new greatest-hits collection, The Best of Both Worlds. The shows were undeniably successful, but tensions were high, and Hagar and Anthony returned to the Warboritas the following year. In 2007, Van Halen were inducted into the Rock & Roll Hall of Fame and rumors of a reunion tour with Roth began to circulate again. Those rumors were confirmed on August 17 when the group announced legitimate dates, along with a controversial lineup change that replaced Michael Anthony with Eddie's son Wolfgang on bass. The tour kicked off in September and went on to gross over $93 million, the most successful tour in the band's history.
Riding this great success, Van Halen decided to head into the studio to cut their first album since 1998's III. Working with producer John Shanks, the band recorded the album in 2011, then launched their full-scale comeback in the early days of 2012, performing a showcase concert at Cafe Wha? on January 5, with the single ""Tattoo"" arriving five days later. The full-length album, A Different Kind of Truth, followed in February 2012. Greeted by generally positive reviews, the LP debuted at two on the Billboard Top 200 and saw a similar high position throughout the world; it would later be certified gold in Canada. Van Halen supported the album with a worldwide tour, which included a June 21, 2013 gig at the Tokyo Dome that was later released as a double album in 2015. Tokyo Dome Live in Concert was Van Halen's first-ever live album with David Lee Roth. In the late 2010s, Eddie Van Halen was once again battling cancer. He died on October 6, 2020, at the age of 65. ~ Stephen Thomas Erlewine & Greg Prato",Why Can't This Be Love,Unknown,https://www.youtube.com/watch?v=ybbfEzKfpts&pp=ygUiVmFuIEhhbGVuIC0gV2h5IENhbid0IFRoaXMgQmUgTG92ZQ%3D%3D
Van Halen,https://lastfm.freetls.fastly.net/i/u/300x300/9f280b5f42db4963c9b357fd8034ddc8.png,Van Halen,1978-02-10,"Built at every stage around Eddie Van Halen's prodigious talent and wildly inventive guitar technique, Van Halen rewrote the rules for hard rock. They did this first in the early '80s with a celebratory, party-ready pop metal sound perfected by lead vocalist David Lee Roth's over-the-top performance style, and pivoted slowly to a milder, more accessible (and subsequently more commercially viable) approach, especially when Roth left the band shortly after the release of their era-defining hit album 1984 and was replaced by Sammy Hagar. Between 1985 and 1996, with Hagar on lead vocals and refined songwriting that hit all the marks for radio success, Van Halen consistently topped the charts with multi-platinum albums like 5150 and OU812. The band went into a brief hiatus after 1998's Gary Cherone-fronted Van Halen III, but eventually reunited with both Hagar, then Roth, the latter of whom would sing lead on the band's final studio album, 2011's A Different Kind of Truth. The group officially ceased operations after the death of Eddie Van Halen in 2020.
The son of a Dutch bandleader, Eddie Van Halen and his family moved from the Netherlands to Pasadena, California, in 1962, when he was seven years old and his older brother, Alex, was nine. As their father supported the family by playing in wedding bands, Eddie and Alex continued their classical piano training. Soon, both boys were enraptured by rock & roll. Eddie learned how to play drums and Alex took up the guitar, eventually switching instruments. The brothers began a hard rock band called Mammoth and began playing around Pasadena, eventually meeting David Lee Roth. At the time, Roth, who had been raised in a wealthy Californian family, was singing in Redball Jet. Impressed by the Van Halen brothers, he joined forces with the group. Shortly afterward, bassist Michael Anthony, who was singing with Snake, became a member of Mammoth. After discovering that another band had the rights to the name Mammoth, the group decided to call themselves Van Halen in 1974, rejecting the proposed Rat Salade.
For the next three years, Van Halen played throughout Pasadena, Santa Barbara, and Los Angeles, in both clubs and hotel bars. Their repertoire covered everything from pop and rock to disco, but they eventually worked in their own original material. Within a few years, they had become the most popular local band in Los Angeles, and Eddie became well known for his groundbreaking technique. In 1977, Kiss' Gene Simmons financed a demo recording session for Van Halen after seeing them at the Starwood Club. On the strength of Simmons' recommendation, Mo Ostin and Ted Templeman signed Van Halen to Warner Bros., releasing the band's debut the following year.
Van Halen became a hit due to strong word of mouth, constant touring, and support from AOR radio. Within three months, the album had gone gold, and five months later it went platinum. It would eventually sell over six million copies, thanks to the album rock staples ""You Really Got Me,"" ""Jamie's Cryin',"" and ""Runnin' with the Devil."" Van Halen II, released in 1979, continued the band's success, as ""Dance the Night Away"" became their first Top 20 single. Women and Children First (1980) didn't have any charting singles, but was a success on the album charts, reaching number six. The band supported the album with their first headlining, international arena tour, and were quickly on their way to being superstars. Released in 1981, Fair Warning wasn't quite as popular as their previous records, yet it still peaked at number six. Diver Down, released in 1982, was a huge hit, spawning a number 12 cover of Roy Orbison's ""(Oh) Pretty Woman"" and reaching number three.
While all of their previous albums were successful, Van Halen didn't become superstars until 1984, when their album 1984 became an across-the-board smash. Released on New Year's Day, 1984 rocketed to number two on the strength of the number one single ""Jump."" Like many songs on the album, ""Jump"" was driven by Eddie's new synthesizer, and while Roth was initially reluctant to use electronics, the expansion of the group's sound was widely praised. Throughout 1984, Van Halen gained steam, as ""I'll Wait"" and ""Panama"" became Top 15 singles and ""Hot for Teacher"" became a radio and MTV staple.
Despite the group's breakthrough success, things were not well within the band. During their 1984 tour, each member played separate solo sets and was physically separated on the stage. Roth was unhappy with Eddie's appearance on Michael Jackson's 1983 hit ""Beat It,"" and Eddie grew tired of Roth's comic antics. In 1985, Roth released a solo EP, Crazy from the Heat, which spawned hit covers of ""California Girls"" and ""Just a Gigolo/I Ain't Got Nobody."" When Roth delayed the recording of Van Halen's follow-up to 1984, he was fired from the band. Most observers were taken by surprise when Sammy Hagar was named as Roth's replacement. The former lead singer of Montrose, Hagar's solo career had been sporadically successful, highlighted by such arena metal hits as ""Three-Lock Box"" and ""I Can't Drive 55.""
Though many critics suspected Hagar wouldn't be able to sustain Van Halen's remarkable success, his first album with the band, 1986's 5150, was a huge hit, reaching number one and spawning the hit singles ""Why Can't This Be Love,"" ""Dreams,"" and ""Love Walks In."" Released in 1988, OU812 was just as successful, earning stronger reviews than its predecessor and generating the hits ""When It's Love"" and ""Finish What You Started."" For Unlawful Carnal Knowledge, released in 1991, was another number one hit, partially due to the hit MTV video for ""Right Now."" Van Halen followed the album with their first live record, the double-album Van Halen Live: Right Here, Right Now in 1993.
By the spring 1995 release of Balance, tensions between Eddie Van Halen and Sammy Hagar had grown considerably. Eddie had recently undergone well-publicized treatment for alcoholism, and Hagar was notorious for his party-hearty ways, even writing a paean to Amsterdam's hash bars with ""Amsterdam"" on Balance. Furthermore, the band had become subject to criticism that it simply repeated a formula. While Balance was successful, entering the charts at number one and selling two million copies shortly after its release, it stalled quickly afterward. The band wanted to release a greatest-hits collection, but Hagar balked at the idea, escalating tensions even further. Following a skirmish in 1996 over the recording of a song for the Twister soundtrack, Eddie decided to make a change by switching singers. Van Halen began recording new material with Roth without informing Hagar, who went ballistic upon learning of the group's reunion.
According to Hagar, Eddie fired him shortly afterward; Eddie claimed Hagar quit. Roth proceeded to record two new songs for Van Halen's Best Of, Vol. 1, and once the reunion became public, the rock media reacted positively to the news; MTV began airing a welcome back commercial days after the announcement. However, the reunion was not to be. Following an appearance at the MTV Music Awards, Eddie Van Halen fired Roth from the band, claiming that he was only on board to record two new songs. Roth said that he was duped into recording the songs, believing that the reunion was permanent. Former Extreme vocalist Gary Cherone was announced as the group's new lead singer. Though the resulting Best Of, Vol. 1 was a success, Eddie's reputation as a nice guy was tarnished once the entire affair was over. Cherone's long-awaited debut with Van Halen, entitled Van Halen III, was finally released in March 1998. Although the album debuted high on the charts, crashing in at number three, it quickly slipped down, since the reception to the album from fans, critics, and radio was mixed.
After Van Halen III proved to be the worst-selling album of Van Halen's long and illustrious career (the ensuing world tour was poorly attended as well), Cherone was dismissed from Van Halen in 1999. Immediately, rumors began to swirl once more of an impending David Lee Roth/Van Halen reunion. Things were kept hush-hush in the Van Halen camp until early 2001, when David Lee Roth went public on his website with an update, confirming that he had recorded several new songs with the band but hadn't heard back from them since the previous summer.
Only a few days after Roth's news, Eddie Van Halen admitted to the public that he was battling cancer, but was told by his doctors that chances were good for a complete recovery. In the summer of 2001, Eddie told MTV News that the band's remaining members had penned a total of three albums' worth of new material and that they were still unsure of who their next singer would be. Months later, Van Halen parted ways with Warner Bros., their label since 1979. The bandmembers blamed the label for promoting younger groups, while also admitting that they had not yet found Cherone's replacement and were no longer considering Roth.
The next three years found various members tending to situations both personal and professional. Eddie and longtime wife Valerie Bertinelli separated, Michael Anthony began making regular appearances with Sammy Hagar's Warboritas, and in a surprise move, David Lee Roth and Hagar hit the road together for the popular Heavyweight Champs of Rock & Roll Tour. In 2004, Van Halen announced that Hagar would return to the fold for an American tour in support of a new greatest-hits collection, The Best of Both Worlds. The shows were undeniably successful, but tensions were high, and Hagar and Anthony returned to the Warboritas the following year. In 2007, Van Halen were inducted into the Rock & Roll Hall of Fame and rumors of a reunion tour with Roth began to circulate again. Those rumors were confirmed on August 17 when the group announced legitimate dates, along with a controversial lineup change that replaced Michael Anthony with Eddie's son Wolfgang on bass. The tour kicked off in September and went on to gross over $93 million, the most successful tour in the band's history.
Riding this great success, Van Halen decided to head into the studio to cut their first album since 1998's III. Working with producer John Shanks, the band recorded the album in 2011, then launched their full-scale comeback in the early days of 2012, performing a showcase concert at Cafe Wha? on January 5, with the single ""Tattoo"" arriving five days later. The full-length album, A Different Kind of Truth, followed in February 2012. Greeted by generally positive reviews, the LP debuted at two on the Billboard Top 200 and saw a similar high position throughout the world; it would later be certified gold in Canada. Van Halen supported the album with a worldwide tour, which included a June 21, 2013 gig at the Tokyo Dome that was later released as a double album in 2015. Tokyo Dome Live in Concert was Van Halen's first-ever live album with David Lee Roth. In the late 2010s, Eddie Van Halen was once again battling cancer. He died on October 6, 2020, at the age of 65. ~ Stephen Thomas Erlewine & Greg Prato",Running With The Devil,Unknown,https://www.youtube.com/watch?v=i5txwFv-zYM&list=RDi5txwFv-zYM&start_radio=1&pp=ygUgVmFuIEhhbGVuIFJ1bm5pbmcgV2l0aCBUaGUgRGV2aWygBwE%3D
Time Goes By Pt. I,https://lastfm.freetls.fastly.net/i/u/300x300/2f472ac39fb51cbf48ba75c3a37aeeb9.jpg,Vanilla,2025-03-21,"There is more than one artist with this name: 1) Vanilla - Hugo Harrison - is an instrumental hip hop artist based in Oxford, UK. Discography: Into the Dream (2020) Moonlight (2017) Origin (2015) Sweet Talk (2014) For What It's Worth (2013) Soft Focus (2012) High Life (2011) Chrometrails (2010) Night Visions (2010) Thought Process (2009) Spotify Bandcamp Soundcloud Tumblr YouTube 2) Vanilla was a French emo band. Formed in 1992, Vanilla highly contributed to the rise of the so-called ""french hardcore scene"", along with the now defunct FINGER PRINT and IVICH (among others). 3) Soca artist from Guyana 4) Vanilla were a short-lived girl band from Barnet, London, England. They released just two singles for EMI in the late 1990s. 5) An electro/house artist. - 2-Continued) Definitely influenced by the then innovative american scene, VANILLA stood out with an emotional yet tortured hardcore style; very energetic and personal. After a few changes in the line-up , the band finds its definitive team in 1999 with former members Yves and Yann Maisonneuve (who were also part of IVICH) , Jean LeBrun(former bass player from 1992 to 1996 , now guitar player since 1999) and Alain Vidal (bass player since 1996) . Yves and Alain were also part of the short-lived band EL VIDAL SONIDO. 2001 is the year of their 3rd album release on Paris-based label SALVATION. This new turn in VANILLA's career marks important changes on a musical level but also on the songwriting field : the members' various influences bring a fresh inspiration yet staying faithful to their hardcore origins (the DISCHORD/Washington DC scene remains an unanimous source of inspiration within the band). 6) Girlband from Indonesia. Member : Ega, Anna, Mutia, ilo, Caca and Carla. Their first single is ""Beri Aku Waktu"". Vanilla is under Harpa Records and Red Icon Management. 7) A young singer from Quebec, Canada, called Vanille but listed on last.fm as Vanilla -strange bug-. She's influenced by Françoise Hardy, Margo Guryan & Stereolab. 8) Visual Kei band from Japan. Formed in early 2002 by Shinobu. The first demo tape was sold in selected stores in Tokyo on January 15 2002. Another demo tape was distributed at the first live at Shinjuku LOFT The band had its first oneman live on July 13 at Meguro Rokumeikan right after the release of the first single. Drummer TAKA left the band in February 2003 in order to marry and retire from the music scene. Shiun from scissor was then invited to join as a support member. In early 2003 Vanilla collaborated and toured with Fatima and also created an alter ego band titled Le+vanilla. On July 13 it was announced that the band would cease its activities due to musical differences. 9) Mid-90's punk band from Chicago, IL. Released two demos and recorded an album that went unreleased. Read more on Last.fm. User-contributed text is available under the Creative Commons By-SA License; additional terms may apply.",Heart Beat,Unknown,https://www.youtube.com/watch?v=tVAjMzINntY&pp=ygUUVmFuaWxsYSAtIEhlYXJ0IEJlYXTSBwkJhAkBhyohjO8%3D
Time Goes By Pt. I,https://lastfm.freetls.fastly.net/i/u/300x300/2f472ac39fb51cbf48ba75c3a37aeeb9.jpg,Vanilla,2025-03-21,"There is more than one artist with this name: 1) Vanilla - Hugo Harrison - is an instrumental hip hop artist based in Oxford, UK. Discography: Into the Dream (2020) Moonlight (2017) Origin (2015) Sweet Talk (2014) For What It's Worth (2013) Soft Focus (2012) High Life (2011) Chrometrails (2010) Night Visions (2010) Thought Process (2009) Spotify Bandcamp Soundcloud Tumblr YouTube 2) Vanilla was a French emo band. Formed in 1992, Vanilla highly contributed to the rise of the so-called ""french hardcore scene"", along with the now defunct FINGER PRINT and IVICH (among others). 3) Soca artist from Guyana 4) Vanilla were a short-lived girl band from Barnet, London, England. They released just two singles for EMI in the late 1990s. 5) An electro/house artist. - 2-Continued) Definitely influenced by the then innovative american scene, VANILLA stood out with an emotional yet tortured hardcore style; very energetic and personal. After a few changes in the line-up , the band finds its definitive team in 1999 with former members Yves and Yann Maisonneuve (who were also part of IVICH) , Jean LeBrun(former bass player from 1992 to 1996 , now guitar player since 1999) and Alain Vidal (bass player since 1996) . Yves and Alain were also part of the short-lived band EL VIDAL SONIDO. 2001 is the year of their 3rd album release on Paris-based label SALVATION. This new turn in VANILLA's career marks important changes on a musical level but also on the songwriting field : the members' various influences bring a fresh inspiration yet staying faithful to their hardcore origins (the DISCHORD/Washington DC scene remains an unanimous source of inspiration within the band). 6) Girlband from Indonesia. Member : Ega, Anna, Mutia, ilo, Caca and Carla. Their first single is ""Beri Aku Waktu"". Vanilla is under Harpa Records and Red Icon Management. 7) A young singer from Quebec, Canada, called Vanille but listed on last.fm as Vanilla -strange bug-. She's influenced by Françoise Hardy, Margo Guryan & Stereolab. 8) Visual Kei band from Japan. Formed in early 2002 by Shinobu. The first demo tape was sold in selected stores in Tokyo on January 15 2002. Another demo tape was distributed at the first live at Shinjuku LOFT The band had its first oneman live on July 13 at Meguro Rokumeikan right after the release of the first single. Drummer TAKA left the band in February 2003 in order to marry and retire from the music scene. Shiun from scissor was then invited to join as a support member. In early 2003 Vanilla collaborated and toured with Fatima and also created an alter ego band titled Le+vanilla. On July 13 it was announced that the band would cease its activities due to musical differences. 9) Mid-90's punk band from Chicago, IL. Released two demos and recorded an album that went unreleased. Read more on Last.fm. User-contributed text is available under the Creative Commons By-SA License; additional terms may apply.",Anything,Unknown,https://www.youtube.com/watch?v=W_gzi_DIMjQ&pp=ygUQVmFuaWxsYSBBbnl0aGluZw%3D%3D
Time Goes By Pt. I,https://lastfm.freetls.fastly.net/i/u/300x300/2f472ac39fb51cbf48ba75c3a37aeeb9.jpg,Vanilla,2025-03-21,"There is more than one artist with this name: 1) Vanilla - Hugo Harrison - is an instrumental hip hop artist based in Oxford, UK. Discography: Into the Dream (2020) Moonlight (2017) Origin (2015) Sweet Talk (2014) For What It's Worth (2013) Soft Focus (2012) High Life (2011) Chrometrails (2010) Night Visions (2010) Thought Process (2009) Spotify Bandcamp Soundcloud Tumblr YouTube 2) Vanilla was a French emo band. Formed in 1992, Vanilla highly contributed to the rise of the so-called ""french hardcore scene"", along with the now defunct FINGER PRINT and IVICH (among others). 3) Soca artist from Guyana 4) Vanilla were a short-lived girl band from Barnet, London, England. They released just two singles for EMI in the late 1990s. 5) An electro/house artist. - 2-Continued) Definitely influenced by the then innovative american scene, VANILLA stood out with an emotional yet tortured hardcore style; very energetic and personal. After a few changes in the line-up , the band finds its definitive team in 1999 with former members Yves and Yann Maisonneuve (who were also part of IVICH) , Jean LeBrun(former bass player from 1992 to 1996 , now guitar player since 1999) and Alain Vidal (bass player since 1996) . Yves and Alain were also part of the short-lived band EL VIDAL SONIDO. 2001 is the year of their 3rd album release on Paris-based label SALVATION. This new turn in VANILLA's career marks important changes on a musical level but also on the songwriting field : the members' various influences bring a fresh inspiration yet staying faithful to their hardcore origins (the DISCHORD/Washington DC scene remains an unanimous source of inspiration within the band). 6) Girlband from Indonesia. Member : Ega, Anna, Mutia, ilo, Caca and Carla. Their first single is ""Beri Aku Waktu"". Vanilla is under Harpa Records and Red Icon Management. 7) A young singer from Quebec, Canada, called Vanille but listed on last.fm as Vanilla -strange bug-. She's influenced by Françoise Hardy, Margo Guryan & Stereolab. 8) Visual Kei band from Japan. Formed in early 2002 by Shinobu. The first demo tape was sold in selected stores in Tokyo on January 15 2002. Another demo tape was distributed at the first live at Shinjuku LOFT The band had its first oneman live on July 13 at Meguro Rokumeikan right after the release of the first single. Drummer TAKA left the band in February 2003 in order to marry and retire from the music scene. Shiun from scissor was then invited to join as a support member. In early 2003 Vanilla collaborated and toured with Fatima and also created an alter ego band titled Le+vanilla. On July 13 it was announced that the band would cease its activities due to musical differences. 9) Mid-90's punk band from Chicago, IL. Released two demos and recorded an album that went unreleased. Read more on Last.fm. User-contributed text is available under the Creative Commons By-SA License; additional terms may apply.",Lullabye (interlude),Unknown,https://www.youtube.com/watch?v=n2jUAfrAA4s&pp=ygUeVmFuaWxsYSAtIEx1bGxhYnllIChpbnRlcmx1ZGUp
Time Goes By Pt. I,https://lastfm.freetls.fastly.net/i/u/300x300/2f472ac39fb51cbf48ba75c3a37aeeb9.jpg,Vanilla,2025-03-21,"There is more than one artist with this name: 1) Vanilla - Hugo Harrison - is an instrumental hip hop artist based in Oxford, UK. Discography: Into the Dream (2020) Moonlight (2017) Origin (2015) Sweet Talk (2014) For What It's Worth (2013) Soft Focus (2012) High Life (2011) Chrometrails (2010) Night Visions (2010) Thought Process (2009) Spotify Bandcamp Soundcloud Tumblr YouTube 2) Vanilla was a French emo band. Formed in 1992, Vanilla highly contributed to the rise of the so-called ""french hardcore scene"", along with the now defunct FINGER PRINT and IVICH (among others). 3) Soca artist from Guyana 4) Vanilla were a short-lived girl band from Barnet, London, England. They released just two singles for EMI in the late 1990s. 5) An electro/house artist. - 2-Continued) Definitely influenced by the then innovative american scene, VANILLA stood out with an emotional yet tortured hardcore style; very energetic and personal. After a few changes in the line-up , the band finds its definitive team in 1999 with former members Yves and Yann Maisonneuve (who were also part of IVICH) , Jean LeBrun(former bass player from 1992 to 1996 , now guitar player since 1999) and Alain Vidal (bass player since 1996) . Yves and Alain were also part of the short-lived band EL VIDAL SONIDO. 2001 is the year of their 3rd album release on Paris-based label SALVATION. This new turn in VANILLA's career marks important changes on a musical level but also on the songwriting field : the members' various influences bring a fresh inspiration yet staying faithful to their hardcore origins (the DISCHORD/Washington DC scene remains an unanimous source of inspiration within the band). 6) Girlband from Indonesia. Member : Ega, Anna, Mutia, ilo, Caca and Carla. Their first single is ""Beri Aku Waktu"". Vanilla is under Harpa Records and Red Icon Management. 7) A young singer from Quebec, Canada, called Vanille but listed on last.fm as Vanilla -strange bug-. She's influenced by Françoise Hardy, Margo Guryan & Stereolab. 8) Visual Kei band from Japan. Formed in early 2002 by Shinobu. The first demo tape was sold in selected stores in Tokyo on January 15 2002. Another demo tape was distributed at the first live at Shinjuku LOFT The band had its first oneman live on July 13 at Meguro Rokumeikan right after the release of the first single. Drummer TAKA left the band in February 2003 in order to marry and retire from the music scene. Shiun from scissor was then invited to join as a support member. In early 2003 Vanilla collaborated and toured with Fatima and also created an alter ego band titled Le+vanilla. On July 13 it was announced that the band would cease its activities due to musical differences. 9) Mid-90's punk band from Chicago, IL. Released two demos and recorded an album that went unreleased. Read more on Last.fm. User-contributed text is available under the Creative Commons By-SA License; additional terms may apply.",Ao,Unknown,https://www.youtube.com/watch?v=WPgImQNv8CM&pp=ygUKVmFuaWxsYSBBbw%3D%3D
Time Goes By Pt. I,https://lastfm.freetls.fastly.net/i/u/300x300/2f472ac39fb51cbf48ba75c3a37aeeb9.jpg,Vanilla,2025-03-21,"There is more than one artist with this name: 1) Vanilla - Hugo Harrison - is an instrumental hip hop artist based in Oxford, UK. Discography: Into the Dream (2020) Moonlight (2017) Origin (2015) Sweet Talk (2014) For What It's Worth (2013) Soft Focus (2012) High Life (2011) Chrometrails (2010) Night Visions (2010) Thought Process (2009) Spotify Bandcamp Soundcloud Tumblr YouTube 2) Vanilla was a French emo band. Formed in 1992, Vanilla highly contributed to the rise of the so-called ""french hardcore scene"", along with the now defunct FINGER PRINT and IVICH (among others). 3) Soca artist from Guyana 4) Vanilla were a short-lived girl band from Barnet, London, England. They released just two singles for EMI in the late 1990s. 5) An electro/house artist. - 2-Continued) Definitely influenced by the then innovative american scene, VANILLA stood out with an emotional yet tortured hardcore style; very energetic and personal. After a few changes in the line-up , the band finds its definitive team in 1999 with former members Yves and Yann Maisonneuve (who were also part of IVICH) , Jean LeBrun(former bass player from 1992 to 1996 , now guitar player since 1999) and Alain Vidal (bass player since 1996) . Yves and Alain were also part of the short-lived band EL VIDAL SONIDO. 2001 is the year of their 3rd album release on Paris-based label SALVATION. This new turn in VANILLA's career marks important changes on a musical level but also on the songwriting field : the members' various influences bring a fresh inspiration yet staying faithful to their hardcore origins (the DISCHORD/Washington DC scene remains an unanimous source of inspiration within the band). 6) Girlband from Indonesia. Member : Ega, Anna, Mutia, ilo, Caca and Carla. Their first single is ""Beri Aku Waktu"". Vanilla is under Harpa Records and Red Icon Management. 7) A young singer from Quebec, Canada, called Vanille but listed on last.fm as Vanilla -strange bug-. She's influenced by Françoise Hardy, Margo Guryan & Stereolab. 8) Visual Kei band from Japan. Formed in early 2002 by Shinobu. The first demo tape was sold in selected stores in Tokyo on January 15 2002. Another demo tape was distributed at the first live at Shinjuku LOFT The band had its first oneman live on July 13 at Meguro Rokumeikan right after the release of the first single. Drummer TAKA left the band in February 2003 in order to marry and retire from the music scene. Shiun from scissor was then invited to join as a support member. In early 2003 Vanilla collaborated and toured with Fatima and also created an alter ego band titled Le+vanilla. On July 13 it was announced that the band would cease its activities due to musical differences. 9) Mid-90's punk band from Chicago, IL. Released two demos and recorded an album that went unreleased. Read more on Last.fm. User-contributed text is available under the Creative Commons By-SA License; additional terms may apply.",Fire,Unknown,https://www.youtube.com/watch?v=4kbNZAyIWDo&pp=ygUMVmFuaWxsYSBGaXJl
Time Goes By Pt. I,https://lastfm.freetls.fastly.net/i/u/300x300/2f472ac39fb51cbf48ba75c3a37aeeb9.jpg,Vanilla,2025-03-21,"There is more than one artist with this name: 1) Vanilla - Hugo Harrison - is an instrumental hip hop artist based in Oxford, UK. Discography: Into the Dream (2020) Moonlight (2017) Origin (2015) Sweet Talk (2014) For What It's Worth (2013) Soft Focus (2012) High Life (2011) Chrometrails (2010) Night Visions (2010) Thought Process (2009) Spotify Bandcamp Soundcloud Tumblr YouTube 2) Vanilla was a French emo band. Formed in 1992, Vanilla highly contributed to the rise of the so-called ""french hardcore scene"", along with the now defunct FINGER PRINT and IVICH (among others). 3) Soca artist from Guyana 4) Vanilla were a short-lived girl band from Barnet, London, England. They released just two singles for EMI in the late 1990s. 5) An electro/house artist. - 2-Continued) Definitely influenced by the then innovative american scene, VANILLA stood out with an emotional yet tortured hardcore style; very energetic and personal. After a few changes in the line-up , the band finds its definitive team in 1999 with former members Yves and Yann Maisonneuve (who were also part of IVICH) , Jean LeBrun(former bass player from 1992 to 1996 , now guitar player since 1999) and Alain Vidal (bass player since 1996) . Yves and Alain were also part of the short-lived band EL VIDAL SONIDO. 2001 is the year of their 3rd album release on Paris-based label SALVATION. This new turn in VANILLA's career marks important changes on a musical level but also on the songwriting field : the members' various influences bring a fresh inspiration yet staying faithful to their hardcore origins (the DISCHORD/Washington DC scene remains an unanimous source of inspiration within the band). 6) Girlband from Indonesia. Member : Ega, Anna, Mutia, ilo, Caca and Carla. Their first single is ""Beri Aku Waktu"". Vanilla is under Harpa Records and Red Icon Management. 7) A young singer from Quebec, Canada, called Vanille but listed on last.fm as Vanilla -strange bug-. She's influenced by Françoise Hardy, Margo Guryan & Stereolab. 8) Visual Kei band from Japan. Formed in early 2002 by Shinobu. The first demo tape was sold in selected stores in Tokyo on January 15 2002. Another demo tape was distributed at the first live at Shinjuku LOFT The band had its first oneman live on July 13 at Meguro Rokumeikan right after the release of the first single. Drummer TAKA left the band in February 2003 in order to marry and retire from the music scene. Shiun from scissor was then invited to join as a support member. In early 2003 Vanilla collaborated and toured with Fatima and also created an alter ego band titled Le+vanilla. On July 13 it was announced that the band would cease its activities due to musical differences. 9) Mid-90's punk band from Chicago, IL. Released two demos and recorded an album that went unreleased. Read more on Last.fm. User-contributed text is available under the Creative Commons By-SA License; additional terms may apply.",Star,Unknown,https://www.youtube.com/watch?v=N0C-snrKr-0&pp=ygUMVmFuaWxsYSBTdGFy
Time Goes By Pt. I,https://lastfm.freetls.fastly.net/i/u/300x300/2f472ac39fb51cbf48ba75c3a37aeeb9.jpg,Vanilla,2025-03-21,"There is more than one artist with this name: 1) Vanilla - Hugo Harrison - is an instrumental hip hop artist based in Oxford, UK. Discography: Into the Dream (2020) Moonlight (2017) Origin (2015) Sweet Talk (2014) For What It's Worth (2013) Soft Focus (2012) High Life (2011) Chrometrails (2010) Night Visions (2010) Thought Process (2009) Spotify Bandcamp Soundcloud Tumblr YouTube 2) Vanilla was a French emo band. Formed in 1992, Vanilla highly contributed to the rise of the so-called ""french hardcore scene"", along with the now defunct FINGER PRINT and IVICH (among others). 3) Soca artist from Guyana 4) Vanilla were a short-lived girl band from Barnet, London, England. They released just two singles for EMI in the late 1990s. 5) An electro/house artist. - 2-Continued) Definitely influenced by the then innovative american scene, VANILLA stood out with an emotional yet tortured hardcore style; very energetic and personal. After a few changes in the line-up , the band finds its definitive team in 1999 with former members Yves and Yann Maisonneuve (who were also part of IVICH) , Jean LeBrun(former bass player from 1992 to 1996 , now guitar player since 1999) and Alain Vidal (bass player since 1996) . Yves and Alain were also part of the short-lived band EL VIDAL SONIDO. 2001 is the year of their 3rd album release on Paris-based label SALVATION. This new turn in VANILLA's career marks important changes on a musical level but also on the songwriting field : the members' various influences bring a fresh inspiration yet staying faithful to their hardcore origins (the DISCHORD/Washington DC scene remains an unanimous source of inspiration within the band). 6) Girlband from Indonesia. Member : Ega, Anna, Mutia, ilo, Caca and Carla. Their first single is ""Beri Aku Waktu"". Vanilla is under Harpa Records and Red Icon Management. 7) A young singer from Quebec, Canada, called Vanille but listed on last.fm as Vanilla -strange bug-. She's influenced by Françoise Hardy, Margo Guryan & Stereolab. 8) Visual Kei band from Japan. Formed in early 2002 by Shinobu. The first demo tape was sold in selected stores in Tokyo on January 15 2002. Another demo tape was distributed at the first live at Shinjuku LOFT The band had its first oneman live on July 13 at Meguro Rokumeikan right after the release of the first single. Drummer TAKA left the band in February 2003 in order to marry and retire from the music scene. Shiun from scissor was then invited to join as a support member. In early 2003 Vanilla collaborated and toured with Fatima and also created an alter ego band titled Le+vanilla. On July 13 it was announced that the band would cease its activities due to musical differences. 9) Mid-90's punk band from Chicago, IL. Released two demos and recorded an album that went unreleased. Read more on Last.fm. User-contributed text is available under the Creative Commons By-SA License; additional terms may apply.",If Only,Unknown,https://www.youtube.com/watch?v=-WroWTw45og&pp=ygURVmFuaWxsYSAtIElmIE9ubHk%3D
Time Goes By Pt. I,https://lastfm.freetls.fastly.net/i/u/300x300/2f472ac39fb51cbf48ba75c3a37aeeb9.jpg,Vanilla,2025-03-21,"There is more than one artist with this name: 1) Vanilla - Hugo Harrison - is an instrumental hip hop artist based in Oxford, UK. Discography: Into the Dream (2020) Moonlight (2017) Origin (2015) Sweet Talk (2014) For What It's Worth (2013) Soft Focus (2012) High Life (2011) Chrometrails (2010) Night Visions (2010) Thought Process (2009) Spotify Bandcamp Soundcloud Tumblr YouTube 2) Vanilla was a French emo band. Formed in 1992, Vanilla highly contributed to the rise of the so-called ""french hardcore scene"", along with the now defunct FINGER PRINT and IVICH (among others). 3) Soca artist from Guyana 4) Vanilla were a short-lived girl band from Barnet, London, England. They released just two singles for EMI in the late 1990s. 5) An electro/house artist. - 2-Continued) Definitely influenced by the then innovative american scene, VANILLA stood out with an emotional yet tortured hardcore style; very energetic and personal. After a few changes in the line-up , the band finds its definitive team in 1999 with former members Yves and Yann Maisonneuve (who were also part of IVICH) , Jean LeBrun(former bass player from 1992 to 1996 , now guitar player since 1999) and Alain Vidal (bass player since 1996) . Yves and Alain were also part of the short-lived band EL VIDAL SONIDO. 2001 is the year of their 3rd album release on Paris-based label SALVATION. This new turn in VANILLA's career marks important changes on a musical level but also on the songwriting field : the members' various influences bring a fresh inspiration yet staying faithful to their hardcore origins (the DISCHORD/Washington DC scene remains an unanimous source of inspiration within the band). 6) Girlband from Indonesia. Member : Ega, Anna, Mutia, ilo, Caca and Carla. Their first single is ""Beri Aku Waktu"". Vanilla is under Harpa Records and Red Icon Management. 7) A young singer from Quebec, Canada, called Vanille but listed on last.fm as Vanilla -strange bug-. She's influenced by Françoise Hardy, Margo Guryan & Stereolab. 8) Visual Kei band from Japan. Formed in early 2002 by Shinobu. The first demo tape was sold in selected stores in Tokyo on January 15 2002. Another demo tape was distributed at the first live at Shinjuku LOFT The band had its first oneman live on July 13 at Meguro Rokumeikan right after the release of the first single. Drummer TAKA left the band in February 2003 in order to marry and retire from the music scene. Shiun from scissor was then invited to join as a support member. In early 2003 Vanilla collaborated and toured with Fatima and also created an alter ego band titled Le+vanilla. On July 13 it was announced that the band would cease its activities due to musical differences. 9) Mid-90's punk band from Chicago, IL. Released two demos and recorded an album that went unreleased. Read more on Last.fm. User-contributed text is available under the Creative Commons By-SA License; additional terms may apply.",Haiku (interlude),Unknown,https://www.youtube.com/watch?v=J0srmzD1lp0&pp=ygUbVmFuaWxsYSAtIEhhaWt1IChpbnRlcmx1ZGUp
Time Goes By Pt. I,https://lastfm.freetls.fastly.net/i/u/300x300/2f472ac39fb51cbf48ba75c3a37aeeb9.jpg,Vanilla,2025-03-21,"There is more than one artist with this name: 1) Vanilla - Hugo Harrison - is an instrumental hip hop artist based in Oxford, UK. Discography: Into the Dream (2020) Moonlight (2017) Origin (2015) Sweet Talk (2014) For What It's Worth (2013) Soft Focus (2012) High Life (2011) Chrometrails (2010) Night Visions (2010) Thought Process (2009) Spotify Bandcamp Soundcloud Tumblr YouTube 2) Vanilla was a French emo band. Formed in 1992, Vanilla highly contributed to the rise of the so-called ""french hardcore scene"", along with the now defunct FINGER PRINT and IVICH (among others). 3) Soca artist from Guyana 4) Vanilla were a short-lived girl band from Barnet, London, England. They released just two singles for EMI in the late 1990s. 5) An electro/house artist. - 2-Continued) Definitely influenced by the then innovative american scene, VANILLA stood out with an emotional yet tortured hardcore style; very energetic and personal. After a few changes in the line-up , the band finds its definitive team in 1999 with former members Yves and Yann Maisonneuve (who were also part of IVICH) , Jean LeBrun(former bass player from 1992 to 1996 , now guitar player since 1999) and Alain Vidal (bass player since 1996) . Yves and Alain were also part of the short-lived band EL VIDAL SONIDO. 2001 is the year of their 3rd album release on Paris-based label SALVATION. This new turn in VANILLA's career marks important changes on a musical level but also on the songwriting field : the members' various influences bring a fresh inspiration yet staying faithful to their hardcore origins (the DISCHORD/Washington DC scene remains an unanimous source of inspiration within the band). 6) Girlband from Indonesia. Member : Ega, Anna, Mutia, ilo, Caca and Carla. Their first single is ""Beri Aku Waktu"". Vanilla is under Harpa Records and Red Icon Management. 7) A young singer from Quebec, Canada, called Vanille but listed on last.fm as Vanilla -strange bug-. She's influenced by Françoise Hardy, Margo Guryan & Stereolab. 8) Visual Kei band from Japan. Formed in early 2002 by Shinobu. The first demo tape was sold in selected stores in Tokyo on January 15 2002. Another demo tape was distributed at the first live at Shinjuku LOFT The band had its first oneman live on July 13 at Meguro Rokumeikan right after the release of the first single. Drummer TAKA left the band in February 2003 in order to marry and retire from the music scene. Shiun from scissor was then invited to join as a support member. In early 2003 Vanilla collaborated and toured with Fatima and also created an alter ego band titled Le+vanilla. On July 13 it was announced that the band would cease its activities due to musical differences. 9) Mid-90's punk band from Chicago, IL. Released two demos and recorded an album that went unreleased. Read more on Last.fm. User-contributed text is available under the Creative Commons By-SA License; additional terms may apply.",Your Love,Unknown,https://www.youtube.com/watch?v=f0TfDHMNbpM&pp=ygUTVmFuaWxsYSAtIFlvdXIgTG92ZQ%3D%3D
Time Goes By Pt. I,https://lastfm.freetls.fastly.net/i/u/300x300/2f472ac39fb51cbf48ba75c3a37aeeb9.jpg,Vanilla,2025-03-21,"There is more than one artist with this name: 1) Vanilla - Hugo Harrison - is an instrumental hip hop artist based in Oxford, UK. Discography: Into the Dream (2020) Moonlight (2017) Origin (2015) Sweet Talk (2014) For What It's Worth (2013) Soft Focus (2012) High Life (2011) Chrometrails (2010) Night Visions (2010) Thought Process (2009) Spotify Bandcamp Soundcloud Tumblr YouTube 2) Vanilla was a French emo band. Formed in 1992, Vanilla highly contributed to the rise of the so-called ""french hardcore scene"", along with the now defunct FINGER PRINT and IVICH (among others). 3) Soca artist from Guyana 4) Vanilla were a short-lived girl band from Barnet, London, England. They released just two singles for EMI in the late 1990s. 5) An electro/house artist. - 2-Continued) Definitely influenced by the then innovative american scene, VANILLA stood out with an emotional yet tortured hardcore style; very energetic and personal. After a few changes in the line-up , the band finds its definitive team in 1999 with former members Yves and Yann Maisonneuve (who were also part of IVICH) , Jean LeBrun(former bass player from 1992 to 1996 , now guitar player since 1999) and Alain Vidal (bass player since 1996) . Yves and Alain were also part of the short-lived band EL VIDAL SONIDO. 2001 is the year of their 3rd album release on Paris-based label SALVATION. This new turn in VANILLA's career marks important changes on a musical level but also on the songwriting field : the members' various influences bring a fresh inspiration yet staying faithful to their hardcore origins (the DISCHORD/Washington DC scene remains an unanimous source of inspiration within the band). 6) Girlband from Indonesia. Member : Ega, Anna, Mutia, ilo, Caca and Carla. Their first single is ""Beri Aku Waktu"". Vanilla is under Harpa Records and Red Icon Management. 7) A young singer from Quebec, Canada, called Vanille but listed on last.fm as Vanilla -strange bug-. She's influenced by Françoise Hardy, Margo Guryan & Stereolab. 8) Visual Kei band from Japan. Formed in early 2002 by Shinobu. The first demo tape was sold in selected stores in Tokyo on January 15 2002. Another demo tape was distributed at the first live at Shinjuku LOFT The band had its first oneman live on July 13 at Meguro Rokumeikan right after the release of the first single. Drummer TAKA left the band in February 2003 in order to marry and retire from the music scene. Shiun from scissor was then invited to join as a support member. In early 2003 Vanilla collaborated and toured with Fatima and also created an alter ego band titled Le+vanilla. On July 13 it was announced that the band would cease its activities due to musical differences. 9) Mid-90's punk band from Chicago, IL. Released two demos and recorded an album that went unreleased. Read more on Last.fm. User-contributed text is available under the Creative Commons By-SA License; additional terms may apply.",Coffee,Unknown,https://www.youtube.com/watch?v=OZsKaPDTYqQ&pp=ygUQVmFuaWxsYSAtIENvZmZlZQ%3D%3D
Time Goes By Pt. I,https://lastfm.freetls.fastly.net/i/u/300x300/2f472ac39fb51cbf48ba75c3a37aeeb9.jpg,Vanilla,2025-03-21,"There is more than one artist with this name: 1) Vanilla - Hugo Harrison - is an instrumental hip hop artist based in Oxford, UK. Discography: Into the Dream (2020) Moonlight (2017) Origin (2015) Sweet Talk (2014) For What It's Worth (2013) Soft Focus (2012) High Life (2011) Chrometrails (2010) Night Visions (2010) Thought Process (2009) Spotify Bandcamp Soundcloud Tumblr YouTube 2) Vanilla was a French emo band. Formed in 1992, Vanilla highly contributed to the rise of the so-called ""french hardcore scene"", along with the now defunct FINGER PRINT and IVICH (among others). 3) Soca artist from Guyana 4) Vanilla were a short-lived girl band from Barnet, London, England. They released just two singles for EMI in the late 1990s. 5) An electro/house artist. - 2-Continued) Definitely influenced by the then innovative american scene, VANILLA stood out with an emotional yet tortured hardcore style; very energetic and personal. After a few changes in the line-up , the band finds its definitive team in 1999 with former members Yves and Yann Maisonneuve (who were also part of IVICH) , Jean LeBrun(former bass player from 1992 to 1996 , now guitar player since 1999) and Alain Vidal (bass player since 1996) . Yves and Alain were also part of the short-lived band EL VIDAL SONIDO. 2001 is the year of their 3rd album release on Paris-based label SALVATION. This new turn in VANILLA's career marks important changes on a musical level but also on the songwriting field : the members' various influences bring a fresh inspiration yet staying faithful to their hardcore origins (the DISCHORD/Washington DC scene remains an unanimous source of inspiration within the band). 6) Girlband from Indonesia. Member : Ega, Anna, Mutia, ilo, Caca and Carla. Their first single is ""Beri Aku Waktu"". Vanilla is under Harpa Records and Red Icon Management. 7) A young singer from Quebec, Canada, called Vanille but listed on last.fm as Vanilla -strange bug-. She's influenced by Françoise Hardy, Margo Guryan & Stereolab. 8) Visual Kei band from Japan. Formed in early 2002 by Shinobu. The first demo tape was sold in selected stores in Tokyo on January 15 2002. Another demo tape was distributed at the first live at Shinjuku LOFT The band had its first oneman live on July 13 at Meguro Rokumeikan right after the release of the first single. Drummer TAKA left the band in February 2003 in order to marry and retire from the music scene. Shiun from scissor was then invited to join as a support member. In early 2003 Vanilla collaborated and toured with Fatima and also created an alter ego band titled Le+vanilla. On July 13 it was announced that the band would cease its activities due to musical differences. 9) Mid-90's punk band from Chicago, IL. Released two demos and recorded an album that went unreleased. Read more on Last.fm. User-contributed text is available under the Creative Commons By-SA License; additional terms may apply.",Keep Runnin',Unknown,https://www.youtube.com/watch?v=K9ANnHuSGB0&pp=ygUWVmFuaWxsYSAtIEtlZXAgUnVubmluJ9IHCQmECQGHKiGM7w%3D%3D
Naruto Best Hit Collection,https://lastfm.freetls.fastly.net/i/u/300x300/c69c9e9034bf488ea7c926893664d9b1.png,Various Artists,2004-08-04,,R*O*C*K*S,Unknown,https://www.youtube.com/watch?v=-tJYN-eG1zk&list=RD-tJYN-eG1zk&start_radio=1&pp=ygUVVmFyaW91cyBBcnRpc3RzIFJPQ0tToAcB
Naruto Best Hit Collection,https://lastfm.freetls.fastly.net/i/u/300x300/c69c9e9034bf488ea7c926893664d9b1.png,Various Artists,2004-08-04,,Wind,Unknown,https://www.youtube.com/watch?v=Wg26b2_MA7s&list=RDWg26b2_MA7s&start_radio=1&pp=ygUUVmFyaW91cyBBcnRpc3RzIFdpbmSgBwE%3D
Naruto Best Hit Collection,https://lastfm.freetls.fastly.net/i/u/300x300/c69c9e9034bf488ea7c926893664d9b1.png,Various Artists,2004-08-04,,Haruka Kanata [The Far Far Side],Unknown,https://www.youtube.com/watch?v=nsw-ddleSII&list=RDnsw-ddleSII&start_radio=1&pp=ygUuVmFyaW91cyBBcnRpc3RzIEhhcnVrYSBLYW5hdGEgVGhlIEZhciBGYXIgU2lkZaAHAQ%3D%3D
Naruto Best Hit Collection,https://lastfm.freetls.fastly.net/i/u/300x300/c69c9e9034bf488ea7c926893664d9b1.png,Various Artists,2004-08-04,,Harmonia,Unknown,https://www.youtube.com/watch?v=55Nk9bMQh94&list=RD55Nk9bMQh94&start_radio=1&pp=ygUYVmFyaW91cyBBcnRpc3RzIEhhcm1vbmlhoAcB
Naruto Best Hit Collection,https://lastfm.freetls.fastly.net/i/u/300x300/c69c9e9034bf488ea7c926893664d9b1.png,Various Artists,2004-08-04,,Kanashimi wo Yasashisa Ni,Unknown,https://www.youtube.com/watch?v=WYYmt1hxOQU&list=RDWYYmt1hxOQU&start_radio=1&pp=ygUpVmFyaW91cyBBcnRpc3RzIEthbmFzaGltaSB3byBZYXNhc2hpc2EgTmmgBwE%3D
Naruto Best Hit Collection,https://lastfm.freetls.fastly.net/i/u/300x300/c69c9e9034bf488ea7c926893664d9b1.png,Various Artists,2004-08-04,,Viva Rock ~Japanese Side~,Unknown,https://www.youtube.com/watch?v=XXHhO3CxLec&list=RDXXHhO3CxLec&start_radio=1&pp=ygUnVmFyaW91cyBBcnRpc3RzIFZpdmEgUm9jayBKYXBhbmVzZSBTaWRloAcB
Naruto Best Hit Collection,https://lastfm.freetls.fastly.net/i/u/300x300/c69c9e9034bf488ea7c926893664d9b1.png,Various Artists,2004-08-04,,Alive,Unknown,https://www.youtube.com/watch?v=DwsDarsQ2u0&list=RDDwsDarsQ2u0&start_radio=1&pp=ygUVVmFyaW91cyBBcnRpc3RzIEFsaXZloAcB
Naruto Best Hit Collection,https://lastfm.freetls.fastly.net/i/u/300x300/c69c9e9034bf488ea7c926893664d9b1.png,Various Artists,2004-08-04,,Go!!!,Unknown,https://www.youtube.com/watch?v=Eu_qCx6hfTw&list=RDEu_qCx6hfTw&start_radio=1&pp=ygUSVmFyaW91cyBBcnRpc3RzIEdvoAcB
Naruto Best Hit Collection,https://lastfm.freetls.fastly.net/i/u/300x300/c69c9e9034bf488ea7c926893664d9b1.png,Various Artists,2004-08-04,,Ima Made Nando Mo,Unknown,https://www.youtube.com/watch?v=No10KOhLSuw&list=RDNo10KOhLSuw&start_radio=1&pp=ygUhVmFyaW91cyBBcnRpc3RzIEltYSBNYWRlIE5hbmRvIE1voAcB
Naruto Best Hit Collection 2,https://lastfm.freetls.fastly.net/i/u/300x300/b4df0a5c59674bb48c70e19d13cacf37.gif,Various Artists,2006-08-02,,Ryuusei,Unknown,https://www.youtube.com/watch?v=zX4yy7wdrTQ&list=RDzX4yy7wdrTQ&start_radio=1&pp=ygUXVmFyaW91cyBBcnRpc3RzIFJ5dXVzZWmgBwE%3D
Naruto Best Hit Collection 2,https://lastfm.freetls.fastly.net/i/u/300x300/b4df0a5c59674bb48c70e19d13cacf37.gif,Various Artists,2006-08-02,,Home Sweet Home,Unknown,https://www.youtube.com/watch?v=Gmrh42foUsg&list=RDGmrh42foUsg&start_radio=1&pp=ygUfVmFyaW91cyBBcnRpc3RzIEhvbWUgU3dlZXQgSG9tZaAHAQ%3D%3D
Naruto Best Hit Collection 2,https://lastfm.freetls.fastly.net/i/u/300x300/b4df0a5c59674bb48c70e19d13cacf37.gif,Various Artists,2006-08-02,,Seishun Kyousoukyoku,Unknown,https://www.youtube.com/watch?v=B8TClXpFbC4&list=RDB8TClXpFbC4&start_radio=1&pp=ygUkVmFyaW91cyBBcnRpc3RzIFNlaXNodW4gS3lvdXNvdWt5b2t1oAcB
Naruto Best Hit Collection 2,https://lastfm.freetls.fastly.net/i/u/300x300/b4df0a5c59674bb48c70e19d13cacf37.gif,Various Artists,2006-08-02,,Mountain a Go Go Two,Unknown,https://www.youtube.com/watch?v=SEAdECpn3Nk&list=RDSEAdECpn3Nk&start_radio=1&pp=ygUkVmFyaW91cyBBcnRpc3RzIE1vdW50YWluIGEgR28gR28gVHdvoAcB
Naruto Best Hit Collection 2,https://lastfm.freetls.fastly.net/i/u/300x300/b4df0a5c59674bb48c70e19d13cacf37.gif,Various Artists,2006-08-02,,Hajimete Kimi to Shabetta,Unknown,https://www.youtube.com/watch?v=KGiK_44feDk&list=RDKGiK_44feDk&start_radio=1&pp=ygUpVmFyaW91cyBBcnRpc3RzIEhhamltZXRlIEtpbWkgdG8gU2hhYmV0dGGgBwE%3D
Naruto Best Hit Collection 2,https://lastfm.freetls.fastly.net/i/u/300x300/b4df0a5c59674bb48c70e19d13cacf37.gif,Various Artists,2006-08-02,,NO BOY NO CRY,Unknown,https://www.youtube.com/watch?v=-jE-HlalwEw&list=RD-jE-HlalwEw&start_radio=1&pp=ygUdVmFyaW91cyBBcnRpc3RzIE5PIEJPWSBOTyBDUlmgBwE%3D
Naruto Best Hit Collection 2,https://lastfm.freetls.fastly.net/i/u/300x300/b4df0a5c59674bb48c70e19d13cacf37.gif,Various Artists,2006-08-02,,Nakushita Kotoba,Unknown,https://www.youtube.com/watch?v=i6NPuCiFmWM&list=RDi6NPuCiFmWM&start_radio=1&pp=ygUgVmFyaW91cyBBcnRpc3RzIE5ha3VzaGl0YSBLb3RvYmGgBwE%3D
Naruto Best Hit Collection 2,https://lastfm.freetls.fastly.net/i/u/300x300/b4df0a5c59674bb48c70e19d13cacf37.gif,Various Artists,2006-08-02,,Speed,Unknown,https://www.youtube.com/watch?v=GUZCwrM4EM4&list=RDGUZCwrM4EM4&start_radio=1&pp=ygUVVmFyaW91cyBBcnRpc3RzIFNwZWVkoAcB
Naruto Best Hit Collection 2,https://lastfm.freetls.fastly.net/i/u/300x300/b4df0a5c59674bb48c70e19d13cacf37.gif,Various Artists,2006-08-02,,Ding! Dong! Dang!,Unknown,https://www.youtube.com/watch?v=_50OafpcQiU&list=RD_50OafpcQiU&start_radio=1&pp=ygUeVmFyaW91cyBBcnRpc3RzIERpbmcgRG9uZyBEYW5noAcB
Naruto Best Hit Collection 2,https://lastfm.freetls.fastly.net/i/u/300x300/b4df0a5c59674bb48c70e19d13cacf37.gif,Various Artists,2006-08-02,,Namikaze Satellite,Unknown,https://www.youtube.com/watch?v=nnAI30uSmb8&list=RDnnAI30uSmb8&start_radio=1&pp=ygUiVmFyaW91cyBBcnRpc3RzIE5hbWlrYXplIFNhdGVsbGl0ZaAHAQ%3D%3D
Naruto Best Hit Collection 2,https://lastfm.freetls.fastly.net/i/u/300x300/b4df0a5c59674bb48c70e19d13cacf37.gif,Various Artists,2006-08-02,,Soba Ni Iru Kara,Unknown,https://www.youtube.com/watch?v=hrDadz_trJI&list=RDhrDadz_trJI&start_radio=1&pp=ygUgVmFyaW91cyBBcnRpc3RzIFNvYmEgTmkgSXJ1IEthcmGgBwE%3D
Naruto Best Hit Collection 2,https://lastfm.freetls.fastly.net/i/u/300x300/b4df0a5c59674bb48c70e19d13cacf37.gif,Various Artists,2006-08-02,,Parade,Unknown,https://www.youtube.com/watch?v=75Be7j-55mw&list=RD75Be7j-55mw&start_radio=1&pp=ygUWVmFyaW91cyBBcnRpc3RzIFBhcmFkZaAHAQ%3D%3D
Naruto Best Hit Collection 2,https://lastfm.freetls.fastly.net/i/u/300x300/b4df0a5c59674bb48c70e19d13cacf37.gif,Various Artists,2006-08-02,,Yellow Moon,Unknown,https://www.youtube.com/watch?v=lDzraECGfUY&list=RDlDzraECGfUY&start_radio=1&pp=ygUbVmFyaW91cyBBcnRpc3RzIFllbGxvdyBNb29uoAcB
Music. Magic. Ironic.,,Various Artists,2025-01-01,,Sweet Enough,Unknown,https://www.youtube.com/watch?v=Y8QbT3-Gz70&list=RDY8QbT3-Gz70&start_radio=1&pp=ygUeVmFyaW91cyBBcnRpc3RzIC0gU3dlZXQgRW5vdWdooAcB
Music. Magic. Ironic.,,Various Artists,2025-01-01,,Sweet Enough,Unknown,https://www.youtube.com/watch?v=Y8QbT3-Gz70&list=RDY8QbT3-Gz70&start_radio=1&pp=ygUeVmFyaW91cyBBcnRpc3RzIC0gU3dlZXQgRW5vdWdooAcB
Good Music For All You Good People,https://lastfm.freetls.fastly.net/i/u/300x300/a70aaf046319f85ff23fa91a9391d24a.jpg,Various Artists,2018-01-01,,Plimsoll Punks,Unknown,https://www.youtube.com/watch?v=VXZx19uN4MQ&list=RDVXZx19uN4MQ&start_radio=1&pp=ygUeVmFyaW91cyBBcnRpc3RzIFBsaW1zb2xsIFB1bmtzoAcB
Good Music For All You Good People,https://lastfm.freetls.fastly.net/i/u/300x300/a70aaf046319f85ff23fa91a9391d24a.jpg,Various Artists,2018-01-01,,Ralphie,Unknown,https://www.youtube.com/watch?v=SN80WTyizEI&list=RDSN80WTyizEI&start_radio=1&pp=ygUXVmFyaW91cyBBcnRpc3RzIFJhbHBoaWWgBwHSBwkJ2woBhyohjO8%3D
Good Music For All You Good People,https://lastfm.freetls.fastly.net/i/u/300x300/a70aaf046319f85ff23fa91a9391d24a.jpg,Various Artists,2018-01-01,,Melba,Unknown,https://www.youtube.com/watch?v=glH2EgrJ2Qs&list=RDglH2EgrJ2Qs&start_radio=1&pp=ygUXVmFyaW91cyBBcnRpc3RzIC0gTWVsYmGgBwE%3D
Good Music For All You Good People,https://lastfm.freetls.fastly.net/i/u/300x300/a70aaf046319f85ff23fa91a9391d24a.jpg,Various Artists,2018-01-01,,The Bus Song,Unknown,https://www.youtube.com/watch?v=HVDY3GxjivY&list=RDHVDY3GxjivY&start_radio=1&pp=ygUeVmFyaW91cyBBcnRpc3RzIC0gVGhlIEJ1cyBTb25noAcB
Good Music For All You Good People,https://lastfm.freetls.fastly.net/i/u/300x300/a70aaf046319f85ff23fa91a9391d24a.jpg,Various Artists,2018-01-01,,Fire,Unknown,https://www.youtube.com/watch?v=A9GcbDnI0D4&list=RDA9GcbDnI0D4&start_radio=1&pp=ygUWVmFyaW91cyBBcnRpc3RzIC0gRmlyZaAHAQ%3D%3D
Good Music For All You Good People,https://lastfm.freetls.fastly.net/i/u/300x300/a70aaf046319f85ff23fa91a9391d24a.jpg,Various Artists,2018-01-01,,Tape Machine,Unknown,https://www.youtube.com/watch?v=9zkrN9Wbclg&list=RD9zkrN9Wbclg&start_radio=1&pp=ygUcVmFyaW91cyBBcnRpc3RzIFRhcGUgTWFjaGluZaAHAQ%3D%3D
Good Music For All You Good People,https://lastfm.freetls.fastly.net/i/u/300x300/a70aaf046319f85ff23fa91a9391d24a.jpg,Various Artists,2018-01-01,,Catahoula Man,Unknown,https://www.youtube.com/watch?v=9ncCEBrrr48&list=RD9ncCEBrrr48&start_radio=1&pp=ygUdVmFyaW91cyBBcnRpc3RzIENhdGFob3VsYSBNYW6gBwE%3D
Good Music For All You Good People,https://lastfm.freetls.fastly.net/i/u/300x300/a70aaf046319f85ff23fa91a9391d24a.jpg,Various Artists,2018-01-01,,Backwoods Ritual,Unknown,https://www.youtube.com/watch?v=OnHNkMvY4N0&list=RDOnHNkMvY4N0&start_radio=1&pp=ygUgVmFyaW91cyBBcnRpc3RzIEJhY2t3b29kcyBSaXR1YWygBwE%3D
Good Music For All You Good People,https://lastfm.freetls.fastly.net/i/u/300x300/a70aaf046319f85ff23fa91a9391d24a.jpg,Various Artists,2018-01-01,,Makin' Excuses,Unknown,https://www.youtube.com/watch?v=XQZhfqyAY_A&list=RDXQZhfqyAY_A&start_radio=1&pp=ygUdVmFyaW91cyBBcnRpc3RzIE1ha2luIEV4Y3VzZXOgBwE%3D
Good Music For All You Good People,https://lastfm.freetls.fastly.net/i/u/300x300/a70aaf046319f85ff23fa91a9391d24a.jpg,Various Artists,2018-01-01,,Poor Man Dan,Unknown,https://www.youtube.com/watch?v=3khOgkDt6tw&list=RD3khOgkDt6tw&start_radio=1&pp=ygUcVmFyaW91cyBBcnRpc3RzIFBvb3IgTWFuIERhbqAHAQ%3D%3D
Good Music For All You Good People,https://lastfm.freetls.fastly.net/i/u/300x300/a70aaf046319f85ff23fa91a9391d24a.jpg,Various Artists,2018-01-01,,The Worlds Best American Band,Unknown,https://www.youtube.com/watch?v=4F5xdpeE1Kw&list=RD4F5xdpeE1Kw&start_radio=1&pp=ygUtVmFyaW91cyBBcnRpc3RzIFRoZSBXb3JsZHMgQmVzdCBBbWVyaWNhbiBCYW5koAcB
Visual Audio Sensory Theater,https://lastfm.freetls.fastly.net/i/u/300x300/a76d6a066afcc69514df60be2317c9d9.png,VAST,1998-04-28,"VAST is comprised of one man and one man only: Jon Crosby. The songwriter grew up in Humboldt County, CA, and was profiled as a promising guitarist in Guitar Player Magazine at the age of 13. He was nearly signed to the guitar-based label Shrapnel, but he turned down the offer and focused on honing his songwriting chops instead. Crosby soon left high school to do home study, and he began assembling a band in order to perform some demos he recorded all by himself, under the name VAST. Although he was able to play shows, the band proved to be a revolving door of members, with Crosby serving as the frontman and focal point.
VAST's material was original, as it encompassed elements of industrial/alternative (in the vein of Nine Inch Nails) and ambient music, with unpredictable samples added. One such demo started to receive heavy airplay on a local radio station, leading to a major-label bidding war. VAST eventually signed to Elektra and released the debut album Visual Audio Sensory Theater in mid-1998. At the time of its release, auditions for a backing band for a subsequent tour were under way. Two years later, Crosby hooked up with producer Blumpy and assembled a band comprising guitarist Justin Cotta, bassist Thomas Froggatt, and drummer Steve Clark to create the 2000 release Music for People. Although ""Free"" gained some popularity as a single, Music for People only enjoyed modest success, and Elektra dropped the band soon after its release.
VAST returned in 2004 with Nude, the band's third studio album (and first to be released via 2Blossoms, VAST's own indie record label). A Complete Demonstration followed in 2005, collecting the band's early demo material onto one disc, while the double-disc Turquoise & Crimson appeared one year later. Jon Crosby then began embracing acoustic music, releasing a series of recordings that featured little more than his vocals and acoustic guitar. April introduced that scaled-back approach in 2007, followed by a series of acoustic EPs. Material from those EPs later found its way onto VAST's 2009 album, Me & You, which featured a full band expanding upon the intimate source material. ~ Greg Prato",Here,Unknown,https://www.youtube.com/watch?v=6i1aMJO5xcw&pp=ygUJVkFTVCBIZXJl
Visual Audio Sensory Theater,https://lastfm.freetls.fastly.net/i/u/300x300/a76d6a066afcc69514df60be2317c9d9.png,VAST,1998-04-28,"VAST is comprised of one man and one man only: Jon Crosby. The songwriter grew up in Humboldt County, CA, and was profiled as a promising guitarist in Guitar Player Magazine at the age of 13. He was nearly signed to the guitar-based label Shrapnel, but he turned down the offer and focused on honing his songwriting chops instead. Crosby soon left high school to do home study, and he began assembling a band in order to perform some demos he recorded all by himself, under the name VAST. Although he was able to play shows, the band proved to be a revolving door of members, with Crosby serving as the frontman and focal point.
VAST's material was original, as it encompassed elements of industrial/alternative (in the vein of Nine Inch Nails) and ambient music, with unpredictable samples added. One such demo started to receive heavy airplay on a local radio station, leading to a major-label bidding war. VAST eventually signed to Elektra and released the debut album Visual Audio Sensory Theater in mid-1998. At the time of its release, auditions for a backing band for a subsequent tour were under way. Two years later, Crosby hooked up with producer Blumpy and assembled a band comprising guitarist Justin Cotta, bassist Thomas Froggatt, and drummer Steve Clark to create the 2000 release Music for People. Although ""Free"" gained some popularity as a single, Music for People only enjoyed modest success, and Elektra dropped the band soon after its release.
VAST returned in 2004 with Nude, the band's third studio album (and first to be released via 2Blossoms, VAST's own indie record label). A Complete Demonstration followed in 2005, collecting the band's early demo material onto one disc, while the double-disc Turquoise & Crimson appeared one year later. Jon Crosby then began embracing acoustic music, releasing a series of recordings that featured little more than his vocals and acoustic guitar. April introduced that scaled-back approach in 2007, followed by a series of acoustic EPs. Material from those EPs later found its way onto VAST's 2009 album, Me & You, which featured a full band expanding upon the intimate source material. ~ Greg Prato",Flames,Unknown,https://www.youtube.com/watch?v=6Mx5gy-AvuY&pp=ygUNVkFTVCAtIEZsYW1lcw%3D%3D
Visual Audio Sensory Theater,https://lastfm.freetls.fastly.net/i/u/300x300/a76d6a066afcc69514df60be2317c9d9.png,VAST,1998-04-28,"VAST is comprised of one man and one man only: Jon Crosby. The songwriter grew up in Humboldt County, CA, and was profiled as a promising guitarist in Guitar Player Magazine at the age of 13. He was nearly signed to the guitar-based label Shrapnel, but he turned down the offer and focused on honing his songwriting chops instead. Crosby soon left high school to do home study, and he began assembling a band in order to perform some demos he recorded all by himself, under the name VAST. Although he was able to play shows, the band proved to be a revolving door of members, with Crosby serving as the frontman and focal point.
VAST's material was original, as it encompassed elements of industrial/alternative (in the vein of Nine Inch Nails) and ambient music, with unpredictable samples added. One such demo started to receive heavy airplay on a local radio station, leading to a major-label bidding war. VAST eventually signed to Elektra and released the debut album Visual Audio Sensory Theater in mid-1998. At the time of its release, auditions for a backing band for a subsequent tour were under way. Two years later, Crosby hooked up with producer Blumpy and assembled a band comprising guitarist Justin Cotta, bassist Thomas Froggatt, and drummer Steve Clark to create the 2000 release Music for People. Although ""Free"" gained some popularity as a single, Music for People only enjoyed modest success, and Elektra dropped the band soon after its release.
VAST returned in 2004 with Nude, the band's third studio album (and first to be released via 2Blossoms, VAST's own indie record label). A Complete Demonstration followed in 2005, collecting the band's early demo material onto one disc, while the double-disc Turquoise & Crimson appeared one year later. Jon Crosby then began embracing acoustic music, releasing a series of recordings that featured little more than his vocals and acoustic guitar. April introduced that scaled-back approach in 2007, followed by a series of acoustic EPs. Material from those EPs later found its way onto VAST's 2009 album, Me & You, which featured a full band expanding upon the intimate source material. ~ Greg Prato",[untitled],Unknown,https://www.youtube.com/watch?v=JiV9VMP15c0&pp=ygURVkFTVCAtIFt1bnRpdGxlZF0%3D
"Pitäs, pitäs",,Vehje,2025-05-30,,"Pitäs, pitäs",Unknown,https://www.youtube.com/watch?v=GQtw8TwfdQw&pp=ygUTVmVoamUgUGl0w6RzIHBpdMOkcw%3D%3D
Ei äiti tuu pelastaa,,Vialea,2025-05-02,,Ei äiti tuu pelastaa,Unknown,https://www.youtube.com/watch?v=Wc1Q_RDy7VE&pp=ygUeVmlhbGVhIC0gRWkgw6RpdGkgdHV1IHBlbGFzdGFh0gcJCYYJAYcqIYzv
Ei äiti tuu pelastaa,,Vialea,2025-05-02,,Tähtityttö,Unknown,https://www.youtube.com/watch?v=pbL4iWMlUl4&list=RDpbL4iWMlUl4&start_radio=1&pp=ygUTVmlhbGVhIFTDpGh0aXR5dHTDtqAHAQ%3D%3D
Especial,https://lastfm.freetls.fastly.net/i/u/300x300/1e01768dcf31578e4c550126ad6c5a30.jpg,Viejas Locas,1999-01-01,"Argentinean rock band Viejas Locas was formed in the early '90s by classmates from a Buenos Aires' high school, who were previously playing covers of the Rolling Stones. The band made its live debut in November of 1990 at a local club called Alcatraz, having Mauro Bonom on vocals, Diego Cantoni and Cristian Alvarez on guitars, Gastón Mansilla on drums, and a temporary bassist. On November 30, 1991, the group had the opportunity to play along with La Renga, becoming a major act in the local underground scene. Soon bassist Fabian Crea, guitarist Sergio Toloza, and drummer Fabian Crea joined in. In 1993, Viejas Locas participated in a compilation called Una Noche En La Cueva with ""Eva"" and ""Tirado En La Estación."" They recorded a self-titled album in 1996 after signing up to PolyGram and climbing rock charts with ""Intoxicado."" A year later, Hermanos de Sangre was released. The band was chosen to open for the Rolling Stones at River Plate Stadium, later, performing as a main number at Obras Sanitarias. Viejas Locas' third album, called Especial, was issued in 1999. ~ Drago Bonacich",¿Qué vas a hacer tan sola hoy?,Unknown,https://www.youtube.com/watch?v=piu4gX54-B0&list=RDpiu4gX54-B0&start_radio=1&pp=ygUqVmllamFzIExvY2FzIFF1w6kgdmFzIGEgaGFjZXIgdGFuIHNvbGEgaG95oAcB
Especial,https://lastfm.freetls.fastly.net/i/u/300x300/1e01768dcf31578e4c550126ad6c5a30.jpg,Viejas Locas,1999-01-01,"Argentinean rock band Viejas Locas was formed in the early '90s by classmates from a Buenos Aires' high school, who were previously playing covers of the Rolling Stones. The band made its live debut in November of 1990 at a local club called Alcatraz, having Mauro Bonom on vocals, Diego Cantoni and Cristian Alvarez on guitars, Gastón Mansilla on drums, and a temporary bassist. On November 30, 1991, the group had the opportunity to play along with La Renga, becoming a major act in the local underground scene. Soon bassist Fabian Crea, guitarist Sergio Toloza, and drummer Fabian Crea joined in. In 1993, Viejas Locas participated in a compilation called Una Noche En La Cueva with ""Eva"" and ""Tirado En La Estación."" They recorded a self-titled album in 1996 after signing up to PolyGram and climbing rock charts with ""Intoxicado."" A year later, Hermanos de Sangre was released. The band was chosen to open for the Rolling Stones at River Plate Stadium, later, performing as a main number at Obras Sanitarias. Viejas Locas' third album, called Especial, was issued in 1999. ~ Drago Bonacich",Una vez más,Unknown,https://www.youtube.com/watch?v=sVakXk7FO5I&list=RDsVakXk7FO5I&start_radio=1&pp=ygUZVmllamFzIExvY2FzIFVuYSB2ZXogbcOhc6AHAQ%3D%3D
Especial,https://lastfm.freetls.fastly.net/i/u/300x300/1e01768dcf31578e4c550126ad6c5a30.jpg,Viejas Locas,1999-01-01,"Argentinean rock band Viejas Locas was formed in the early '90s by classmates from a Buenos Aires' high school, who were previously playing covers of the Rolling Stones. The band made its live debut in November of 1990 at a local club called Alcatraz, having Mauro Bonom on vocals, Diego Cantoni and Cristian Alvarez on guitars, Gastón Mansilla on drums, and a temporary bassist. On November 30, 1991, the group had the opportunity to play along with La Renga, becoming a major act in the local underground scene. Soon bassist Fabian Crea, guitarist Sergio Toloza, and drummer Fabian Crea joined in. In 1993, Viejas Locas participated in a compilation called Una Noche En La Cueva with ""Eva"" and ""Tirado En La Estación."" They recorded a self-titled album in 1996 after signing up to PolyGram and climbing rock charts with ""Intoxicado."" A year later, Hermanos de Sangre was released. The band was chosen to open for the Rolling Stones at River Plate Stadium, later, performing as a main number at Obras Sanitarias. Viejas Locas' third album, called Especial, was issued in 1999. ~ Drago Bonacich",Una piba como vos,Unknown,https://www.youtube.com/watch?v=w0NP5DG1cwg&list=RDw0NP5DG1cwg&start_radio=1&pp=ygUeVmllamFzIExvY2FzIFVuYSBwaWJhIGNvbW8gdm9zoAcB
Killjoy,,Vincent Christ,2022-02-21,,Killjoy,Unknown,https://www.youtube.com/watch?v=vhA4VxEi_M0&pp=ygUWVmluY2VudCBDaHJpc3QgS2lsbGpveQ%3D%3D
Extra-Life,,Vinyl Williams,2025-05-02,"The psychedelic pop explorer Vinyl Williams has a wide range of interests outside of music -- Egyptian BioGeometry and Russellian science, to name two -- that inform his dream-like, happily woozy songs and quietly epic albums. Often created by Williams alone using experimental methods of recording, his releases -- especially 2018's Opal, which was partly recorded on handheld cassette recorder and VHS camcorder and 2022's relatively straight-forward, song-based Cosmopolis -- maintained a steady course into the musical cosmos that saw the artist snapping up pieces of shoegaze, dream pop, soft rock, ambient music, and sunshine pop as he drifted past.
Born Lionel Williams, the multi-media artist is the grandson of renowned film composer John Williams and son of Air Supply drummer Mark Towner Williams, After a time spent disavowing music as a creative outlet, he began playing drums at the age of ten and soon wrote his first song. After a decade spent in Utah, where Air Supply made their home base, Williams escaped his strict religious setting and moved back to his birth place of Los Angeles, where he enrolled in CalArts to study visual arts. He switched his main focus to music though, and in the spring of 2010 began working on what became his debut album, playing all of the instruments himself while building atmospheric and dream-like textures through multi-tracking. Lemniscate was released in 2012 by No Pain in Pop and Williams put together a live band to tour behind the record. While touring in Seoul, South Korea, Williams met up with Toro y Moi's Chaz Bear and the two soon decided to collaborate, with 2014's improvised ambient work Trance Zen Dental Spa being the result. Bear signed Vinyl Williams to his Company Records label and released the space rock- and shoegaze-influenced Into during July of 2015.
Trying something different, Williams' next album was recorded by Bear at his Berkley studio over a month's time and featured guitar work by Ian Gibbs of Williams' live band, with additional vocals and synth by Medicine's Brad Laner. Released in August of 2016, Brunei reflected Williams' childhood fascination with that country's currency and his hopes for a more harmonious future. At the same time he was making music, Williams also stayed busy designing video games and directing videos, using his lo-fi, deconstructed style to bring songs by Tears for Fears, Medicine, Unknown Mortal Orchestra and others to life. When it came time to make another record, Williams used video technology in the process. Working at his studio in the Non Plus Ultra artspace he founded in L.A., basic tracks were recorded on a VHS camcorder, then, after guitar parts recorded on a handheld cassette recorder were added, the camcorder mixes were added underneath digital mixes to get a wobbly, underwater sound. Williams handled all the instrumental chores himself, save some hand drums played by Yonatan Gat's Gal Lazer and guitar and synth added by Ian Gibbs. The resulting album, the cosmically relaxed Opal, was released in July of 2018 by the French label Requiem Pour un Twister. After two years -- possibly spent in a floatation tank -- Williams returned with Azure, a sub-aquatic sounding album that delved deeply into soft textures and featured some of the poppiest songs of his career. When it came time to record another album, Williams opened up the recording process to contributions from other like-minded musicians -- keyboardist Eric Werner, synth player/vocalist Nick Logie, and guitarists Josh Menashe and Lilliana Villines-- and the result was a much more focused, slightly less dreamy album. Featuring vocals on one track by fellow neo-shoegazer Samira Winter, Cosmopolis was released  by Requiem Pour un Twister in late 2022. ~ Jason Lymangrover & Tim Sendra",Extra-Life,Unknown,https://www.youtube.com/watch?v=Cc0xlY6N8QY&pp=ygUbVmlueWwgV2lsbGlhbXMgLSBFeHRyYS1MaWZl
Heaven Underground,https://lastfm.freetls.fastly.net/i/u/300x300/dd37e2ec5a0d407d943b6a04542aea93.jpg,Violet Vision,2008-07-14,"""Violet Vision are genre defying, wherever they land what is guaranteed is that they will continue to make waves across the whole spectrum of dance music, possibly changing the way things are perceived and done through their dogged determination to break the barrier that define genres"" (Upfront magazine, UK) More information including pictures, samples, and news can be found at their website: http://violet-vision.net. Violet Vision's founders, Jonathan Dagan and Shay Raviv began their mutual career with the album ""First sign of Communication"" (2001). In this album the violets expressed their outlook on electronic music by combining different styles. From ambient atmospheres through rough breaks to techno grooves this album made Violet Vision a well known name in the electronic music scene in Israel and abroad. With rave reviews from the press and a growing fan base, Dagan and Raviv started to perform live in festivals and clubs around the world (Brazil, Japan, USA, Russia, Mexico, Israel) and by that time their tunes and unique remixes started to appear in compilations and singles released by various labels 2003 marked the birth of a new ground-breaking artwork. Having shifted stylistic universes, Violet Vision presented their second album ""Unfold"". Featuring several vocalists and combining acoustic instruments with the influence of Rock, House, Breaks, and more, ""Unfold"" soon became a dancefloor knockout, featuring the single ""Your Voice"" which was supported by DJs like Cass, Hernan Cattaneo, Chris Fortier, Sander Kleinenberg, Anthony Papa, MoShic, and many others. By this album Violet Vision widened their group of followers as they were introduced to breakbeat fans around the world. The album was mastered at The Exchange studio by Mike Marsh (Depeche Mode, Chemical Brothers, Basement Jaxx...) In 2006 Shay relocated to Hollywood, Los Angeles following his long time friends infected mushroom, where he currently resides. New members and musicians were added to the violet vision crew and violet vision grew to a production company dealing with Film scoring/Video Game music/production and programming/artist management. Violet Vision's third studio album ""Heaven Underground"" Contains 15 tracks and is a huge body of work. Hundreds of hours were spent in the studio bringing you The ultimate sonic experience. Most of the album's tracks feature Vocalists and the sound/attitude of this release is probably Violet's most important release till this day. Read more on Last.fm. User-contributed text is available under the Creative Commons By-SA License; additional terms may apply.",Fortean,Unknown,https://www.youtube.com/watch?v=Aegt-ERKYHs&pp=ygUVVmlvbGV0IFZpc2lvbiBGb3J0ZWFu
Heaven Underground,https://lastfm.freetls.fastly.net/i/u/300x300/dd37e2ec5a0d407d943b6a04542aea93.jpg,Violet Vision,2008-07-14,"""Violet Vision are genre defying, wherever they land what is guaranteed is that they will continue to make waves across the whole spectrum of dance music, possibly changing the way things are perceived and done through their dogged determination to break the barrier that define genres"" (Upfront magazine, UK) More information including pictures, samples, and news can be found at their website: http://violet-vision.net. Violet Vision's founders, Jonathan Dagan and Shay Raviv began their mutual career with the album ""First sign of Communication"" (2001). In this album the violets expressed their outlook on electronic music by combining different styles. From ambient atmospheres through rough breaks to techno grooves this album made Violet Vision a well known name in the electronic music scene in Israel and abroad. With rave reviews from the press and a growing fan base, Dagan and Raviv started to perform live in festivals and clubs around the world (Brazil, Japan, USA, Russia, Mexico, Israel) and by that time their tunes and unique remixes started to appear in compilations and singles released by various labels 2003 marked the birth of a new ground-breaking artwork. Having shifted stylistic universes, Violet Vision presented their second album ""Unfold"". Featuring several vocalists and combining acoustic instruments with the influence of Rock, House, Breaks, and more, ""Unfold"" soon became a dancefloor knockout, featuring the single ""Your Voice"" which was supported by DJs like Cass, Hernan Cattaneo, Chris Fortier, Sander Kleinenberg, Anthony Papa, MoShic, and many others. By this album Violet Vision widened their group of followers as they were introduced to breakbeat fans around the world. The album was mastered at The Exchange studio by Mike Marsh (Depeche Mode, Chemical Brothers, Basement Jaxx...) In 2006 Shay relocated to Hollywood, Los Angeles following his long time friends infected mushroom, where he currently resides. New members and musicians were added to the violet vision crew and violet vision grew to a production company dealing with Film scoring/Video Game music/production and programming/artist management. Violet Vision's third studio album ""Heaven Underground"" Contains 15 tracks and is a huge body of work. Hundreds of hours were spent in the studio bringing you The ultimate sonic experience. Most of the album's tracks feature Vocalists and the sound/attitude of this release is probably Violet's most important release till this day. Read more on Last.fm. User-contributed text is available under the Creative Commons By-SA License; additional terms may apply.",Just Asking,Unknown,https://www.youtube.com/watch?v=TYFXQdpi0E4&pp=ygUZVmlvbGV0IFZpc2lvbiBKdXN0IEFza2luZw%3D%3D
Heaven Underground,https://lastfm.freetls.fastly.net/i/u/300x300/dd37e2ec5a0d407d943b6a04542aea93.jpg,Violet Vision,2008-07-14,"""Violet Vision are genre defying, wherever they land what is guaranteed is that they will continue to make waves across the whole spectrum of dance music, possibly changing the way things are perceived and done through their dogged determination to break the barrier that define genres"" (Upfront magazine, UK) More information including pictures, samples, and news can be found at their website: http://violet-vision.net. Violet Vision's founders, Jonathan Dagan and Shay Raviv began their mutual career with the album ""First sign of Communication"" (2001). In this album the violets expressed their outlook on electronic music by combining different styles. From ambient atmospheres through rough breaks to techno grooves this album made Violet Vision a well known name in the electronic music scene in Israel and abroad. With rave reviews from the press and a growing fan base, Dagan and Raviv started to perform live in festivals and clubs around the world (Brazil, Japan, USA, Russia, Mexico, Israel) and by that time their tunes and unique remixes started to appear in compilations and singles released by various labels 2003 marked the birth of a new ground-breaking artwork. Having shifted stylistic universes, Violet Vision presented their second album ""Unfold"". Featuring several vocalists and combining acoustic instruments with the influence of Rock, House, Breaks, and more, ""Unfold"" soon became a dancefloor knockout, featuring the single ""Your Voice"" which was supported by DJs like Cass, Hernan Cattaneo, Chris Fortier, Sander Kleinenberg, Anthony Papa, MoShic, and many others. By this album Violet Vision widened their group of followers as they were introduced to breakbeat fans around the world. The album was mastered at The Exchange studio by Mike Marsh (Depeche Mode, Chemical Brothers, Basement Jaxx...) In 2006 Shay relocated to Hollywood, Los Angeles following his long time friends infected mushroom, where he currently resides. New members and musicians were added to the violet vision crew and violet vision grew to a production company dealing with Film scoring/Video Game music/production and programming/artist management. Violet Vision's third studio album ""Heaven Underground"" Contains 15 tracks and is a huge body of work. Hundreds of hours were spent in the studio bringing you The ultimate sonic experience. Most of the album's tracks feature Vocalists and the sound/attitude of this release is probably Violet's most important release till this day. Read more on Last.fm. User-contributed text is available under the Creative Commons By-SA License; additional terms may apply.",Yeled,Unknown,https://www.youtube.com/watch?v=_UA67uvIiQg&pp=ygUTVmlvbGV0IFZpc2lvbiBZZWxlZA%3D%3D
All My Life,https://lastfm.freetls.fastly.net/i/u/300x300/07479f70241e93f15ce47104551b7e15.jpg,Viper,2007-01-01,"Viper is a long-running Brazilian heavy metal band known for regularly changing its sonic approach to the genre. The band's early offerings leaned hard into the New Wave of British Heavy metal, specifically Iron Maiden, while later efforts looked to prog (Theatre of Fate), punk (Coma Rage), and alternative pop (Tem pra Todo Mundo) for inspiration.
Viper formed in 1985 when brothers Pit (bass) and Yves Passarell (lead guitar) joined with guitarist Felipe Machado, drummer Cassio Audi, and singer Andre Matos. After a few demos, Viper's first album, Soldiers of Sunrise, was released in July 1987; it was a fairly raw-sounding Iron Maiden-type album and was very successful in Brazil. After Sergio Facci took over on drums, Viper returned to the studio and recorded Theatre of Fate in 1989. This second LP featured much more mature songwriting, heavily influenced by classical music. This, combined with Andre Matos' greatly improved singing, made Theatre of Fate a top-notch progressive metal album. While Matos wanted Viper to continue in this neo-classical, progressive metal style, the rest of the band wanted to return to a more standard metal sound. This resulted in Matos leaving the group to form Angra.
A new member did not replace Matos; Pit Passarell became the new singer, while Renato Graccia became the new drummer. Evolution was released in 1992, trading classical influences and the operatic singing of Andre Matos in favor of a straight hard rock style. 1994's Coma Rage found Viper going in yet another direction. This album had a raw, heavy punk rock sound, showing that Viper liked changing their sound and never making the same record twice, a preference they leaned into again on 1996's alternative rock and pop/heavy Tem pra Todo Mundo.
The LP was dismally received by critics and fans alike, and the poor reception, the bankruptcy of their label, and the disappearance of the album's masters resulted in the band going on a hiatus. Viper returned to the road in 2001 without Yves Passarell, who left the fold to focus on his new band, Capital Inicial. They issued their seventh long-player, All My Life, in 2007, marking the studio debut of new vocalist Ricardo Bocci. Another hiatus followed, concluding in 2012 with a Brazilian tour that featured the return of original vocalist Andre Matos. Viper reached a critical crossroads after Matos suffered a fatal heart attack in 2019, eventually coalescing around a lineup of Leandro Caçoilo (vocals), Machado and Kiko Shred (guitars), Passarell (bass and vocals) and Guilherme Martin (drums) and releasing Timeless in 2023. Pit Passarell died while in treatment for cancer on September 27, 2024, he was 56. ~ David White.",Love Is All,Unknown,https://www.youtube.com/watch?v=wva4PnfDmYs&pp=ygURVmlwZXIgTG92ZSBJcyBBbGw%3D
Evolution,https://lastfm.freetls.fastly.net/i/u/300x300/15c35d1ce7d5889e10cfec124385c479.jpg,Viper,1992-01-01,"Viper is a long-running Brazilian heavy metal band known for regularly changing its sonic approach to the genre. The band's early offerings leaned hard into the New Wave of British Heavy metal, specifically Iron Maiden, while later efforts looked to prog (Theatre of Fate), punk (Coma Rage), and alternative pop (Tem pra Todo Mundo) for inspiration.
Viper formed in 1985 when brothers Pit (bass) and Yves Passarell (lead guitar) joined with guitarist Felipe Machado, drummer Cassio Audi, and singer Andre Matos. After a few demos, Viper's first album, Soldiers of Sunrise, was released in July 1987; it was a fairly raw-sounding Iron Maiden-type album and was very successful in Brazil. After Sergio Facci took over on drums, Viper returned to the studio and recorded Theatre of Fate in 1989. This second LP featured much more mature songwriting, heavily influenced by classical music. This, combined with Andre Matos' greatly improved singing, made Theatre of Fate a top-notch progressive metal album. While Matos wanted Viper to continue in this neo-classical, progressive metal style, the rest of the band wanted to return to a more standard metal sound. This resulted in Matos leaving the group to form Angra.
A new member did not replace Matos; Pit Passarell became the new singer, while Renato Graccia became the new drummer. Evolution was released in 1992, trading classical influences and the operatic singing of Andre Matos in favor of a straight hard rock style. 1994's Coma Rage found Viper going in yet another direction. This album had a raw, heavy punk rock sound, showing that Viper liked changing their sound and never making the same record twice, a preference they leaned into again on 1996's alternative rock and pop/heavy Tem pra Todo Mundo.
The LP was dismally received by critics and fans alike, and the poor reception, the bankruptcy of their label, and the disappearance of the album's masters resulted in the band going on a hiatus. Viper returned to the road in 2001 without Yves Passarell, who left the fold to focus on his new band, Capital Inicial. They issued their seventh long-player, All My Life, in 2007, marking the studio debut of new vocalist Ricardo Bocci. Another hiatus followed, concluding in 2012 with a Brazilian tour that featured the return of original vocalist Andre Matos. Viper reached a critical crossroads after Matos suffered a fatal heart attack in 2019, eventually coalescing around a lineup of Leandro Caçoilo (vocals), Machado and Kiko Shred (guitars), Passarell (bass and vocals) and Guilherme Martin (drums) and releasing Timeless in 2023. Pit Passarell died while in treatment for cancer on September 27, 2024, he was 56. ~ David White.",Evolution,Unknown,https://www.youtube.com/watch?v=T7uIv77Vuhg&pp=ygUPVmlwZXIgRXZvbHV0aW9u
Soldiers of Sunrise,https://lastfm.freetls.fastly.net/i/u/300x300/66eac46be23c7810f17b1b67349a198a.jpg,Viper,1987-01-01,"Viper is a long-running Brazilian heavy metal band known for regularly changing its sonic approach to the genre. The band's early offerings leaned hard into the New Wave of British Heavy metal, specifically Iron Maiden, while later efforts looked to prog (Theatre of Fate), punk (Coma Rage), and alternative pop (Tem pra Todo Mundo) for inspiration.
Viper formed in 1985 when brothers Pit (bass) and Yves Passarell (lead guitar) joined with guitarist Felipe Machado, drummer Cassio Audi, and singer Andre Matos. After a few demos, Viper's first album, Soldiers of Sunrise, was released in July 1987; it was a fairly raw-sounding Iron Maiden-type album and was very successful in Brazil. After Sergio Facci took over on drums, Viper returned to the studio and recorded Theatre of Fate in 1989. This second LP featured much more mature songwriting, heavily influenced by classical music. This, combined with Andre Matos' greatly improved singing, made Theatre of Fate a top-notch progressive metal album. While Matos wanted Viper to continue in this neo-classical, progressive metal style, the rest of the band wanted to return to a more standard metal sound. This resulted in Matos leaving the group to form Angra.
A new member did not replace Matos; Pit Passarell became the new singer, while Renato Graccia became the new drummer. Evolution was released in 1992, trading classical influences and the operatic singing of Andre Matos in favor of a straight hard rock style. 1994's Coma Rage found Viper going in yet another direction. This album had a raw, heavy punk rock sound, showing that Viper liked changing their sound and never making the same record twice, a preference they leaned into again on 1996's alternative rock and pop/heavy Tem pra Todo Mundo.
The LP was dismally received by critics and fans alike, and the poor reception, the bankruptcy of their label, and the disappearance of the album's masters resulted in the band going on a hiatus. Viper returned to the road in 2001 without Yves Passarell, who left the fold to focus on his new band, Capital Inicial. They issued their seventh long-player, All My Life, in 2007, marking the studio debut of new vocalist Ricardo Bocci. Another hiatus followed, concluding in 2012 with a Brazilian tour that featured the return of original vocalist Andre Matos. Viper reached a critical crossroads after Matos suffered a fatal heart attack in 2019, eventually coalescing around a lineup of Leandro Caçoilo (vocals), Machado and Kiko Shred (guitars), Passarell (bass and vocals) and Guilherme Martin (drums) and releasing Timeless in 2023. Pit Passarell died while in treatment for cancer on September 27, 2024, he was 56. ~ David White.",Wings of the Evil,Unknown,https://www.youtube.com/watch?v=h1p6Ruw5TEg&pp=ygUXVmlwZXIgV2luZ3Mgb2YgdGhlIEV2aWw%3D
Soldiers of Sunrise,https://lastfm.freetls.fastly.net/i/u/300x300/66eac46be23c7810f17b1b67349a198a.jpg,Viper,1987-01-01,"Viper is a long-running Brazilian heavy metal band known for regularly changing its sonic approach to the genre. The band's early offerings leaned hard into the New Wave of British Heavy metal, specifically Iron Maiden, while later efforts looked to prog (Theatre of Fate), punk (Coma Rage), and alternative pop (Tem pra Todo Mundo) for inspiration.
Viper formed in 1985 when brothers Pit (bass) and Yves Passarell (lead guitar) joined with guitarist Felipe Machado, drummer Cassio Audi, and singer Andre Matos. After a few demos, Viper's first album, Soldiers of Sunrise, was released in July 1987; it was a fairly raw-sounding Iron Maiden-type album and was very successful in Brazil. After Sergio Facci took over on drums, Viper returned to the studio and recorded Theatre of Fate in 1989. This second LP featured much more mature songwriting, heavily influenced by classical music. This, combined with Andre Matos' greatly improved singing, made Theatre of Fate a top-notch progressive metal album. While Matos wanted Viper to continue in this neo-classical, progressive metal style, the rest of the band wanted to return to a more standard metal sound. This resulted in Matos leaving the group to form Angra.
A new member did not replace Matos; Pit Passarell became the new singer, while Renato Graccia became the new drummer. Evolution was released in 1992, trading classical influences and the operatic singing of Andre Matos in favor of a straight hard rock style. 1994's Coma Rage found Viper going in yet another direction. This album had a raw, heavy punk rock sound, showing that Viper liked changing their sound and never making the same record twice, a preference they leaned into again on 1996's alternative rock and pop/heavy Tem pra Todo Mundo.
The LP was dismally received by critics and fans alike, and the poor reception, the bankruptcy of their label, and the disappearance of the album's masters resulted in the band going on a hiatus. Viper returned to the road in 2001 without Yves Passarell, who left the fold to focus on his new band, Capital Inicial. They issued their seventh long-player, All My Life, in 2007, marking the studio debut of new vocalist Ricardo Bocci. Another hiatus followed, concluding in 2012 with a Brazilian tour that featured the return of original vocalist Andre Matos. Viper reached a critical crossroads after Matos suffered a fatal heart attack in 2019, eventually coalescing around a lineup of Leandro Caçoilo (vocals), Machado and Kiko Shred (guitars), Passarell (bass and vocals) and Guilherme Martin (drums) and releasing Timeless in 2023. Pit Passarell died while in treatment for cancer on September 27, 2024, he was 56. ~ David White.",Soldiers of Sunrise,Unknown,https://www.youtube.com/watch?v=x5_poxTr6RE&pp=ygUZVmlwZXIgU29sZGllcnMgb2YgU3VucmlzZQ%3D%3D
Soldiers of Sunrise,https://lastfm.freetls.fastly.net/i/u/300x300/66eac46be23c7810f17b1b67349a198a.jpg,Viper,1987-01-01,"Viper is a long-running Brazilian heavy metal band known for regularly changing its sonic approach to the genre. The band's early offerings leaned hard into the New Wave of British Heavy metal, specifically Iron Maiden, while later efforts looked to prog (Theatre of Fate), punk (Coma Rage), and alternative pop (Tem pra Todo Mundo) for inspiration.
Viper formed in 1985 when brothers Pit (bass) and Yves Passarell (lead guitar) joined with guitarist Felipe Machado, drummer Cassio Audi, and singer Andre Matos. After a few demos, Viper's first album, Soldiers of Sunrise, was released in July 1987; it was a fairly raw-sounding Iron Maiden-type album and was very successful in Brazil. After Sergio Facci took over on drums, Viper returned to the studio and recorded Theatre of Fate in 1989. This second LP featured much more mature songwriting, heavily influenced by classical music. This, combined with Andre Matos' greatly improved singing, made Theatre of Fate a top-notch progressive metal album. While Matos wanted Viper to continue in this neo-classical, progressive metal style, the rest of the band wanted to return to a more standard metal sound. This resulted in Matos leaving the group to form Angra.
A new member did not replace Matos; Pit Passarell became the new singer, while Renato Graccia became the new drummer. Evolution was released in 1992, trading classical influences and the operatic singing of Andre Matos in favor of a straight hard rock style. 1994's Coma Rage found Viper going in yet another direction. This album had a raw, heavy punk rock sound, showing that Viper liked changing their sound and never making the same record twice, a preference they leaned into again on 1996's alternative rock and pop/heavy Tem pra Todo Mundo.
The LP was dismally received by critics and fans alike, and the poor reception, the bankruptcy of their label, and the disappearance of the album's masters resulted in the band going on a hiatus. Viper returned to the road in 2001 without Yves Passarell, who left the fold to focus on his new band, Capital Inicial. They issued their seventh long-player, All My Life, in 2007, marking the studio debut of new vocalist Ricardo Bocci. Another hiatus followed, concluding in 2012 with a Brazilian tour that featured the return of original vocalist Andre Matos. Viper reached a critical crossroads after Matos suffered a fatal heart attack in 2019, eventually coalescing around a lineup of Leandro Caçoilo (vocals), Machado and Kiko Shred (guitars), Passarell (bass and vocals) and Guilherme Martin (drums) and releasing Timeless in 2023. Pit Passarell died while in treatment for cancer on September 27, 2024, he was 56. ~ David White.",To Live Again,Unknown,https://www.youtube.com/watch?v=Cs7HoGf_RGU&pp=ygUVVmlwZXIgLSBUbyBMaXZlIEFnYWlu
Soldiers of Sunrise,https://lastfm.freetls.fastly.net/i/u/300x300/66eac46be23c7810f17b1b67349a198a.jpg,Viper,1987-01-01,"Viper is a long-running Brazilian heavy metal band known for regularly changing its sonic approach to the genre. The band's early offerings leaned hard into the New Wave of British Heavy metal, specifically Iron Maiden, while later efforts looked to prog (Theatre of Fate), punk (Coma Rage), and alternative pop (Tem pra Todo Mundo) for inspiration.
Viper formed in 1985 when brothers Pit (bass) and Yves Passarell (lead guitar) joined with guitarist Felipe Machado, drummer Cassio Audi, and singer Andre Matos. After a few demos, Viper's first album, Soldiers of Sunrise, was released in July 1987; it was a fairly raw-sounding Iron Maiden-type album and was very successful in Brazil. After Sergio Facci took over on drums, Viper returned to the studio and recorded Theatre of Fate in 1989. This second LP featured much more mature songwriting, heavily influenced by classical music. This, combined with Andre Matos' greatly improved singing, made Theatre of Fate a top-notch progressive metal album. While Matos wanted Viper to continue in this neo-classical, progressive metal style, the rest of the band wanted to return to a more standard metal sound. This resulted in Matos leaving the group to form Angra.
A new member did not replace Matos; Pit Passarell became the new singer, while Renato Graccia became the new drummer. Evolution was released in 1992, trading classical influences and the operatic singing of Andre Matos in favor of a straight hard rock style. 1994's Coma Rage found Viper going in yet another direction. This album had a raw, heavy punk rock sound, showing that Viper liked changing their sound and never making the same record twice, a preference they leaned into again on 1996's alternative rock and pop/heavy Tem pra Todo Mundo.
The LP was dismally received by critics and fans alike, and the poor reception, the bankruptcy of their label, and the disappearance of the album's masters resulted in the band going on a hiatus. Viper returned to the road in 2001 without Yves Passarell, who left the fold to focus on his new band, Capital Inicial. They issued their seventh long-player, All My Life, in 2007, marking the studio debut of new vocalist Ricardo Bocci. Another hiatus followed, concluding in 2012 with a Brazilian tour that featured the return of original vocalist Andre Matos. Viper reached a critical crossroads after Matos suffered a fatal heart attack in 2019, eventually coalescing around a lineup of Leandro Caçoilo (vocals), Machado and Kiko Shred (guitars), Passarell (bass and vocals) and Guilherme Martin (drums) and releasing Timeless in 2023. Pit Passarell died while in treatment for cancer on September 27, 2024, he was 56. ~ David White.",Theatre Of Fate,Unknown,https://www.youtube.com/watch?v=q0cAbxkMM7s&pp=ygUXVmlwZXIgLSBUaGVhdHJlIE9mIEZhdGU%3D
The Spreading Soul Forever,https://lastfm.freetls.fastly.net/i/u/300x300/516e55e14c0d56c2b8e2b98f1ae82c96.jpg,Viper,2020-06-08,"Viper is a long-running Brazilian heavy metal band known for regularly changing its sonic approach to the genre. The band's early offerings leaned hard into the New Wave of British Heavy metal, specifically Iron Maiden, while later efforts looked to prog (Theatre of Fate), punk (Coma Rage), and alternative pop (Tem pra Todo Mundo) for inspiration.
Viper formed in 1985 when brothers Pit (bass) and Yves Passarell (lead guitar) joined with guitarist Felipe Machado, drummer Cassio Audi, and singer Andre Matos. After a few demos, Viper's first album, Soldiers of Sunrise, was released in July 1987; it was a fairly raw-sounding Iron Maiden-type album and was very successful in Brazil. After Sergio Facci took over on drums, Viper returned to the studio and recorded Theatre of Fate in 1989. This second LP featured much more mature songwriting, heavily influenced by classical music. This, combined with Andre Matos' greatly improved singing, made Theatre of Fate a top-notch progressive metal album. While Matos wanted Viper to continue in this neo-classical, progressive metal style, the rest of the band wanted to return to a more standard metal sound. This resulted in Matos leaving the group to form Angra.
A new member did not replace Matos; Pit Passarell became the new singer, while Renato Graccia became the new drummer. Evolution was released in 1992, trading classical influences and the operatic singing of Andre Matos in favor of a straight hard rock style. 1994's Coma Rage found Viper going in yet another direction. This album had a raw, heavy punk rock sound, showing that Viper liked changing their sound and never making the same record twice, a preference they leaned into again on 1996's alternative rock and pop/heavy Tem pra Todo Mundo.
The LP was dismally received by critics and fans alike, and the poor reception, the bankruptcy of their label, and the disappearance of the album's masters resulted in the band going on a hiatus. Viper returned to the road in 2001 without Yves Passarell, who left the fold to focus on his new band, Capital Inicial. They issued their seventh long-player, All My Life, in 2007, marking the studio debut of new vocalist Ricardo Bocci. Another hiatus followed, concluding in 2012 with a Brazilian tour that featured the return of original vocalist Andre Matos. Viper reached a critical crossroads after Matos suffered a fatal heart attack in 2019, eventually coalescing around a lineup of Leandro Caçoilo (vocals), Machado and Kiko Shred (guitars), Passarell (bass and vocals) and Guilherme Martin (drums) and releasing Timeless in 2023. Pit Passarell died while in treatment for cancer on September 27, 2024, he was 56. ~ David White.",The Spreading Soul Forever,Unknown,https://www.youtube.com/watch?v=pie8jL9aPZA&pp=ygUgVmlwZXIgVGhlIFNwcmVhZGluZyBTb3VsIEZvcmV2ZXI%3D
Theater of Fate,https://lastfm.freetls.fastly.net/i/u/300x300/8ccca551a55d39bba3f26074f8573442.jpg,Viper,1997-01-01,"Viper is a long-running Brazilian heavy metal band known for regularly changing its sonic approach to the genre. The band's early offerings leaned hard into the New Wave of British Heavy metal, specifically Iron Maiden, while later efforts looked to prog (Theatre of Fate), punk (Coma Rage), and alternative pop (Tem pra Todo Mundo) for inspiration.
Viper formed in 1985 when brothers Pit (bass) and Yves Passarell (lead guitar) joined with guitarist Felipe Machado, drummer Cassio Audi, and singer Andre Matos. After a few demos, Viper's first album, Soldiers of Sunrise, was released in July 1987; it was a fairly raw-sounding Iron Maiden-type album and was very successful in Brazil. After Sergio Facci took over on drums, Viper returned to the studio and recorded Theatre of Fate in 1989. This second LP featured much more mature songwriting, heavily influenced by classical music. This, combined with Andre Matos' greatly improved singing, made Theatre of Fate a top-notch progressive metal album. While Matos wanted Viper to continue in this neo-classical, progressive metal style, the rest of the band wanted to return to a more standard metal sound. This resulted in Matos leaving the group to form Angra.
A new member did not replace Matos; Pit Passarell became the new singer, while Renato Graccia became the new drummer. Evolution was released in 1992, trading classical influences and the operatic singing of Andre Matos in favor of a straight hard rock style. 1994's Coma Rage found Viper going in yet another direction. This album had a raw, heavy punk rock sound, showing that Viper liked changing their sound and never making the same record twice, a preference they leaned into again on 1996's alternative rock and pop/heavy Tem pra Todo Mundo.
The LP was dismally received by critics and fans alike, and the poor reception, the bankruptcy of their label, and the disappearance of the album's masters resulted in the band going on a hiatus. Viper returned to the road in 2001 without Yves Passarell, who left the fold to focus on his new band, Capital Inicial. They issued their seventh long-player, All My Life, in 2007, marking the studio debut of new vocalist Ricardo Bocci. Another hiatus followed, concluding in 2012 with a Brazilian tour that featured the return of original vocalist Andre Matos. Viper reached a critical crossroads after Matos suffered a fatal heart attack in 2019, eventually coalescing around a lineup of Leandro Caçoilo (vocals), Machado and Kiko Shred (guitars), Passarell (bass and vocals) and Guilherme Martin (drums) and releasing Timeless in 2023. Pit Passarell died while in treatment for cancer on September 27, 2024, he was 56. ~ David White.",A Cry from the Edge,Unknown,https://www.youtube.com/watch?v=8-OltZlocZg&pp=ygUbVmlwZXIgLSBBIENyeSBmcm9tIHRoZSBFZGdl
Theater of Fate,https://lastfm.freetls.fastly.net/i/u/300x300/8ccca551a55d39bba3f26074f8573442.jpg,Viper,1997-01-01,"Viper is a long-running Brazilian heavy metal band known for regularly changing its sonic approach to the genre. The band's early offerings leaned hard into the New Wave of British Heavy metal, specifically Iron Maiden, while later efforts looked to prog (Theatre of Fate), punk (Coma Rage), and alternative pop (Tem pra Todo Mundo) for inspiration.
Viper formed in 1985 when brothers Pit (bass) and Yves Passarell (lead guitar) joined with guitarist Felipe Machado, drummer Cassio Audi, and singer Andre Matos. After a few demos, Viper's first album, Soldiers of Sunrise, was released in July 1987; it was a fairly raw-sounding Iron Maiden-type album and was very successful in Brazil. After Sergio Facci took over on drums, Viper returned to the studio and recorded Theatre of Fate in 1989. This second LP featured much more mature songwriting, heavily influenced by classical music. This, combined with Andre Matos' greatly improved singing, made Theatre of Fate a top-notch progressive metal album. While Matos wanted Viper to continue in this neo-classical, progressive metal style, the rest of the band wanted to return to a more standard metal sound. This resulted in Matos leaving the group to form Angra.
A new member did not replace Matos; Pit Passarell became the new singer, while Renato Graccia became the new drummer. Evolution was released in 1992, trading classical influences and the operatic singing of Andre Matos in favor of a straight hard rock style. 1994's Coma Rage found Viper going in yet another direction. This album had a raw, heavy punk rock sound, showing that Viper liked changing their sound and never making the same record twice, a preference they leaned into again on 1996's alternative rock and pop/heavy Tem pra Todo Mundo.
The LP was dismally received by critics and fans alike, and the poor reception, the bankruptcy of their label, and the disappearance of the album's masters resulted in the band going on a hiatus. Viper returned to the road in 2001 without Yves Passarell, who left the fold to focus on his new band, Capital Inicial. They issued their seventh long-player, All My Life, in 2007, marking the studio debut of new vocalist Ricardo Bocci. Another hiatus followed, concluding in 2012 with a Brazilian tour that featured the return of original vocalist Andre Matos. Viper reached a critical crossroads after Matos suffered a fatal heart attack in 2019, eventually coalescing around a lineup of Leandro Caçoilo (vocals), Machado and Kiko Shred (guitars), Passarell (bass and vocals) and Guilherme Martin (drums) and releasing Timeless in 2023. Pit Passarell died while in treatment for cancer on September 27, 2024, he was 56. ~ David White.",Living for the night,Unknown,https://www.youtube.com/watch?v=Ubx54-2gIrw&pp=ygUaVmlwZXIgTGl2aW5nIGZvciB0aGUgbmlnaHQ%3D
Theater of Fate,https://lastfm.freetls.fastly.net/i/u/300x300/8ccca551a55d39bba3f26074f8573442.jpg,Viper,1997-01-01,"Viper is a long-running Brazilian heavy metal band known for regularly changing its sonic approach to the genre. The band's early offerings leaned hard into the New Wave of British Heavy metal, specifically Iron Maiden, while later efforts looked to prog (Theatre of Fate), punk (Coma Rage), and alternative pop (Tem pra Todo Mundo) for inspiration.
Viper formed in 1985 when brothers Pit (bass) and Yves Passarell (lead guitar) joined with guitarist Felipe Machado, drummer Cassio Audi, and singer Andre Matos. After a few demos, Viper's first album, Soldiers of Sunrise, was released in July 1987; it was a fairly raw-sounding Iron Maiden-type album and was very successful in Brazil. After Sergio Facci took over on drums, Viper returned to the studio and recorded Theatre of Fate in 1989. This second LP featured much more mature songwriting, heavily influenced by classical music. This, combined with Andre Matos' greatly improved singing, made Theatre of Fate a top-notch progressive metal album. While Matos wanted Viper to continue in this neo-classical, progressive metal style, the rest of the band wanted to return to a more standard metal sound. This resulted in Matos leaving the group to form Angra.
A new member did not replace Matos; Pit Passarell became the new singer, while Renato Graccia became the new drummer. Evolution was released in 1992, trading classical influences and the operatic singing of Andre Matos in favor of a straight hard rock style. 1994's Coma Rage found Viper going in yet another direction. This album had a raw, heavy punk rock sound, showing that Viper liked changing their sound and never making the same record twice, a preference they leaned into again on 1996's alternative rock and pop/heavy Tem pra Todo Mundo.
The LP was dismally received by critics and fans alike, and the poor reception, the bankruptcy of their label, and the disappearance of the album's masters resulted in the band going on a hiatus. Viper returned to the road in 2001 without Yves Passarell, who left the fold to focus on his new band, Capital Inicial. They issued their seventh long-player, All My Life, in 2007, marking the studio debut of new vocalist Ricardo Bocci. Another hiatus followed, concluding in 2012 with a Brazilian tour that featured the return of original vocalist Andre Matos. Viper reached a critical crossroads after Matos suffered a fatal heart attack in 2019, eventually coalescing around a lineup of Leandro Caçoilo (vocals), Machado and Kiko Shred (guitars), Passarell (bass and vocals) and Guilherme Martin (drums) and releasing Timeless in 2023. Pit Passarell died while in treatment for cancer on September 27, 2024, he was 56. ~ David White.",Prelude to Oblivion,Unknown,https://www.youtube.com/watch?v=zps7NRS34gU&pp=ygUZVmlwZXIgUHJlbHVkZSB0byBPYmxpdmlvbg%3D%3D
Theater of Fate,https://lastfm.freetls.fastly.net/i/u/300x300/8ccca551a55d39bba3f26074f8573442.jpg,Viper,1997-01-01,"Viper is a long-running Brazilian heavy metal band known for regularly changing its sonic approach to the genre. The band's early offerings leaned hard into the New Wave of British Heavy metal, specifically Iron Maiden, while later efforts looked to prog (Theatre of Fate), punk (Coma Rage), and alternative pop (Tem pra Todo Mundo) for inspiration.
Viper formed in 1985 when brothers Pit (bass) and Yves Passarell (lead guitar) joined with guitarist Felipe Machado, drummer Cassio Audi, and singer Andre Matos. After a few demos, Viper's first album, Soldiers of Sunrise, was released in July 1987; it was a fairly raw-sounding Iron Maiden-type album and was very successful in Brazil. After Sergio Facci took over on drums, Viper returned to the studio and recorded Theatre of Fate in 1989. This second LP featured much more mature songwriting, heavily influenced by classical music. This, combined with Andre Matos' greatly improved singing, made Theatre of Fate a top-notch progressive metal album. While Matos wanted Viper to continue in this neo-classical, progressive metal style, the rest of the band wanted to return to a more standard metal sound. This resulted in Matos leaving the group to form Angra.
A new member did not replace Matos; Pit Passarell became the new singer, while Renato Graccia became the new drummer. Evolution was released in 1992, trading classical influences and the operatic singing of Andre Matos in favor of a straight hard rock style. 1994's Coma Rage found Viper going in yet another direction. This album had a raw, heavy punk rock sound, showing that Viper liked changing their sound and never making the same record twice, a preference they leaned into again on 1996's alternative rock and pop/heavy Tem pra Todo Mundo.
The LP was dismally received by critics and fans alike, and the poor reception, the bankruptcy of their label, and the disappearance of the album's masters resulted in the band going on a hiatus. Viper returned to the road in 2001 without Yves Passarell, who left the fold to focus on his new band, Capital Inicial. They issued their seventh long-player, All My Life, in 2007, marking the studio debut of new vocalist Ricardo Bocci. Another hiatus followed, concluding in 2012 with a Brazilian tour that featured the return of original vocalist Andre Matos. Viper reached a critical crossroads after Matos suffered a fatal heart attack in 2019, eventually coalescing around a lineup of Leandro Caçoilo (vocals), Machado and Kiko Shred (guitars), Passarell (bass and vocals) and Guilherme Martin (drums) and releasing Timeless in 2023. Pit Passarell died while in treatment for cancer on September 27, 2024, he was 56. ~ David White.",Moonlight,Unknown,https://www.youtube.com/watch?v=Cj54ojb-SXo&pp=ygUPVmlwZXIgTW9vbmxpZ2h00gcJCX4JAYcqIYzv
Construct,https://lastfm.freetls.fastly.net/i/u/300x300/8832300a7a7f89113c47ea92a49ac553.jpg,VNV Nation,2025-05-09,"VNV Nation are one of the 21st century's most popular EBM/industrial acts, and the leading name associated with the futurepop scene. The highly ambitious project's repertoire has incorporated everything from anthemic ballads to neo-classical orchestration to surging dance beats. Unlike many other EBM acts, leader and sole constant member Ronan Harris prefers cleanly sung vocals and pop hooks to distorted screaming, and his lyrics maintain a positive, encouraging outlook -- VNV stands for ""Victory Not Vengeance."" The group's devoted fan base ranges from alternative rockers to goth clubgoers, and they've headlined festivals and sold out tours throughout Europe and North America. While VNV Nation's 1995 full-length debut, Advance and Follow, was harsh and aggressive, later albums such as 2002's Futureperfect were danceable fusions of trance and synth pop, and releases like 2007's Judgement achieved more of a rock sound, but without the use of guitars. During the 2010s, the group began working with classical musicians for live performances, and the full-length Resonance: Music for Orchestra, Vol. 1 appeared in 2015.
VNV Nation was conceived in London in 1990 by Ronan Harris, debuting in May of that year with the 12"" ""Body Pulse."" ""Strength of Youth"" followed a few months later, and at the end of the year Harris relocated to Toronto, where VNV Nation opened for Nitzer Ebb on their Canadian tour. After moving back to Europe, Harris released only a handful of compilation tracks in the years to follow before signing with the German label Discordia in 1995 to issue the full-length Advance and Follow. Three years later, VNV Nation resurfaced on another German label, Off-Beat, an alliance that generated the LP Praise the Fallen as well as the EP Solitary. Empires, which was issued with another European distributor, Dependent, followed in 1999, with Metropolis issuing it in the U.S. in the spring of 2000. Singles such as ""Standing"" and ""Dark Angel"" were club mainstays, displaying Harris' love for pulsating club rhythms and his developing seascapes of dark ambient waves.
Following 2001 single ""Genesis,"" Futureperfect, the first VNV Nation album to be composed entirely using software synthesizers, appeared in 2002. This was the group's first album to reach the mainstream German album charts, as well as the dance album charts in the U.S. A successful world tour was documented on the 2004 live CD/DVD Pastperfect. The following year, VNV Nation introduced a harder, more percussive sound on the album Matter + Form, and followed their new path on 2007's Judgement. The group's live performances were the focus of the 2009 set Reformation 01, while that same year the band issued a new studio set, Of Faith, Power and Glory, which, as Harris told a reporter, represented ""the three things that people desire and which can make you or destroy you."" Automatic was issued in the fall of 2011, with the remix EP Crossing the Divide appearing 2012, following a two-year delay.
VNV Nation performed with a full symphony orchestra at the Gothic Meets Klassik festival in Leipzig, which took place during November of 2012. While their set was recorded for a release, the audio ended up being unusable due to problems with the recording equipment. Following 2013's Transnational and its accompanying tour, VNV Nation recorded Resonance: Music for Orchestra, Vol. 1, which included selections from their back catalog rearranged for orchestra and voice. Following the 2017 departure of longtime live drummer Mark Jackson, VNV Nation released their tenth studio album, Noire, in 2018. ~ Jason Ankeny",By Your Side,Unknown,https://www.youtube.com/watch?v=ju9Ue88ZkvE&pp=ygUZVk5WIE5hdGlvbiAtIEJ5IFlvdXIgU2lkZQ%3D%3D
Construct,https://lastfm.freetls.fastly.net/i/u/300x300/8832300a7a7f89113c47ea92a49ac553.jpg,VNV Nation,2025-05-09,"VNV Nation are one of the 21st century's most popular EBM/industrial acts, and the leading name associated with the futurepop scene. The highly ambitious project's repertoire has incorporated everything from anthemic ballads to neo-classical orchestration to surging dance beats. Unlike many other EBM acts, leader and sole constant member Ronan Harris prefers cleanly sung vocals and pop hooks to distorted screaming, and his lyrics maintain a positive, encouraging outlook -- VNV stands for ""Victory Not Vengeance."" The group's devoted fan base ranges from alternative rockers to goth clubgoers, and they've headlined festivals and sold out tours throughout Europe and North America. While VNV Nation's 1995 full-length debut, Advance and Follow, was harsh and aggressive, later albums such as 2002's Futureperfect were danceable fusions of trance and synth pop, and releases like 2007's Judgement achieved more of a rock sound, but without the use of guitars. During the 2010s, the group began working with classical musicians for live performances, and the full-length Resonance: Music for Orchestra, Vol. 1 appeared in 2015.
VNV Nation was conceived in London in 1990 by Ronan Harris, debuting in May of that year with the 12"" ""Body Pulse."" ""Strength of Youth"" followed a few months later, and at the end of the year Harris relocated to Toronto, where VNV Nation opened for Nitzer Ebb on their Canadian tour. After moving back to Europe, Harris released only a handful of compilation tracks in the years to follow before signing with the German label Discordia in 1995 to issue the full-length Advance and Follow. Three years later, VNV Nation resurfaced on another German label, Off-Beat, an alliance that generated the LP Praise the Fallen as well as the EP Solitary. Empires, which was issued with another European distributor, Dependent, followed in 1999, with Metropolis issuing it in the U.S. in the spring of 2000. Singles such as ""Standing"" and ""Dark Angel"" were club mainstays, displaying Harris' love for pulsating club rhythms and his developing seascapes of dark ambient waves.
Following 2001 single ""Genesis,"" Futureperfect, the first VNV Nation album to be composed entirely using software synthesizers, appeared in 2002. This was the group's first album to reach the mainstream German album charts, as well as the dance album charts in the U.S. A successful world tour was documented on the 2004 live CD/DVD Pastperfect. The following year, VNV Nation introduced a harder, more percussive sound on the album Matter + Form, and followed their new path on 2007's Judgement. The group's live performances were the focus of the 2009 set Reformation 01, while that same year the band issued a new studio set, Of Faith, Power and Glory, which, as Harris told a reporter, represented ""the three things that people desire and which can make you or destroy you."" Automatic was issued in the fall of 2011, with the remix EP Crossing the Divide appearing 2012, following a two-year delay.
VNV Nation performed with a full symphony orchestra at the Gothic Meets Klassik festival in Leipzig, which took place during November of 2012. While their set was recorded for a release, the audio ended up being unusable due to problems with the recording equipment. Following 2013's Transnational and its accompanying tour, VNV Nation recorded Resonance: Music for Orchestra, Vol. 1, which included selections from their back catalog rearranged for orchestra and voice. Following the 2017 departure of longtime live drummer Mark Jackson, VNV Nation released their tenth studio album, Noire, in 2018. ~ Jason Ankeny",Close to Heaven,Unknown,https://www.youtube.com/watch?v=eGn7g7bugK0&pp=ygUaVk5WIE5hdGlvbiBDbG9zZSB0byBIZWF2ZW4%3D
Angel Rat,https://lastfm.freetls.fastly.net/i/u/300x300/98777f77c825c2b8740c2983e17fe78a.png,Voivod,1991-10-15,"Since the mid-'80s, northern Quebec's Voivod have forged a unique and globally influential sonic identity. Their shifting personnel has never tempered their iconoclastic yet ever-evolving sound, which juxtaposes death and thrash metal with dissonant prog and hard rock, fueled by jazzy riffs, odd and quickly shifting time signatures, home-made sound effects, and manic, thundering drums. Their lyric themes are inspired by dystopian and sci-fi imagery, political critique, and keen societal observation. Voivod made their international debut on Metal Blade with 1984's War & Pain, offering a glimpse of the hoary, shapeshifting array of sounds that fully emerged on 1986's Rrröööaaarrr and 1987's Killing Technology. 1989's Nothingface became their biggest commercial success and made the American charts, while 1991's Angel Rat established their global reputation. 2001's self-titled offering included former Metallica bassist Jason Newsted. Voivod won a Juno for 2019's The Wake. The quartet returned with Synchro Anarchy in 2022, and the following year, they released Morgöth Tales to celebrate their 40th anniversary.
Voivod was formed in 1982 in Jonquière, Quebec (now Saguenay, Quebec), about 450 kilometers north of Montreal. Its original lineup included guitarist Denis ""Piggy"" D'Amour, drummer Michel ""Away"" Langevin, vocalist Denis ""Snake"" Belanger, and bassist Jean-Yves ""Blacky"" Theriault. Deeply influenced by the emergence of hardcore punk, '70s prog rock, and the New Wave of British Heavy Metal, Voivod set out to create a truly original sound. To that end they forged a distinctive brand of heavy music whose lyric themes reflected then-relevant Cold War politics, post-apocalyptic literature, and science fiction. Their self-issued debut cassette, Anachronism, offered 22 covers of tunes by Venom, Motörhead (their two greatest influences), Judas Priest, Budgie, and others. They followed it with War & Pain, their 1984 Metal Blade debut. It was adorned with Langevin's cover art, further signifying their brand -- the drummer has created the cover art for each album since. Produced by the band, it offered a roaring, lo-fi intro into the band's kaleidoscopic early vision of heaviness.
Voivod introduced more thrash-oriented fare on 1986's Rrröööaaarrr. They came into their own on 1987's Killing Technology, wherein they revealed the extent of how fast, aggressive, and technical they could play, developing an early model for technical death metal in the process. The album's sound kept the thrashcore, but spiraled out to embrace prog (via Piggy's remarkably dissonant syncopated rhythmic approach to guitar playing and Belanger's gritty, punky vocal attack). Interestingly, while the underground press celebrated the band's originality and aggression, the mainstream rock press, deeply enamored with that decade's hair metal phenomenon, offered only derision -- and it would be years before they caught up. 1988's Dimension Hatröss marked the band's first significant architectural alteration to their sound. For starters, the rhythm section offered enhanced, often-syncopated grooves that depended less on speed/thrash tropes; they used the latter only to relieve the pressure generated by Piggy's jazz-tinged guitar playing, which impossibly blurred the traditional roles of lead and rhythm. Their songwriting was dense and disjointed, full of asides, intros, interludes, and jagged transitions, it presented listeners with a challenge. A confrontational outing, it is regarded as one of the band's finest efforts, the first to showcase all the complexities in their sound, and a blueprint for 21st century prog metal.
Voivod signed to MCA for 1989's Nothingface. They had perfected their trademark fusion style after hundreds of road and club dates, resulting in the most commercially successful release of their career, spearheaded by a video for their cover of Pink Floyd's ""Astronomy Domine"" (which enjoyed airings on MTV's Headbangers Ball) and a headlining tour featuring a pair of bands that would change the landscape of rock by the early '90s, Soundgarden and Faith No More.
Rather than capitalize on the commercial success of their previous outing, 1991's Angel Rat became one of the band's most misunderstood releases. The album left thrash and speed and, for the most part, prog by the roadside. Instead, they opted to explore a more accessible rockist take on garage- and post-punk that informed the development of alternative metal. Fans and the indie press initially greeted the album with confusion and some hostility. With repeated listening, however, most came around. Despite its artistic merit, Angel Rat's failure to match the commercial success of Nothingface led to the interference of MCA and created internal conflict between bandmembers, resulting in the departure of Blacky, and the band went on hiatus while looking for a new bassist.
After a lengthy search, they settled on session bassist Pierre St. Jean, and started writing and recording 1993's The Outer Limits for Geffen Records.
The album featured the band's grandest production level yet with the heavily textured sound of Piggy's guitars amid the swinging, groove-laden approach of the rhythm section. The biggest improvement, however, was in the presentation of Belanger's superb vocal performance. While the majority of the songs continued to chug along the hard-cum-prog rock trajectory showcased on Angel Rat, the music sounded more kinetic and less clinical. They offered another Pink Floyd cover in ""The Nile Song"" and included the labyrinthine, 17-minute long ""Jack the Luminous""; it remains one of the band's most complex compositions. Unfortunately, after completing a support tour, vocalist Belanger left Voivod as well.
Belanger's departure marked the beginning of a period in the wilderness that would bring tragedy, redemption, and ultimately, rebirth. By the mid-'90s, Voivod's lineup had been scaled down to a trio -- newcomer Eric Forrest doubled on vocals and bass -- resulting in 1995's Negatron, an extremely dark, industrial-sounding album, and 1997's punishing, noisy, dissonant, doomy left turn Phobos, which garnered better reviews, and sales, than its immediate predecessor and closed with a riveting cover of King Crimson's ""21st Century Schizoid Man."" The odds-and-ends compilation Kronik and the live set Lives saw release in 2000.
Forrest departed Voivod in early 2001, and the remaining members decided to call it a day. That said, the band reunited later that year with Belanger back on vocals and the appearance of ex-Metallica bassist Jason Newsted in the ranks. This quartet issued the eponymous Voivod album in 2003 to mixed reviews.
After touring the album, D'Amour began writing in earnest. The band scheduled several recording sessions for the spring and summer of 2005. In June he was diagnosed with colon cancer. After scheduling a routine operation, several complications developed leading doctors to diagnose the cancer as metastatic, rendering an operation non-viable. D'Amour slipped into a coma in the palliative care unit of a Montreal hospital on August 25, 2005. He died the following day surrounded by family, friends, and bandmates.
On his death bed, D'Amour instructed his bandmates on how to complete his contributions to the band's forthcoming offering Katorz, which arrived in 2006. It was greeted with positive reviews for its display of the rootsier, hard rock/death metal/post-punk hybrid they'd developed with Newsted.
Piggy had also left numerous songs and arrangements for another album on his laptop. In 2009, Voivod used his demos, guitar parts, and arrangements and constructed the album Infini, co-produced with Glenn Robinson; all of Piggy's original guitar parts were added without editing, re-recording, or overdubbing. It was to be Voivod's final album. The band toured across Europe, Japan, and North America as a farewell, with Martyr's Daniel ""Chewy"" Mongrain on guitar, a friend and fan of D'Amour's. The tour also saw the return of Jean-Yves-Theriault on bass. A 2009 show at Montreal's Club Soda was recorded and eventually released as Warriors of Ice on Sonic Unyon Metal in 2011.
Voivod didn't split after all. Mongrain became D'Amour's permanent replacement, and the band released their 13th studio album, Target Earth, in January of 2013. The single ""Kluskap O'Kom"" followed, as did an international tour. After completing the tour in 2014, Blacky left again; he was replaced by Dominique ""Rocky"" Laroche.
Voivod toured for the next year to break in their new bassist. In 2015 they issued a pair of split singles: ""We Are Connected"" b/w ""Language of the Dead"" by At the Gates, and ""Forever Mountain"" b/w ""Phonetics for the Stupefied"" by Napalm Death. Those two tracks, a widely acclaimed cover of Hawkwind's ""Silver Machine,"" and two new songs made up the Post Society EP, released by Century Media in February 2016. Two years later, the full-length The Wake arrived. Recorded and mixed by Francis Perron at Canada's RadicArt Recording Studio, it consisted of futuristic prog/thrash metal and mutant psychedelia and employed a string quartet. The album won critical acclaim and commercial success. Many metal critics compared it to the trilogy of Killing Technology, Dimension Hatross, and Nothingface. The Canadian music industry rewarded Voivod with a Juno award for Heavy Metal Album of the year. The following year, Century Media issued Lost Machine: Live recorded in Quebec City during the 2019 support tour for The Wake, performing material ranging from across their career. Despite being quarantined during the COVID-19 pandemic, Voivod spent much of the last half of 2021 in the studio, with Perron producing, mixing, and mastering the album Synchro Anarchy in February 2022.
July of 2023 saw the release of Morgöth Tales. Produced by the band, it was recorded and mixed by Perron at RadicArt Recording Studio. In celebration of their 40th anniversary, Voivod's current lineup re-recorded not-so-obvious tracks from their diverse back catalog (1984 - 2003), as well a new one in the album's title track. ~ John Book & Thom Jurek",Panorama,Unknown,https://www.youtube.com/watch?v=w-QC4OqpPDc&pp=ygURVm9pdm9kIC0gUGFub3JhbWE%3D
