Album,AlbumArtLink,Artist,ReleaseDate,Summary,Title,Year,YouTubeLink
In the Grass,https://lastfm.freetls.fastly.net/i/u/300x300/7e2977fa7a0f5b3fe037bd71938795e9.jpg,Splendora,1995-01-01,"Splendora were an American all-female alternative rock band from New York City. Formed in 1993 by Janet Wygal (lead vocals, guitar), Tricia Wygal (lead vocals, bass), Delissa Santos (drums), Cindy Brolsma (cello) and Jennifer Richardson (violin), the band released one studio album, In the Grass (1995), before disbanding in 2002. The band is best known for performing ""You're Standing on My Neck"" (released for streaming in 2020 as ""Daria (Official MTV Theme)"", which was featured as the opening theme to the MTV animated series Daria. Splendora also performed ""Turn the Sun Down"" and ""College Try"" for the Daria television films Is It Fall Yet? and Is It College Yet?, respectively. Read more on Last.fm. User-contributed text is available under the Creative Commons By-SA License; additional terms may apply.",Beautiful,Unknown,https://www.youtube.com/watch?v=47rPNjFPAds&pp=ygUTU3BsZW5kb3JhIEJlYXV0aWZ1bA%3D%3D
In the Grass,https://lastfm.freetls.fastly.net/i/u/300x300/7e2977fa7a0f5b3fe037bd71938795e9.jpg,Splendora,1995-01-01,"Splendora were an American all-female alternative rock band from New York City. Formed in 1993 by Janet Wygal (lead vocals, guitar), Tricia Wygal (lead vocals, bass), Delissa Santos (drums), Cindy Brolsma (cello) and Jennifer Richardson (violin), the band released one studio album, In the Grass (1995), before disbanding in 2002. The band is best known for performing ""You're Standing on My Neck"" (released for streaming in 2020 as ""Daria (Official MTV Theme)"", which was featured as the opening theme to the MTV animated series Daria. Splendora also performed ""Turn the Sun Down"" and ""College Try"" for the Daria television films Is It Fall Yet? and Is It College Yet?, respectively. Read more on Last.fm. User-contributed text is available under the Creative Commons By-SA License; additional terms may apply.",Pollyanna,Unknown,https://www.youtube.com/watch?v=3OLrRJ5g648&pp=ygUTU3BsZW5kb3JhIFBvbGx5YW5uYQ%3D%3D
In the Grass,https://lastfm.freetls.fastly.net/i/u/300x300/7e2977fa7a0f5b3fe037bd71938795e9.jpg,Splendora,1995-01-01,"Splendora were an American all-female alternative rock band from New York City. Formed in 1993 by Janet Wygal (lead vocals, guitar), Tricia Wygal (lead vocals, bass), Delissa Santos (drums), Cindy Brolsma (cello) and Jennifer Richardson (violin), the band released one studio album, In the Grass (1995), before disbanding in 2002. The band is best known for performing ""You're Standing on My Neck"" (released for streaming in 2020 as ""Daria (Official MTV Theme)"", which was featured as the opening theme to the MTV animated series Daria. Splendora also performed ""Turn the Sun Down"" and ""College Try"" for the Daria television films Is It Fall Yet? and Is It College Yet?, respectively. Read more on Last.fm. User-contributed text is available under the Creative Commons By-SA License; additional terms may apply.",Reanimator,Unknown,https://www.youtube.com/watch?v=_TGCIfolQtI&pp=ygUUU3BsZW5kb3JhIFJlYW5pbWF0b3I%3D
In the Grass,https://lastfm.freetls.fastly.net/i/u/300x300/7e2977fa7a0f5b3fe037bd71938795e9.jpg,Splendora,1995-01-01,"Splendora were an American all-female alternative rock band from New York City. Formed in 1993 by Janet Wygal (lead vocals, guitar), Tricia Wygal (lead vocals, bass), Delissa Santos (drums), Cindy Brolsma (cello) and Jennifer Richardson (violin), the band released one studio album, In the Grass (1995), before disbanding in 2002. The band is best known for performing ""You're Standing on My Neck"" (released for streaming in 2020 as ""Daria (Official MTV Theme)"", which was featured as the opening theme to the MTV animated series Daria. Splendora also performed ""Turn the Sun Down"" and ""College Try"" for the Daria television films Is It Fall Yet? and Is It College Yet?, respectively. Read more on Last.fm. User-contributed text is available under the Creative Commons By-SA License; additional terms may apply.",Shirt On,Unknown,https://www.youtube.com/watch?v=Q1IDB3NjN6E&pp=ygUUU3BsZW5kb3JhIC0gU2hpcnQgT24%3D
In the Grass,https://lastfm.freetls.fastly.net/i/u/300x300/7e2977fa7a0f5b3fe037bd71938795e9.jpg,Splendora,1995-01-01,"Splendora were an American all-female alternative rock band from New York City. Formed in 1993 by Janet Wygal (lead vocals, guitar), Tricia Wygal (lead vocals, bass), Delissa Santos (drums), Cindy Brolsma (cello) and Jennifer Richardson (violin), the band released one studio album, In the Grass (1995), before disbanding in 2002. The band is best known for performing ""You're Standing on My Neck"" (released for streaming in 2020 as ""Daria (Official MTV Theme)"", which was featured as the opening theme to the MTV animated series Daria. Splendora also performed ""Turn the Sun Down"" and ""College Try"" for the Daria television films Is It Fall Yet? and Is It College Yet?, respectively. Read more on Last.fm. User-contributed text is available under the Creative Commons By-SA License; additional terms may apply.",Sever,Unknown,https://www.youtube.com/watch?v=mbdId_rMiPU&pp=ygUPU3BsZW5kb3JhIFNldmVy
In the Grass,https://lastfm.freetls.fastly.net/i/u/300x300/7e2977fa7a0f5b3fe037bd71938795e9.jpg,Splendora,1995-01-01,"Splendora were an American all-female alternative rock band from New York City. Formed in 1993 by Janet Wygal (lead vocals, guitar), Tricia Wygal (lead vocals, bass), Delissa Santos (drums), Cindy Brolsma (cello) and Jennifer Richardson (violin), the band released one studio album, In the Grass (1995), before disbanding in 2002. The band is best known for performing ""You're Standing on My Neck"" (released for streaming in 2020 as ""Daria (Official MTV Theme)"", which was featured as the opening theme to the MTV animated series Daria. Splendora also performed ""Turn the Sun Down"" and ""College Try"" for the Daria television films Is It Fall Yet? and Is It College Yet?, respectively. Read more on Last.fm. User-contributed text is available under the Creative Commons By-SA License; additional terms may apply.",Rattle,Unknown,https://www.youtube.com/watch?v=l4p4EfURcR0&pp=ygUQU3BsZW5kb3JhIFJhdHRsZQ%3D%3D
In the Grass,https://lastfm.freetls.fastly.net/i/u/300x300/7e2977fa7a0f5b3fe037bd71938795e9.jpg,Splendora,1995-01-01,"Splendora were an American all-female alternative rock band from New York City. Formed in 1993 by Janet Wygal (lead vocals, guitar), Tricia Wygal (lead vocals, bass), Delissa Santos (drums), Cindy Brolsma (cello) and Jennifer Richardson (violin), the band released one studio album, In the Grass (1995), before disbanding in 2002. The band is best known for performing ""You're Standing on My Neck"" (released for streaming in 2020 as ""Daria (Official MTV Theme)"", which was featured as the opening theme to the MTV animated series Daria. Splendora also performed ""Turn the Sun Down"" and ""College Try"" for the Daria television films Is It Fall Yet? and Is It College Yet?, respectively. Read more on Last.fm. User-contributed text is available under the Creative Commons By-SA License; additional terms may apply.",Cover the River,Unknown,https://www.youtube.com/watch?v=I8HiwSaCdxQ&pp=ygUZU3BsZW5kb3JhIENvdmVyIHRoZSBSaXZlcg%3D%3D
In the Grass,https://lastfm.freetls.fastly.net/i/u/300x300/7e2977fa7a0f5b3fe037bd71938795e9.jpg,Splendora,1995-01-01,"Splendora were an American all-female alternative rock band from New York City. Formed in 1993 by Janet Wygal (lead vocals, guitar), Tricia Wygal (lead vocals, bass), Delissa Santos (drums), Cindy Brolsma (cello) and Jennifer Richardson (violin), the band released one studio album, In the Grass (1995), before disbanding in 2002. The band is best known for performing ""You're Standing on My Neck"" (released for streaming in 2020 as ""Daria (Official MTV Theme)"", which was featured as the opening theme to the MTV animated series Daria. Splendora also performed ""Turn the Sun Down"" and ""College Try"" for the Daria television films Is It Fall Yet? and Is It College Yet?, respectively. Read more on Last.fm. User-contributed text is available under the Creative Commons By-SA License; additional terms may apply.",No Place,Unknown,https://www.youtube.com/watch?v=9jcwIyZELIY&pp=ygUSU3BsZW5kb3JhIE5vIFBsYWNl
In the Grass,https://lastfm.freetls.fastly.net/i/u/300x300/7e2977fa7a0f5b3fe037bd71938795e9.jpg,Splendora,1995-01-01,"Splendora were an American all-female alternative rock band from New York City. Formed in 1993 by Janet Wygal (lead vocals, guitar), Tricia Wygal (lead vocals, bass), Delissa Santos (drums), Cindy Brolsma (cello) and Jennifer Richardson (violin), the band released one studio album, In the Grass (1995), before disbanding in 2002. The band is best known for performing ""You're Standing on My Neck"" (released for streaming in 2020 as ""Daria (Official MTV Theme)"", which was featured as the opening theme to the MTV animated series Daria. Splendora also performed ""Turn the Sun Down"" and ""College Try"" for the Daria television films Is It Fall Yet? and Is It College Yet?, respectively. Read more on Last.fm. User-contributed text is available under the Creative Commons By-SA License; additional terms may apply.",It's Great,Unknown,https://www.youtube.com/watch?v=D3KXjDxDKZk&pp=ygUTU3BsZW5kb3JhIEl0cyBHcmVhdA%3D%3D
In the Grass,https://lastfm.freetls.fastly.net/i/u/300x300/7e2977fa7a0f5b3fe037bd71938795e9.jpg,Splendora,1995-01-01,"Splendora were an American all-female alternative rock band from New York City. Formed in 1993 by Janet Wygal (lead vocals, guitar), Tricia Wygal (lead vocals, bass), Delissa Santos (drums), Cindy Brolsma (cello) and Jennifer Richardson (violin), the band released one studio album, In the Grass (1995), before disbanding in 2002. The band is best known for performing ""You're Standing on My Neck"" (released for streaming in 2020 as ""Daria (Official MTV Theme)"", which was featured as the opening theme to the MTV animated series Daria. Splendora also performed ""Turn the Sun Down"" and ""College Try"" for the Daria television films Is It Fall Yet? and Is It College Yet?, respectively. Read more on Last.fm. User-contributed text is available under the Creative Commons By-SA License; additional terms may apply.",Busted,Unknown,https://www.youtube.com/watch?v=nMDSRim8t3Y&pp=ygUQU3BsZW5kb3JhIEJ1c3RlZA%3D%3D
In the Grass,https://lastfm.freetls.fastly.net/i/u/300x300/7e2977fa7a0f5b3fe037bd71938795e9.jpg,Splendora,1995-01-01,"Splendora were an American all-female alternative rock band from New York City. Formed in 1993 by Janet Wygal (lead vocals, guitar), Tricia Wygal (lead vocals, bass), Delissa Santos (drums), Cindy Brolsma (cello) and Jennifer Richardson (violin), the band released one studio album, In the Grass (1995), before disbanding in 2002. The band is best known for performing ""You're Standing on My Neck"" (released for streaming in 2020 as ""Daria (Official MTV Theme)"", which was featured as the opening theme to the MTV animated series Daria. Splendora also performed ""Turn the Sun Down"" and ""College Try"" for the Daria television films Is It Fall Yet? and Is It College Yet?, respectively. Read more on Last.fm. User-contributed text is available under the Creative Commons By-SA License; additional terms may apply.",you're standing on my neck (daria theme song),Unknown,https://www.youtube.com/watch?v=NO10nHd0dHQ&pp=ygU0U3BsZW5kb3JhIHlvdXJlIHN0YW5kaW5nIG9uIG15IG5lY2sgZGFyaWEgdGhlbWUgc29uZw%3D%3D
Kill the Moonlight,https://lastfm.freetls.fastly.net/i/u/300x300/6c7e89c161969f9ccc1c9843719797ff.png,Spoon,2002-08-20,"One of indie rock's most critically acclaimed acts, Spoon have a reputation for being consistently inventive and inventively consistent. They arrived as brash post-punkers in the post-grunge lull of the mid-'90s, but in the following decade, Spoon truly came into their own. On 2001's Girls Can Tell and 2002's Kill the Moonlight, they stripped rock down to its essence, then used the space that remained to play with shifting rhythms, taut guitars, and literate lyrics in innovative and timeless ways. This heady blend of precision punk and serpentine classic rock (the band has drawn comparisons to everyone from the Pixies and Sonic Youth to Elvis Costello and Tom Petty) eventually earned Spoon commercial success as well as glowing reviews: 2007's Ga Ga Ga Ga Ga, was a Top Ten hit in the U.S. The band's evolution continued on 2017's dance-tinged Hot Thoughts and the raw rock of 2022's Grammy-nominated Lucifer on the Sofa, an album that spawned the dubby Lucifer on the Moon and 2023's off-the-cuff Memory Dust EP -- all of which exemplified how Spoon found new ways of doing what they've always done.
Spoon was formed in Austin, Texas in 1993 by singer/guitarist Britt Daniel and drummer Jim Eno, who met during their time in the band Alien Beats. Taking their name from a Can song, Spoon's debut EP Nefarious appeared on the small Texas imprint Fluffer Records in May 1994. The band signed to Matador the following year, and issued their first full-length Telephono in April 1996. Produced by the Reivers' John Croslin and recorded in his garage studio for $3,000, it reached number 35 on Billboard's Independent Albums chart, while its noisy, hooky take on post-punk drew favorable comparisons to Pixies and Wire. Daniel and Eno added bassist Josh Zarbo (formerly of the local band Maxine's Radiator) to the fold in 1997, and homed in on the tight, minimalist pop that became Spoon's forte with that year's Soft Effects EP. In 1998, the band began a brief and tumultuous stint on Elektra Records, which released Spoon's second album, A Series of Sneaks, that May. Once again, the album earned favorable reviews, but its sales were disappointing to Elektra, which was in the midst of an internal company shake-up. Four months after the album's release, the label dropped Spoon (in 2002, Merge reissued A Series of Sneaks with two bonus tracks that chronicled the group's disappointment with major-label politics). Daniel moved to New York City, working temp jobs and writing songs, while Eno remained in Austin and designed semiconductor chips.
Spoon then signed with the prominent indie label Merge Records, where the band went on to carve out its niche in the increasingly widening modern rock mainstream. After the release of 2000's Love Ways EP, their sound became increasingly adventurous on 2001's Girls Can Tell. Recorded in Eno's home studio with producer Mike McCarthy, the album's songs were informed by the Kinks, the Supremes, and Elvis Costello. Girls Can Tell built on Spoon's critical acclaim, and sold more than their two previous albums combined. The band capitalized on this success, releasing Kill the Moonlight in August 2002. Hitting number 46 on the Billboard's Independent Albums chart, the album added piano, tambourine, and other percussion to Spoon's increasingly stark yet catchy approach, as on the single ""The Way We Get By."" Daniel began writing songs for the band's next album in 2003. The results were May 2005's cinematic Gimme Fiction, which added multi-instrumentalist Eric Harvey to the fold and debuted at number 44 on the Billboard 200 Albums chart. After Daniel collaborated with composer Brian Reitzell on the music for the 2006 film Stranger Than Fiction, Spoon's success continued to grow with July 2007's Ga Ga Ga Ga Ga. The first album to feature bassist Rob Hope (Zarbo departed earlier in 2007), it made it to number ten on the Billboard 200 Albums chart, sold over 300,000 copies in the U.S., and topped many publications' year-end lists.
Spoon, who by this time had become a fixture on soundtracks, television programs, and late-night talk shows, released their seventh full-length album Transference in January 2010 to a number four debut on the Billboard 200. After touring in support of the album, the band took a few years off. Daniel formed Divine Fits with Handsome Furs' Dan Boeckner, and the band released its debut album, A Thing Called Divine Fits, in 2012. Meanwhile, Eno concentrated on production work, collaborating with artists including the Strange Boys, Alejandro Escovedo, and the Heartless Bastards. Spoon resurfaced in August 2014 with They Want My Soul. The band's eighth album featured new member multi-instrumentalist Alex Fischel and also marked their first time working with an outside producer in the shape of Dave Fridmann. Hailed by the band as its ""loudest and gnarliest"" work to date, it was issued in August 2014 through Loma Vista Recordings in the U.S. and Anti in Europe. Like its predecessor, it reached number four on the Billboard 200. The following year, Spoon commemorated the tenth anniversary of Gimme Fiction's release with a deluxe reissue. Late in 2016, the song ""I Ain't the One"" was featured on the Showtime dramedy Shameless, offering the first taste of Spoon's ninth album. Hot Thoughts, which reunited the band with Fridmann and ranged from dance-rock to stripped-down ballads, was released by Matador in March 2017 and peaked at number 17 on the Billboard 200. Two years later, Spoon issued the best-of collection Everything Hits at Once: The Best of Spoon, a selection of the band's definitive tracks and the new song ""No Bullets Spent."" Arriving in February 2022, Spoon's gritty tenth full-length Lucifer on the Sofa was co-produced by Mark Rankin and Justin Raisen. Featuring guitarist/keyboardist Gerardo Larios and bassist/keyboardist Ben Trokan, the album's influences included the band's live shows, Daniel's return to Austin, and the music of ZZ Top. Lucifer on the Sofa reached number 38 on the 200 Albums chart in the U.S., number 92 on the U.K. Albums chart, and also appeared on the charts of several European countries as well as those of Japan and Australia. That November saw the release of Lucifer on the Moon, an album of dub-inspired reworkings of Sofa tracks by On-U Sound's Adrian Sherwood that incorporated new material performed by bassist Doug Wimbish and drummer Keith LeBlanc, On-U session players who both worked in Sugarhill Records' rhythm section in the early '80s. Around that time, Spoon received their first Grammy Award nomination, with Lucifer on the Sofa being tipped for Best Rock Album. In June 2023, the band issued the Memory Dust EP, which gathered songs from the Lucifer on the Sofa sessions and a moody cover of Bo Diddley's ""She's Fine, She's Mine."" That year, Spoon also toured with the Black Keys and Weezer. ~ James Christopher Monger & Heather Phares",Small Stakes,Unknown,https://www.youtube.com/watch?v=x8nF8L5Fgzc&list=RDx8nF8L5Fgzc&start_radio=1&pp=ygUSU3Bvb24gU21hbGwgU3Rha2VzoAcB
Kill the Moonlight,https://lastfm.freetls.fastly.net/i/u/300x300/6c7e89c161969f9ccc1c9843719797ff.png,Spoon,2002-08-20,"One of indie rock's most critically acclaimed acts, Spoon have a reputation for being consistently inventive and inventively consistent. They arrived as brash post-punkers in the post-grunge lull of the mid-'90s, but in the following decade, Spoon truly came into their own. On 2001's Girls Can Tell and 2002's Kill the Moonlight, they stripped rock down to its essence, then used the space that remained to play with shifting rhythms, taut guitars, and literate lyrics in innovative and timeless ways. This heady blend of precision punk and serpentine classic rock (the band has drawn comparisons to everyone from the Pixies and Sonic Youth to Elvis Costello and Tom Petty) eventually earned Spoon commercial success as well as glowing reviews: 2007's Ga Ga Ga Ga Ga, was a Top Ten hit in the U.S. The band's evolution continued on 2017's dance-tinged Hot Thoughts and the raw rock of 2022's Grammy-nominated Lucifer on the Sofa, an album that spawned the dubby Lucifer on the Moon and 2023's off-the-cuff Memory Dust EP -- all of which exemplified how Spoon found new ways of doing what they've always done.
Spoon was formed in Austin, Texas in 1993 by singer/guitarist Britt Daniel and drummer Jim Eno, who met during their time in the band Alien Beats. Taking their name from a Can song, Spoon's debut EP Nefarious appeared on the small Texas imprint Fluffer Records in May 1994. The band signed to Matador the following year, and issued their first full-length Telephono in April 1996. Produced by the Reivers' John Croslin and recorded in his garage studio for $3,000, it reached number 35 on Billboard's Independent Albums chart, while its noisy, hooky take on post-punk drew favorable comparisons to Pixies and Wire. Daniel and Eno added bassist Josh Zarbo (formerly of the local band Maxine's Radiator) to the fold in 1997, and homed in on the tight, minimalist pop that became Spoon's forte with that year's Soft Effects EP. In 1998, the band began a brief and tumultuous stint on Elektra Records, which released Spoon's second album, A Series of Sneaks, that May. Once again, the album earned favorable reviews, but its sales were disappointing to Elektra, which was in the midst of an internal company shake-up. Four months after the album's release, the label dropped Spoon (in 2002, Merge reissued A Series of Sneaks with two bonus tracks that chronicled the group's disappointment with major-label politics). Daniel moved to New York City, working temp jobs and writing songs, while Eno remained in Austin and designed semiconductor chips.
Spoon then signed with the prominent indie label Merge Records, where the band went on to carve out its niche in the increasingly widening modern rock mainstream. After the release of 2000's Love Ways EP, their sound became increasingly adventurous on 2001's Girls Can Tell. Recorded in Eno's home studio with producer Mike McCarthy, the album's songs were informed by the Kinks, the Supremes, and Elvis Costello. Girls Can Tell built on Spoon's critical acclaim, and sold more than their two previous albums combined. The band capitalized on this success, releasing Kill the Moonlight in August 2002. Hitting number 46 on the Billboard's Independent Albums chart, the album added piano, tambourine, and other percussion to Spoon's increasingly stark yet catchy approach, as on the single ""The Way We Get By."" Daniel began writing songs for the band's next album in 2003. The results were May 2005's cinematic Gimme Fiction, which added multi-instrumentalist Eric Harvey to the fold and debuted at number 44 on the Billboard 200 Albums chart. After Daniel collaborated with composer Brian Reitzell on the music for the 2006 film Stranger Than Fiction, Spoon's success continued to grow with July 2007's Ga Ga Ga Ga Ga. The first album to feature bassist Rob Hope (Zarbo departed earlier in 2007), it made it to number ten on the Billboard 200 Albums chart, sold over 300,000 copies in the U.S., and topped many publications' year-end lists.
Spoon, who by this time had become a fixture on soundtracks, television programs, and late-night talk shows, released their seventh full-length album Transference in January 2010 to a number four debut on the Billboard 200. After touring in support of the album, the band took a few years off. Daniel formed Divine Fits with Handsome Furs' Dan Boeckner, and the band released its debut album, A Thing Called Divine Fits, in 2012. Meanwhile, Eno concentrated on production work, collaborating with artists including the Strange Boys, Alejandro Escovedo, and the Heartless Bastards. Spoon resurfaced in August 2014 with They Want My Soul. The band's eighth album featured new member multi-instrumentalist Alex Fischel and also marked their first time working with an outside producer in the shape of Dave Fridmann. Hailed by the band as its ""loudest and gnarliest"" work to date, it was issued in August 2014 through Loma Vista Recordings in the U.S. and Anti in Europe. Like its predecessor, it reached number four on the Billboard 200. The following year, Spoon commemorated the tenth anniversary of Gimme Fiction's release with a deluxe reissue. Late in 2016, the song ""I Ain't the One"" was featured on the Showtime dramedy Shameless, offering the first taste of Spoon's ninth album. Hot Thoughts, which reunited the band with Fridmann and ranged from dance-rock to stripped-down ballads, was released by Matador in March 2017 and peaked at number 17 on the Billboard 200. Two years later, Spoon issued the best-of collection Everything Hits at Once: The Best of Spoon, a selection of the band's definitive tracks and the new song ""No Bullets Spent."" Arriving in February 2022, Spoon's gritty tenth full-length Lucifer on the Sofa was co-produced by Mark Rankin and Justin Raisen. Featuring guitarist/keyboardist Gerardo Larios and bassist/keyboardist Ben Trokan, the album's influences included the band's live shows, Daniel's return to Austin, and the music of ZZ Top. Lucifer on the Sofa reached number 38 on the 200 Albums chart in the U.S., number 92 on the U.K. Albums chart, and also appeared on the charts of several European countries as well as those of Japan and Australia. That November saw the release of Lucifer on the Moon, an album of dub-inspired reworkings of Sofa tracks by On-U Sound's Adrian Sherwood that incorporated new material performed by bassist Doug Wimbish and drummer Keith LeBlanc, On-U session players who both worked in Sugarhill Records' rhythm section in the early '80s. Around that time, Spoon received their first Grammy Award nomination, with Lucifer on the Sofa being tipped for Best Rock Album. In June 2023, the band issued the Memory Dust EP, which gathered songs from the Lucifer on the Sofa sessions and a moody cover of Bo Diddley's ""She's Fine, She's Mine."" That year, Spoon also toured with the Black Keys and Weezer. ~ James Christopher Monger & Heather Phares",Don’t Let It Get You Down,Unknown,https://www.youtube.com/watch?v=u8BJt4fz60Y&list=RDu8BJt4fz60Y&start_radio=1&pp=ygUeU3Bvb24gRG9udCBMZXQgSXQgR2V0IFlvdSBEb3duoAcB
Kill the Moonlight,https://lastfm.freetls.fastly.net/i/u/300x300/6c7e89c161969f9ccc1c9843719797ff.png,Spoon,2002-08-20,"One of indie rock's most critically acclaimed acts, Spoon have a reputation for being consistently inventive and inventively consistent. They arrived as brash post-punkers in the post-grunge lull of the mid-'90s, but in the following decade, Spoon truly came into their own. On 2001's Girls Can Tell and 2002's Kill the Moonlight, they stripped rock down to its essence, then used the space that remained to play with shifting rhythms, taut guitars, and literate lyrics in innovative and timeless ways. This heady blend of precision punk and serpentine classic rock (the band has drawn comparisons to everyone from the Pixies and Sonic Youth to Elvis Costello and Tom Petty) eventually earned Spoon commercial success as well as glowing reviews: 2007's Ga Ga Ga Ga Ga, was a Top Ten hit in the U.S. The band's evolution continued on 2017's dance-tinged Hot Thoughts and the raw rock of 2022's Grammy-nominated Lucifer on the Sofa, an album that spawned the dubby Lucifer on the Moon and 2023's off-the-cuff Memory Dust EP -- all of which exemplified how Spoon found new ways of doing what they've always done.
Spoon was formed in Austin, Texas in 1993 by singer/guitarist Britt Daniel and drummer Jim Eno, who met during their time in the band Alien Beats. Taking their name from a Can song, Spoon's debut EP Nefarious appeared on the small Texas imprint Fluffer Records in May 1994. The band signed to Matador the following year, and issued their first full-length Telephono in April 1996. Produced by the Reivers' John Croslin and recorded in his garage studio for $3,000, it reached number 35 on Billboard's Independent Albums chart, while its noisy, hooky take on post-punk drew favorable comparisons to Pixies and Wire. Daniel and Eno added bassist Josh Zarbo (formerly of the local band Maxine's Radiator) to the fold in 1997, and homed in on the tight, minimalist pop that became Spoon's forte with that year's Soft Effects EP. In 1998, the band began a brief and tumultuous stint on Elektra Records, which released Spoon's second album, A Series of Sneaks, that May. Once again, the album earned favorable reviews, but its sales were disappointing to Elektra, which was in the midst of an internal company shake-up. Four months after the album's release, the label dropped Spoon (in 2002, Merge reissued A Series of Sneaks with two bonus tracks that chronicled the group's disappointment with major-label politics). Daniel moved to New York City, working temp jobs and writing songs, while Eno remained in Austin and designed semiconductor chips.
Spoon then signed with the prominent indie label Merge Records, where the band went on to carve out its niche in the increasingly widening modern rock mainstream. After the release of 2000's Love Ways EP, their sound became increasingly adventurous on 2001's Girls Can Tell. Recorded in Eno's home studio with producer Mike McCarthy, the album's songs were informed by the Kinks, the Supremes, and Elvis Costello. Girls Can Tell built on Spoon's critical acclaim, and sold more than their two previous albums combined. The band capitalized on this success, releasing Kill the Moonlight in August 2002. Hitting number 46 on the Billboard's Independent Albums chart, the album added piano, tambourine, and other percussion to Spoon's increasingly stark yet catchy approach, as on the single ""The Way We Get By."" Daniel began writing songs for the band's next album in 2003. The results were May 2005's cinematic Gimme Fiction, which added multi-instrumentalist Eric Harvey to the fold and debuted at number 44 on the Billboard 200 Albums chart. After Daniel collaborated with composer Brian Reitzell on the music for the 2006 film Stranger Than Fiction, Spoon's success continued to grow with July 2007's Ga Ga Ga Ga Ga. The first album to feature bassist Rob Hope (Zarbo departed earlier in 2007), it made it to number ten on the Billboard 200 Albums chart, sold over 300,000 copies in the U.S., and topped many publications' year-end lists.
Spoon, who by this time had become a fixture on soundtracks, television programs, and late-night talk shows, released their seventh full-length album Transference in January 2010 to a number four debut on the Billboard 200. After touring in support of the album, the band took a few years off. Daniel formed Divine Fits with Handsome Furs' Dan Boeckner, and the band released its debut album, A Thing Called Divine Fits, in 2012. Meanwhile, Eno concentrated on production work, collaborating with artists including the Strange Boys, Alejandro Escovedo, and the Heartless Bastards. Spoon resurfaced in August 2014 with They Want My Soul. The band's eighth album featured new member multi-instrumentalist Alex Fischel and also marked their first time working with an outside producer in the shape of Dave Fridmann. Hailed by the band as its ""loudest and gnarliest"" work to date, it was issued in August 2014 through Loma Vista Recordings in the U.S. and Anti in Europe. Like its predecessor, it reached number four on the Billboard 200. The following year, Spoon commemorated the tenth anniversary of Gimme Fiction's release with a deluxe reissue. Late in 2016, the song ""I Ain't the One"" was featured on the Showtime dramedy Shameless, offering the first taste of Spoon's ninth album. Hot Thoughts, which reunited the band with Fridmann and ranged from dance-rock to stripped-down ballads, was released by Matador in March 2017 and peaked at number 17 on the Billboard 200. Two years later, Spoon issued the best-of collection Everything Hits at Once: The Best of Spoon, a selection of the band's definitive tracks and the new song ""No Bullets Spent."" Arriving in February 2022, Spoon's gritty tenth full-length Lucifer on the Sofa was co-produced by Mark Rankin and Justin Raisen. Featuring guitarist/keyboardist Gerardo Larios and bassist/keyboardist Ben Trokan, the album's influences included the band's live shows, Daniel's return to Austin, and the music of ZZ Top. Lucifer on the Sofa reached number 38 on the 200 Albums chart in the U.S., number 92 on the U.K. Albums chart, and also appeared on the charts of several European countries as well as those of Japan and Australia. That November saw the release of Lucifer on the Moon, an album of dub-inspired reworkings of Sofa tracks by On-U Sound's Adrian Sherwood that incorporated new material performed by bassist Doug Wimbish and drummer Keith LeBlanc, On-U session players who both worked in Sugarhill Records' rhythm section in the early '80s. Around that time, Spoon received their first Grammy Award nomination, with Lucifer on the Sofa being tipped for Best Rock Album. In June 2023, the band issued the Memory Dust EP, which gathered songs from the Lucifer on the Sofa sessions and a moody cover of Bo Diddley's ""She's Fine, She's Mine."" That year, Spoon also toured with the Black Keys and Weezer. ~ James Christopher Monger & Heather Phares",Vittorio E.,Unknown,https://www.youtube.com/watch?v=EErqnUds0Qg&list=RDEErqnUds0Qg&start_radio=1&pp=ygUQU3Bvb24gVml0dG9yaW8gRaAHAQ%3D%3D
Die gute Seite,https://lastfm.freetls.fastly.net/i/u/300x300/41243f05b821c7a60d924d142fdaaac0.jpg,Sportfreunde Stiller,2002-04-02,"Football-obsessed German rock trio Sportfreunde Stiller formed outside of Munich in 1996. Singer/guitarist Peter ""Balboa"" Brugger, bassist Rüdiger Linhof, and drummer Florian ""Rakete"" Weber derived the name from their former soccer instructor Hans Stiller, adding ""Sportfreunde"" (German for ""sports friends"") when a rival band laid claim to the Stiller name. The group issued its debut EP, Macht Doch Was Ihr Wollt, Ich Geh Jetzt shortly after forming, with the follow-up, Thonträger, appearing two years later.
Sportfreunde Spiller issued their first full-length effort, So Wie Einst Real Madrid, in 2000. Its titular emphasis on the beautiful game further cemented the trio's athletic image, and in 2003 ""Independent,"" a track from their sophomore effort, Die Gute Seite, was included on EA Sports' FIFA 2003 video game. The third Sportfreunde Spiller LP, Burli, hit stores in 2004. Two years later, shortly following the release of their next record, You Have to Win Zweikampf, their World Cup-inspired fan anthem ""'54, '74, '90, 2006"" topped the German charts, and when the German national squad was ousted by eventual champion Italy, the band reworked the song as ""'54, '74, '90, 2010"" in anticipation of the next World Cup tournament in South Africa. Later in 2006, Sportfreunde Stiller were nominated as Best German Act at the annual MTV Europe Music Awards.
Sportfreunde Stiller's fifth full-length, La Bum, dropped in 2007, and became their first album to rise to number one on the German album charts; two years later they followed it up with an MTV Unplugged set recorded in New York. After four years away, Sportfreunde Stiller returned to the charts in 2013 with New York, Rio, Rosenheim, which rose to number two on the German charts, went all the way to number one in Austria, and peaked at six in Switzerland. A lengthy tour followed, then the band took a short hiatus until the October 2016 release of Sturm & Stille, their first number one hit in Germany since La Bum. ~ Jason Ankeny",Ein Kompliment,Unknown,https://www.youtube.com/watch?v=C4uXGzFZjqw&pp=ygUlU3BvcnRmcmV1bmRlIFN0aWxsZXIgLSBFaW4gS29tcGxpbWVudA%3D%3D
Die gute Seite,https://lastfm.freetls.fastly.net/i/u/300x300/41243f05b821c7a60d924d142fdaaac0.jpg,Sportfreunde Stiller,2002-04-02,"Football-obsessed German rock trio Sportfreunde Stiller formed outside of Munich in 1996. Singer/guitarist Peter ""Balboa"" Brugger, bassist Rüdiger Linhof, and drummer Florian ""Rakete"" Weber derived the name from their former soccer instructor Hans Stiller, adding ""Sportfreunde"" (German for ""sports friends"") when a rival band laid claim to the Stiller name. The group issued its debut EP, Macht Doch Was Ihr Wollt, Ich Geh Jetzt shortly after forming, with the follow-up, Thonträger, appearing two years later.
Sportfreunde Spiller issued their first full-length effort, So Wie Einst Real Madrid, in 2000. Its titular emphasis on the beautiful game further cemented the trio's athletic image, and in 2003 ""Independent,"" a track from their sophomore effort, Die Gute Seite, was included on EA Sports' FIFA 2003 video game. The third Sportfreunde Spiller LP, Burli, hit stores in 2004. Two years later, shortly following the release of their next record, You Have to Win Zweikampf, their World Cup-inspired fan anthem ""'54, '74, '90, 2006"" topped the German charts, and when the German national squad was ousted by eventual champion Italy, the band reworked the song as ""'54, '74, '90, 2010"" in anticipation of the next World Cup tournament in South Africa. Later in 2006, Sportfreunde Stiller were nominated as Best German Act at the annual MTV Europe Music Awards.
Sportfreunde Stiller's fifth full-length, La Bum, dropped in 2007, and became their first album to rise to number one on the German album charts; two years later they followed it up with an MTV Unplugged set recorded in New York. After four years away, Sportfreunde Stiller returned to the charts in 2013 with New York, Rio, Rosenheim, which rose to number two on the German charts, went all the way to number one in Austria, and peaked at six in Switzerland. A lengthy tour followed, then the band took a short hiatus until the October 2016 release of Sturm & Stille, their first number one hit in Germany since La Bum. ~ Jason Ankeny",Der Fortschritt,Unknown,https://www.youtube.com/watch?v=H7-nv7329_g&pp=ygUkU3BvcnRmcmV1bmRlIFN0aWxsZXIgRGVyIEZvcnRzY2hyaXR0
Die gute Seite,https://lastfm.freetls.fastly.net/i/u/300x300/41243f05b821c7a60d924d142fdaaac0.jpg,Sportfreunde Stiller,2002-04-02,"Football-obsessed German rock trio Sportfreunde Stiller formed outside of Munich in 1996. Singer/guitarist Peter ""Balboa"" Brugger, bassist Rüdiger Linhof, and drummer Florian ""Rakete"" Weber derived the name from their former soccer instructor Hans Stiller, adding ""Sportfreunde"" (German for ""sports friends"") when a rival band laid claim to the Stiller name. The group issued its debut EP, Macht Doch Was Ihr Wollt, Ich Geh Jetzt shortly after forming, with the follow-up, Thonträger, appearing two years later.
Sportfreunde Spiller issued their first full-length effort, So Wie Einst Real Madrid, in 2000. Its titular emphasis on the beautiful game further cemented the trio's athletic image, and in 2003 ""Independent,"" a track from their sophomore effort, Die Gute Seite, was included on EA Sports' FIFA 2003 video game. The third Sportfreunde Spiller LP, Burli, hit stores in 2004. Two years later, shortly following the release of their next record, You Have to Win Zweikampf, their World Cup-inspired fan anthem ""'54, '74, '90, 2006"" topped the German charts, and when the German national squad was ousted by eventual champion Italy, the band reworked the song as ""'54, '74, '90, 2010"" in anticipation of the next World Cup tournament in South Africa. Later in 2006, Sportfreunde Stiller were nominated as Best German Act at the annual MTV Europe Music Awards.
Sportfreunde Stiller's fifth full-length, La Bum, dropped in 2007, and became their first album to rise to number one on the German album charts; two years later they followed it up with an MTV Unplugged set recorded in New York. After four years away, Sportfreunde Stiller returned to the charts in 2013 with New York, Rio, Rosenheim, which rose to number two on the German charts, went all the way to number one in Austria, and peaked at six in Switzerland. A lengthy tour followed, then the band took a short hiatus until the October 2016 release of Sturm & Stille, their first number one hit in Germany since La Bum. ~ Jason Ankeny",10:1,Unknown,https://www.youtube.com/watch?v=u8Pq5So_qxk&pp=ygUbU3BvcnRmcmV1bmRlIFN0aWxsZXIgLSAxMDox
Squirrel Bait,https://lastfm.freetls.fastly.net/i/u/300x300/a62caaa58dd7a5540fb9515c4fad51ab.jpg,Squirrel Bait,1986-01-01,"Adored by critics and a small cult following, the seminal Squirrel Bait remain consistently underrated in terms of their influence on post-hardcore punk and alt-rock. A big part of that is due to their unfortunately scant recorded legacy: two albums, both under half an hour, both only sporadically available. Their visibility certainly wasn't helped by the lack of a bustling scene in their native Louisville, KY, at the time (though they helped kick start one), nor by the high-school-age members' youth, which made it difficult to tour and to make the transition to college. Furious and melodic, Squirrel Bait's music was most often compared to Hüsker Dü and the thrashier side of the Replacements, but that only began to capture the essence of their high-tension dynamics and angst-riddled mania. Their sensibility was often compatible with the emerging Dischord stable, yet indebted to heavy metal as well, and their musical chops foreshadowed the intense prog-punk that would become one wing of the emo movement. Most of Squirrel Bait's members remained active musicians after the band's dissolution, playing in bands that ranged from grunge and indie rock to experimental math rock and post-rock.
Squirrel Bait were formed in Louisville circa 1983 by vocalist Peter Searcy, guitarists David Grubbs and Brian McMahan, bassist Ethan Buckler, and drummer Britt Walford. Buckler left early on and was replaced by Clark Johnson, and Walford's place would later be taken by Ben Daughtrey. In 1985, the group released a self-titled debut EP on the Homestead label, which received highly complimentary reviews in spite of its relatively poor distribution. A slightly longer follow-up, Skag Heaven, appeared in 1987, documenting the band's musical growth and greater variety. However, by that time, the band -- all teenagers when they started out -- was growing up, and with both Grubbs and Johnson having departed for college, Squirrel Bait disbanded.
The list of bands whose personnel included former members of Squirrel Bait is a daunting one. Peter Searcy recorded several albums as leader of the alt-metal group Big Wheel. Ben Daughtrey played briefly with the Lemonheads before forming a lounge-revival band called Love Jones. Brian McMahan reunited with original Squirrel Bait rhythm section Ethan Buckler and Britt Walford in the equally influential Slint; Buckler and Walford later moved on to King Kong, while McMahan formed the For Carnation and moonlighted with Will Oldham's Palace project. David Grubbs was the most prolific, however: after Squirrel Bait's dissolution, he played in two challenging bands, Bitch Magnet and Bastro, the latter of which also included Walford for a short time. In the early '90s, Grubbs moved farther into avant-garde rock with Gastr del Sol, a project with multi-instrumentalist and producer extraordinaire Jim O'Rourke. Grubbs also briefly joined O'Rourke in Brise-Glace, and played with a reorganized version of Mayo Thompson's Red Krayola. When Gastr del Sol disbanded in the mid-'90s, Grubbs released a number of increasingly experimental solo recordings, usually spotlighting his spare, improvisational guitar work. ~ Steve Huey",Sun God,Unknown,https://www.youtube.com/watch?v=0iNsJ5gRORA&pp=ygUVU3F1aXJyZWwgQmFpdCBTdW4gR29k
If I Could,,Stars,2025-05-11,"Canadian band Stars bring together candied melodies, boy/girl vocal harmonies, chamber pop touches, and electronic undercurrents for a sound that helped define the the indie scene in the early 2000s and onward. Fine-tuned production and songwriting with a dramatic flare became Stars' hallmarks on standout albums like 2004's Set Yourself on Fire, and the band continued sporadically releasing new material throughout the ensuing years. In 2022, after actively evolving since those efforts, Stars released their ninth studio album, the existentially reflective From Capelton Hill.
Stars formed at the close of the '90s when Toronto natives Chris Seligman and Torquil Campbell bonded over their fondness for sophisticated soul and pop artists like the Smiths, New Order, and Marvin Gaye. The duo recorded material that would become the first Stars album Nightsongs in New York in 1999, bringing in guest performances from future permanent vocalist Amy Millan and Metric's Emily Haines, but existing only as a studio project at that time. Around the start of the 2000s, the band's lineup solidified when they relocated to Montreal and started playing live. Bassist Evan Cranley and drummer Patrick McGee joined the band, Millan signed on full-time, and they began working on new material as Nightsongs was released in early 2001 on the Le Grand Magistery label. Before 2002 came to an end, the band headed back into the studio to record a sophomore effort. The soft-hued Heart was released to critical acclaim in the U.K. before Christmas; Heart appeared on the Canadian label Arts & Crafts in mid-2003. Throughout this time, the members of Stars were involved with multiple projects. Campbell was part of Memphis, a duo with his longtime friend Chris Dumont, and several Stars players also had roles in Broken Social Scene, most notably Millan, who contributed vocals to the band's self-titled 2005 album.
In September of 2004, Stars released their ambitious and theatrical third studio album Set Yourself on Fire. It would become one of their most-loved releases and all of its tracks were creatively remixed by the band's peers. Stars released those remixed songs on a new album, Do You Trust Your Friends?, in 2007. During July of that year, as a preemptive measure to beat any blog leaks of their next record, Stars made In Our Bedroom After the War available for download two months before its actual September release date. They also created their own label, Soft Revolution, which released the band's next studio album, The Five Ghosts, in 2010.
After moving to the ATO label, Stars released their sixth album The North, in the summer of 2012. A more buoyant and playful collection than recent releases, the positive vibes continued two years later with the upbeat disco-influenced No One Is Lost. Led by singles ""Privilege"" and ""We Called It Love,"" Stars returned in late 2017 with There Is No Love in Fluorescent Light. In 2022 the band returned with their ninth studio album On Capelton Hill. While still musically upbeat, the album's lyrical themes were reflective and often heavy, focusing on mortality, impermanence, and the sometimes-cruel passing of time. ~ Kenyon Hopkin",If I Could,Unknown,https://www.youtube.com/watch?v=Uw-iyMSjtSg&pp=ygUSU3RhcnMgLSBJZiBJIENvdWxk
A Bug in Your Brain,,Stegosaurus Rex,2022-11-13,"Under the name of Stegosaurus Rex, Bay Area musician Max Chen blends seemingly disparate musical genres into a unique, coherent sound. He has continuously evolved and experimented with different sounds since his foray into music five years ago. Read more on Last.fm. User-contributed text is available under the Creative Commons By-SA License; additional terms may apply.",Shake Her Awake,Unknown,https://www.youtube.com/watch?v=8oAGgFR8u3E&pp=ygUhU3RlZ29zYXVydXMgUmV4IC0gU2hha2UgSGVyIEF3YWtl
Stargazer,https://lastfm.freetls.fastly.net/i/u/300x300/f20f6bfc0df1a98c3119b77973a9d182.png,Stella Luna,2002-07-16,"The dream-pop, space-rock group Stella Luna formed from the ruins of Starbelly. Hailing from Northeast Florida, Stella Luna is comprised of Susan Hanson (guitar/vocals), Devon Smith (guitar/vocals), Rhonda Roberts (bass), Jennifer Sterling (keyboards) and Darin Fitzpatrick (drums). Their influences stem from the gauzy beauty of My Bloody Valentine and Siddal to the hazy daydream trip of Sonic Youth. They inked a deal with Claire Records in early 2002 and released the Stargazer EP later that summer. ~ MacKenzie Wilson",Change,Unknown,https://www.youtube.com/watch?v=B6RjlcOLwyo&pp=ygUSU3RlbGxhIEx1bmEgQ2hhbmdl
Sex & Religion / Alien Love Secrets,,Steve Vai,2001-01-01,"Along with his onetime teacher Joe Satriani, Grammy Award-winning six-string wizard Steve Vai set the standard for rock guitar virtuosity in the '80s. From his stints as a sideman for such rock royalty as Frank Zappa and David Lee Roth to his work as a sessionman for a number of diverse acts like Whitesnake, Alice Cooper, Public Image Ltd., and Joe Jackson -- all capped with an impressive solo résumé -- Vai has dominated the scene as a true ""guitar god"" since the 1980s.
Born on June 6, 1960, and raised in Carle Place, New York, Vai became interested in the guitar via such legendary artists as Jimi Hendrix, Led Zeppelin, and Alice Cooper as a teenager and, upon starting high school, took lessons with an older player from school, Joe Satriani. Playing in several local bands, Vai quickly picked up on the instrument, and by the age of 18 was attending the renowned Berklee School of Music in Boston. As a student there, he transcribed several of Frank Zappa's most technically demanding compositions for guitar, and even sent a copy of one such transcription, ""Black Page,"" to Zappa himself. Zappa was so impressed with the young guitarist that upon meeting him, he invited Vai to join his band.
Subsequently, Vai toured the world with Zappa (giving Vai the nicknames ""Stunt Guitarist"" and ""Little Italian Virtuoso"") and played on such albums as 1981's Tinsel Town Rebellion and You Are What You Is, 1982's Ship Arriving Too Late, 1983's Man from Utopia, plus 1984's Them or Us and Thing-Fish, before leaving to set out on his own. First off was a pair of self-financed, recorded, and released solo albums in 1984, Flex-Able and Flex-Able Leftovers, both of which showcased Vai's guitar playing and songwriting talents, which were still heavily influenced by Zappa.
With Van Halen all the rage by the mid-'80s due to their massive hard rock/pop crossover success, Vai replaced Yngwie Malmsteen in a similarly styled outfit called Alcatrazz (which featured former Rainbow vocalist Graham Bonnett), playing on their overlooked 1985 release Disturbing the Peace. The same year, Vai made a cameo appearance in the movie Crossroads (playing the Devil's guitarist and shredding away in a guitar duel with Ralph Macchio) and got an invitation from his friend/bass master Billy Sheehan to try out for the guitar spot in singer David Lee Roth's solo band (Roth had just split from Van Halen), and eventually landed the gig. The debut release from Roth and his stellar solo band, Eat 'Em and Smile, arrived in 1986 and went on to become one of the year's top hard rock releases. Both Vai and Sheehan were catapulted to superstardom due to their instrumental talents, and they took top honors in numerous guitar magazines for years afterward.
Although the quartet showed great promise, Sheehan jumped ship just after their sophomore effort, Skyscraper, was issued in 1988. Although the album was more pop-based than its predecessor, it became another sizable hit -- with Vai earning a co-producing credit on the album along with Roth. The same year, Vai issued his own line of snazzy guitars, the Jem 777 series, with the Ibanez company. After the ensuing tour with Roth wrapped up in late 1988, it was Vai's turn to jump ship. In addition to working on another solo album, he was invited to join chart-topping pop-metallers Whitesnake, an offer he accepted. His one and only album with Whitesnake, Slip of the Tongue, was issued in 1989, as was his third solo album overall, Passion and Warfare, a year later. The largely instrumental album was based on dreams that Vai experienced as a teenager, and it became a sizable hit, earning gold certification and solidifying Vai's standing as one of the top guitarists of the day. It was also around this time that Vai created a seven-string guitar with Ibanez. Although the instrument didn't initially catch on, it would by the mid- to late '90s, when guitarists in such metal acts as Korn and Limp Bizkit would utilize the instrument to achieve super-low tunings.
After an extended hiatus, Vai formed his first conventional rock band (not surprisingly called VAI) along with newcomer Devin Townsend on vocals, T.M. Stevens on bass, and Terry Bozzio on drums -- offering their one and only album in 1993, Sex & Religion. When the album proved to be a disappointment both critically and commercially, Vai returned to all-instrumental work with the 1995 EP Alien Love Secrets. For the remainder of the decade, he continued to issue solo releases, including 1996's Fire Garden, 1998's Flex-Able Leftovers (a re-release of his long out of print second solo album, with added tracks), and 1999's The Ultra Zone. It was also during the late '90s that Vai and Satriani reunited for an annual co-headlining tour (with a different third artist added each year), called G3, unleashing a live album, G3: Live in Concert, in 1997.
The early 21st century saw a flurry of releases from Vai, including a compilation of instrumentals, The 7th Song: Enchanting Guitar Melodies Archive, in 2000, and his first full-length live release, Alive in an Ultra World, in 2001, as well as his mammoth career-encompassing ten-disc box set The Secret Jewel Box. In 2002 he collected several pieces that he had contributed to films through the years, including the guitar duel from Crossroads and the theme to Bill and Ted's Bogus Journey, and put them together in a 40-track collection called The Elusive Light and Sound, Vol. 1. A series of compilations came next, and after a five-year hiatus from the studio, Vai returned in 2005 with Real Illusions: Reflections. A tour with the Metropole Orchestra followed and he released an ambitious double live set documenting his performances, titled Sound Theories, Vols. 1-2, in 2007. In 2010, he performed with the North Netherlands Orchestra, debuting several new compositions that fused rock music with orchestral arrangements, dubbed the ""Evo Era."" Vai also made several television appearances in 2010, performing on The Tonight Show, and on American Idol with Mary J. Blige, Orianthi, Travis Barker, Ron Fair, Orianthi, and Randy Jackson. In 2012, his eighth studio album, The Story of Light, arrived, continuing the new age themes first put forth on Real Illusions: Reflections, and including unexpected twists such as a rootsy blues cover backed by a full gospel choir as well as a duet with Aimee Mann. In 2015, Vai signed with Sony/Legacy; his first album for the label was Stillness in Motion: Vai Live in L.A., a recording of an October 2012 concert by the guitarist. 2016's Modern Primitive saw Vai bridge the past and the present with pieces culled from sketches of songs penned shortly after the release of his 1984 debut Flex-Able, while 2022's Inviolate featured a taut, fusion-funk set played almost exclusively on a Gretsch hollow body guitar. In 2023, a long-shelved collaboration between Vai and singer Johnny ""Gash"" Sombretto finally saw the light of day. Originally recorded in 1990, Vai/Gash features straight-ahead hard rock tunes steeped in biker culture.
Over the years, Vai has guested on countless albums by other artists, including Gregg Bissonette's self-titled debut and Submarine, Alice Cooper's Hey Stoopid, Randy Coven's Funk Me Tender, Al di Meola's Infinite Desire, Public Image Ltd.'s Album, Joe Jackson's Symphony 1, Billy Sheehan's Compression, and releases from Mike Stern, Ozzy, and Meat Loaf. He can also be heard on such additional Zappa releases as Jazz from Hell, Shut Up 'n Play Yer Guitar, Guitar, and on several volumes of the ongoing You Can't Do That on Stage Anymore series and the live tribute disc Zappa's Universe. As if his busy schedule weren't full enough, Vai pursued a lifelong interest when he began harvesting honey among five bee colonies in the backyard of his home. ~ Greg Prato",Still My Bleeding Heart,Unknown,https://www.youtube.com/watch?v=HROjcHR07Pg&pp=ygUhU3RldmUgVmFpIFN0aWxsIE15IEJsZWVkaW5nIEhlYXJ0
The Harmony Codex,https://lastfm.freetls.fastly.net/i/u/300x300/c57f603a1ebcbaeb31ddcb322b641919.jpg,Steven Wilson,2023-09-29,"Known for an intense work ethic, Steven Wilson is among the U.K.'s most acclaimed and prolific artists. As a songwriter, multi-instrumentalist, and bandleader, Wilson made a gradual transition from cult status with Porcupine Tree, Bass Communion, No-Man, and Blackfield to mainstream success as a charting solo artist in the 21st century with 2011's Grace for Drowning, 2013's The Raven That Refused to Sing and Other Stories, and 2015's Top 40 prog-pop concept album Hand.Cannot.Erase. He followed with a 4½, a six-track mini album, and in 2017 released To the Bone, a collection that reflected his love of progressive pop. He continued that exploration with a meld of varying pop genres on 2021's The Future Bites, following with an album recorded in isolation, 2023's The Harmony Codex.
Born in Kingston Upon Thames in London in 1967, Wilson was inspired to pursue a career in music after devouring his parents' Pink Floyd and Donna Summer records, and by the age of 12 he had already started to experiment with different guitar and recording techniques.
After stints in several groups including psychedelic duo Altamont, prog rockers Karma, and new wave band Pride of Passion, Wilson went on to form art pop outfit No Man with vocalist Tim Bowness in 1987, and his famous creation Porcupine Tree in the same year; he alternated between the two, releasing 16 albums overall from 1991 to 2009. Despite these two long-term commitments, Wilson still found the time to pursue other projects in the '90s, recording material under the guise of ambient electronica act Bass Communion, Krautrock revivalists Incredible Expanding Mindfuck, and Blackfield, a collaboration with Israeli rock star Aviv Geffen.
Showcasing his versatility, he also became an in-demand producer, working on records by the likes of Norwegian jazz vocalist Anja Garbarek, prog metallers Orphaned Land, and former Marillion frontman Fish; a music reviewer for Rolling Stone and Classic Rock magazine, and a guest vocalist on albums by Pendulum, Dream Theater, and Jordan Rudess. Beginning in 2003, Wilson began toying with the idea of a solo career, releasing several two-track singles featuring an original composition and a cover version (of tracks originally recorded by Alanis Morissette, ABBA, and Prince), but it wasn't until 2008 that he released his first solo album, Insurgentes, whose recording sessions also became the subject of a documentary/road movie by Danish photographer Lasse Hoile.
His sophomore outing, Grace for Drowning, a double-CD consisting of two albums titled Deform to Form a Star and Like Dust I Have Cleared from My Eye, followed in 2011. He embarked on his first solo tour the same year, and was asked to remix the back catalog of King Crimson and work with Opeth lead singer Mikael Åkerfeldt on an album under the name of Storm Corrosion. Get All You Deserve, an audio-video package that documented his 2011 tour (with a crack band) appeared late in 2012.
Wilson then began writing in earnest for his new group (which included former Miles Davis keyboardist Adam Holzman and lead guitarist Guthrie Govan). The Raven That Refused to Sing and Other Stories is a conceptual work based on a series of linked short stories written by Wilson or co-authored with Hajo Mueller. Wilson was also able to coax Alan Parsons out of semi-retirement to co-produce and engineer this set, which was released in early 2013. In October of the same year, he released the audio-video concert set Drive Home. The package featured a new animated video of the title track as well as ""The Raven That Refused to Sing,"" two new songs, and a concert from a previous tour in Frankfurt.
In the summer of 2014, Wilson released Cover Version, an album compiled from six singles recorded between 2003 and 2010 and originally issued individually on his Headphone Dust label. Each featured a pop cover on the A-side and an original on the flip; all songs were performed completely solo. In late 2014, Wilson began discussing and previewing Hand. Cannot. Erase., a concept album directly and metaphorically inspired by the real-life story of Joyce Vincent, a London woman who passed away and whose body, surrounded by undelivered Christmas presents, wasn't discovered for two years, despite the fact that she had many friends and acquaintances. It was issued in March of 2015. Later in the year, a double-vinyl compilation of songs featuring Wilson's more accessible pop/rock material was released as Transience.
Wilson took his all-star band -- Holzman, Govan, Nick Beggs, Dave Kilminster, Craig Blundell, Marco Minnemann, Chad Wackerman, and Theo Travis -- on a sold-out European tour. After a short break, he and the band revisited the Hand. Cannot. Erase. sessions, finishing four songs that had their origins there, and one from his previous album, The Raven That Refused to Sing. He also re-recorded ""Don't Hate Me,"" previously cut by Porcupine Tree in 1998. He titled the 37-minute-long album 4½, as it formed an interim release between Hand. Cannot. Erase. and a forthcoming studio project. It was released in January of 2016 during the band's European and American tours.
In May the following year, Wilson announced the release of his fifth solo album and debut for Caroline, To the Bone, writing that it was ""inspired by the hugely ambitious progressive pop records that I loved in my youth (think Peter Gabriel's So, Kate Bush's Hounds of Love, Talk Talk's Colour of Spring, and Tears for Fears' Seeds of Love)."" The first of four pre-release videos was ""Pariah,"" featuring Israeli vocalist Ninet Tayeb. Another, ""Song of I,"" showcased Sophie Hunger as a guest. Wilson began working on his sixth solo album, exploring themes of identity and technology. He said in press materials that it ""picks apart our 21st century utopia, while also allowing for moments of personal growth and optimism though dance, music, electronica and pop. The finished album, titled The Future Bites, was released in January 2021. He recorded his next set in isolation with remote input by the likes of Ninet Tayeb, Adam Holzman, Sam Fogarino, and more. The Harmony Codex arrived in September 2023. ~ Jon O'Brien & Thom Jurek",Rock Bottom,Unknown,https://www.youtube.com/watch?v=eRaspkaqR8o&pp=ygUZU3RldmVuIFdpbHNvbiBSb2NrIEJvdHRvbdIHCQl-CQGHKiGM7w%3D%3D
To the Bone,https://lastfm.freetls.fastly.net/i/u/300x300/265b2c1ce90e970f3551d4f088e83c79.jpg,Steven Wilson,2017-08-18,"Known for an intense work ethic, Steven Wilson is among the U.K.'s most acclaimed and prolific artists. As a songwriter, multi-instrumentalist, and bandleader, Wilson made a gradual transition from cult status with Porcupine Tree, Bass Communion, No-Man, and Blackfield to mainstream success as a charting solo artist in the 21st century with 2011's Grace for Drowning, 2013's The Raven That Refused to Sing and Other Stories, and 2015's Top 40 prog-pop concept album Hand.Cannot.Erase. He followed with a 4½, a six-track mini album, and in 2017 released To the Bone, a collection that reflected his love of progressive pop. He continued that exploration with a meld of varying pop genres on 2021's The Future Bites, following with an album recorded in isolation, 2023's The Harmony Codex.
Born in Kingston Upon Thames in London in 1967, Wilson was inspired to pursue a career in music after devouring his parents' Pink Floyd and Donna Summer records, and by the age of 12 he had already started to experiment with different guitar and recording techniques.
After stints in several groups including psychedelic duo Altamont, prog rockers Karma, and new wave band Pride of Passion, Wilson went on to form art pop outfit No Man with vocalist Tim Bowness in 1987, and his famous creation Porcupine Tree in the same year; he alternated between the two, releasing 16 albums overall from 1991 to 2009. Despite these two long-term commitments, Wilson still found the time to pursue other projects in the '90s, recording material under the guise of ambient electronica act Bass Communion, Krautrock revivalists Incredible Expanding Mindfuck, and Blackfield, a collaboration with Israeli rock star Aviv Geffen.
Showcasing his versatility, he also became an in-demand producer, working on records by the likes of Norwegian jazz vocalist Anja Garbarek, prog metallers Orphaned Land, and former Marillion frontman Fish; a music reviewer for Rolling Stone and Classic Rock magazine, and a guest vocalist on albums by Pendulum, Dream Theater, and Jordan Rudess. Beginning in 2003, Wilson began toying with the idea of a solo career, releasing several two-track singles featuring an original composition and a cover version (of tracks originally recorded by Alanis Morissette, ABBA, and Prince), but it wasn't until 2008 that he released his first solo album, Insurgentes, whose recording sessions also became the subject of a documentary/road movie by Danish photographer Lasse Hoile.
His sophomore outing, Grace for Drowning, a double-CD consisting of two albums titled Deform to Form a Star and Like Dust I Have Cleared from My Eye, followed in 2011. He embarked on his first solo tour the same year, and was asked to remix the back catalog of King Crimson and work with Opeth lead singer Mikael Åkerfeldt on an album under the name of Storm Corrosion. Get All You Deserve, an audio-video package that documented his 2011 tour (with a crack band) appeared late in 2012.
Wilson then began writing in earnest for his new group (which included former Miles Davis keyboardist Adam Holzman and lead guitarist Guthrie Govan). The Raven That Refused to Sing and Other Stories is a conceptual work based on a series of linked short stories written by Wilson or co-authored with Hajo Mueller. Wilson was also able to coax Alan Parsons out of semi-retirement to co-produce and engineer this set, which was released in early 2013. In October of the same year, he released the audio-video concert set Drive Home. The package featured a new animated video of the title track as well as ""The Raven That Refused to Sing,"" two new songs, and a concert from a previous tour in Frankfurt.
In the summer of 2014, Wilson released Cover Version, an album compiled from six singles recorded between 2003 and 2010 and originally issued individually on his Headphone Dust label. Each featured a pop cover on the A-side and an original on the flip; all songs were performed completely solo. In late 2014, Wilson began discussing and previewing Hand. Cannot. Erase., a concept album directly and metaphorically inspired by the real-life story of Joyce Vincent, a London woman who passed away and whose body, surrounded by undelivered Christmas presents, wasn't discovered for two years, despite the fact that she had many friends and acquaintances. It was issued in March of 2015. Later in the year, a double-vinyl compilation of songs featuring Wilson's more accessible pop/rock material was released as Transience.
Wilson took his all-star band -- Holzman, Govan, Nick Beggs, Dave Kilminster, Craig Blundell, Marco Minnemann, Chad Wackerman, and Theo Travis -- on a sold-out European tour. After a short break, he and the band revisited the Hand. Cannot. Erase. sessions, finishing four songs that had their origins there, and one from his previous album, The Raven That Refused to Sing. He also re-recorded ""Don't Hate Me,"" previously cut by Porcupine Tree in 1998. He titled the 37-minute-long album 4½, as it formed an interim release between Hand. Cannot. Erase. and a forthcoming studio project. It was released in January of 2016 during the band's European and American tours.
In May the following year, Wilson announced the release of his fifth solo album and debut for Caroline, To the Bone, writing that it was ""inspired by the hugely ambitious progressive pop records that I loved in my youth (think Peter Gabriel's So, Kate Bush's Hounds of Love, Talk Talk's Colour of Spring, and Tears for Fears' Seeds of Love)."" The first of four pre-release videos was ""Pariah,"" featuring Israeli vocalist Ninet Tayeb. Another, ""Song of I,"" showcased Sophie Hunger as a guest. Wilson began working on his sixth solo album, exploring themes of identity and technology. He said in press materials that it ""picks apart our 21st century utopia, while also allowing for moments of personal growth and optimism though dance, music, electronica and pop. The finished album, titled The Future Bites, was released in January 2021. He recorded his next set in isolation with remote input by the likes of Ninet Tayeb, Adam Holzman, Sam Fogarino, and more. The Harmony Codex arrived in September 2023. ~ Jon O'Brien & Thom Jurek",To the Bone,Unknown,https://www.youtube.com/watch?v=3vdhuHmjrw8&pp=ygUZU3RldmVuIFdpbHNvbiBUbyB0aGUgQm9uZQ%3D%3D
To the Bone,https://lastfm.freetls.fastly.net/i/u/300x300/265b2c1ce90e970f3551d4f088e83c79.jpg,Steven Wilson,2017-08-18,"Known for an intense work ethic, Steven Wilson is among the U.K.'s most acclaimed and prolific artists. As a songwriter, multi-instrumentalist, and bandleader, Wilson made a gradual transition from cult status with Porcupine Tree, Bass Communion, No-Man, and Blackfield to mainstream success as a charting solo artist in the 21st century with 2011's Grace for Drowning, 2013's The Raven That Refused to Sing and Other Stories, and 2015's Top 40 prog-pop concept album Hand.Cannot.Erase. He followed with a 4½, a six-track mini album, and in 2017 released To the Bone, a collection that reflected his love of progressive pop. He continued that exploration with a meld of varying pop genres on 2021's The Future Bites, following with an album recorded in isolation, 2023's The Harmony Codex.
Born in Kingston Upon Thames in London in 1967, Wilson was inspired to pursue a career in music after devouring his parents' Pink Floyd and Donna Summer records, and by the age of 12 he had already started to experiment with different guitar and recording techniques.
After stints in several groups including psychedelic duo Altamont, prog rockers Karma, and new wave band Pride of Passion, Wilson went on to form art pop outfit No Man with vocalist Tim Bowness in 1987, and his famous creation Porcupine Tree in the same year; he alternated between the two, releasing 16 albums overall from 1991 to 2009. Despite these two long-term commitments, Wilson still found the time to pursue other projects in the '90s, recording material under the guise of ambient electronica act Bass Communion, Krautrock revivalists Incredible Expanding Mindfuck, and Blackfield, a collaboration with Israeli rock star Aviv Geffen.
Showcasing his versatility, he also became an in-demand producer, working on records by the likes of Norwegian jazz vocalist Anja Garbarek, prog metallers Orphaned Land, and former Marillion frontman Fish; a music reviewer for Rolling Stone and Classic Rock magazine, and a guest vocalist on albums by Pendulum, Dream Theater, and Jordan Rudess. Beginning in 2003, Wilson began toying with the idea of a solo career, releasing several two-track singles featuring an original composition and a cover version (of tracks originally recorded by Alanis Morissette, ABBA, and Prince), but it wasn't until 2008 that he released his first solo album, Insurgentes, whose recording sessions also became the subject of a documentary/road movie by Danish photographer Lasse Hoile.
His sophomore outing, Grace for Drowning, a double-CD consisting of two albums titled Deform to Form a Star and Like Dust I Have Cleared from My Eye, followed in 2011. He embarked on his first solo tour the same year, and was asked to remix the back catalog of King Crimson and work with Opeth lead singer Mikael Åkerfeldt on an album under the name of Storm Corrosion. Get All You Deserve, an audio-video package that documented his 2011 tour (with a crack band) appeared late in 2012.
Wilson then began writing in earnest for his new group (which included former Miles Davis keyboardist Adam Holzman and lead guitarist Guthrie Govan). The Raven That Refused to Sing and Other Stories is a conceptual work based on a series of linked short stories written by Wilson or co-authored with Hajo Mueller. Wilson was also able to coax Alan Parsons out of semi-retirement to co-produce and engineer this set, which was released in early 2013. In October of the same year, he released the audio-video concert set Drive Home. The package featured a new animated video of the title track as well as ""The Raven That Refused to Sing,"" two new songs, and a concert from a previous tour in Frankfurt.
In the summer of 2014, Wilson released Cover Version, an album compiled from six singles recorded between 2003 and 2010 and originally issued individually on his Headphone Dust label. Each featured a pop cover on the A-side and an original on the flip; all songs were performed completely solo. In late 2014, Wilson began discussing and previewing Hand. Cannot. Erase., a concept album directly and metaphorically inspired by the real-life story of Joyce Vincent, a London woman who passed away and whose body, surrounded by undelivered Christmas presents, wasn't discovered for two years, despite the fact that she had many friends and acquaintances. It was issued in March of 2015. Later in the year, a double-vinyl compilation of songs featuring Wilson's more accessible pop/rock material was released as Transience.
Wilson took his all-star band -- Holzman, Govan, Nick Beggs, Dave Kilminster, Craig Blundell, Marco Minnemann, Chad Wackerman, and Theo Travis -- on a sold-out European tour. After a short break, he and the band revisited the Hand. Cannot. Erase. sessions, finishing four songs that had their origins there, and one from his previous album, The Raven That Refused to Sing. He also re-recorded ""Don't Hate Me,"" previously cut by Porcupine Tree in 1998. He titled the 37-minute-long album 4½, as it formed an interim release between Hand. Cannot. Erase. and a forthcoming studio project. It was released in January of 2016 during the band's European and American tours.
In May the following year, Wilson announced the release of his fifth solo album and debut for Caroline, To the Bone, writing that it was ""inspired by the hugely ambitious progressive pop records that I loved in my youth (think Peter Gabriel's So, Kate Bush's Hounds of Love, Talk Talk's Colour of Spring, and Tears for Fears' Seeds of Love)."" The first of four pre-release videos was ""Pariah,"" featuring Israeli vocalist Ninet Tayeb. Another, ""Song of I,"" showcased Sophie Hunger as a guest. Wilson began working on his sixth solo album, exploring themes of identity and technology. He said in press materials that it ""picks apart our 21st century utopia, while also allowing for moments of personal growth and optimism though dance, music, electronica and pop. The finished album, titled The Future Bites, was released in January 2021. He recorded his next set in isolation with remote input by the likes of Ninet Tayeb, Adam Holzman, Sam Fogarino, and more. The Harmony Codex arrived in September 2023. ~ Jon O'Brien & Thom Jurek",Nowhere Now,Unknown,https://www.youtube.com/watch?v=ENfI942SJTY&pp=ygUZU3RldmVuIFdpbHNvbiBOb3doZXJlIE5vdw%3D%3D
To the Bone,https://lastfm.freetls.fastly.net/i/u/300x300/265b2c1ce90e970f3551d4f088e83c79.jpg,Steven Wilson,2017-08-18,"Known for an intense work ethic, Steven Wilson is among the U.K.'s most acclaimed and prolific artists. As a songwriter, multi-instrumentalist, and bandleader, Wilson made a gradual transition from cult status with Porcupine Tree, Bass Communion, No-Man, and Blackfield to mainstream success as a charting solo artist in the 21st century with 2011's Grace for Drowning, 2013's The Raven That Refused to Sing and Other Stories, and 2015's Top 40 prog-pop concept album Hand.Cannot.Erase. He followed with a 4½, a six-track mini album, and in 2017 released To the Bone, a collection that reflected his love of progressive pop. He continued that exploration with a meld of varying pop genres on 2021's The Future Bites, following with an album recorded in isolation, 2023's The Harmony Codex.
Born in Kingston Upon Thames in London in 1967, Wilson was inspired to pursue a career in music after devouring his parents' Pink Floyd and Donna Summer records, and by the age of 12 he had already started to experiment with different guitar and recording techniques.
After stints in several groups including psychedelic duo Altamont, prog rockers Karma, and new wave band Pride of Passion, Wilson went on to form art pop outfit No Man with vocalist Tim Bowness in 1987, and his famous creation Porcupine Tree in the same year; he alternated between the two, releasing 16 albums overall from 1991 to 2009. Despite these two long-term commitments, Wilson still found the time to pursue other projects in the '90s, recording material under the guise of ambient electronica act Bass Communion, Krautrock revivalists Incredible Expanding Mindfuck, and Blackfield, a collaboration with Israeli rock star Aviv Geffen.
Showcasing his versatility, he also became an in-demand producer, working on records by the likes of Norwegian jazz vocalist Anja Garbarek, prog metallers Orphaned Land, and former Marillion frontman Fish; a music reviewer for Rolling Stone and Classic Rock magazine, and a guest vocalist on albums by Pendulum, Dream Theater, and Jordan Rudess. Beginning in 2003, Wilson began toying with the idea of a solo career, releasing several two-track singles featuring an original composition and a cover version (of tracks originally recorded by Alanis Morissette, ABBA, and Prince), but it wasn't until 2008 that he released his first solo album, Insurgentes, whose recording sessions also became the subject of a documentary/road movie by Danish photographer Lasse Hoile.
His sophomore outing, Grace for Drowning, a double-CD consisting of two albums titled Deform to Form a Star and Like Dust I Have Cleared from My Eye, followed in 2011. He embarked on his first solo tour the same year, and was asked to remix the back catalog of King Crimson and work with Opeth lead singer Mikael Åkerfeldt on an album under the name of Storm Corrosion. Get All You Deserve, an audio-video package that documented his 2011 tour (with a crack band) appeared late in 2012.
Wilson then began writing in earnest for his new group (which included former Miles Davis keyboardist Adam Holzman and lead guitarist Guthrie Govan). The Raven That Refused to Sing and Other Stories is a conceptual work based on a series of linked short stories written by Wilson or co-authored with Hajo Mueller. Wilson was also able to coax Alan Parsons out of semi-retirement to co-produce and engineer this set, which was released in early 2013. In October of the same year, he released the audio-video concert set Drive Home. The package featured a new animated video of the title track as well as ""The Raven That Refused to Sing,"" two new songs, and a concert from a previous tour in Frankfurt.
In the summer of 2014, Wilson released Cover Version, an album compiled from six singles recorded between 2003 and 2010 and originally issued individually on his Headphone Dust label. Each featured a pop cover on the A-side and an original on the flip; all songs were performed completely solo. In late 2014, Wilson began discussing and previewing Hand. Cannot. Erase., a concept album directly and metaphorically inspired by the real-life story of Joyce Vincent, a London woman who passed away and whose body, surrounded by undelivered Christmas presents, wasn't discovered for two years, despite the fact that she had many friends and acquaintances. It was issued in March of 2015. Later in the year, a double-vinyl compilation of songs featuring Wilson's more accessible pop/rock material was released as Transience.
Wilson took his all-star band -- Holzman, Govan, Nick Beggs, Dave Kilminster, Craig Blundell, Marco Minnemann, Chad Wackerman, and Theo Travis -- on a sold-out European tour. After a short break, he and the band revisited the Hand. Cannot. Erase. sessions, finishing four songs that had their origins there, and one from his previous album, The Raven That Refused to Sing. He also re-recorded ""Don't Hate Me,"" previously cut by Porcupine Tree in 1998. He titled the 37-minute-long album 4½, as it formed an interim release between Hand. Cannot. Erase. and a forthcoming studio project. It was released in January of 2016 during the band's European and American tours.
In May the following year, Wilson announced the release of his fifth solo album and debut for Caroline, To the Bone, writing that it was ""inspired by the hugely ambitious progressive pop records that I loved in my youth (think Peter Gabriel's So, Kate Bush's Hounds of Love, Talk Talk's Colour of Spring, and Tears for Fears' Seeds of Love)."" The first of four pre-release videos was ""Pariah,"" featuring Israeli vocalist Ninet Tayeb. Another, ""Song of I,"" showcased Sophie Hunger as a guest. Wilson began working on his sixth solo album, exploring themes of identity and technology. He said in press materials that it ""picks apart our 21st century utopia, while also allowing for moments of personal growth and optimism though dance, music, electronica and pop. The finished album, titled The Future Bites, was released in January 2021. He recorded his next set in isolation with remote input by the likes of Ninet Tayeb, Adam Holzman, Sam Fogarino, and more. The Harmony Codex arrived in September 2023. ~ Jon O'Brien & Thom Jurek",Pariah,Unknown,https://www.youtube.com/watch?v=cNTaFArEObU&pp=ygUUU3RldmVuIFdpbHNvbiBQYXJpYWg%3D
To the Bone,https://lastfm.freetls.fastly.net/i/u/300x300/265b2c1ce90e970f3551d4f088e83c79.jpg,Steven Wilson,2017-08-18,"Known for an intense work ethic, Steven Wilson is among the U.K.'s most acclaimed and prolific artists. As a songwriter, multi-instrumentalist, and bandleader, Wilson made a gradual transition from cult status with Porcupine Tree, Bass Communion, No-Man, and Blackfield to mainstream success as a charting solo artist in the 21st century with 2011's Grace for Drowning, 2013's The Raven That Refused to Sing and Other Stories, and 2015's Top 40 prog-pop concept album Hand.Cannot.Erase. He followed with a 4½, a six-track mini album, and in 2017 released To the Bone, a collection that reflected his love of progressive pop. He continued that exploration with a meld of varying pop genres on 2021's The Future Bites, following with an album recorded in isolation, 2023's The Harmony Codex.
Born in Kingston Upon Thames in London in 1967, Wilson was inspired to pursue a career in music after devouring his parents' Pink Floyd and Donna Summer records, and by the age of 12 he had already started to experiment with different guitar and recording techniques.
After stints in several groups including psychedelic duo Altamont, prog rockers Karma, and new wave band Pride of Passion, Wilson went on to form art pop outfit No Man with vocalist Tim Bowness in 1987, and his famous creation Porcupine Tree in the same year; he alternated between the two, releasing 16 albums overall from 1991 to 2009. Despite these two long-term commitments, Wilson still found the time to pursue other projects in the '90s, recording material under the guise of ambient electronica act Bass Communion, Krautrock revivalists Incredible Expanding Mindfuck, and Blackfield, a collaboration with Israeli rock star Aviv Geffen.
Showcasing his versatility, he also became an in-demand producer, working on records by the likes of Norwegian jazz vocalist Anja Garbarek, prog metallers Orphaned Land, and former Marillion frontman Fish; a music reviewer for Rolling Stone and Classic Rock magazine, and a guest vocalist on albums by Pendulum, Dream Theater, and Jordan Rudess. Beginning in 2003, Wilson began toying with the idea of a solo career, releasing several two-track singles featuring an original composition and a cover version (of tracks originally recorded by Alanis Morissette, ABBA, and Prince), but it wasn't until 2008 that he released his first solo album, Insurgentes, whose recording sessions also became the subject of a documentary/road movie by Danish photographer Lasse Hoile.
His sophomore outing, Grace for Drowning, a double-CD consisting of two albums titled Deform to Form a Star and Like Dust I Have Cleared from My Eye, followed in 2011. He embarked on his first solo tour the same year, and was asked to remix the back catalog of King Crimson and work with Opeth lead singer Mikael Åkerfeldt on an album under the name of Storm Corrosion. Get All You Deserve, an audio-video package that documented his 2011 tour (with a crack band) appeared late in 2012.
Wilson then began writing in earnest for his new group (which included former Miles Davis keyboardist Adam Holzman and lead guitarist Guthrie Govan). The Raven That Refused to Sing and Other Stories is a conceptual work based on a series of linked short stories written by Wilson or co-authored with Hajo Mueller. Wilson was also able to coax Alan Parsons out of semi-retirement to co-produce and engineer this set, which was released in early 2013. In October of the same year, he released the audio-video concert set Drive Home. The package featured a new animated video of the title track as well as ""The Raven That Refused to Sing,"" two new songs, and a concert from a previous tour in Frankfurt.
In the summer of 2014, Wilson released Cover Version, an album compiled from six singles recorded between 2003 and 2010 and originally issued individually on his Headphone Dust label. Each featured a pop cover on the A-side and an original on the flip; all songs were performed completely solo. In late 2014, Wilson began discussing and previewing Hand. Cannot. Erase., a concept album directly and metaphorically inspired by the real-life story of Joyce Vincent, a London woman who passed away and whose body, surrounded by undelivered Christmas presents, wasn't discovered for two years, despite the fact that she had many friends and acquaintances. It was issued in March of 2015. Later in the year, a double-vinyl compilation of songs featuring Wilson's more accessible pop/rock material was released as Transience.
Wilson took his all-star band -- Holzman, Govan, Nick Beggs, Dave Kilminster, Craig Blundell, Marco Minnemann, Chad Wackerman, and Theo Travis -- on a sold-out European tour. After a short break, he and the band revisited the Hand. Cannot. Erase. sessions, finishing four songs that had their origins there, and one from his previous album, The Raven That Refused to Sing. He also re-recorded ""Don't Hate Me,"" previously cut by Porcupine Tree in 1998. He titled the 37-minute-long album 4½, as it formed an interim release between Hand. Cannot. Erase. and a forthcoming studio project. It was released in January of 2016 during the band's European and American tours.
In May the following year, Wilson announced the release of his fifth solo album and debut for Caroline, To the Bone, writing that it was ""inspired by the hugely ambitious progressive pop records that I loved in my youth (think Peter Gabriel's So, Kate Bush's Hounds of Love, Talk Talk's Colour of Spring, and Tears for Fears' Seeds of Love)."" The first of four pre-release videos was ""Pariah,"" featuring Israeli vocalist Ninet Tayeb. Another, ""Song of I,"" showcased Sophie Hunger as a guest. Wilson began working on his sixth solo album, exploring themes of identity and technology. He said in press materials that it ""picks apart our 21st century utopia, while also allowing for moments of personal growth and optimism though dance, music, electronica and pop. The finished album, titled The Future Bites, was released in January 2021. He recorded his next set in isolation with remote input by the likes of Ninet Tayeb, Adam Holzman, Sam Fogarino, and more. The Harmony Codex arrived in September 2023. ~ Jon O'Brien & Thom Jurek",The Same Asylum as Before,Unknown,https://www.youtube.com/watch?v=4Ine6gjxg48&pp=ygUnU3RldmVuIFdpbHNvbiBUaGUgU2FtZSBBc3lsdW0gYXMgQmVmb3Jl0gcJCX4JAYcqIYzv
To the Bone,https://lastfm.freetls.fastly.net/i/u/300x300/265b2c1ce90e970f3551d4f088e83c79.jpg,Steven Wilson,2017-08-18,"Known for an intense work ethic, Steven Wilson is among the U.K.'s most acclaimed and prolific artists. As a songwriter, multi-instrumentalist, and bandleader, Wilson made a gradual transition from cult status with Porcupine Tree, Bass Communion, No-Man, and Blackfield to mainstream success as a charting solo artist in the 21st century with 2011's Grace for Drowning, 2013's The Raven That Refused to Sing and Other Stories, and 2015's Top 40 prog-pop concept album Hand.Cannot.Erase. He followed with a 4½, a six-track mini album, and in 2017 released To the Bone, a collection that reflected his love of progressive pop. He continued that exploration with a meld of varying pop genres on 2021's The Future Bites, following with an album recorded in isolation, 2023's The Harmony Codex.
Born in Kingston Upon Thames in London in 1967, Wilson was inspired to pursue a career in music after devouring his parents' Pink Floyd and Donna Summer records, and by the age of 12 he had already started to experiment with different guitar and recording techniques.
After stints in several groups including psychedelic duo Altamont, prog rockers Karma, and new wave band Pride of Passion, Wilson went on to form art pop outfit No Man with vocalist Tim Bowness in 1987, and his famous creation Porcupine Tree in the same year; he alternated between the two, releasing 16 albums overall from 1991 to 2009. Despite these two long-term commitments, Wilson still found the time to pursue other projects in the '90s, recording material under the guise of ambient electronica act Bass Communion, Krautrock revivalists Incredible Expanding Mindfuck, and Blackfield, a collaboration with Israeli rock star Aviv Geffen.
Showcasing his versatility, he also became an in-demand producer, working on records by the likes of Norwegian jazz vocalist Anja Garbarek, prog metallers Orphaned Land, and former Marillion frontman Fish; a music reviewer for Rolling Stone and Classic Rock magazine, and a guest vocalist on albums by Pendulum, Dream Theater, and Jordan Rudess. Beginning in 2003, Wilson began toying with the idea of a solo career, releasing several two-track singles featuring an original composition and a cover version (of tracks originally recorded by Alanis Morissette, ABBA, and Prince), but it wasn't until 2008 that he released his first solo album, Insurgentes, whose recording sessions also became the subject of a documentary/road movie by Danish photographer Lasse Hoile.
His sophomore outing, Grace for Drowning, a double-CD consisting of two albums titled Deform to Form a Star and Like Dust I Have Cleared from My Eye, followed in 2011. He embarked on his first solo tour the same year, and was asked to remix the back catalog of King Crimson and work with Opeth lead singer Mikael Åkerfeldt on an album under the name of Storm Corrosion. Get All You Deserve, an audio-video package that documented his 2011 tour (with a crack band) appeared late in 2012.
Wilson then began writing in earnest for his new group (which included former Miles Davis keyboardist Adam Holzman and lead guitarist Guthrie Govan). The Raven That Refused to Sing and Other Stories is a conceptual work based on a series of linked short stories written by Wilson or co-authored with Hajo Mueller. Wilson was also able to coax Alan Parsons out of semi-retirement to co-produce and engineer this set, which was released in early 2013. In October of the same year, he released the audio-video concert set Drive Home. The package featured a new animated video of the title track as well as ""The Raven That Refused to Sing,"" two new songs, and a concert from a previous tour in Frankfurt.
In the summer of 2014, Wilson released Cover Version, an album compiled from six singles recorded between 2003 and 2010 and originally issued individually on his Headphone Dust label. Each featured a pop cover on the A-side and an original on the flip; all songs were performed completely solo. In late 2014, Wilson began discussing and previewing Hand. Cannot. Erase., a concept album directly and metaphorically inspired by the real-life story of Joyce Vincent, a London woman who passed away and whose body, surrounded by undelivered Christmas presents, wasn't discovered for two years, despite the fact that she had many friends and acquaintances. It was issued in March of 2015. Later in the year, a double-vinyl compilation of songs featuring Wilson's more accessible pop/rock material was released as Transience.
Wilson took his all-star band -- Holzman, Govan, Nick Beggs, Dave Kilminster, Craig Blundell, Marco Minnemann, Chad Wackerman, and Theo Travis -- on a sold-out European tour. After a short break, he and the band revisited the Hand. Cannot. Erase. sessions, finishing four songs that had their origins there, and one from his previous album, The Raven That Refused to Sing. He also re-recorded ""Don't Hate Me,"" previously cut by Porcupine Tree in 1998. He titled the 37-minute-long album 4½, as it formed an interim release between Hand. Cannot. Erase. and a forthcoming studio project. It was released in January of 2016 during the band's European and American tours.
In May the following year, Wilson announced the release of his fifth solo album and debut for Caroline, To the Bone, writing that it was ""inspired by the hugely ambitious progressive pop records that I loved in my youth (think Peter Gabriel's So, Kate Bush's Hounds of Love, Talk Talk's Colour of Spring, and Tears for Fears' Seeds of Love)."" The first of four pre-release videos was ""Pariah,"" featuring Israeli vocalist Ninet Tayeb. Another, ""Song of I,"" showcased Sophie Hunger as a guest. Wilson began working on his sixth solo album, exploring themes of identity and technology. He said in press materials that it ""picks apart our 21st century utopia, while also allowing for moments of personal growth and optimism though dance, music, electronica and pop. The finished album, titled The Future Bites, was released in January 2021. He recorded his next set in isolation with remote input by the likes of Ninet Tayeb, Adam Holzman, Sam Fogarino, and more. The Harmony Codex arrived in September 2023. ~ Jon O'Brien & Thom Jurek",Refuge,Unknown,https://www.youtube.com/watch?v=K5sxF1r3uN0&pp=ygUUU3RldmVuIFdpbHNvbiBSZWZ1Z2U%3D
To the Bone,https://lastfm.freetls.fastly.net/i/u/300x300/265b2c1ce90e970f3551d4f088e83c79.jpg,Steven Wilson,2017-08-18,"Known for an intense work ethic, Steven Wilson is among the U.K.'s most acclaimed and prolific artists. As a songwriter, multi-instrumentalist, and bandleader, Wilson made a gradual transition from cult status with Porcupine Tree, Bass Communion, No-Man, and Blackfield to mainstream success as a charting solo artist in the 21st century with 2011's Grace for Drowning, 2013's The Raven That Refused to Sing and Other Stories, and 2015's Top 40 prog-pop concept album Hand.Cannot.Erase. He followed with a 4½, a six-track mini album, and in 2017 released To the Bone, a collection that reflected his love of progressive pop. He continued that exploration with a meld of varying pop genres on 2021's The Future Bites, following with an album recorded in isolation, 2023's The Harmony Codex.
Born in Kingston Upon Thames in London in 1967, Wilson was inspired to pursue a career in music after devouring his parents' Pink Floyd and Donna Summer records, and by the age of 12 he had already started to experiment with different guitar and recording techniques.
After stints in several groups including psychedelic duo Altamont, prog rockers Karma, and new wave band Pride of Passion, Wilson went on to form art pop outfit No Man with vocalist Tim Bowness in 1987, and his famous creation Porcupine Tree in the same year; he alternated between the two, releasing 16 albums overall from 1991 to 2009. Despite these two long-term commitments, Wilson still found the time to pursue other projects in the '90s, recording material under the guise of ambient electronica act Bass Communion, Krautrock revivalists Incredible Expanding Mindfuck, and Blackfield, a collaboration with Israeli rock star Aviv Geffen.
Showcasing his versatility, he also became an in-demand producer, working on records by the likes of Norwegian jazz vocalist Anja Garbarek, prog metallers Orphaned Land, and former Marillion frontman Fish; a music reviewer for Rolling Stone and Classic Rock magazine, and a guest vocalist on albums by Pendulum, Dream Theater, and Jordan Rudess. Beginning in 2003, Wilson began toying with the idea of a solo career, releasing several two-track singles featuring an original composition and a cover version (of tracks originally recorded by Alanis Morissette, ABBA, and Prince), but it wasn't until 2008 that he released his first solo album, Insurgentes, whose recording sessions also became the subject of a documentary/road movie by Danish photographer Lasse Hoile.
His sophomore outing, Grace for Drowning, a double-CD consisting of two albums titled Deform to Form a Star and Like Dust I Have Cleared from My Eye, followed in 2011. He embarked on his first solo tour the same year, and was asked to remix the back catalog of King Crimson and work with Opeth lead singer Mikael Åkerfeldt on an album under the name of Storm Corrosion. Get All You Deserve, an audio-video package that documented his 2011 tour (with a crack band) appeared late in 2012.
Wilson then began writing in earnest for his new group (which included former Miles Davis keyboardist Adam Holzman and lead guitarist Guthrie Govan). The Raven That Refused to Sing and Other Stories is a conceptual work based on a series of linked short stories written by Wilson or co-authored with Hajo Mueller. Wilson was also able to coax Alan Parsons out of semi-retirement to co-produce and engineer this set, which was released in early 2013. In October of the same year, he released the audio-video concert set Drive Home. The package featured a new animated video of the title track as well as ""The Raven That Refused to Sing,"" two new songs, and a concert from a previous tour in Frankfurt.
In the summer of 2014, Wilson released Cover Version, an album compiled from six singles recorded between 2003 and 2010 and originally issued individually on his Headphone Dust label. Each featured a pop cover on the A-side and an original on the flip; all songs were performed completely solo. In late 2014, Wilson began discussing and previewing Hand. Cannot. Erase., a concept album directly and metaphorically inspired by the real-life story of Joyce Vincent, a London woman who passed away and whose body, surrounded by undelivered Christmas presents, wasn't discovered for two years, despite the fact that she had many friends and acquaintances. It was issued in March of 2015. Later in the year, a double-vinyl compilation of songs featuring Wilson's more accessible pop/rock material was released as Transience.
Wilson took his all-star band -- Holzman, Govan, Nick Beggs, Dave Kilminster, Craig Blundell, Marco Minnemann, Chad Wackerman, and Theo Travis -- on a sold-out European tour. After a short break, he and the band revisited the Hand. Cannot. Erase. sessions, finishing four songs that had their origins there, and one from his previous album, The Raven That Refused to Sing. He also re-recorded ""Don't Hate Me,"" previously cut by Porcupine Tree in 1998. He titled the 37-minute-long album 4½, as it formed an interim release between Hand. Cannot. Erase. and a forthcoming studio project. It was released in January of 2016 during the band's European and American tours.
In May the following year, Wilson announced the release of his fifth solo album and debut for Caroline, To the Bone, writing that it was ""inspired by the hugely ambitious progressive pop records that I loved in my youth (think Peter Gabriel's So, Kate Bush's Hounds of Love, Talk Talk's Colour of Spring, and Tears for Fears' Seeds of Love)."" The first of four pre-release videos was ""Pariah,"" featuring Israeli vocalist Ninet Tayeb. Another, ""Song of I,"" showcased Sophie Hunger as a guest. Wilson began working on his sixth solo album, exploring themes of identity and technology. He said in press materials that it ""picks apart our 21st century utopia, while also allowing for moments of personal growth and optimism though dance, music, electronica and pop. The finished album, titled The Future Bites, was released in January 2021. He recorded his next set in isolation with remote input by the likes of Ninet Tayeb, Adam Holzman, Sam Fogarino, and more. The Harmony Codex arrived in September 2023. ~ Jon O'Brien & Thom Jurek",Permanating,Unknown,https://www.youtube.com/watch?v=K0gryiltJo0&pp=ygUZU3RldmVuIFdpbHNvbiBQZXJtYW5hdGluZw%3D%3D
To the Bone,https://lastfm.freetls.fastly.net/i/u/300x300/265b2c1ce90e970f3551d4f088e83c79.jpg,Steven Wilson,2017-08-18,"Known for an intense work ethic, Steven Wilson is among the U.K.'s most acclaimed and prolific artists. As a songwriter, multi-instrumentalist, and bandleader, Wilson made a gradual transition from cult status with Porcupine Tree, Bass Communion, No-Man, and Blackfield to mainstream success as a charting solo artist in the 21st century with 2011's Grace for Drowning, 2013's The Raven That Refused to Sing and Other Stories, and 2015's Top 40 prog-pop concept album Hand.Cannot.Erase. He followed with a 4½, a six-track mini album, and in 2017 released To the Bone, a collection that reflected his love of progressive pop. He continued that exploration with a meld of varying pop genres on 2021's The Future Bites, following with an album recorded in isolation, 2023's The Harmony Codex.
Born in Kingston Upon Thames in London in 1967, Wilson was inspired to pursue a career in music after devouring his parents' Pink Floyd and Donna Summer records, and by the age of 12 he had already started to experiment with different guitar and recording techniques.
After stints in several groups including psychedelic duo Altamont, prog rockers Karma, and new wave band Pride of Passion, Wilson went on to form art pop outfit No Man with vocalist Tim Bowness in 1987, and his famous creation Porcupine Tree in the same year; he alternated between the two, releasing 16 albums overall from 1991 to 2009. Despite these two long-term commitments, Wilson still found the time to pursue other projects in the '90s, recording material under the guise of ambient electronica act Bass Communion, Krautrock revivalists Incredible Expanding Mindfuck, and Blackfield, a collaboration with Israeli rock star Aviv Geffen.
Showcasing his versatility, he also became an in-demand producer, working on records by the likes of Norwegian jazz vocalist Anja Garbarek, prog metallers Orphaned Land, and former Marillion frontman Fish; a music reviewer for Rolling Stone and Classic Rock magazine, and a guest vocalist on albums by Pendulum, Dream Theater, and Jordan Rudess. Beginning in 2003, Wilson began toying with the idea of a solo career, releasing several two-track singles featuring an original composition and a cover version (of tracks originally recorded by Alanis Morissette, ABBA, and Prince), but it wasn't until 2008 that he released his first solo album, Insurgentes, whose recording sessions also became the subject of a documentary/road movie by Danish photographer Lasse Hoile.
His sophomore outing, Grace for Drowning, a double-CD consisting of two albums titled Deform to Form a Star and Like Dust I Have Cleared from My Eye, followed in 2011. He embarked on his first solo tour the same year, and was asked to remix the back catalog of King Crimson and work with Opeth lead singer Mikael Åkerfeldt on an album under the name of Storm Corrosion. Get All You Deserve, an audio-video package that documented his 2011 tour (with a crack band) appeared late in 2012.
Wilson then began writing in earnest for his new group (which included former Miles Davis keyboardist Adam Holzman and lead guitarist Guthrie Govan). The Raven That Refused to Sing and Other Stories is a conceptual work based on a series of linked short stories written by Wilson or co-authored with Hajo Mueller. Wilson was also able to coax Alan Parsons out of semi-retirement to co-produce and engineer this set, which was released in early 2013. In October of the same year, he released the audio-video concert set Drive Home. The package featured a new animated video of the title track as well as ""The Raven That Refused to Sing,"" two new songs, and a concert from a previous tour in Frankfurt.
In the summer of 2014, Wilson released Cover Version, an album compiled from six singles recorded between 2003 and 2010 and originally issued individually on his Headphone Dust label. Each featured a pop cover on the A-side and an original on the flip; all songs were performed completely solo. In late 2014, Wilson began discussing and previewing Hand. Cannot. Erase., a concept album directly and metaphorically inspired by the real-life story of Joyce Vincent, a London woman who passed away and whose body, surrounded by undelivered Christmas presents, wasn't discovered for two years, despite the fact that she had many friends and acquaintances. It was issued in March of 2015. Later in the year, a double-vinyl compilation of songs featuring Wilson's more accessible pop/rock material was released as Transience.
Wilson took his all-star band -- Holzman, Govan, Nick Beggs, Dave Kilminster, Craig Blundell, Marco Minnemann, Chad Wackerman, and Theo Travis -- on a sold-out European tour. After a short break, he and the band revisited the Hand. Cannot. Erase. sessions, finishing four songs that had their origins there, and one from his previous album, The Raven That Refused to Sing. He also re-recorded ""Don't Hate Me,"" previously cut by Porcupine Tree in 1998. He titled the 37-minute-long album 4½, as it formed an interim release between Hand. Cannot. Erase. and a forthcoming studio project. It was released in January of 2016 during the band's European and American tours.
In May the following year, Wilson announced the release of his fifth solo album and debut for Caroline, To the Bone, writing that it was ""inspired by the hugely ambitious progressive pop records that I loved in my youth (think Peter Gabriel's So, Kate Bush's Hounds of Love, Talk Talk's Colour of Spring, and Tears for Fears' Seeds of Love)."" The first of four pre-release videos was ""Pariah,"" featuring Israeli vocalist Ninet Tayeb. Another, ""Song of I,"" showcased Sophie Hunger as a guest. Wilson began working on his sixth solo album, exploring themes of identity and technology. He said in press materials that it ""picks apart our 21st century utopia, while also allowing for moments of personal growth and optimism though dance, music, electronica and pop. The finished album, titled The Future Bites, was released in January 2021. He recorded his next set in isolation with remote input by the likes of Ninet Tayeb, Adam Holzman, Sam Fogarino, and more. The Harmony Codex arrived in September 2023. ~ Jon O'Brien & Thom Jurek",People Who Eat Darkness,Unknown,https://www.youtube.com/watch?v=MPcoUCFAVcQ&pp=ygUlU3RldmVuIFdpbHNvbiBQZW9wbGUgV2hvIEVhdCBEYXJrbmVzcw%3D%3D
Set in Stone,https://lastfm.freetls.fastly.net/i/u/300x300/1eed65ec0a4ef9f3f5d32a2d4a226f0f.jpg,Stick Figure,2015-11-13,"A modern reggae act that fully embraces dub, Stick Figure is the inspiration of songwriter and multi-instrumentalist Scott Woodruff. While the music is influenced by dub's deep rhythms and sense of space, Stick Figure's melodies lean toward the more accessible side of roots reggae, and the lyrics reflect warmth, love, unity, and good times. The group initially gained attention in the mid-2000s, releasing a handful of more traditional offerings beginning with 2006's The Sound of My Addiction. Starting with 2009's Smoke Stack, Woodruff's melodies became poppier and the production took on a more inventive, rock-influenced tone, with more attention given to his guitar work, a vibe they've continued to develop on albums like 2012's Burial Ground and 2015's Set in Stone. With 2019's World on Fire, Stick Figure reached a milestone, topping the Reggae Albums chart and reaching 34 on the Billboard 200. It was creative high they further built upon with 2022's Wisdom.
Woodruff launched Stick Figure in 2006 as a one-man band out of his hometown of Duxbury, Massachusetts. The moniker was inspired by his high school nickname, bestowed upon him due to his lanky physique. He debuted the project with 2006's The Sound of My Addiction, which he recorded himself, playing all the instruments on the sessions. A sophomore album, Burnin' Ocean, arrived in 2008, followed a year later by Smoke Stack. Stick Figure had developed an online fan base, and the record eventually peaked at number eight on the Billboard Reggae Albums chart.
It was also around 2009 that Woodruff pulled up stakes and moved to San Diego, California. Eager to take the act on the road, he began adding musicians to his group, forming a four-piece version of Stick Figure and recording 2010's The Reprise Sessions. In 2012, Burial Ground was released and the group supported the album by touring as the opening act for the Green. Warmly received by audiences, the band shifted gears and focused on live work with numerous festival appearances and tours with Passafire, John Brown's Body, Rebelution, and Iration. Life on the road kept the group out of the studio until 2015, when the album Set in Stone arrived with Collie Buddz and Slightly Stoopid as guests.
By this time, Woodruff had opened his own studio in Oakland, Great Stone Studios, where he could lay down ideas whenever inspiration struck. 2019's World on Fire, recorded at Great Stone, mixed reggae grooves and jam-band vibes, and included guest spots from Slightly Stoopid, Citizen Cope, and TJ O'Neill. The album finished out the year as the top seller on Billboard's Top Reggae Albums chart and reached 34 on the Billboard 200. Woodruff also produced 2022's Wisdom, mixing the tracks with bandmate Johnny Cosmic. An equally vibrant sonic blend of dub reggae, pop melodies, and organic and electronic instrumentation, the album again featured a handful of guest spots, including contributions by longtime associates Slightly Stoopid, Barrington Levy, and Collie Buddz. ~ David Jeffries",Fire on the Horizon,Unknown,https://www.youtube.com/watch?v=LXQHmVVU8Cw&list=RDLXQHmVVU8Cw&start_radio=1&pp=ygUgU3RpY2sgRmlndXJlIEZpcmUgb24gdGhlIEhvcml6b26gBwE%3D
Set in Stone,https://lastfm.freetls.fastly.net/i/u/300x300/1eed65ec0a4ef9f3f5d32a2d4a226f0f.jpg,Stick Figure,2015-11-13,"A modern reggae act that fully embraces dub, Stick Figure is the inspiration of songwriter and multi-instrumentalist Scott Woodruff. While the music is influenced by dub's deep rhythms and sense of space, Stick Figure's melodies lean toward the more accessible side of roots reggae, and the lyrics reflect warmth, love, unity, and good times. The group initially gained attention in the mid-2000s, releasing a handful of more traditional offerings beginning with 2006's The Sound of My Addiction. Starting with 2009's Smoke Stack, Woodruff's melodies became poppier and the production took on a more inventive, rock-influenced tone, with more attention given to his guitar work, a vibe they've continued to develop on albums like 2012's Burial Ground and 2015's Set in Stone. With 2019's World on Fire, Stick Figure reached a milestone, topping the Reggae Albums chart and reaching 34 on the Billboard 200. It was creative high they further built upon with 2022's Wisdom.
Woodruff launched Stick Figure in 2006 as a one-man band out of his hometown of Duxbury, Massachusetts. The moniker was inspired by his high school nickname, bestowed upon him due to his lanky physique. He debuted the project with 2006's The Sound of My Addiction, which he recorded himself, playing all the instruments on the sessions. A sophomore album, Burnin' Ocean, arrived in 2008, followed a year later by Smoke Stack. Stick Figure had developed an online fan base, and the record eventually peaked at number eight on the Billboard Reggae Albums chart.
It was also around 2009 that Woodruff pulled up stakes and moved to San Diego, California. Eager to take the act on the road, he began adding musicians to his group, forming a four-piece version of Stick Figure and recording 2010's The Reprise Sessions. In 2012, Burial Ground was released and the group supported the album by touring as the opening act for the Green. Warmly received by audiences, the band shifted gears and focused on live work with numerous festival appearances and tours with Passafire, John Brown's Body, Rebelution, and Iration. Life on the road kept the group out of the studio until 2015, when the album Set in Stone arrived with Collie Buddz and Slightly Stoopid as guests.
By this time, Woodruff had opened his own studio in Oakland, Great Stone Studios, where he could lay down ideas whenever inspiration struck. 2019's World on Fire, recorded at Great Stone, mixed reggae grooves and jam-band vibes, and included guest spots from Slightly Stoopid, Citizen Cope, and TJ O'Neill. The album finished out the year as the top seller on Billboard's Top Reggae Albums chart and reached 34 on the Billboard 200. Woodruff also produced 2022's Wisdom, mixing the tracks with bandmate Johnny Cosmic. An equally vibrant sonic blend of dub reggae, pop melodies, and organic and electronic instrumentation, the album again featured a handful of guest spots, including contributions by longtime associates Slightly Stoopid, Barrington Levy, and Collie Buddz. ~ David Jeffries",In This Love,Unknown,https://www.youtube.com/watch?v=b_LsD-ImH74&list=RDb_LsD-ImH74&start_radio=1&pp=ygUZU3RpY2sgRmlndXJlIEluIFRoaXMgTG92ZaAHAQ%3D%3D
Set in Stone,https://lastfm.freetls.fastly.net/i/u/300x300/1eed65ec0a4ef9f3f5d32a2d4a226f0f.jpg,Stick Figure,2015-11-13,"A modern reggae act that fully embraces dub, Stick Figure is the inspiration of songwriter and multi-instrumentalist Scott Woodruff. While the music is influenced by dub's deep rhythms and sense of space, Stick Figure's melodies lean toward the more accessible side of roots reggae, and the lyrics reflect warmth, love, unity, and good times. The group initially gained attention in the mid-2000s, releasing a handful of more traditional offerings beginning with 2006's The Sound of My Addiction. Starting with 2009's Smoke Stack, Woodruff's melodies became poppier and the production took on a more inventive, rock-influenced tone, with more attention given to his guitar work, a vibe they've continued to develop on albums like 2012's Burial Ground and 2015's Set in Stone. With 2019's World on Fire, Stick Figure reached a milestone, topping the Reggae Albums chart and reaching 34 on the Billboard 200. It was creative high they further built upon with 2022's Wisdom.
Woodruff launched Stick Figure in 2006 as a one-man band out of his hometown of Duxbury, Massachusetts. The moniker was inspired by his high school nickname, bestowed upon him due to his lanky physique. He debuted the project with 2006's The Sound of My Addiction, which he recorded himself, playing all the instruments on the sessions. A sophomore album, Burnin' Ocean, arrived in 2008, followed a year later by Smoke Stack. Stick Figure had developed an online fan base, and the record eventually peaked at number eight on the Billboard Reggae Albums chart.
It was also around 2009 that Woodruff pulled up stakes and moved to San Diego, California. Eager to take the act on the road, he began adding musicians to his group, forming a four-piece version of Stick Figure and recording 2010's The Reprise Sessions. In 2012, Burial Ground was released and the group supported the album by touring as the opening act for the Green. Warmly received by audiences, the band shifted gears and focused on live work with numerous festival appearances and tours with Passafire, John Brown's Body, Rebelution, and Iration. Life on the road kept the group out of the studio until 2015, when the album Set in Stone arrived with Collie Buddz and Slightly Stoopid as guests.
By this time, Woodruff had opened his own studio in Oakland, Great Stone Studios, where he could lay down ideas whenever inspiration struck. 2019's World on Fire, recorded at Great Stone, mixed reggae grooves and jam-band vibes, and included guest spots from Slightly Stoopid, Citizen Cope, and TJ O'Neill. The album finished out the year as the top seller on Billboard's Top Reggae Albums chart and reached 34 on the Billboard 200. Woodruff also produced 2022's Wisdom, mixing the tracks with bandmate Johnny Cosmic. An equally vibrant sonic blend of dub reggae, pop melodies, and organic and electronic instrumentation, the album again featured a handful of guest spots, including contributions by longtime associates Slightly Stoopid, Barrington Levy, and Collie Buddz. ~ David Jeffries",Sound of the Sea,Unknown,https://www.youtube.com/watch?v=UL6GEX47Nk8&list=RDUL6GEX47Nk8&start_radio=1&pp=ygUdU3RpY2sgRmlndXJlIFNvdW5kIG9mIHRoZSBTZWGgBwE%3D
Set in Stone,https://lastfm.freetls.fastly.net/i/u/300x300/1eed65ec0a4ef9f3f5d32a2d4a226f0f.jpg,Stick Figure,2025-08-29,"A modern reggae act that fully embraces dub, Stick Figure is the inspiration of songwriter and multi-instrumentalist Scott Woodruff. While the music is influenced by dub's deep rhythms and sense of space, Stick Figure's melodies lean toward the more accessible side of roots reggae, and the lyrics reflect warmth, love, unity, and good times. The group initially gained attention in the mid-2000s, releasing a handful of more traditional offerings beginning with 2006's The Sound of My Addiction. Starting with 2009's Smoke Stack, Woodruff's melodies became poppier and the production took on a more inventive, rock-influenced tone, with more attention given to his guitar work, a vibe they've continued to develop on albums like 2012's Burial Ground and 2015's Set in Stone. With 2019's World on Fire, Stick Figure reached a milestone, topping the Reggae Albums chart and reaching 34 on the Billboard 200. It was creative high they further built upon with 2022's Wisdom.
Woodruff launched Stick Figure in 2006 as a one-man band out of his hometown of Duxbury, Massachusetts. The moniker was inspired by his high school nickname, bestowed upon him due to his lanky physique. He debuted the project with 2006's The Sound of My Addiction, which he recorded himself, playing all the instruments on the sessions. A sophomore album, Burnin' Ocean, arrived in 2008, followed a year later by Smoke Stack. Stick Figure had developed an online fan base, and the record eventually peaked at number eight on the Billboard Reggae Albums chart.
It was also around 2009 that Woodruff pulled up stakes and moved to San Diego, California. Eager to take the act on the road, he began adding musicians to his group, forming a four-piece version of Stick Figure and recording 2010's The Reprise Sessions. In 2012, Burial Ground was released and the group supported the album by touring as the opening act for the Green. Warmly received by audiences, the band shifted gears and focused on live work with numerous festival appearances and tours with Passafire, John Brown's Body, Rebelution, and Iration. Life on the road kept the group out of the studio until 2015, when the album Set in Stone arrived with Collie Buddz and Slightly Stoopid as guests.
By this time, Woodruff had opened his own studio in Oakland, Great Stone Studios, where he could lay down ideas whenever inspiration struck. 2019's World on Fire, recorded at Great Stone, mixed reggae grooves and jam-band vibes, and included guest spots from Slightly Stoopid, Citizen Cope, and TJ O'Neill. The album finished out the year as the top seller on Billboard's Top Reggae Albums chart and reached 34 on the Billboard 200. Woodruff also produced 2022's Wisdom, mixing the tracks with bandmate Johnny Cosmic. An equally vibrant sonic blend of dub reggae, pop melodies, and organic and electronic instrumentation, the album again featured a handful of guest spots, including contributions by longtime associates Slightly Stoopid, Barrington Levy, and Collie Buddz. ~ David Jeffries",All My Love,Unknown,https://www.youtube.com/watch?v=9OWkl5JD4us&list=RD9OWkl5JD4us&start_radio=1&pp=ygUaU3RpY2sgRmlndXJlIC0gQWxsIE15IExvdmWgBwE%3D
Core,https://lastfm.freetls.fastly.net/i/u/300x300/c1dd25f6e16c6b047675a816bdc323cb.jpg,Stone Temple Pilots,1992-09-29,"The alternative rock explosion of the 1990s was framed as a triumph of authenticity: grunge wiped out the sleazy hair metal of the '80s and ushered in an era of real, dangerous rock. Stone Temple Pilots complicated this narrative considerably. The quartet of Scott Weiland, Dean and Robert DeLeo, and Eric Kretz had a foot planted in two seemingly opposed camps, cutting their teeth on the Southern California hard rock circuit of the late '80s yet working steadily with Brendan O'Brien, who also produced albums by Pearl Jam, one of the biggest bands to hail from Seattle, the birthplace of grunge. For a while, STP outpaced their contemporaries at least in terms of hit singles, racking up constant plays on MTV and rock radio with ""Plush,"" ""Creep,"" ""Big Empty,"" ""Vasoline,"" ""Interstate Love Song,"" and ""Big Bang Baby."" Each of their signature hits boasted a canny blend of crunching classic rock riffs, psychedelic flair, and candied pop melodies, a combination that helped the songs endure beyond the band's '90s heyday. Behind the scenes, Stone Temple Pilots were plagued with personal problems, many stemming from Weiland's troubles with addiction, and the weight of these battles led to the band's breakup in 2002. After a few years, the group reunited long enough to deliver a comeback album in 2010, but Weiland died of an accidental overdose in 2015, leaving the surviving members to carry on with replacement lead singers, including late Linkin Park frontman Chester Bennington and The X Factor competitor Jeff Gutt.
Formed in the late '80s, the band was originally dubbed Mighty Joe Young. Gigging around San Diego, the DeLeo brothers, Weiland, and Kretz built a local audience before entering the studio with O'Brien. Forced to change their name for legal reasons, they latched onto the STP motor oil brand and eventually decided to flesh the initials out as Stone Temple Pilots. They signed with Atlantic in 1992 and delivered their debut, Core, later that year. A balanced blend of sleaze and introspection, the set was an immediate success and yielded a handful of hit singles, including the mainstream rock chart-topper ""Plush."" An MTV Unplugged recording was released the following year, producing another radio hit, ""Big Empty"" (which also appeared on the soundtrack for The Crow). Riding the wave of mainstream popularity, they issued their sophomore album, Purple, in 1994. Their sole Billboard 200 chart-topper, the multi-platinum international smash was a peak in the band's career, home to their most enduring single, ""Interstate Love Song.""
Following the success of Purple and its accompanying tour, the band took some time off, during which Weiland developed a heroin addiction. In the spring of 1995, he was arrested for possession of heroin and cocaine, and was sentenced to a drug rehabilitation facility. Following his completion of the program, Stone Temple Pilots recorded their third album. Released in the spring of 1996, Tiny Music...Songs from the Vatican Gift Shop entered the charts at number four. Featuring a bold glam rock sound, the album included three hit singles, each of which went to number one on the mainstream rock chart. Shortly after its release, Stone Temple Pilots announced that Weiland had relapsed and entered another rehab facility, thereby canceling the group's plans for a summer tour. Weiland's drug problems and the group's inability to support Tiny Music with a tour meant that the album couldn't replicate the success of its predecessors; by the end of the summer, it had fallen out of the Top 50 and stalled at platinum, which was considerably less than what the group's two previous albums achieved.
Still battling his personal demons, Weiland recorded a 1998 solo album, 12 Bar Blues, while the remaining members of STP recruited vocalist Dave Coutts (Ten Inch Men) to record a self-titled LP under the band name Talk Show. To the surprise of many, Stone Temple Pilots reunited, completing 1999's No. 4, a dark affair that marked their first appearance on Billboard's Hot 100 with the pensive single ""Sour Girl."" However, shortly after the album's release, Weiland was sentenced to a year in a Los Angeles county jail for violating his probation, which stemmed from an earlier conviction for heroin possession. Despite these continued setbacks, a newly rejuvenated Stone Temple Pilots and a sober Weiland emerged seemingly stronger than ever at the start of the new millennium. The band got back to basics with Shangri-La Dee Da, released in summer 2001. Single ""Days of the Week"" was a Top Five favorite on the rock charts, but the album never made it past gold-certification and was one of their lowest charting to date. Two years later, STP issued the greatest-hits package Thank You. The audio-only edition featured 15 tracks -- 13 hits spanning the group's entire career, an acoustic version of ""Plush"" dating from 1992, and the new track ""All in the Suit That You Wear"" -- while a special CD/DVD format included three hours of videos, live performances, and behind-the-scenes footage.
Stone Temple Pilots took another break between 2003 and 2008, during which time the DeLeo brothers joined Richard Patrick (Filter) and Ray Luzier (Korn) to form Army of Anyone and Weiland found renewed success as the frontman of supergroup Velvet Revolver. After clashes with his bandmates -- including Slash, Matt Sorum, and Duff McKagan of Guns N' Roses -- resulted in his exit from the group, Weiland reunited with STP and embarked on a successful reunion tour in 2008. The band returned to the studio one year later, emerging in 2010 with the release of Stone Temple Pilots, their self-titled sixth album. It reached number two on the U.S. album charts, and the band embarked on a worldwide tour that wound up being documented on the 2011 live video Alive in the Windy City. STP were planning to continue a tour in 2012, possibly playing their Core debut in its entirety, but these plans fell apart, and on February 27, 2013 the group announced they had fired Weiland.
On the following day, the singer countered that this was all a ruse to boost ticket sales and that lawyers would straighten out the situation, but the remaining members of Stone Temple Pilots soldiered on without him, appearing as surprise guests at KROQ's annual Weenie Roast that May with new vocalist Chester Bennington from Linkin Park. The new outfit -- billed as Stone Temple Pilots with Chester Bennington -- issued a single, ""Out of Time,"" which landed on their sole release together, High Rise. Bennington toured with the band until 2015, but soon returned to his efforts with Linkin Park. Later that year, on December 3, Weiland was found dead in Bloomington, Minnesota while on tour with his band the Wildabouts. Following Bennington's departure, Stone Temple Pilots set out to find his replacement by holding auditions online. Before they could announce a new singer, Bennington passed away on July 20, 2017.
Despite the tumultuous and tragic decade, the band celebrated the 25th anniversary of Core with a Super Deluxe Edition released in September 2017. Shortly afterward, they hired Jeff Gutt -- who had previously appeared in the U.S. version of the television musical competition The X Factor -- as their new lead singer. This STP lineup released the band's second eponymous album in March 2018; Stone Temple Pilots (Rhino) debuted at 24 on Billboard's Top 200. The group closed the decade with the release of another anniversary Super Deluxe Edition, this time for Purple.
In 2020, STP switched directions for their eighth studio album -- and second with Gutt -- Perdida. The acoustic affair featured unexpected instrumentation -- flute, a string section, saxophone, and even a marxophone -- and included the single ""Fare Thee Well."" The album hit number 21 on Billboard's Top Alternative Albums chart. ~ Stephen Thomas Erlewine & Neil Z. Yeung",Wicked Garden,Unknown,https://www.youtube.com/watch?v=2oPeZFOpPAM&pp=ygUhU3RvbmUgVGVtcGxlIFBpbG90cyBXaWNrZWQgR2FyZGVu
Elevator Music,,Strange Pets,2025-04-28,,Elevator Music - Strange Pets,Unknown,https://www.youtube.com/watch?v=WK-UyhINC24&list=RDWK-UyhINC24&start_radio=1&pp=ygUqU3RyYW5nZSBQZXRzIEVsZXZhdG9yIE11c2ljIC0gU3RyYW5nZSBQZXRzoAcB0gcJCYQJAYcqIYzv
Sublime,https://lastfm.freetls.fastly.net/i/u/300x300/0e9c12d7f8a7319ec103b73a87f889d7.jpg,Sublime,1996-07-30,"Formed in 1988 as a garage punk band, Sublime rose to fame in the mid-'90s on the back of the California punk explosion engendered by Green Day and the Offspring, though Sublime boosted their punk influences with heavy elements of reggae and ska. The band released only two albums during its first seven years, and finally found mainstream success with a self-titled release in 1996. It proved to be Sublime's last proper album, however, as lead singer Brad Nowell died in May 1996, just two months before the record's release.
The three Long Beach musicians who comprised Sublime -- vocalist/guitarist Nowell, bassist Eric Wilson, and drummer Bud Gaugh -- played their first gig on July 4, 1988, at a small Long Beach club (a show that sparked the infamous Peninsula Riot). The group began touring heavily while amassing an increasingly substantial following, especially among the surf/skate beach crowd. After four years of concentrating strictly on live shows, Sublime recorded their first album, 40oz. to Freedom, in 1992. The LP was released on Skunk Records -- a label formed by Nowell with Sublime manager Miguel -- and sold at local shows, but it really started to break when local radio station KROQ began playing the single ""Date Rape"" two years after its initial release.
Mostly due to that radio exposure, Sublime signed to MCA in time for 1994's Robbin' the Hood, which revealed an experimental ethic more in keeping with cut-and-paste dub than the well-tuned rage of the Cali punk revival. The album performed well at college radio and set the stage for the breakout success of their self-titled third album. On May 25, 1996, however, Nowell was found in a San Francisco hotel room, dead of a heroin overdose. The band collapsed, but the eponymous Sublime was still slated for a July release.
On the strength of the chart-topping alternative radio hit ""What I Got,"" the album was certified gold by the end of 1996. ""Santeria"" and ""Wrong Way"" also enjoyed heavy airplay, and Sublime eventually sold more than five-million copies, making it one of the most popular ska-punk albums in history. Such success spread to the band's earlier albums too, leading 40oz. to Freedom to double-platinum sales and Robbin' the Hood to gold certification. As Sublime's legend lived on, Wilson and Gaugh formed a new band called Long Beach Dub Allstars, although the group failed to capture the mainstream accolades that Sublime had briefly enjoyed. There were also a number of posthumous Sublime releases, among them 1997's Second Hand Smoke, 1998's Stand by Your Van and Acoustic: Bradley Nowell & Friends, Greatest Hits in 1999, and Gold in 2005.
In 2009, Wilson and Gaugh began touring with singer/songwriter Rome Ramirez under the moniker Sublime with Rome. In 2011, Sublime with Rome released their debut album, Yours Truly, on Fueled by Ramen. ~ John Bush",Garden Grove,Unknown,https://www.youtube.com/watch?v=lpcpLoupE9I&pp=ygUUU3VibGltZSBHYXJkZW4gR3JvdmU%3D
Sublime,https://lastfm.freetls.fastly.net/i/u/300x300/0e9c12d7f8a7319ec103b73a87f889d7.jpg,Sublime,1996-07-30,"Formed in 1988 as a garage punk band, Sublime rose to fame in the mid-'90s on the back of the California punk explosion engendered by Green Day and the Offspring, though Sublime boosted their punk influences with heavy elements of reggae and ska. The band released only two albums during its first seven years, and finally found mainstream success with a self-titled release in 1996. It proved to be Sublime's last proper album, however, as lead singer Brad Nowell died in May 1996, just two months before the record's release.
The three Long Beach musicians who comprised Sublime -- vocalist/guitarist Nowell, bassist Eric Wilson, and drummer Bud Gaugh -- played their first gig on July 4, 1988, at a small Long Beach club (a show that sparked the infamous Peninsula Riot). The group began touring heavily while amassing an increasingly substantial following, especially among the surf/skate beach crowd. After four years of concentrating strictly on live shows, Sublime recorded their first album, 40oz. to Freedom, in 1992. The LP was released on Skunk Records -- a label formed by Nowell with Sublime manager Miguel -- and sold at local shows, but it really started to break when local radio station KROQ began playing the single ""Date Rape"" two years after its initial release.
Mostly due to that radio exposure, Sublime signed to MCA in time for 1994's Robbin' the Hood, which revealed an experimental ethic more in keeping with cut-and-paste dub than the well-tuned rage of the Cali punk revival. The album performed well at college radio and set the stage for the breakout success of their self-titled third album. On May 25, 1996, however, Nowell was found in a San Francisco hotel room, dead of a heroin overdose. The band collapsed, but the eponymous Sublime was still slated for a July release.
On the strength of the chart-topping alternative radio hit ""What I Got,"" the album was certified gold by the end of 1996. ""Santeria"" and ""Wrong Way"" also enjoyed heavy airplay, and Sublime eventually sold more than five-million copies, making it one of the most popular ska-punk albums in history. Such success spread to the band's earlier albums too, leading 40oz. to Freedom to double-platinum sales and Robbin' the Hood to gold certification. As Sublime's legend lived on, Wilson and Gaugh formed a new band called Long Beach Dub Allstars, although the group failed to capture the mainstream accolades that Sublime had briefly enjoyed. There were also a number of posthumous Sublime releases, among them 1997's Second Hand Smoke, 1998's Stand by Your Van and Acoustic: Bradley Nowell & Friends, Greatest Hits in 1999, and Gold in 2005.
In 2009, Wilson and Gaugh began touring with singer/songwriter Rome Ramirez under the moniker Sublime with Rome. In 2011, Sublime with Rome released their debut album, Yours Truly, on Fueled by Ramen. ~ John Bush","April 29, 1992 (Miami)",Unknown,https://www.youtube.com/watch?v=Z6qvbycZXKI&pp=ygUgU3VibGltZSAtIEFwcmlsIDI5LCAxOTkyIChNaWFtaSk%3D
Sublime,https://lastfm.freetls.fastly.net/i/u/300x300/0e9c12d7f8a7319ec103b73a87f889d7.jpg,Sublime,1996-07-30,"Formed in 1988 as a garage punk band, Sublime rose to fame in the mid-'90s on the back of the California punk explosion engendered by Green Day and the Offspring, though Sublime boosted their punk influences with heavy elements of reggae and ska. The band released only two albums during its first seven years, and finally found mainstream success with a self-titled release in 1996. It proved to be Sublime's last proper album, however, as lead singer Brad Nowell died in May 1996, just two months before the record's release.
The three Long Beach musicians who comprised Sublime -- vocalist/guitarist Nowell, bassist Eric Wilson, and drummer Bud Gaugh -- played their first gig on July 4, 1988, at a small Long Beach club (a show that sparked the infamous Peninsula Riot). The group began touring heavily while amassing an increasingly substantial following, especially among the surf/skate beach crowd. After four years of concentrating strictly on live shows, Sublime recorded their first album, 40oz. to Freedom, in 1992. The LP was released on Skunk Records -- a label formed by Nowell with Sublime manager Miguel -- and sold at local shows, but it really started to break when local radio station KROQ began playing the single ""Date Rape"" two years after its initial release.
Mostly due to that radio exposure, Sublime signed to MCA in time for 1994's Robbin' the Hood, which revealed an experimental ethic more in keeping with cut-and-paste dub than the well-tuned rage of the Cali punk revival. The album performed well at college radio and set the stage for the breakout success of their self-titled third album. On May 25, 1996, however, Nowell was found in a San Francisco hotel room, dead of a heroin overdose. The band collapsed, but the eponymous Sublime was still slated for a July release.
On the strength of the chart-topping alternative radio hit ""What I Got,"" the album was certified gold by the end of 1996. ""Santeria"" and ""Wrong Way"" also enjoyed heavy airplay, and Sublime eventually sold more than five-million copies, making it one of the most popular ska-punk albums in history. Such success spread to the band's earlier albums too, leading 40oz. to Freedom to double-platinum sales and Robbin' the Hood to gold certification. As Sublime's legend lived on, Wilson and Gaugh formed a new band called Long Beach Dub Allstars, although the group failed to capture the mainstream accolades that Sublime had briefly enjoyed. There were also a number of posthumous Sublime releases, among them 1997's Second Hand Smoke, 1998's Stand by Your Van and Acoustic: Bradley Nowell & Friends, Greatest Hits in 1999, and Gold in 2005.
In 2009, Wilson and Gaugh began touring with singer/songwriter Rome Ramirez under the moniker Sublime with Rome. In 2011, Sublime with Rome released their debut album, Yours Truly, on Fueled by Ramen. ~ John Bush",Doin’ Time,Unknown,https://www.youtube.com/watch?v=2yT8RsCarJA&pp=ygURU3VibGltZSBEb2luIFRpbWU%3D
Sublime,https://lastfm.freetls.fastly.net/i/u/300x300/0e9c12d7f8a7319ec103b73a87f889d7.jpg,Sublime,1996-07-30,"Formed in 1988 as a garage punk band, Sublime rose to fame in the mid-'90s on the back of the California punk explosion engendered by Green Day and the Offspring, though Sublime boosted their punk influences with heavy elements of reggae and ska. The band released only two albums during its first seven years, and finally found mainstream success with a self-titled release in 1996. It proved to be Sublime's last proper album, however, as lead singer Brad Nowell died in May 1996, just two months before the record's release.
The three Long Beach musicians who comprised Sublime -- vocalist/guitarist Nowell, bassist Eric Wilson, and drummer Bud Gaugh -- played their first gig on July 4, 1988, at a small Long Beach club (a show that sparked the infamous Peninsula Riot). The group began touring heavily while amassing an increasingly substantial following, especially among the surf/skate beach crowd. After four years of concentrating strictly on live shows, Sublime recorded their first album, 40oz. to Freedom, in 1992. The LP was released on Skunk Records -- a label formed by Nowell with Sublime manager Miguel -- and sold at local shows, but it really started to break when local radio station KROQ began playing the single ""Date Rape"" two years after its initial release.
Mostly due to that radio exposure, Sublime signed to MCA in time for 1994's Robbin' the Hood, which revealed an experimental ethic more in keeping with cut-and-paste dub than the well-tuned rage of the Cali punk revival. The album performed well at college radio and set the stage for the breakout success of their self-titled third album. On May 25, 1996, however, Nowell was found in a San Francisco hotel room, dead of a heroin overdose. The band collapsed, but the eponymous Sublime was still slated for a July release.
On the strength of the chart-topping alternative radio hit ""What I Got,"" the album was certified gold by the end of 1996. ""Santeria"" and ""Wrong Way"" also enjoyed heavy airplay, and Sublime eventually sold more than five-million copies, making it one of the most popular ska-punk albums in history. Such success spread to the band's earlier albums too, leading 40oz. to Freedom to double-platinum sales and Robbin' the Hood to gold certification. As Sublime's legend lived on, Wilson and Gaugh formed a new band called Long Beach Dub Allstars, although the group failed to capture the mainstream accolades that Sublime had briefly enjoyed. There were also a number of posthumous Sublime releases, among them 1997's Second Hand Smoke, 1998's Stand by Your Van and Acoustic: Bradley Nowell & Friends, Greatest Hits in 1999, and Gold in 2005.
In 2009, Wilson and Gaugh began touring with singer/songwriter Rome Ramirez under the moniker Sublime with Rome. In 2011, Sublime with Rome released their debut album, Yours Truly, on Fueled by Ramen. ~ John Bush",What I Got,Unknown,https://www.youtube.com/watch?v=0Uc3ZrmhDN4&list=RD0Uc3ZrmhDN4&start_radio=1&pp=ygUSU3VibGltZSBXaGF0IEkgR290oAcB
Sublime,https://lastfm.freetls.fastly.net/i/u/300x300/0e9c12d7f8a7319ec103b73a87f889d7.jpg,Sublime,1996-07-30,"Formed in 1988 as a garage punk band, Sublime rose to fame in the mid-'90s on the back of the California punk explosion engendered by Green Day and the Offspring, though Sublime boosted their punk influences with heavy elements of reggae and ska. The band released only two albums during its first seven years, and finally found mainstream success with a self-titled release in 1996. It proved to be Sublime's last proper album, however, as lead singer Brad Nowell died in May 1996, just two months before the record's release.
The three Long Beach musicians who comprised Sublime -- vocalist/guitarist Nowell, bassist Eric Wilson, and drummer Bud Gaugh -- played their first gig on July 4, 1988, at a small Long Beach club (a show that sparked the infamous Peninsula Riot). The group began touring heavily while amassing an increasingly substantial following, especially among the surf/skate beach crowd. After four years of concentrating strictly on live shows, Sublime recorded their first album, 40oz. to Freedom, in 1992. The LP was released on Skunk Records -- a label formed by Nowell with Sublime manager Miguel -- and sold at local shows, but it really started to break when local radio station KROQ began playing the single ""Date Rape"" two years after its initial release.
Mostly due to that radio exposure, Sublime signed to MCA in time for 1994's Robbin' the Hood, which revealed an experimental ethic more in keeping with cut-and-paste dub than the well-tuned rage of the Cali punk revival. The album performed well at college radio and set the stage for the breakout success of their self-titled third album. On May 25, 1996, however, Nowell was found in a San Francisco hotel room, dead of a heroin overdose. The band collapsed, but the eponymous Sublime was still slated for a July release.
On the strength of the chart-topping alternative radio hit ""What I Got,"" the album was certified gold by the end of 1996. ""Santeria"" and ""Wrong Way"" also enjoyed heavy airplay, and Sublime eventually sold more than five-million copies, making it one of the most popular ska-punk albums in history. Such success spread to the band's earlier albums too, leading 40oz. to Freedom to double-platinum sales and Robbin' the Hood to gold certification. As Sublime's legend lived on, Wilson and Gaugh formed a new band called Long Beach Dub Allstars, although the group failed to capture the mainstream accolades that Sublime had briefly enjoyed. There were also a number of posthumous Sublime releases, among them 1997's Second Hand Smoke, 1998's Stand by Your Van and Acoustic: Bradley Nowell & Friends, Greatest Hits in 1999, and Gold in 2005.
In 2009, Wilson and Gaugh began touring with singer/songwriter Rome Ramirez under the moniker Sublime with Rome. In 2011, Sublime with Rome released their debut album, Yours Truly, on Fueled by Ramen. ~ John Bush",Wrong Way,Unknown,https://www.youtube.com/watch?v=uLifSFBs_Lk&list=RDuLifSFBs_Lk&start_radio=1&pp=ygURU3VibGltZSBXcm9uZyBXYXmgBwE%3D
No Help for the Mighty Ones,https://lastfm.freetls.fastly.net/i/u/300x300/c8b5f1b1d3c243d59d6b1ac4bcbdea95.png,SubRosa,2011-02-11,"Hailing from Salt Lake City, Utah, SubRosa embrace an ambitious and idiosyncratic amalgam of sludge, doom, and stoner rock influences, with traces of psychedelia, goth, and indie rock adding texture to the formula. The band also adds unusual instrumental accents to its sonic onslaught with the use of electric violins as well as the traditional guitar, bass, and drums. SubRosa were formed in 2005 by guitarist and lead singer Rebecca Vernon, whose music and lyrics were informed by her fascination with classic science fiction literature. Teaming with violinist Sarah Pendleton, they self-released the first SubRosa recording, The Worm Has Turned, in 2006. Their music attracted the attention of the Swedish metal label I Hate Records, which issued SubRosa's first full-length album, Strega, in 2008. A second violinist, Kim Pack, joined in time for the release of the 2009 EP Swans Trapped in Ice. Bassist Dave Jones and drummer Zach Hatsis joined SubRosa for the recording of 2011's No Help for the Mighty Ones, released by Profound Lore Records. The album proved to be SubRosa's critical breakthrough, earning enthusiastic notices in Decibel and Pitchfork and appearing on several ""Best of 2011"" lists. Drummer Andy Patterson replaced Hatsis in 2012, and the third SubRosa album, More Constant Than the Gods, followed in September 2013. The album was another critical favorite, with Rolling Stone and Spin both naming it one of the ""20 Best Metal Albums of the Year."" For This We Fought the Battle of Ages was released in August 2016; it featured new bassist Levi Hanna, and the song ""Troubled Cells,"" written as a response to growing suicide rates among Utah's LGBT+ youth, became the group's first music video. SubRosa's appearance at the Roadburn Music Festival in the Netherlands was documented with the album Subdued: Live at Roadburn 2017, which debuted another bassist, Kory Quist. ~ Mark Deming","Borrowed Time, Borrowed Eyes",Unknown,https://www.youtube.com/watch?v=vMC6vZrk4aE&pp=ygUmU3ViUm9zYSAtIEJvcnJvd2VkIFRpbWUsIEJvcnJvd2VkIEV5ZXM%3D
Dog Man Star,https://lastfm.freetls.fastly.net/i/u/300x300/18e20638faf14097a6f6d630ddcbb2b1.png,Suede,1994-10-10,"Suede kick-started the Brit-pop revolution of the 1990s, reviving the romance and drama of glammy guitar rock for an era that got mired in the swirling neo-psychedelia of shoegaze and Madchester. Despite their enormous influence, Suede always seemed to exist on the margins of Brit-pop, never indulging in the laddish behavior that wound up defining the scene by the mid-'90s. Part of this was due to a matter of taste: Suede didn't favor the brightly colored sounds of the swinging '60s, they preferred the seedy, arty styles of proto- and post-punk. It proved to be the foundation for an enduring career, yet after the release of their eponymous debut in 1993, Brit-pop soon became defined by boisterous hooks and lager-swilling loud guitars, and the group was ill-equipped to combat the shifting tides due to a rift between their vocalist Brett Anderson and guitarist Bernard Butler. Butler left during the recording of 1994's Dog Man Star, a weighty double-album that emphasized the gothic undertones in Suede's work. Continuing with guitarist Richard Oakes, Suede swapped gloom for ""Trash,"" creating a fizzy spin on glam for Coming Up, their biggest hit album of the '90s. The group followed in that direction for two more albums before splitting, only to reunite a decade later with Bloodsports, an effort that touched upon the highs of Suede and Dog Man Star. The reunited Suede turned into an institution as they found new ways to spin their signature sound on such albums as 2022's Autofiction.
Through all of Suede's history, vocalist/lyricist Brett Anderson and bassist Mat Osman remained at the band's core. The son of a cabdriver, Anderson formed the Smiths-inspired Geoff in 1985 with his schoolmate Osman and drummer Danny Wilder. Anderson was the group's guitarist; Gareth Perry was the band's vocalist. Geoff recorded two demos before splitting up in 1986, as Anderson and Osman left to attend university in London. A few years later, the pair formed Suave & Elegant, which lasted only a few months. By the end of 1989, the pair had placed an advertisement in New Musical Express, asking for a ""non-muso"" guitarist. Bernard Butler responded, and the trio began recording songs, primarily written by Anderson and Butler, with the support of a drum machine. Taking the name Suede after Morrissey's ""Suedehead"" single, the trio sent a demo tape, Specially Suede, to compete in Demo Clash, a radio show on GLR run by DJ Gary Crowley. ""Wonderful Sometimes"" won Demo Clash for five Sundays in a row in 1990, leading to a record contract with the Brighton-based indie label RML. By the time the band signed with RML, Anderson's girlfriend, Justine Frischmann, had joined as a second guitarist.
Suede placed an advertisement for a drummer, and former Smiths member Mike Joyce responded. Joyce appeared on the group's debut single for RML, ""Be My God""/""Art."" Scheduled to be released on a 12"" in the fall of 1990, the single was scrapped shortly before its release due to a fight between the band and the label. Throughout 1991, the group rehearsed and recorded demos, eventually adding drummer Simon Gilbert. Frischmann left Suede in early 1992 to form Elastica; she was not replaced. A few months later, Suede signed a two-single deal with the indie label Nude Records. Shortly afterward, the band appeared on the cover of Melody Maker, without having released any material. The weekly newspaper declared them the Best New Band in Britain.
""The Drowners,"" the band's first single, appeared shortly after the Melody Maker cover, and it became a moderate hit, debuting at number 49 to strong reviews and word of mouth. ""Metal Mickey,"" released in the fall, became their breakthrough hit, reaching number 17 on the U.K. charts after a suggestive, controversial performance on Top of the Pops. Anderson soon became notorious for causing controversy, and his infamous comment that he was ""a bisexual man who never had a homosexual experience"" was indicative of how the group both courted controversy and a sexually ambiguous, alienated audience.
A short tour before the spring release of their eponymous debut album was very successful, setting the stage for ""Animal Nitrate"" debuting at number seven. Shortly afterward, Suede entered the charts at number one, registering the biggest initial sales of a debut since Frankie Goes to Hollywood's Welcome to the Pleasuredome. By the summer, Suede had become the most popular band in Britain -- winning the prestigious Mercury Music Prize for Best Album that fall -- and they attempted to make headway into the United States. Their progress was halted when Butler's father died that fall, forcing the cancellation of their second tour; they had already begun to be upstaged by their opening act, the Cranberries, who received the support from MTV that Suede lacked. Shortly afterward, the band was forced to change its name to the London Suede in America, due to a lawsuit from an obscure lounge singer performing under the name Suede.
Tensions had begun to develop between Bernard Butler and the rest of the band during the group's 1993 tours, and they peaked when they reentered the studio to record a new single in late 1993. Butler conceived the song ""Stay Together"" as a sweeping epic partially in tribute to his father, and while it was a success upon its February 1994 release, debuting at number three, the recording was not easy. As they were working on Suede's second album, Anderson and Butler began to fight frequently, with the guitarist claiming in a rare interview that the singer worked too slowly and that his partner was too concerned with rock stardom, often at the expense of the music. Butler left the band toward the end of the sessions for the second album, and the group finished the record with Anderson playing guitar. Bernard's departure launched a flurry of speculation about Suede's future, and Dog Man Star didn't answer any of those questions. The grandiose, ambitious, and heavily orchestrated Dog Man Star was greeted with enthusiastic reviews but muted commercial response. As Suede were working on their second album, their remarkable commercial success was eclipsed by that of Blur and Oasis, whose lighter, more accessible music brought both groups blockbuster success in the wake of Suede.
While Dog Man Star sold nearly as well as Suede, the impression in the press was that the group was rapidly falling apart, and the band didn't help matters when Butler was replaced by Richard Oakes, a 17-year-old amateur guitarist, in September. Suede embarked on a long, grueling international tour in late 1994 and the spring of 1995, before disappearing to work on their third album. In the interim, Butler had a Top Ten single with vocalist David McAlmont, and Gilbert, the only gay member of Suede, was attacked in a hate crime in the fall. At a fan club gig in January of 1996, Suede debuted several new songs, as well as their new keyboardist, Neil Codling, Gilbert's cousin. The group returned as a five-piece in September of 1996 with Coming Up. A lighter, more band-oriented affair than either of Suede's two previous albums, Coming Up was an unexpected hit, entering the charts at number one and generating a remarkable string of five Top Ten hits -- ""Trash,"" ""Beautiful Ones,"" ""Saturday Night,"" ""Lazy,"" and ""Filmstar."" Coming Up was a hit throughout Europe, Canada, and Asia, but it wasn't released in the U.S. until the spring of 1997.
Coming Up never did win an audience in America, partially because it appeared nearly a year after its initial release and partially because Suede only supported it with a three-city tour. Nevertheless, the record was their most successful release to date, setting expectations high for the follow-up. Upon their return to the studio in the fall of 1998, Suede decided to ditch their longtime producer, Ed Buller, choosing to work with Steve Osborne, who had previously produced New Order and Happy Mondays. The resulting album, Head Music, was released in May of 1999; an American release followed in June. Featuring heavy use of analog synthesizers and drum machines, Head Music divided opinion among hardcore Suede fans, who preferred the band's more guitar-centric approach. However, the production changes were largely aesthetic, and the band still delivered plenty of anthemic glitter rock glitz with songs like ""Electricity,"" ""Can't Get Enough,"" and ""She's in Fashion.""
Around 2001, Suede found themselves at a career crossroads. Keyboardist Codling, who had contributed greatly to the writing on Head Music, left the band and was replaced by Strangelove's Alex Lee. Adding to the sense of change, the band's label, Nude Records, went bankrupt and Suede were left at the mercy of their parent label, Sony. Also around this time, Anderson, having struggled with drug addiction (he later admitted to being a crack addict), finally decided to get clean. Despite these upheavals, by 2003 Suede had finished their fifth studio album, the Stephen Street-produced A New Morning. Unfortunately, public interest in Suede, not to mention the Brit-pop sound, had faded by the early 2000s and the album sold poorly. Several concerts followed in support of the band's 2003 compilation, Singles, but by October, Suede had announced they would not be releasing any new music in the foreseeable future. They played their final concert at the London Astoria on December 13, 2003, before going on indefinite hiatus. Following the break, Anderson did the previously unthinkable and reunited with original Suede guitarist Bernard Butler under the name the Tears. The duo released a well-received 2005 album, Here Come the Tears. Also during the hiatus, Anderson recorded four low-key solo albums with 2007's Brett Anderson, 2008's Wilderness, 2009's Slow Attack, and 2011's Black Rainbows.
Finally, in 2010, with Codling back on board, Suede reunited for several live shows beginning with a performance at the Teenage Cancer Trust show at Royal Albert Hall on March 24. This led to more shows, including a tour promoting the compilation album The Best of Suede. By 2011, the band had begun performing new songs live, and in 2012, Suede announced they were in the studio working on a new album with producer Ed Buller, who had produced the band's first three albums. In 2013, Suede released their sixth studio album and first album of all-original material since 2003, Bloodsports. Suede debuted several of the Bloodsports tracks online, including ""Barriers"" and ""It Starts and Ends with You."" The release featured a more mature perspective from Anderson, and a sound that harked back to the grand guitar pop of Suede's early work. After playing anniversary concerts celebrating Dog Man Star in 2014, Suede returned to the studio to make their seventh studio album. In September 2015, they announced the impending release of Night Thoughts. A dark, majestic album that recalled Dog Man Star, Night Thoughts saw release in late January 2016, debuting at six on the U.K. charts. Later that year, the band released a super deluxe 20th anniversary edition of Coming Up. The band spent 2017 in the studio writing and recording their eighth LP. The record -- titled The Blue Hour -- marked the first effort collaboration with producer Alan Moulder (the Smashing Pumpkins, Nine Inch Nails) and arrived in September 2018. The Blue Hour debuted at five in the U.K., their best chart position since Head Music in 1999. Also In 2018, the band was the subject of a documentary called Suede: The Insatiable Ones, which was directed by Mike Christie.
Suede returned in September 2022 with Autofiction, an edgy, post-punk-inspired album produced by Ed Buller. Autofiction debuted at number two on the U.K. charts and the group supported it with a co-headlining tour of North America with the Manic Street Preachers. ~ Stephen Thomas Erlewine",New Generation,Unknown,https://www.youtube.com/watch?v=hkSlV8nAuCs&pp=ygUUU3VlZGUgTmV3IEdlbmVyYXRpb24%3D
Dog Man Star,https://lastfm.freetls.fastly.net/i/u/300x300/18e20638faf14097a6f6d630ddcbb2b1.png,Suede,1994-10-10,"Suede kick-started the Brit-pop revolution of the 1990s, reviving the romance and drama of glammy guitar rock for an era that got mired in the swirling neo-psychedelia of shoegaze and Madchester. Despite their enormous influence, Suede always seemed to exist on the margins of Brit-pop, never indulging in the laddish behavior that wound up defining the scene by the mid-'90s. Part of this was due to a matter of taste: Suede didn't favor the brightly colored sounds of the swinging '60s, they preferred the seedy, arty styles of proto- and post-punk. It proved to be the foundation for an enduring career, yet after the release of their eponymous debut in 1993, Brit-pop soon became defined by boisterous hooks and lager-swilling loud guitars, and the group was ill-equipped to combat the shifting tides due to a rift between their vocalist Brett Anderson and guitarist Bernard Butler. Butler left during the recording of 1994's Dog Man Star, a weighty double-album that emphasized the gothic undertones in Suede's work. Continuing with guitarist Richard Oakes, Suede swapped gloom for ""Trash,"" creating a fizzy spin on glam for Coming Up, their biggest hit album of the '90s. The group followed in that direction for two more albums before splitting, only to reunite a decade later with Bloodsports, an effort that touched upon the highs of Suede and Dog Man Star. The reunited Suede turned into an institution as they found new ways to spin their signature sound on such albums as 2022's Autofiction.
Through all of Suede's history, vocalist/lyricist Brett Anderson and bassist Mat Osman remained at the band's core. The son of a cabdriver, Anderson formed the Smiths-inspired Geoff in 1985 with his schoolmate Osman and drummer Danny Wilder. Anderson was the group's guitarist; Gareth Perry was the band's vocalist. Geoff recorded two demos before splitting up in 1986, as Anderson and Osman left to attend university in London. A few years later, the pair formed Suave & Elegant, which lasted only a few months. By the end of 1989, the pair had placed an advertisement in New Musical Express, asking for a ""non-muso"" guitarist. Bernard Butler responded, and the trio began recording songs, primarily written by Anderson and Butler, with the support of a drum machine. Taking the name Suede after Morrissey's ""Suedehead"" single, the trio sent a demo tape, Specially Suede, to compete in Demo Clash, a radio show on GLR run by DJ Gary Crowley. ""Wonderful Sometimes"" won Demo Clash for five Sundays in a row in 1990, leading to a record contract with the Brighton-based indie label RML. By the time the band signed with RML, Anderson's girlfriend, Justine Frischmann, had joined as a second guitarist.
Suede placed an advertisement for a drummer, and former Smiths member Mike Joyce responded. Joyce appeared on the group's debut single for RML, ""Be My God""/""Art."" Scheduled to be released on a 12"" in the fall of 1990, the single was scrapped shortly before its release due to a fight between the band and the label. Throughout 1991, the group rehearsed and recorded demos, eventually adding drummer Simon Gilbert. Frischmann left Suede in early 1992 to form Elastica; she was not replaced. A few months later, Suede signed a two-single deal with the indie label Nude Records. Shortly afterward, the band appeared on the cover of Melody Maker, without having released any material. The weekly newspaper declared them the Best New Band in Britain.
""The Drowners,"" the band's first single, appeared shortly after the Melody Maker cover, and it became a moderate hit, debuting at number 49 to strong reviews and word of mouth. ""Metal Mickey,"" released in the fall, became their breakthrough hit, reaching number 17 on the U.K. charts after a suggestive, controversial performance on Top of the Pops. Anderson soon became notorious for causing controversy, and his infamous comment that he was ""a bisexual man who never had a homosexual experience"" was indicative of how the group both courted controversy and a sexually ambiguous, alienated audience.
A short tour before the spring release of their eponymous debut album was very successful, setting the stage for ""Animal Nitrate"" debuting at number seven. Shortly afterward, Suede entered the charts at number one, registering the biggest initial sales of a debut since Frankie Goes to Hollywood's Welcome to the Pleasuredome. By the summer, Suede had become the most popular band in Britain -- winning the prestigious Mercury Music Prize for Best Album that fall -- and they attempted to make headway into the United States. Their progress was halted when Butler's father died that fall, forcing the cancellation of their second tour; they had already begun to be upstaged by their opening act, the Cranberries, who received the support from MTV that Suede lacked. Shortly afterward, the band was forced to change its name to the London Suede in America, due to a lawsuit from an obscure lounge singer performing under the name Suede.
Tensions had begun to develop between Bernard Butler and the rest of the band during the group's 1993 tours, and they peaked when they reentered the studio to record a new single in late 1993. Butler conceived the song ""Stay Together"" as a sweeping epic partially in tribute to his father, and while it was a success upon its February 1994 release, debuting at number three, the recording was not easy. As they were working on Suede's second album, Anderson and Butler began to fight frequently, with the guitarist claiming in a rare interview that the singer worked too slowly and that his partner was too concerned with rock stardom, often at the expense of the music. Butler left the band toward the end of the sessions for the second album, and the group finished the record with Anderson playing guitar. Bernard's departure launched a flurry of speculation about Suede's future, and Dog Man Star didn't answer any of those questions. The grandiose, ambitious, and heavily orchestrated Dog Man Star was greeted with enthusiastic reviews but muted commercial response. As Suede were working on their second album, their remarkable commercial success was eclipsed by that of Blur and Oasis, whose lighter, more accessible music brought both groups blockbuster success in the wake of Suede.
While Dog Man Star sold nearly as well as Suede, the impression in the press was that the group was rapidly falling apart, and the band didn't help matters when Butler was replaced by Richard Oakes, a 17-year-old amateur guitarist, in September. Suede embarked on a long, grueling international tour in late 1994 and the spring of 1995, before disappearing to work on their third album. In the interim, Butler had a Top Ten single with vocalist David McAlmont, and Gilbert, the only gay member of Suede, was attacked in a hate crime in the fall. At a fan club gig in January of 1996, Suede debuted several new songs, as well as their new keyboardist, Neil Codling, Gilbert's cousin. The group returned as a five-piece in September of 1996 with Coming Up. A lighter, more band-oriented affair than either of Suede's two previous albums, Coming Up was an unexpected hit, entering the charts at number one and generating a remarkable string of five Top Ten hits -- ""Trash,"" ""Beautiful Ones,"" ""Saturday Night,"" ""Lazy,"" and ""Filmstar."" Coming Up was a hit throughout Europe, Canada, and Asia, but it wasn't released in the U.S. until the spring of 1997.
Coming Up never did win an audience in America, partially because it appeared nearly a year after its initial release and partially because Suede only supported it with a three-city tour. Nevertheless, the record was their most successful release to date, setting expectations high for the follow-up. Upon their return to the studio in the fall of 1998, Suede decided to ditch their longtime producer, Ed Buller, choosing to work with Steve Osborne, who had previously produced New Order and Happy Mondays. The resulting album, Head Music, was released in May of 1999; an American release followed in June. Featuring heavy use of analog synthesizers and drum machines, Head Music divided opinion among hardcore Suede fans, who preferred the band's more guitar-centric approach. However, the production changes were largely aesthetic, and the band still delivered plenty of anthemic glitter rock glitz with songs like ""Electricity,"" ""Can't Get Enough,"" and ""She's in Fashion.""
Around 2001, Suede found themselves at a career crossroads. Keyboardist Codling, who had contributed greatly to the writing on Head Music, left the band and was replaced by Strangelove's Alex Lee. Adding to the sense of change, the band's label, Nude Records, went bankrupt and Suede were left at the mercy of their parent label, Sony. Also around this time, Anderson, having struggled with drug addiction (he later admitted to being a crack addict), finally decided to get clean. Despite these upheavals, by 2003 Suede had finished their fifth studio album, the Stephen Street-produced A New Morning. Unfortunately, public interest in Suede, not to mention the Brit-pop sound, had faded by the early 2000s and the album sold poorly. Several concerts followed in support of the band's 2003 compilation, Singles, but by October, Suede had announced they would not be releasing any new music in the foreseeable future. They played their final concert at the London Astoria on December 13, 2003, before going on indefinite hiatus. Following the break, Anderson did the previously unthinkable and reunited with original Suede guitarist Bernard Butler under the name the Tears. The duo released a well-received 2005 album, Here Come the Tears. Also during the hiatus, Anderson recorded four low-key solo albums with 2007's Brett Anderson, 2008's Wilderness, 2009's Slow Attack, and 2011's Black Rainbows.
Finally, in 2010, with Codling back on board, Suede reunited for several live shows beginning with a performance at the Teenage Cancer Trust show at Royal Albert Hall on March 24. This led to more shows, including a tour promoting the compilation album The Best of Suede. By 2011, the band had begun performing new songs live, and in 2012, Suede announced they were in the studio working on a new album with producer Ed Buller, who had produced the band's first three albums. In 2013, Suede released their sixth studio album and first album of all-original material since 2003, Bloodsports. Suede debuted several of the Bloodsports tracks online, including ""Barriers"" and ""It Starts and Ends with You."" The release featured a more mature perspective from Anderson, and a sound that harked back to the grand guitar pop of Suede's early work. After playing anniversary concerts celebrating Dog Man Star in 2014, Suede returned to the studio to make their seventh studio album. In September 2015, they announced the impending release of Night Thoughts. A dark, majestic album that recalled Dog Man Star, Night Thoughts saw release in late January 2016, debuting at six on the U.K. charts. Later that year, the band released a super deluxe 20th anniversary edition of Coming Up. The band spent 2017 in the studio writing and recording their eighth LP. The record -- titled The Blue Hour -- marked the first effort collaboration with producer Alan Moulder (the Smashing Pumpkins, Nine Inch Nails) and arrived in September 2018. The Blue Hour debuted at five in the U.K., their best chart position since Head Music in 1999. Also In 2018, the band was the subject of a documentary called Suede: The Insatiable Ones, which was directed by Mike Christie.
Suede returned in September 2022 with Autofiction, an edgy, post-punk-inspired album produced by Ed Buller. Autofiction debuted at number two on the U.K. charts and the group supported it with a co-headlining tour of North America with the Manic Street Preachers. ~ Stephen Thomas Erlewine",We Are the Pigs,Unknown,https://www.youtube.com/watch?v=fxtIwh1Nz0k&pp=ygUVU3VlZGUgV2UgQXJlIHRoZSBQaWdz
Dog Man Star,https://lastfm.freetls.fastly.net/i/u/300x300/18e20638faf14097a6f6d630ddcbb2b1.png,Suede,1994-10-10,"Suede kick-started the Brit-pop revolution of the 1990s, reviving the romance and drama of glammy guitar rock for an era that got mired in the swirling neo-psychedelia of shoegaze and Madchester. Despite their enormous influence, Suede always seemed to exist on the margins of Brit-pop, never indulging in the laddish behavior that wound up defining the scene by the mid-'90s. Part of this was due to a matter of taste: Suede didn't favor the brightly colored sounds of the swinging '60s, they preferred the seedy, arty styles of proto- and post-punk. It proved to be the foundation for an enduring career, yet after the release of their eponymous debut in 1993, Brit-pop soon became defined by boisterous hooks and lager-swilling loud guitars, and the group was ill-equipped to combat the shifting tides due to a rift between their vocalist Brett Anderson and guitarist Bernard Butler. Butler left during the recording of 1994's Dog Man Star, a weighty double-album that emphasized the gothic undertones in Suede's work. Continuing with guitarist Richard Oakes, Suede swapped gloom for ""Trash,"" creating a fizzy spin on glam for Coming Up, their biggest hit album of the '90s. The group followed in that direction for two more albums before splitting, only to reunite a decade later with Bloodsports, an effort that touched upon the highs of Suede and Dog Man Star. The reunited Suede turned into an institution as they found new ways to spin their signature sound on such albums as 2022's Autofiction.
Through all of Suede's history, vocalist/lyricist Brett Anderson and bassist Mat Osman remained at the band's core. The son of a cabdriver, Anderson formed the Smiths-inspired Geoff in 1985 with his schoolmate Osman and drummer Danny Wilder. Anderson was the group's guitarist; Gareth Perry was the band's vocalist. Geoff recorded two demos before splitting up in 1986, as Anderson and Osman left to attend university in London. A few years later, the pair formed Suave & Elegant, which lasted only a few months. By the end of 1989, the pair had placed an advertisement in New Musical Express, asking for a ""non-muso"" guitarist. Bernard Butler responded, and the trio began recording songs, primarily written by Anderson and Butler, with the support of a drum machine. Taking the name Suede after Morrissey's ""Suedehead"" single, the trio sent a demo tape, Specially Suede, to compete in Demo Clash, a radio show on GLR run by DJ Gary Crowley. ""Wonderful Sometimes"" won Demo Clash for five Sundays in a row in 1990, leading to a record contract with the Brighton-based indie label RML. By the time the band signed with RML, Anderson's girlfriend, Justine Frischmann, had joined as a second guitarist.
Suede placed an advertisement for a drummer, and former Smiths member Mike Joyce responded. Joyce appeared on the group's debut single for RML, ""Be My God""/""Art."" Scheduled to be released on a 12"" in the fall of 1990, the single was scrapped shortly before its release due to a fight between the band and the label. Throughout 1991, the group rehearsed and recorded demos, eventually adding drummer Simon Gilbert. Frischmann left Suede in early 1992 to form Elastica; she was not replaced. A few months later, Suede signed a two-single deal with the indie label Nude Records. Shortly afterward, the band appeared on the cover of Melody Maker, without having released any material. The weekly newspaper declared them the Best New Band in Britain.
""The Drowners,"" the band's first single, appeared shortly after the Melody Maker cover, and it became a moderate hit, debuting at number 49 to strong reviews and word of mouth. ""Metal Mickey,"" released in the fall, became their breakthrough hit, reaching number 17 on the U.K. charts after a suggestive, controversial performance on Top of the Pops. Anderson soon became notorious for causing controversy, and his infamous comment that he was ""a bisexual man who never had a homosexual experience"" was indicative of how the group both courted controversy and a sexually ambiguous, alienated audience.
A short tour before the spring release of their eponymous debut album was very successful, setting the stage for ""Animal Nitrate"" debuting at number seven. Shortly afterward, Suede entered the charts at number one, registering the biggest initial sales of a debut since Frankie Goes to Hollywood's Welcome to the Pleasuredome. By the summer, Suede had become the most popular band in Britain -- winning the prestigious Mercury Music Prize for Best Album that fall -- and they attempted to make headway into the United States. Their progress was halted when Butler's father died that fall, forcing the cancellation of their second tour; they had already begun to be upstaged by their opening act, the Cranberries, who received the support from MTV that Suede lacked. Shortly afterward, the band was forced to change its name to the London Suede in America, due to a lawsuit from an obscure lounge singer performing under the name Suede.
Tensions had begun to develop between Bernard Butler and the rest of the band during the group's 1993 tours, and they peaked when they reentered the studio to record a new single in late 1993. Butler conceived the song ""Stay Together"" as a sweeping epic partially in tribute to his father, and while it was a success upon its February 1994 release, debuting at number three, the recording was not easy. As they were working on Suede's second album, Anderson and Butler began to fight frequently, with the guitarist claiming in a rare interview that the singer worked too slowly and that his partner was too concerned with rock stardom, often at the expense of the music. Butler left the band toward the end of the sessions for the second album, and the group finished the record with Anderson playing guitar. Bernard's departure launched a flurry of speculation about Suede's future, and Dog Man Star didn't answer any of those questions. The grandiose, ambitious, and heavily orchestrated Dog Man Star was greeted with enthusiastic reviews but muted commercial response. As Suede were working on their second album, their remarkable commercial success was eclipsed by that of Blur and Oasis, whose lighter, more accessible music brought both groups blockbuster success in the wake of Suede.
While Dog Man Star sold nearly as well as Suede, the impression in the press was that the group was rapidly falling apart, and the band didn't help matters when Butler was replaced by Richard Oakes, a 17-year-old amateur guitarist, in September. Suede embarked on a long, grueling international tour in late 1994 and the spring of 1995, before disappearing to work on their third album. In the interim, Butler had a Top Ten single with vocalist David McAlmont, and Gilbert, the only gay member of Suede, was attacked in a hate crime in the fall. At a fan club gig in January of 1996, Suede debuted several new songs, as well as their new keyboardist, Neil Codling, Gilbert's cousin. The group returned as a five-piece in September of 1996 with Coming Up. A lighter, more band-oriented affair than either of Suede's two previous albums, Coming Up was an unexpected hit, entering the charts at number one and generating a remarkable string of five Top Ten hits -- ""Trash,"" ""Beautiful Ones,"" ""Saturday Night,"" ""Lazy,"" and ""Filmstar."" Coming Up was a hit throughout Europe, Canada, and Asia, but it wasn't released in the U.S. until the spring of 1997.
Coming Up never did win an audience in America, partially because it appeared nearly a year after its initial release and partially because Suede only supported it with a three-city tour. Nevertheless, the record was their most successful release to date, setting expectations high for the follow-up. Upon their return to the studio in the fall of 1998, Suede decided to ditch their longtime producer, Ed Buller, choosing to work with Steve Osborne, who had previously produced New Order and Happy Mondays. The resulting album, Head Music, was released in May of 1999; an American release followed in June. Featuring heavy use of analog synthesizers and drum machines, Head Music divided opinion among hardcore Suede fans, who preferred the band's more guitar-centric approach. However, the production changes were largely aesthetic, and the band still delivered plenty of anthemic glitter rock glitz with songs like ""Electricity,"" ""Can't Get Enough,"" and ""She's in Fashion.""
Around 2001, Suede found themselves at a career crossroads. Keyboardist Codling, who had contributed greatly to the writing on Head Music, left the band and was replaced by Strangelove's Alex Lee. Adding to the sense of change, the band's label, Nude Records, went bankrupt and Suede were left at the mercy of their parent label, Sony. Also around this time, Anderson, having struggled with drug addiction (he later admitted to being a crack addict), finally decided to get clean. Despite these upheavals, by 2003 Suede had finished their fifth studio album, the Stephen Street-produced A New Morning. Unfortunately, public interest in Suede, not to mention the Brit-pop sound, had faded by the early 2000s and the album sold poorly. Several concerts followed in support of the band's 2003 compilation, Singles, but by October, Suede had announced they would not be releasing any new music in the foreseeable future. They played their final concert at the London Astoria on December 13, 2003, before going on indefinite hiatus. Following the break, Anderson did the previously unthinkable and reunited with original Suede guitarist Bernard Butler under the name the Tears. The duo released a well-received 2005 album, Here Come the Tears. Also during the hiatus, Anderson recorded four low-key solo albums with 2007's Brett Anderson, 2008's Wilderness, 2009's Slow Attack, and 2011's Black Rainbows.
Finally, in 2010, with Codling back on board, Suede reunited for several live shows beginning with a performance at the Teenage Cancer Trust show at Royal Albert Hall on March 24. This led to more shows, including a tour promoting the compilation album The Best of Suede. By 2011, the band had begun performing new songs live, and in 2012, Suede announced they were in the studio working on a new album with producer Ed Buller, who had produced the band's first three albums. In 2013, Suede released their sixth studio album and first album of all-original material since 2003, Bloodsports. Suede debuted several of the Bloodsports tracks online, including ""Barriers"" and ""It Starts and Ends with You."" The release featured a more mature perspective from Anderson, and a sound that harked back to the grand guitar pop of Suede's early work. After playing anniversary concerts celebrating Dog Man Star in 2014, Suede returned to the studio to make their seventh studio album. In September 2015, they announced the impending release of Night Thoughts. A dark, majestic album that recalled Dog Man Star, Night Thoughts saw release in late January 2016, debuting at six on the U.K. charts. Later that year, the band released a super deluxe 20th anniversary edition of Coming Up. The band spent 2017 in the studio writing and recording their eighth LP. The record -- titled The Blue Hour -- marked the first effort collaboration with producer Alan Moulder (the Smashing Pumpkins, Nine Inch Nails) and arrived in September 2018. The Blue Hour debuted at five in the U.K., their best chart position since Head Music in 1999. Also In 2018, the band was the subject of a documentary called Suede: The Insatiable Ones, which was directed by Mike Christie.
Suede returned in September 2022 with Autofiction, an edgy, post-punk-inspired album produced by Ed Buller. Autofiction debuted at number two on the U.K. charts and the group supported it with a co-headlining tour of North America with the Manic Street Preachers. ~ Stephen Thomas Erlewine",This Hollywood Life,Unknown,https://www.youtube.com/watch?v=QMG_u3Pglbo&pp=ygUbU3VlZGUgLSBUaGlzIEhvbGx5d29vZCBMaWZl
Disintegrate - Single,https://lastfm.freetls.fastly.net/i/u/300x300/55be3ee5b15672c3064a6d6bb03a0282.jpg,Suede,2025-05-19,"Suede kick-started the Brit-pop revolution of the 1990s, reviving the romance and drama of glammy guitar rock for an era that got mired in the swirling neo-psychedelia of shoegaze and Madchester. Despite their enormous influence, Suede always seemed to exist on the margins of Brit-pop, never indulging in the laddish behavior that wound up defining the scene by the mid-'90s. Part of this was due to a matter of taste: Suede didn't favor the brightly colored sounds of the swinging '60s, they preferred the seedy, arty styles of proto- and post-punk. It proved to be the foundation for an enduring career, yet after the release of their eponymous debut in 1993, Brit-pop soon became defined by boisterous hooks and lager-swilling loud guitars, and the group was ill-equipped to combat the shifting tides due to a rift between their vocalist Brett Anderson and guitarist Bernard Butler. Butler left during the recording of 1994's Dog Man Star, a weighty double-album that emphasized the gothic undertones in Suede's work. Continuing with guitarist Richard Oakes, Suede swapped gloom for ""Trash,"" creating a fizzy spin on glam for Coming Up, their biggest hit album of the '90s. The group followed in that direction for two more albums before splitting, only to reunite a decade later with Bloodsports, an effort that touched upon the highs of Suede and Dog Man Star. The reunited Suede turned into an institution as they found new ways to spin their signature sound on such albums as 2022's Autofiction.
Through all of Suede's history, vocalist/lyricist Brett Anderson and bassist Mat Osman remained at the band's core. The son of a cabdriver, Anderson formed the Smiths-inspired Geoff in 1985 with his schoolmate Osman and drummer Danny Wilder. Anderson was the group's guitarist; Gareth Perry was the band's vocalist. Geoff recorded two demos before splitting up in 1986, as Anderson and Osman left to attend university in London. A few years later, the pair formed Suave & Elegant, which lasted only a few months. By the end of 1989, the pair had placed an advertisement in New Musical Express, asking for a ""non-muso"" guitarist. Bernard Butler responded, and the trio began recording songs, primarily written by Anderson and Butler, with the support of a drum machine. Taking the name Suede after Morrissey's ""Suedehead"" single, the trio sent a demo tape, Specially Suede, to compete in Demo Clash, a radio show on GLR run by DJ Gary Crowley. ""Wonderful Sometimes"" won Demo Clash for five Sundays in a row in 1990, leading to a record contract with the Brighton-based indie label RML. By the time the band signed with RML, Anderson's girlfriend, Justine Frischmann, had joined as a second guitarist.
Suede placed an advertisement for a drummer, and former Smiths member Mike Joyce responded. Joyce appeared on the group's debut single for RML, ""Be My God""/""Art."" Scheduled to be released on a 12"" in the fall of 1990, the single was scrapped shortly before its release due to a fight between the band and the label. Throughout 1991, the group rehearsed and recorded demos, eventually adding drummer Simon Gilbert. Frischmann left Suede in early 1992 to form Elastica; she was not replaced. A few months later, Suede signed a two-single deal with the indie label Nude Records. Shortly afterward, the band appeared on the cover of Melody Maker, without having released any material. The weekly newspaper declared them the Best New Band in Britain.
""The Drowners,"" the band's first single, appeared shortly after the Melody Maker cover, and it became a moderate hit, debuting at number 49 to strong reviews and word of mouth. ""Metal Mickey,"" released in the fall, became their breakthrough hit, reaching number 17 on the U.K. charts after a suggestive, controversial performance on Top of the Pops. Anderson soon became notorious for causing controversy, and his infamous comment that he was ""a bisexual man who never had a homosexual experience"" was indicative of how the group both courted controversy and a sexually ambiguous, alienated audience.
A short tour before the spring release of their eponymous debut album was very successful, setting the stage for ""Animal Nitrate"" debuting at number seven. Shortly afterward, Suede entered the charts at number one, registering the biggest initial sales of a debut since Frankie Goes to Hollywood's Welcome to the Pleasuredome. By the summer, Suede had become the most popular band in Britain -- winning the prestigious Mercury Music Prize for Best Album that fall -- and they attempted to make headway into the United States. Their progress was halted when Butler's father died that fall, forcing the cancellation of their second tour; they had already begun to be upstaged by their opening act, the Cranberries, who received the support from MTV that Suede lacked. Shortly afterward, the band was forced to change its name to the London Suede in America, due to a lawsuit from an obscure lounge singer performing under the name Suede.
Tensions had begun to develop between Bernard Butler and the rest of the band during the group's 1993 tours, and they peaked when they reentered the studio to record a new single in late 1993. Butler conceived the song ""Stay Together"" as a sweeping epic partially in tribute to his father, and while it was a success upon its February 1994 release, debuting at number three, the recording was not easy. As they were working on Suede's second album, Anderson and Butler began to fight frequently, with the guitarist claiming in a rare interview that the singer worked too slowly and that his partner was too concerned with rock stardom, often at the expense of the music. Butler left the band toward the end of the sessions for the second album, and the group finished the record with Anderson playing guitar. Bernard's departure launched a flurry of speculation about Suede's future, and Dog Man Star didn't answer any of those questions. The grandiose, ambitious, and heavily orchestrated Dog Man Star was greeted with enthusiastic reviews but muted commercial response. As Suede were working on their second album, their remarkable commercial success was eclipsed by that of Blur and Oasis, whose lighter, more accessible music brought both groups blockbuster success in the wake of Suede.
While Dog Man Star sold nearly as well as Suede, the impression in the press was that the group was rapidly falling apart, and the band didn't help matters when Butler was replaced by Richard Oakes, a 17-year-old amateur guitarist, in September. Suede embarked on a long, grueling international tour in late 1994 and the spring of 1995, before disappearing to work on their third album. In the interim, Butler had a Top Ten single with vocalist David McAlmont, and Gilbert, the only gay member of Suede, was attacked in a hate crime in the fall. At a fan club gig in January of 1996, Suede debuted several new songs, as well as their new keyboardist, Neil Codling, Gilbert's cousin. The group returned as a five-piece in September of 1996 with Coming Up. A lighter, more band-oriented affair than either of Suede's two previous albums, Coming Up was an unexpected hit, entering the charts at number one and generating a remarkable string of five Top Ten hits -- ""Trash,"" ""Beautiful Ones,"" ""Saturday Night,"" ""Lazy,"" and ""Filmstar."" Coming Up was a hit throughout Europe, Canada, and Asia, but it wasn't released in the U.S. until the spring of 1997.
Coming Up never did win an audience in America, partially because it appeared nearly a year after its initial release and partially because Suede only supported it with a three-city tour. Nevertheless, the record was their most successful release to date, setting expectations high for the follow-up. Upon their return to the studio in the fall of 1998, Suede decided to ditch their longtime producer, Ed Buller, choosing to work with Steve Osborne, who had previously produced New Order and Happy Mondays. The resulting album, Head Music, was released in May of 1999; an American release followed in June. Featuring heavy use of analog synthesizers and drum machines, Head Music divided opinion among hardcore Suede fans, who preferred the band's more guitar-centric approach. However, the production changes were largely aesthetic, and the band still delivered plenty of anthemic glitter rock glitz with songs like ""Electricity,"" ""Can't Get Enough,"" and ""She's in Fashion.""
Around 2001, Suede found themselves at a career crossroads. Keyboardist Codling, who had contributed greatly to the writing on Head Music, left the band and was replaced by Strangelove's Alex Lee. Adding to the sense of change, the band's label, Nude Records, went bankrupt and Suede were left at the mercy of their parent label, Sony. Also around this time, Anderson, having struggled with drug addiction (he later admitted to being a crack addict), finally decided to get clean. Despite these upheavals, by 2003 Suede had finished their fifth studio album, the Stephen Street-produced A New Morning. Unfortunately, public interest in Suede, not to mention the Brit-pop sound, had faded by the early 2000s and the album sold poorly. Several concerts followed in support of the band's 2003 compilation, Singles, but by October, Suede had announced they would not be releasing any new music in the foreseeable future. They played their final concert at the London Astoria on December 13, 2003, before going on indefinite hiatus. Following the break, Anderson did the previously unthinkable and reunited with original Suede guitarist Bernard Butler under the name the Tears. The duo released a well-received 2005 album, Here Come the Tears. Also during the hiatus, Anderson recorded four low-key solo albums with 2007's Brett Anderson, 2008's Wilderness, 2009's Slow Attack, and 2011's Black Rainbows.
Finally, in 2010, with Codling back on board, Suede reunited for several live shows beginning with a performance at the Teenage Cancer Trust show at Royal Albert Hall on March 24. This led to more shows, including a tour promoting the compilation album The Best of Suede. By 2011, the band had begun performing new songs live, and in 2012, Suede announced they were in the studio working on a new album with producer Ed Buller, who had produced the band's first three albums. In 2013, Suede released their sixth studio album and first album of all-original material since 2003, Bloodsports. Suede debuted several of the Bloodsports tracks online, including ""Barriers"" and ""It Starts and Ends with You."" The release featured a more mature perspective from Anderson, and a sound that harked back to the grand guitar pop of Suede's early work. After playing anniversary concerts celebrating Dog Man Star in 2014, Suede returned to the studio to make their seventh studio album. In September 2015, they announced the impending release of Night Thoughts. A dark, majestic album that recalled Dog Man Star, Night Thoughts saw release in late January 2016, debuting at six on the U.K. charts. Later that year, the band released a super deluxe 20th anniversary edition of Coming Up. The band spent 2017 in the studio writing and recording their eighth LP. The record -- titled The Blue Hour -- marked the first effort collaboration with producer Alan Moulder (the Smashing Pumpkins, Nine Inch Nails) and arrived in September 2018. The Blue Hour debuted at five in the U.K., their best chart position since Head Music in 1999. Also In 2018, the band was the subject of a documentary called Suede: The Insatiable Ones, which was directed by Mike Christie.
Suede returned in September 2022 with Autofiction, an edgy, post-punk-inspired album produced by Ed Buller. Autofiction debuted at number two on the U.K. charts and the group supported it with a co-headlining tour of North America with the Manic Street Preachers. ~ Stephen Thomas Erlewine",Disintegrate,Unknown,https://www.youtube.com/watch?v=BMTwbLL9JWc&pp=ygUSU3VlZGUgRGlzaW50ZWdyYXRl
Festivalbar 2002 - Compilation Rossa [Disc 2],,Sugababes,2002-01-01,"Among the most successful and dynamic British vocal groups of the new millennium, Sugababes bombarded the U.K. charts in the 2000s and have been warmly welcomed in the 2020s since starting their second act. Their approach to R&B-rooted pop -- incorporating both underground and commercial club sounds, and diverting into adult contemporary ballads and pop-punk anthems alike -- resulted in 26 consecutive U.K. Top 40 hits, many of which they co-wrote, starting with their debut, ""Overload"" (2000). The streak was highlighted by six number ones including ""Freak Like Me,"" ""Push the Button,"" and ""About You Know."" Hardly just a singles act, Sugababes also earned multi-platinum BPI certifications for the albums Angels with Dirty Faces (2002), Three (2003), and Taller in More Ways (2005). A series of lineup changes led to a complete turnover of membership by the dawn of the 2010s, but the original lineup of Mutya Buena, Keisha Buchanan, and Siobhán Donaghy reunited and eventually regained the rights to use the Sugababes name. In addition to touring, they've since covered Sweet Female Attitude's formative ""Flowers"" and released The Lost Tapes (2022), featuring previously leaked demo recordings.
London natives Mutya Buena and Siobhán Donaghy each had a solo contract when they met at a performance showcase and decided to collaborate. Buena later brought close friend Keisha Buchanan to the studio where she and Donaghy were recording after school, and at the urging of DJ/producer turned All Saints manager Ron Tom, Buchanan was added to the mix, thus forming Sugababes in 1998. The teenage singers secured a deal with London Records and made a big first impression in September 2000 with ""Overload,"" a number six U.K. pop hit they co-wrote with Felix Howard and the production team of Cameron McVey, Paul Simm, and Jony Lipsey. Once ""Overload"" ran its course, One Touch, created primarily with McVey, Simm, and Lipsey, was issued as Sugababes' debut album. Although subsequent singles ""New Year,"" ""Run for Cover,"" and the Tom-produced ""Soul Sound"" all went Top 40, sales of the parent album fell short of London Records' expectations.
Dropped from their label in 2001, Sugababes also changed membership that year, with the departed Donaghy replaced by Heidi Range, an original member of Atomic Kitten. Once Sugababes signed with Island Records, they bounced back in April 2002 with the Richard X collaboration ""Freak Like Me."" Based on X's bootleg mashup of Adina Howard's like-titled song and Tubeway Army's ""Are Friends Electric?,"" it went to number one before the August arrival of Angels with Dirty Faces. Sugababes' more streetwise second album delivered another chart-topper, ""Round Round,"" and the number seven double single ""Stronger""/""Angels with Dirty Faces."" Those hits featured production from the likes of Bacon & Quarmby, Jony Lipsey, and Xenomania. Many other producers, such as Bloodshy & Avant and Lucas Secon, were involved with the remainder.
Three, released in late 2003, fittingly topped out at number three on the U.K. album chart. It spawned another U.K. number one, ""Hole in the Head,"" a Xenomania collaboration that managed to scrape the Hot 100 in the U.S. and hit the top of the same country's dance chart, despite not being given much of a promotional push there. Three became the group's second consecutive U.K. multi-platinum LP with three additional Top Ten singles: ""Too Lost in You"" (written by Diane Warren), ""In the Middle"" (produced by Xenomania), and ""Caught in a Moment"" (another hit aided by Lipsey). Additionally, Sugababes won the 2003 Brit Award for Best Dance Act. Taller in More Ways, the fourth Sugababes full-length, followed roughly two years after Three and lengthened the group's prominence by topping the U.K. album chart. Shortly after its release, Buena left the group to raise her daughter. Amelle Berrabah's entry into the group prompted a revised edition of Taller in More Ways with Berrabah's voice replacing that of Buena on a handful of songs. The album eventually attained multi-platinum status thanks to the number one hit ""Push the Button"" and the Top Fives ""Ugly"" and ""Red Dress."" The first two singles of that sequence saw the group team with Dallas Austin. Overloaded: The Singles Collection was out by the end of 2006 to cap Sugababes' first seven years.
Between albums, Sugababes topped the U.K. chart a fifth time when they and Girls Aloud covered Aerosmith's ""Walk This Way"" as a charity single in support of Comic Relief. Fifth full-length Change arrived in October 2007. It brought Donaghy, Buchanan, and Berrabah back to the top of the charts, leading with ""About You Now,"" assisted by Cathy Dennis and Dr. Luke. Following singles ""Change"" and ""Denial"" both went Top 40. Sugababes quickly followed Change almost exactly a year after its release with Catfights and Spotlights. The group's sixth album was highlighted by ""Girls,"" a number three hit, and ""No Can Do,"" yet another Top 40 showing. Despite closely tailing Change, Catfights and Spotlights was quite different. Produced mostly by Klas Åhlund and the Invisible Men with Si Hulbert, it offered less in the way of high-polish pop, and was rooted instead in retro-contemporary R&B.
During the recording of Sugababes' seventh album, Buchanan was dismissed from the group and replaced by Jade Ewen, who had previously represented Britain in the 2009 Eurovision Song Contest. Vocals Buchanan had laid down were removed in favor of Ewen's, and Sweet 7 was issued in March 2010. Despite an upset fan base -- Sugababes' lineup no longer featured any of the original members --  the sleek and energetic singles ""Get Sexy,"" ""About a Girl,"" and ""Wear My Kiss"" all peaked within the Top Ten. The first of those A-sides, produced by Bruno Mars and his partners in the Smeezingtons, nearly became Sugababes' seventh number one. The group then left Island and arranged a distribution deal through RCA but went dormant after the 2011 release of the single ""Freedom.""
Rumblings regarding a reunion of the original Sugababes lineup preceded an announcement in 2012 that Buena, Buchanan, and Donaghy had signed a recording deal with Polydor. Under the name Mutya Keisha Siobhan, the trio released the Dev Hynes collaboration ""Flatline"" in 2013. Sporadic live dates and talk of forthcoming material followed over the next several years. The women in 2019 won the rights to the use of the Sugababes name, and that October appeared on DJ Spoony's Garage Classical project as the featured artists on an update of Sweet Female Attitude's ""Flowers."" Two years later, Sugababes presented a 20th anniversary edition of One Touch with bonus remixes and alternate versions. Having made an official return to the stage, Sugababes toured during much of 2022. They finished the year with The Lost Tapes, a collection of previously leaked demo recordings that also included ""Flatline,"" ""Flowers,"" and a cover of Sia's ""Breathe Me."" ~ Andy Kellman",Freak Like Me,Unknown,https://www.youtube.com/watch?v=OSfCCt6aemc&pp=ygUZU3VnYWJhYmVzIC0gRnJlYWsgTGlrZSBNZQ%3D%3D
Copper Blue (Deluxe Remaster),https://lastfm.freetls.fastly.net/i/u/300x300/7ea93a15fa204a2fa2bc120d59ce27c6.jpg,Sugar,1992-09-04,"After two solo albums, ex-Hüsker Dü guitarist/vocalist Bob Mould formed Sugar in 1992, with bassist David Barbe and drummer Malcolm Travis; the band signed with Rykodisc in the U.S., Creation in the U.K. Sugar's first album, Copper Blue, was released in the fall of 1992 to enthusiastic reviews and it became Mould's most successful project to date. Copper Blue nearly went gold and spawned several alternative radio and MTV hits, including ""Helpless"" and ""If I Can't Change Your Mind."" In the spring of 1993, Sugar released the mini-LP Beaster, a more abrasive collection than Copper Blue that was recorded at the same sessions. Around the time of the release of Beaster, Mould was forced out of the closet by various gay publications, with hopes that he would embrace their political cause; he rejected their requests. Mould wrote the material for the second Sugar album during 1993. The band began recording in the spring of 1994, but the sessions ground to a halt and the tapes were erased. Mould decided to give the album one more try and it was recorded quickly late that spring. The album, File Under: Easy Listening, appeared in the fall of 1994. Although it received good reviews and was moderately successful commercially, it didn't match the performance of Copper Blue. In the spring of 1995, it was announced that Sugar was on hiatus. Besides, a collection of rarities and B-sides, was released that summer. By the fall, Mould had broken up the band and begun to work on a third album entirely by himself. Mould played all of the instruments on his self-titled third album, which was released in the spring of 1995. ~ Stephen Thomas Erlewine",Hoover Dam,Unknown,https://www.youtube.com/watch?v=ksKthxLEwHk&pp=ygUQU3VnYXIgSG9vdmVyIERhbQ%3D%3D
Lights… Camera… Revolution!,https://lastfm.freetls.fastly.net/i/u/300x300/c3ada3ae85eb6cc30d9a0a03fd68a370.jpg,Suicidal Tendencies,1990-07-03,"Judging from their name, Suicidal Tendencies were never afraid of a little controversy. Formed in Venice, California, during the early '80s, from the beginning the group's leader was outspoken vocalist Mike Muir. The outfit specialized in vicious hardcore early on -- building a huge following among skateboarders and thus lending a major hand in the creation of skatepunk -- before eventually turning their focus to thrash metal. Early on, the group (whose original lineup included Muir, guitarist Grant Estes, bassist Louiche Mayorga, and drummer Amery Smith) found it increasingly difficult to book shows due to rumors of its members' affiliation with local gangs and consistent violence at their performances. The underground buzz regarding Suicidal grew too loud for labels to ignore, though, as the quartet signed on with the indie label Frontier; issuing Muir and company's classic self-titled debut in 1983. The album quickly became the best-selling hardcore album up to that point; its best-known track, ""Institutionalized,"" was one of the first hardcore punk videos to receive substantial airplay on MTV, and was eventually used in the cult classic, Emilio Estevez movie Repo Man, as well as in an episode for the hit TV show Miami Vice (for which the group made a cameo appearance).
Suicidal Tendencies proved influential for future speed/thrash metal bands, but despite their early success, their reputation preceded them, as no other record label was willing to take them on (in addition, Los Angeles banned the group from playing around this time, lasting until the early '90s). Not much was heard from the group for several years afterward (leading many to believe that Suicidal had broken up), but Muir and company eventually found a home with Caroline Records. By this time, half of the original lineup had left; Muir and Mayorga were the only holdovers, while guitarist Rocky George and drummer R.J. Herrera rounded out the group. The year 1987 saw the release of Suicidal's sophomore release, Join the Army, which spawned another popular skatepunk anthem, ""Possessed to Skate,"" as more and more metalheads began to be spotted in Suicidal's audience. Soon after, Suicidal were finally offered a major-label contract (with Epic), as another lineup change occurred: Mayorga exited the band, while newcomer Bob Heathcote took his spot, and a second guitarist, Mike Clark, was added as well. This Suicidal lineup's first album together, 1988's How Will I Laugh Tomorrow When I Can't Even Smile Today, showed that their transformation from hardcore to heavy metal was now complete, as did a compilation of two earlier EPs, 1989's Controlled by Hatred/Feel Like Shit...Déjà Vu.
Suicidal's first release of the new decade, 1990's Lights, Camera, Revolution, was another success; its video for the explosive ""You Can't Bring Me Down"" received repeated airings on MTV's Headbanger's Ball program, while the album (in addition to the Controlled by Hatred comp) would be certified gold in the U.S. a few years later. The release also signaled the arrival of new bassist Robert Trujillo, whose penchant for funk added a new element to the group's sound. They tried to broaden their audience even further by opening a string of arena shows for prog-metallers Queensrÿche during the summer of 1991. Their next release, 1992's The Art of Rebellion, proved to be one of the most musically experimental albums of their career. Muir and Trujillo also teamed up around this time for a funk-metal side project, Infectious Grooves (including several other participants, such as Jane's Addiction drummer Stephen Perkins) and issued a debut release, The Plague That Makes Your Booty Move. Upset that the group's classic debut had been out of print for several years by this point, Muir decided to re-record the entire record with Suicidal's '90s lineup under the title of Still Cyco After All These Years.
But after one more release, 1994's Suicidal for Life, Suicidal decided to hang it up. A pair of compilations were issued in 1997: a best-of set, Prime Cuts, plus Friends & Family. Muir and Trujillo continued to issue further Infectious Grooves releases (Sarsippius' Ark and Groove Family Cyco), in addition to Muir pursuing a solo career under the alias of Cyco Miko (Lost My Brain Once Again) and Trujillo touring and recording as part of Ozzy Osbourne's solo band (appearing on Osbourne's 2001 release Down to Earth). Muir formed a new version of Suicidal in the late '90s (with Clark being the only other familiar face), resulting in such further studio releases as 1999's Freedumb and 2000's Free Your Soul and Save My Mind. Muir and Trujillo joined forces once more for a fourth Infectious Grooves studio release in 2000, Mas Borracho, while another Cyco Miko release surfaced, Schizophrenic Born Again Problem Child, along with a follow-up to their earlier compilation, Friends & Family, Vol. 2.
Busy with myriad side projects, the band wouldn't release another studio album until 2013. The aptly named 13 was recorded over a ten-year period, and would be the group's only studio album with guitarist Nico Santora, bassist Steve Bruner, and drummer Eric Moore. Muir brought in guitarist Jeff Pogan, bassist Ra Díaz, and drummer Dave Lombardo for the band's 12th studio long-player, 2016's World Gone Mad. March 2018 saw the band issue the EP Get Your Fight On!, with plans to release a full-length outing later that summer. Late-'80s bassist Bob Heathcote died on July 24, 2022 in a motorbike accident; he was 58 years old. ~ Greg Prato",Lost Again,Unknown,https://www.youtube.com/watch?v=9qJnvQpApYw&ab_channel=SuicidalTendencies-Topic
Lights… Camera… Revolution!,https://lastfm.freetls.fastly.net/i/u/300x300/c3ada3ae85eb6cc30d9a0a03fd68a370.jpg,Suicidal Tendencies,1990-07-03,"Judging from their name, Suicidal Tendencies were never afraid of a little controversy. Formed in Venice, California, during the early '80s, from the beginning the group's leader was outspoken vocalist Mike Muir. The outfit specialized in vicious hardcore early on -- building a huge following among skateboarders and thus lending a major hand in the creation of skatepunk -- before eventually turning their focus to thrash metal. Early on, the group (whose original lineup included Muir, guitarist Grant Estes, bassist Louiche Mayorga, and drummer Amery Smith) found it increasingly difficult to book shows due to rumors of its members' affiliation with local gangs and consistent violence at their performances. The underground buzz regarding Suicidal grew too loud for labels to ignore, though, as the quartet signed on with the indie label Frontier; issuing Muir and company's classic self-titled debut in 1983. The album quickly became the best-selling hardcore album up to that point; its best-known track, ""Institutionalized,"" was one of the first hardcore punk videos to receive substantial airplay on MTV, and was eventually used in the cult classic, Emilio Estevez movie Repo Man, as well as in an episode for the hit TV show Miami Vice (for which the group made a cameo appearance).
Suicidal Tendencies proved influential for future speed/thrash metal bands, but despite their early success, their reputation preceded them, as no other record label was willing to take them on (in addition, Los Angeles banned the group from playing around this time, lasting until the early '90s). Not much was heard from the group for several years afterward (leading many to believe that Suicidal had broken up), but Muir and company eventually found a home with Caroline Records. By this time, half of the original lineup had left; Muir and Mayorga were the only holdovers, while guitarist Rocky George and drummer R.J. Herrera rounded out the group. The year 1987 saw the release of Suicidal's sophomore release, Join the Army, which spawned another popular skatepunk anthem, ""Possessed to Skate,"" as more and more metalheads began to be spotted in Suicidal's audience. Soon after, Suicidal were finally offered a major-label contract (with Epic), as another lineup change occurred: Mayorga exited the band, while newcomer Bob Heathcote took his spot, and a second guitarist, Mike Clark, was added as well. This Suicidal lineup's first album together, 1988's How Will I Laugh Tomorrow When I Can't Even Smile Today, showed that their transformation from hardcore to heavy metal was now complete, as did a compilation of two earlier EPs, 1989's Controlled by Hatred/Feel Like Shit...Déjà Vu.
Suicidal's first release of the new decade, 1990's Lights, Camera, Revolution, was another success; its video for the explosive ""You Can't Bring Me Down"" received repeated airings on MTV's Headbanger's Ball program, while the album (in addition to the Controlled by Hatred comp) would be certified gold in the U.S. a few years later. The release also signaled the arrival of new bassist Robert Trujillo, whose penchant for funk added a new element to the group's sound. They tried to broaden their audience even further by opening a string of arena shows for prog-metallers Queensrÿche during the summer of 1991. Their next release, 1992's The Art of Rebellion, proved to be one of the most musically experimental albums of their career. Muir and Trujillo also teamed up around this time for a funk-metal side project, Infectious Grooves (including several other participants, such as Jane's Addiction drummer Stephen Perkins) and issued a debut release, The Plague That Makes Your Booty Move. Upset that the group's classic debut had been out of print for several years by this point, Muir decided to re-record the entire record with Suicidal's '90s lineup under the title of Still Cyco After All These Years.
But after one more release, 1994's Suicidal for Life, Suicidal decided to hang it up. A pair of compilations were issued in 1997: a best-of set, Prime Cuts, plus Friends & Family. Muir and Trujillo continued to issue further Infectious Grooves releases (Sarsippius' Ark and Groove Family Cyco), in addition to Muir pursuing a solo career under the alias of Cyco Miko (Lost My Brain Once Again) and Trujillo touring and recording as part of Ozzy Osbourne's solo band (appearing on Osbourne's 2001 release Down to Earth). Muir formed a new version of Suicidal in the late '90s (with Clark being the only other familiar face), resulting in such further studio releases as 1999's Freedumb and 2000's Free Your Soul and Save My Mind. Muir and Trujillo joined forces once more for a fourth Infectious Grooves studio release in 2000, Mas Borracho, while another Cyco Miko release surfaced, Schizophrenic Born Again Problem Child, along with a follow-up to their earlier compilation, Friends & Family, Vol. 2.
Busy with myriad side projects, the band wouldn't release another studio album until 2013. The aptly named 13 was recorded over a ten-year period, and would be the group's only studio album with guitarist Nico Santora, bassist Steve Bruner, and drummer Eric Moore. Muir brought in guitarist Jeff Pogan, bassist Ra Díaz, and drummer Dave Lombardo for the band's 12th studio long-player, 2016's World Gone Mad. March 2018 saw the band issue the EP Get Your Fight On!, with plans to release a full-length outing later that summer. Late-'80s bassist Bob Heathcote died on July 24, 2022 in a motorbike accident; he was 58 years old. ~ Greg Prato",Alone,Unknown,https://www.youtube.com/watch?v=pe0YHvUQQcs&ab_channel=SuicidalTendencies-Topic
Prime Cuts,https://lastfm.freetls.fastly.net/i/u/300x300/15cf3b00e59dae94da88bde2deb41fc6.png,Suicidal Tendencies,1997-06-03,"Judging from their name, Suicidal Tendencies were never afraid of a little controversy. Formed in Venice, California, during the early '80s, from the beginning the group's leader was outspoken vocalist Mike Muir. The outfit specialized in vicious hardcore early on -- building a huge following among skateboarders and thus lending a major hand in the creation of skatepunk -- before eventually turning their focus to thrash metal. Early on, the group (whose original lineup included Muir, guitarist Grant Estes, bassist Louiche Mayorga, and drummer Amery Smith) found it increasingly difficult to book shows due to rumors of its members' affiliation with local gangs and consistent violence at their performances. The underground buzz regarding Suicidal grew too loud for labels to ignore, though, as the quartet signed on with the indie label Frontier; issuing Muir and company's classic self-titled debut in 1983. The album quickly became the best-selling hardcore album up to that point; its best-known track, ""Institutionalized,"" was one of the first hardcore punk videos to receive substantial airplay on MTV, and was eventually used in the cult classic, Emilio Estevez movie Repo Man, as well as in an episode for the hit TV show Miami Vice (for which the group made a cameo appearance).
Suicidal Tendencies proved influential for future speed/thrash metal bands, but despite their early success, their reputation preceded them, as no other record label was willing to take them on (in addition, Los Angeles banned the group from playing around this time, lasting until the early '90s). Not much was heard from the group for several years afterward (leading many to believe that Suicidal had broken up), but Muir and company eventually found a home with Caroline Records. By this time, half of the original lineup had left; Muir and Mayorga were the only holdovers, while guitarist Rocky George and drummer R.J. Herrera rounded out the group. The year 1987 saw the release of Suicidal's sophomore release, Join the Army, which spawned another popular skatepunk anthem, ""Possessed to Skate,"" as more and more metalheads began to be spotted in Suicidal's audience. Soon after, Suicidal were finally offered a major-label contract (with Epic), as another lineup change occurred: Mayorga exited the band, while newcomer Bob Heathcote took his spot, and a second guitarist, Mike Clark, was added as well. This Suicidal lineup's first album together, 1988's How Will I Laugh Tomorrow When I Can't Even Smile Today, showed that their transformation from hardcore to heavy metal was now complete, as did a compilation of two earlier EPs, 1989's Controlled by Hatred/Feel Like Shit...Déjà Vu.
Suicidal's first release of the new decade, 1990's Lights, Camera, Revolution, was another success; its video for the explosive ""You Can't Bring Me Down"" received repeated airings on MTV's Headbanger's Ball program, while the album (in addition to the Controlled by Hatred comp) would be certified gold in the U.S. a few years later. The release also signaled the arrival of new bassist Robert Trujillo, whose penchant for funk added a new element to the group's sound. They tried to broaden their audience even further by opening a string of arena shows for prog-metallers Queensrÿche during the summer of 1991. Their next release, 1992's The Art of Rebellion, proved to be one of the most musically experimental albums of their career. Muir and Trujillo also teamed up around this time for a funk-metal side project, Infectious Grooves (including several other participants, such as Jane's Addiction drummer Stephen Perkins) and issued a debut release, The Plague That Makes Your Booty Move. Upset that the group's classic debut had been out of print for several years by this point, Muir decided to re-record the entire record with Suicidal's '90s lineup under the title of Still Cyco After All These Years.
But after one more release, 1994's Suicidal for Life, Suicidal decided to hang it up. A pair of compilations were issued in 1997: a best-of set, Prime Cuts, plus Friends & Family. Muir and Trujillo continued to issue further Infectious Grooves releases (Sarsippius' Ark and Groove Family Cyco), in addition to Muir pursuing a solo career under the alias of Cyco Miko (Lost My Brain Once Again) and Trujillo touring and recording as part of Ozzy Osbourne's solo band (appearing on Osbourne's 2001 release Down to Earth). Muir formed a new version of Suicidal in the late '90s (with Clark being the only other familiar face), resulting in such further studio releases as 1999's Freedumb and 2000's Free Your Soul and Save My Mind. Muir and Trujillo joined forces once more for a fourth Infectious Grooves studio release in 2000, Mas Borracho, while another Cyco Miko release surfaced, Schizophrenic Born Again Problem Child, along with a follow-up to their earlier compilation, Friends & Family, Vol. 2.
Busy with myriad side projects, the band wouldn't release another studio album until 2013. The aptly named 13 was recorded over a ten-year period, and would be the group's only studio album with guitarist Nico Santora, bassist Steve Bruner, and drummer Eric Moore. Muir brought in guitarist Jeff Pogan, bassist Ra Díaz, and drummer Dave Lombardo for the band's 12th studio long-player, 2016's World Gone Mad. March 2018 saw the band issue the EP Get Your Fight On!, with plans to release a full-length outing later that summer. Late-'80s bassist Bob Heathcote died on July 24, 2022 in a motorbike accident; he was 58 years old. ~ Greg Prato",You Can’t Bring Me Down,Unknown,https://www.youtube.com/watch?v=nxcJW6bs5os&ab_channel=SuicidalTndncsVEVO
Suicidal Tendencies,https://lastfm.freetls.fastly.net/i/u/300x300/8debd4afaa257be1533ab760854d16ca.jpg,Suicidal Tendencies,1983-07-05,"Judging from their name, Suicidal Tendencies were never afraid of a little controversy. Formed in Venice, California, during the early '80s, from the beginning the group's leader was outspoken vocalist Mike Muir. The outfit specialized in vicious hardcore early on -- building a huge following among skateboarders and thus lending a major hand in the creation of skatepunk -- before eventually turning their focus to thrash metal. Early on, the group (whose original lineup included Muir, guitarist Grant Estes, bassist Louiche Mayorga, and drummer Amery Smith) found it increasingly difficult to book shows due to rumors of its members' affiliation with local gangs and consistent violence at their performances. The underground buzz regarding Suicidal grew too loud for labels to ignore, though, as the quartet signed on with the indie label Frontier; issuing Muir and company's classic self-titled debut in 1983. The album quickly became the best-selling hardcore album up to that point; its best-known track, ""Institutionalized,"" was one of the first hardcore punk videos to receive substantial airplay on MTV, and was eventually used in the cult classic, Emilio Estevez movie Repo Man, as well as in an episode for the hit TV show Miami Vice (for which the group made a cameo appearance).
Suicidal Tendencies proved influential for future speed/thrash metal bands, but despite their early success, their reputation preceded them, as no other record label was willing to take them on (in addition, Los Angeles banned the group from playing around this time, lasting until the early '90s). Not much was heard from the group for several years afterward (leading many to believe that Suicidal had broken up), but Muir and company eventually found a home with Caroline Records. By this time, half of the original lineup had left; Muir and Mayorga were the only holdovers, while guitarist Rocky George and drummer R.J. Herrera rounded out the group. The year 1987 saw the release of Suicidal's sophomore release, Join the Army, which spawned another popular skatepunk anthem, ""Possessed to Skate,"" as more and more metalheads began to be spotted in Suicidal's audience. Soon after, Suicidal were finally offered a major-label contract (with Epic), as another lineup change occurred: Mayorga exited the band, while newcomer Bob Heathcote took his spot, and a second guitarist, Mike Clark, was added as well. This Suicidal lineup's first album together, 1988's How Will I Laugh Tomorrow When I Can't Even Smile Today, showed that their transformation from hardcore to heavy metal was now complete, as did a compilation of two earlier EPs, 1989's Controlled by Hatred/Feel Like Shit...Déjà Vu.
Suicidal's first release of the new decade, 1990's Lights, Camera, Revolution, was another success; its video for the explosive ""You Can't Bring Me Down"" received repeated airings on MTV's Headbanger's Ball program, while the album (in addition to the Controlled by Hatred comp) would be certified gold in the U.S. a few years later. The release also signaled the arrival of new bassist Robert Trujillo, whose penchant for funk added a new element to the group's sound. They tried to broaden their audience even further by opening a string of arena shows for prog-metallers Queensrÿche during the summer of 1991. Their next release, 1992's The Art of Rebellion, proved to be one of the most musically experimental albums of their career. Muir and Trujillo also teamed up around this time for a funk-metal side project, Infectious Grooves (including several other participants, such as Jane's Addiction drummer Stephen Perkins) and issued a debut release, The Plague That Makes Your Booty Move. Upset that the group's classic debut had been out of print for several years by this point, Muir decided to re-record the entire record with Suicidal's '90s lineup under the title of Still Cyco After All These Years.
But after one more release, 1994's Suicidal for Life, Suicidal decided to hang it up. A pair of compilations were issued in 1997: a best-of set, Prime Cuts, plus Friends & Family. Muir and Trujillo continued to issue further Infectious Grooves releases (Sarsippius' Ark and Groove Family Cyco), in addition to Muir pursuing a solo career under the alias of Cyco Miko (Lost My Brain Once Again) and Trujillo touring and recording as part of Ozzy Osbourne's solo band (appearing on Osbourne's 2001 release Down to Earth). Muir formed a new version of Suicidal in the late '90s (with Clark being the only other familiar face), resulting in such further studio releases as 1999's Freedumb and 2000's Free Your Soul and Save My Mind. Muir and Trujillo joined forces once more for a fourth Infectious Grooves studio release in 2000, Mas Borracho, while another Cyco Miko release surfaced, Schizophrenic Born Again Problem Child, along with a follow-up to their earlier compilation, Friends & Family, Vol. 2.
Busy with myriad side projects, the band wouldn't release another studio album until 2013. The aptly named 13 was recorded over a ten-year period, and would be the group's only studio album with guitarist Nico Santora, bassist Steve Bruner, and drummer Eric Moore. Muir brought in guitarist Jeff Pogan, bassist Ra Díaz, and drummer Dave Lombardo for the band's 12th studio long-player, 2016's World Gone Mad. March 2018 saw the band issue the EP Get Your Fight On!, with plans to release a full-length outing later that summer. Late-'80s bassist Bob Heathcote died on July 24, 2022 in a motorbike accident; he was 58 years old. ~ Greg Prato",Institutionalized,Unknown,https://www.youtube.com/watch?v=LoF_a0-7xVQ&ab_channel=BlankTV
Dil Se: Von ganzem Herzen,,Sukwinder Singh & Sapna Awasthi,2003-01-01,,Chaiyya Chaiyya,Unknown,https://www.youtube.com/watch?v=9yT4F8hzykY&pp=ygUtU3Vrd2luZGVyIFNpbmdoIFNhcG5hIEF3YXN0aGkgQ2hhaXl5YSBDaGFpeXlh0gcJCX4JAYcqIYzv
Divididos por la felicidad,https://lastfm.freetls.fastly.net/i/u/300x300/bf0d79dca19789890302221e2a268d4a.jpg,Sumo,1985-01-01,"Latin rock band Sumo joined the Argentinean scene in the mid-'80s. Led by Italian Luca Prodan, the band's first lineup included guitarist German Daffunchio, drummer Stephanie Nuttal, bassist Diego Arnedo, and saxophonist Roberto Pettinato. Due to the diplomatic conflict related to the Falklands (Malvinas), which ended up in war, British Stephanie Nuttal went back to England, being replaced by Alejandro Sokol. In 1985, Sumo released Divididos Por La Felicidad, climbing on local charts with a song called ""La Rubia Tarada."" That album was followed by 1986's Llegando Los Monos, presented live at Buenos Aires' Obras Sanitarias. While its song ""Mejor No Hablar De Ciertas Cosas"" was still having frequent rotation in radio stations throughout South America, Sumo decided to make a new record called After Chabon. On December 22, 1987, singer Luca Prodan was found dead, victim of a heart attack. That tragic event deeply affected the band. Sumos' remaining members played for the last time at 1988's Chateau Rock Festival. ~ Drago Bonacich",La rubia tarada,Unknown,https://www.youtube.com/watch?v=QuaGBNkdTso&list=RDQuaGBNkdTso&start_radio=1&pp=ygUUU3VtbyBMYSBydWJpYSB0YXJhZGGgBwE%3D
Divididos por la felicidad,https://lastfm.freetls.fastly.net/i/u/300x300/bf0d79dca19789890302221e2a268d4a.jpg,Sumo,1985-01-01,"Latin rock band Sumo joined the Argentinean scene in the mid-'80s. Led by Italian Luca Prodan, the band's first lineup included guitarist German Daffunchio, drummer Stephanie Nuttal, bassist Diego Arnedo, and saxophonist Roberto Pettinato. Due to the diplomatic conflict related to the Falklands (Malvinas), which ended up in war, British Stephanie Nuttal went back to England, being replaced by Alejandro Sokol. In 1985, Sumo released Divididos Por La Felicidad, climbing on local charts with a song called ""La Rubia Tarada."" That album was followed by 1986's Llegando Los Monos, presented live at Buenos Aires' Obras Sanitarias. While its song ""Mejor No Hablar De Ciertas Cosas"" was still having frequent rotation in radio stations throughout South America, Sumo decided to make a new record called After Chabon. On December 22, 1987, singer Luca Prodan was found dead, victim of a heart attack. That tragic event deeply affected the band. Sumos' remaining members played for the last time at 1988's Chateau Rock Festival. ~ Drago Bonacich",Mula plateada,Unknown,https://www.youtube.com/watch?v=A3BIjrRVr20&list=RDA3BIjrRVr20&start_radio=1&pp=ygUSU3VtbyBNdWxhIHBsYXRlYWRhoAcB
Divididos por la felicidad,https://lastfm.freetls.fastly.net/i/u/300x300/bf0d79dca19789890302221e2a268d4a.jpg,Sumo,1985-01-01,"Latin rock band Sumo joined the Argentinean scene in the mid-'80s. Led by Italian Luca Prodan, the band's first lineup included guitarist German Daffunchio, drummer Stephanie Nuttal, bassist Diego Arnedo, and saxophonist Roberto Pettinato. Due to the diplomatic conflict related to the Falklands (Malvinas), which ended up in war, British Stephanie Nuttal went back to England, being replaced by Alejandro Sokol. In 1985, Sumo released Divididos Por La Felicidad, climbing on local charts with a song called ""La Rubia Tarada."" That album was followed by 1986's Llegando Los Monos, presented live at Buenos Aires' Obras Sanitarias. While its song ""Mejor No Hablar De Ciertas Cosas"" was still having frequent rotation in radio stations throughout South America, Sumo decided to make a new record called After Chabon. On December 22, 1987, singer Luca Prodan was found dead, victim of a heart attack. That tragic event deeply affected the band. Sumos' remaining members played for the last time at 1988's Chateau Rock Festival. ~ Drago Bonacich",No acabes,Unknown,https://www.youtube.com/watch?v=Hx1sPxGrW1g&list=RDHx1sPxGrW1g&start_radio=1&pp=ygUOU3VtbyBObyBhY2FiZXOgBwE%3D
Divididos por la felicidad,https://lastfm.freetls.fastly.net/i/u/300x300/bf0d79dca19789890302221e2a268d4a.jpg,Sumo,1985-01-01,"Latin rock band Sumo joined the Argentinean scene in the mid-'80s. Led by Italian Luca Prodan, the band's first lineup included guitarist German Daffunchio, drummer Stephanie Nuttal, bassist Diego Arnedo, and saxophonist Roberto Pettinato. Due to the diplomatic conflict related to the Falklands (Malvinas), which ended up in war, British Stephanie Nuttal went back to England, being replaced by Alejandro Sokol. In 1985, Sumo released Divididos Por La Felicidad, climbing on local charts with a song called ""La Rubia Tarada."" That album was followed by 1986's Llegando Los Monos, presented live at Buenos Aires' Obras Sanitarias. While its song ""Mejor No Hablar De Ciertas Cosas"" was still having frequent rotation in radio stations throughout South America, Sumo decided to make a new record called After Chabon. On December 22, 1987, singer Luca Prodan was found dead, victim of a heart attack. That tragic event deeply affected the band. Sumos' remaining members played for the last time at 1988's Chateau Rock Festival. ~ Drago Bonacich",Regtest,Unknown,https://www.youtube.com/watch?v=kLMwDxxZHQk&list=RDkLMwDxxZHQk&start_radio=1&pp=ygUMU3VtbyBSZWd0ZXN0oAcB
Divididos por la felicidad,https://lastfm.freetls.fastly.net/i/u/300x300/bf0d79dca19789890302221e2a268d4a.jpg,Sumo,1985-01-01,"Latin rock band Sumo joined the Argentinean scene in the mid-'80s. Led by Italian Luca Prodan, the band's first lineup included guitarist German Daffunchio, drummer Stephanie Nuttal, bassist Diego Arnedo, and saxophonist Roberto Pettinato. Due to the diplomatic conflict related to the Falklands (Malvinas), which ended up in war, British Stephanie Nuttal went back to England, being replaced by Alejandro Sokol. In 1985, Sumo released Divididos Por La Felicidad, climbing on local charts with a song called ""La Rubia Tarada."" That album was followed by 1986's Llegando Los Monos, presented live at Buenos Aires' Obras Sanitarias. While its song ""Mejor No Hablar De Ciertas Cosas"" was still having frequent rotation in radio stations throughout South America, Sumo decided to make a new record called After Chabon. On December 22, 1987, singer Luca Prodan was found dead, victim of a heart attack. That tragic event deeply affected the band. Sumos' remaining members played for the last time at 1988's Chateau Rock Festival. ~ Drago Bonacich",El reggae de paz y amor,Unknown,https://www.youtube.com/watch?v=qEEhVwAiOPE&list=RDqEEhVwAiOPE&start_radio=1&pp=ygUcU3VtbyBFbCByZWdnYWUgZGUgcGF6IHkgYW1vcqAHAQ%3D%3D
Divididos por la felicidad,https://lastfm.freetls.fastly.net/i/u/300x300/bf0d79dca19789890302221e2a268d4a.jpg,Sumo,1985-01-01,"Latin rock band Sumo joined the Argentinean scene in the mid-'80s. Led by Italian Luca Prodan, the band's first lineup included guitarist German Daffunchio, drummer Stephanie Nuttal, bassist Diego Arnedo, and saxophonist Roberto Pettinato. Due to the diplomatic conflict related to the Falklands (Malvinas), which ended up in war, British Stephanie Nuttal went back to England, being replaced by Alejandro Sokol. In 1985, Sumo released Divididos Por La Felicidad, climbing on local charts with a song called ""La Rubia Tarada."" That album was followed by 1986's Llegando Los Monos, presented live at Buenos Aires' Obras Sanitarias. While its song ""Mejor No Hablar De Ciertas Cosas"" was still having frequent rotation in radio stations throughout South America, Sumo decided to make a new record called After Chabon. On December 22, 1987, singer Luca Prodan was found dead, victim of a heart attack. That tragic event deeply affected the band. Sumos' remaining members played for the last time at 1988's Chateau Rock Festival. ~ Drago Bonacich",Debede,Unknown,https://www.youtube.com/watch?v=GFGaBuNeCVg&list=RDGFGaBuNeCVg&start_radio=1&pp=ygULU3VtbyBEZWJlZGWgBwE%3D
Divididos por la felicidad,https://lastfm.freetls.fastly.net/i/u/300x300/bf0d79dca19789890302221e2a268d4a.jpg,Sumo,1985-01-01,"Latin rock band Sumo joined the Argentinean scene in the mid-'80s. Led by Italian Luca Prodan, the band's first lineup included guitarist German Daffunchio, drummer Stephanie Nuttal, bassist Diego Arnedo, and saxophonist Roberto Pettinato. Due to the diplomatic conflict related to the Falklands (Malvinas), which ended up in war, British Stephanie Nuttal went back to England, being replaced by Alejandro Sokol. In 1985, Sumo released Divididos Por La Felicidad, climbing on local charts with a song called ""La Rubia Tarada."" That album was followed by 1986's Llegando Los Monos, presented live at Buenos Aires' Obras Sanitarias. While its song ""Mejor No Hablar De Ciertas Cosas"" was still having frequent rotation in radio stations throughout South America, Sumo decided to make a new record called After Chabon. On December 22, 1987, singer Luca Prodan was found dead, victim of a heart attack. That tragic event deeply affected the band. Sumos' remaining members played for the last time at 1988's Chateau Rock Festival. ~ Drago Bonacich",Mejor no hablar de ciertas cosas,Unknown,https://www.youtube.com/watch?v=P7M9U0D06iI&list=RDP7M9U0D06iI&start_radio=1&pp=ygUlU3VtbyBNZWpvciBubyBoYWJsYXIgZGUgY2llcnRhcyBjb3Nhc6AHAQ%3D%3D
Divididos por la felicidad,https://lastfm.freetls.fastly.net/i/u/300x300/bf0d79dca19789890302221e2a268d4a.jpg,Sumo,1985-01-01,"Latin rock band Sumo joined the Argentinean scene in the mid-'80s. Led by Italian Luca Prodan, the band's first lineup included guitarist German Daffunchio, drummer Stephanie Nuttal, bassist Diego Arnedo, and saxophonist Roberto Pettinato. Due to the diplomatic conflict related to the Falklands (Malvinas), which ended up in war, British Stephanie Nuttal went back to England, being replaced by Alejandro Sokol. In 1985, Sumo released Divididos Por La Felicidad, climbing on local charts with a song called ""La Rubia Tarada."" That album was followed by 1986's Llegando Los Monos, presented live at Buenos Aires' Obras Sanitarias. While its song ""Mejor No Hablar De Ciertas Cosas"" was still having frequent rotation in radio stations throughout South America, Sumo decided to make a new record called After Chabon. On December 22, 1987, singer Luca Prodan was found dead, victim of a heart attack. That tragic event deeply affected the band. Sumos' remaining members played for the last time at 1988's Chateau Rock Festival. ~ Drago Bonacich",Divididos por la felicidad,Unknown,https://www.youtube.com/watch?v=TOvzf8OepZg&list=RDTOvzf8OepZg&start_radio=1&pp=ygUfU3VtbyBEaXZpZGlkb3MgcG9yIGxhIGZlbGljaWRhZKAHAQ%3D%3D
Divididos por la felicidad,https://lastfm.freetls.fastly.net/i/u/300x300/bf0d79dca19789890302221e2a268d4a.jpg,Sumo,1985-01-01,"Latin rock band Sumo joined the Argentinean scene in the mid-'80s. Led by Italian Luca Prodan, the band's first lineup included guitarist German Daffunchio, drummer Stephanie Nuttal, bassist Diego Arnedo, and saxophonist Roberto Pettinato. Due to the diplomatic conflict related to the Falklands (Malvinas), which ended up in war, British Stephanie Nuttal went back to England, being replaced by Alejandro Sokol. In 1985, Sumo released Divididos Por La Felicidad, climbing on local charts with a song called ""La Rubia Tarada."" That album was followed by 1986's Llegando Los Monos, presented live at Buenos Aires' Obras Sanitarias. While its song ""Mejor No Hablar De Ciertas Cosas"" was still having frequent rotation in radio stations throughout South America, Sumo decided to make a new record called After Chabon. On December 22, 1987, singer Luca Prodan was found dead, victim of a heart attack. That tragic event deeply affected the band. Sumos' remaining members played for the last time at 1988's Chateau Rock Festival. ~ Drago Bonacich",No duermas más,Unknown,https://www.youtube.com/watch?v=8A6K6-OYrH0&list=RD8A6K6-OYrH0&start_radio=1&pp=ygUUU3VtbyBObyBkdWVybWFzIG3DoXOgBwE%3D
Divididos por la felicidad,https://lastfm.freetls.fastly.net/i/u/300x300/bf0d79dca19789890302221e2a268d4a.jpg,Sumo,1985-01-01,"Latin rock band Sumo joined the Argentinean scene in the mid-'80s. Led by Italian Luca Prodan, the band's first lineup included guitarist German Daffunchio, drummer Stephanie Nuttal, bassist Diego Arnedo, and saxophonist Roberto Pettinato. Due to the diplomatic conflict related to the Falklands (Malvinas), which ended up in war, British Stephanie Nuttal went back to England, being replaced by Alejandro Sokol. In 1985, Sumo released Divididos Por La Felicidad, climbing on local charts with a song called ""La Rubia Tarada."" That album was followed by 1986's Llegando Los Monos, presented live at Buenos Aires' Obras Sanitarias. While its song ""Mejor No Hablar De Ciertas Cosas"" was still having frequent rotation in radio stations throughout South America, Sumo decided to make a new record called After Chabon. On December 22, 1987, singer Luca Prodan was found dead, victim of a heart attack. That tragic event deeply affected the band. Sumos' remaining members played for the last time at 1988's Chateau Rock Festival. ~ Drago Bonacich",Kaya,Unknown,https://www.youtube.com/watch?v=URjao9PLNzI&list=RDURjao9PLNzI&start_radio=1&pp=ygUJU3VtbyBLYXlhoAcB0gcJCSIKAYcqIYzv
Llegando los monos,https://lastfm.freetls.fastly.net/i/u/300x300/5de8d377ff824063bb3c70259564bedf.jpg,Sumo,1986-01-01,"Latin rock band Sumo joined the Argentinean scene in the mid-'80s. Led by Italian Luca Prodan, the band's first lineup included guitarist German Daffunchio, drummer Stephanie Nuttal, bassist Diego Arnedo, and saxophonist Roberto Pettinato. Due to the diplomatic conflict related to the Falklands (Malvinas), which ended up in war, British Stephanie Nuttal went back to England, being replaced by Alejandro Sokol. In 1985, Sumo released Divididos Por La Felicidad, climbing on local charts with a song called ""La Rubia Tarada."" That album was followed by 1986's Llegando Los Monos, presented live at Buenos Aires' Obras Sanitarias. While its song ""Mejor No Hablar De Ciertas Cosas"" was still having frequent rotation in radio stations throughout South America, Sumo decided to make a new record called After Chabon. On December 22, 1987, singer Luca Prodan was found dead, victim of a heart attack. That tragic event deeply affected the band. Sumos' remaining members played for the last time at 1988's Chateau Rock Festival. ~ Drago Bonacich",El ojo blindado,Unknown,https://www.youtube.com/watch?v=vUn10QHFmDM&list=RDvUn10QHFmDM&start_radio=1&pp=ygUUU3VtbyBFbCBvam8gYmxpbmRhZG-gBwE%3D
Llegando los monos,https://lastfm.freetls.fastly.net/i/u/300x300/5de8d377ff824063bb3c70259564bedf.jpg,Sumo,1986-01-01,"Latin rock band Sumo joined the Argentinean scene in the mid-'80s. Led by Italian Luca Prodan, the band's first lineup included guitarist German Daffunchio, drummer Stephanie Nuttal, bassist Diego Arnedo, and saxophonist Roberto Pettinato. Due to the diplomatic conflict related to the Falklands (Malvinas), which ended up in war, British Stephanie Nuttal went back to England, being replaced by Alejandro Sokol. In 1985, Sumo released Divididos Por La Felicidad, climbing on local charts with a song called ""La Rubia Tarada."" That album was followed by 1986's Llegando Los Monos, presented live at Buenos Aires' Obras Sanitarias. While its song ""Mejor No Hablar De Ciertas Cosas"" was still having frequent rotation in radio stations throughout South America, Sumo decided to make a new record called After Chabon. On December 22, 1987, singer Luca Prodan was found dead, victim of a heart attack. That tragic event deeply affected the band. Sumos' remaining members played for the last time at 1988's Chateau Rock Festival. ~ Drago Bonacich",Estallando desde el océano,Unknown,https://www.youtube.com/watch?v=q_18Ms-0VTA&list=RDq_18Ms-0VTA&start_radio=1&pp=ygUgU3VtbyBFc3RhbGxhbmRvIGRlc2RlIGVsIG9jw6lhbm-gBwE%3D
Llegando los monos,https://lastfm.freetls.fastly.net/i/u/300x300/5de8d377ff824063bb3c70259564bedf.jpg,Sumo,1986-01-01,"Latin rock band Sumo joined the Argentinean scene in the mid-'80s. Led by Italian Luca Prodan, the band's first lineup included guitarist German Daffunchio, drummer Stephanie Nuttal, bassist Diego Arnedo, and saxophonist Roberto Pettinato. Due to the diplomatic conflict related to the Falklands (Malvinas), which ended up in war, British Stephanie Nuttal went back to England, being replaced by Alejandro Sokol. In 1985, Sumo released Divididos Por La Felicidad, climbing on local charts with a song called ""La Rubia Tarada."" That album was followed by 1986's Llegando Los Monos, presented live at Buenos Aires' Obras Sanitarias. While its song ""Mejor No Hablar De Ciertas Cosas"" was still having frequent rotation in radio stations throughout South America, Sumo decided to make a new record called After Chabon. On December 22, 1987, singer Luca Prodan was found dead, victim of a heart attack. That tragic event deeply affected the band. Sumos' remaining members played for the last time at 1988's Chateau Rock Festival. ~ Drago Bonacich",T.V. caliente,Unknown,https://www.youtube.com/watch?v=jcgNMtIIgHQ&list=RDjcgNMtIIgHQ&start_radio=1&pp=ygUUU3VtbyAtIFQuVi4gY2FsaWVudGWgBwE%3D
Llegando los monos,https://lastfm.freetls.fastly.net/i/u/300x300/5de8d377ff824063bb3c70259564bedf.jpg,Sumo,1986-01-01,"Latin rock band Sumo joined the Argentinean scene in the mid-'80s. Led by Italian Luca Prodan, the band's first lineup included guitarist German Daffunchio, drummer Stephanie Nuttal, bassist Diego Arnedo, and saxophonist Roberto Pettinato. Due to the diplomatic conflict related to the Falklands (Malvinas), which ended up in war, British Stephanie Nuttal went back to England, being replaced by Alejandro Sokol. In 1985, Sumo released Divididos Por La Felicidad, climbing on local charts with a song called ""La Rubia Tarada."" That album was followed by 1986's Llegando Los Monos, presented live at Buenos Aires' Obras Sanitarias. While its song ""Mejor No Hablar De Ciertas Cosas"" was still having frequent rotation in radio stations throughout South America, Sumo decided to make a new record called After Chabon. On December 22, 1987, singer Luca Prodan was found dead, victim of a heart attack. That tragic event deeply affected the band. Sumos' remaining members played for the last time at 1988's Chateau Rock Festival. ~ Drago Bonacich",Nextweek,Unknown,https://www.youtube.com/watch?v=AYwaZDM4aec&list=RDAYwaZDM4aec&start_radio=1&pp=ygUNU3VtbyBOZXh0d2Vla6AHAQ%3D%3D
Llegando los monos,https://lastfm.freetls.fastly.net/i/u/300x300/5de8d377ff824063bb3c70259564bedf.jpg,Sumo,1986-01-01,"Latin rock band Sumo joined the Argentinean scene in the mid-'80s. Led by Italian Luca Prodan, the band's first lineup included guitarist German Daffunchio, drummer Stephanie Nuttal, bassist Diego Arnedo, and saxophonist Roberto Pettinato. Due to the diplomatic conflict related to the Falklands (Malvinas), which ended up in war, British Stephanie Nuttal went back to England, being replaced by Alejandro Sokol. In 1985, Sumo released Divididos Por La Felicidad, climbing on local charts with a song called ""La Rubia Tarada."" That album was followed by 1986's Llegando Los Monos, presented live at Buenos Aires' Obras Sanitarias. While its song ""Mejor No Hablar De Ciertas Cosas"" was still having frequent rotation in radio stations throughout South America, Sumo decided to make a new record called After Chabon. On December 22, 1987, singer Luca Prodan was found dead, victim of a heart attack. That tragic event deeply affected the band. Sumos' remaining members played for the last time at 1988's Chateau Rock Festival. ~ Drago Bonacich",Los viejos vinagres,Unknown,https://www.youtube.com/watch?v=v-uUfI8IVyw&list=RDv-uUfI8IVyw&start_radio=1&pp=ygUYU3VtbyBMb3Mgdmllam9zIHZpbmFncmVzoAcB
Benji,https://lastfm.freetls.fastly.net/i/u/300x300/de9c38ad3ec944d9c472356064d77ec7.png,Sun Kil Moon,2014-02-11,"After dissolving his previous band Red House Painters, singer/songwriter Mark Kozelek resurfaced with Sun Kil Moon, refining and expanding the luminous acoustic balladry and harrowingly intimate lyricism that were the hallmarks of his career to date. He debuted Sun Kil Moon with 2002's Ghosts of the Great Highway, an extension of Red House Painters' melancholic dream pop sound. Following 2010's sparse yet exquisitely crafted Admiral Fell Promises, Kozelek's songwriting became much more direct, literal, and even humorous starting with 2012's Among the Leaves. Released in 2014, the particularly confessional Benji proved to be one of the most popular and critically acclaimed releases of Kozelek's entire career. Kozelek continued to explore a diary-like, self-referential songwriting style on subsequent releases such as 2015's Universal Themes and two collaborations with Jesu.
Born in Massillon, Ohio, in 1967, Kozelek formed his first band, God Forbid, while in his teens. Upon relocating to Atlanta, he struck up a friendship with drummer Anthony Koutsos, and together they formed the first incarnation of Red House Painters. A move to San Francisco followed, where guitarist Gorden Mack and bassist Jerry Vessel rounded out the group's roster. While performing on the Bay Area club circuit, the quartet came to the attention of American Music Club frontman Mark Eitzel, who often cited Red House Painters as his favorite band. Through Eitzel, RHP's demo tape made its way to the London offices of 4AD Records, which signed the group and in 1992 issued the unvarnished demos -- a striking collection of Spartan, atmospheric melodies lurking behind Kozelek's ghostly vocals -- as the LP Down Colorful Hill. Subsequent efforts, highlighted by a pair of eponymous albums released back to back in 1993, established Kozelek as a writer of stunning emotional depth, unflinchingly detailing his erratic, abusive nature and troubled background.
But relations with 4AD grew strained, and when Kozelek began work on a long-rumored solo album in the wake of 1995's radiant Ocean Beach, the label terminated Red House Painters' contract. Although none of Kozelek's bandmates appeared on the completed LP, the solo disc Songs for a Blue Guitar was instead issued under the RHP banner when it appeared on Island's Supreme imprint in 1996. The group reunited in late 1997 for one final album, Old Ramon, but the Polygram/Universal merger spelled Supreme's end, and the completed LP was indefinitely shelved. Kozelek soon began work assembling and producing Take Me Home: A Tribute to John Denver, an all-star cover record celebrating the life and music of the late folkie, and in 2000 issued his first proper solo effort, Rock 'n' Roll Singer, a curious yet compelling patchwork highlighted by three Bon Scott-era AC/DC covers. Perhaps most surprising, Kozelek also co-starred in filmmaker Cameron Crowe's 2000 release Almost Famous, playing Larry Fellows, bassist for the fictional '70s hard rock band Stillwater. After securing the rights to Old Ramon, Kozelek licensed the album to Sub Pop for release in the spring of 2001. Later that same year, the label also issued his limited-edition solo set White Christmas Live.
In early 2002, Kozelek assembled Sun Kil Moon with former Red House Painter Anthony Koutsos, Black Lab bassist Geoff Stanfield, and erstwhile American Music Club drummer Tim Mooney. Their debut LP, Ghosts of the Great Highway, appeared to wide critical acclaim in late 2003, and Kozelek assembled a new touring band to support its release, spending the better part of 2004 on the road. He also continued his film career, again playing a fictional musician in the 2005 big-screen adaptation of Steve Martin's comedic novella Shopgirl. That summer, Kozelek joined with Low's Alan Sparhawk in the classic rock cover band the Retribution Gospel Choir, issuing a tour-only EP in advance of the second Sun Kil Moon album, the much maligned Tiny Cities, a collection of covers by indie rock band Modest Mouse. The album was the first released on Kozelek's own Caldo Verde label. April, featuring guest vocals from Will Oldham and Ben Gibbard, followed in 2008. Kozelek switched it up again for 2010's Admiral Fell Promises; he recorded ten new songs accompanied only by a nylon-stringed guitar. The like-minded Among the Leaves, Kozelek's fifth outing under the moniker, arrived in 2012.
An especially direct collection of songs titled Benji was issued in February of 2014. The album was an unexpected critical and commercial success, hitting number 75 in the Billboard 200 album chart and ranking in year-end lists from numerous publications, including FACT, which named it the best album of 2014. Kozelek's sudden increase in media attention also spotlighted his infamously crabby on-stage behavior, which sometimes threatened to overshadow his music; a one-sided feud with the War on Drugs was particularly well-publicized. Kozelek ended 2014 with the long-promised release of Sings Christmas Carols, his solo album of holiday standards. Sun Kil Moon's seventh album, Universal Themes, arrived in June of 2015. Sun Kil Moon's long-rumored collaboration with Justin Broadrick's project Jesu was announced that year, with a pre-release track, ""America's Most Wanted Mark Kozelek and John Dillinger,"" offered to websites in October. The album, simply titled Jesu/Sun Kil Moon, appeared on Caldo Verde in January of 2016. Kozelek then released an album of cover tunes simply titled Sings Favorites. Sun Kil Moon's ambitious double-album Common as Light and Love Are Red Valleys of Blood was released in February of 2017. This was followed by a second Jesu collaboration, 30 Seconds to the Decline of Planet Earth. Following three releases under his own name (a collaboration with Sean Yeaton, one with Ben Boye and Jim White, and an eponymous solo effort), Kozelek resumed work as Sun Kil Moon with 2018's This Is My Dinner. The next year another lengthy album materialized in the form of I Also Want to Die in New Orleans. The album's jazz-inflected instrumentals again featured contributions from drummer Jim White as well as saxophonist Donny McCaslin. ~ Jason Ankeny",Richard Ramirez Died Today of Natural Causes,Unknown,https://www.youtube.com/watch?v=nviTjk9Lm-w&pp=ygU5U3VuIEtpbCBNb29uIFJpY2hhcmQgUmFtaXJleiBEaWVkIFRvZGF5IG9mIE5hdHVyYWwgQ2F1c2Vz
Champagne Taste,https://lastfm.freetls.fastly.net/i/u/300x300/7a48d278c81f7d3f12eedaf93516fe01.jpg,Sunflower Bean,2025-01-28,"Brooklyn indie pop trio Sunflower Bean merge rock & roll energy and dream pop sweetness into a sound that's both familiar and fresh. Drawing comparisons to bands like Blake Babies and Blondie, the group quickly earned buzz for their 2016 debut album, Human Ceremony, all the while touring and building fans with their vibrant live shows. They have continued to mature, crafting politically charged anthems on 2018's Twentytwo in Blue and embracing a swaggering, '90s-style alt-rock on 2022's Headful of Sugar and 2024's Shake EP.
Though Sunflower Bean formed in 2013, the group came about years earlier when drummer Olive Faber and guitarist/vocalist Nick Kivlen began jamming together while both were still in high school. However, nothing much came of it until they were freshman in college and added bassist/vocalist Julia Cumming to the lineup. Once set as a trio, they developed a style that relied heavily on interplay between the two vocalists and began playing shows in N.Y.C. -- almost 100 over the course of a year. After recording an EP, Show Me Your Seven Secrets, which was released in 2015, the band hooked up with Fat Possum and began working on a full-length album. They spent the summer of 2015 in Faber's basement hashing out songs, and with the help of producer Matthew Molnar, formerly of indie pop group Friends, recorded them over a whirlwind seven-day session. The album, Human Ceremony, was released in early 2016 and the group embarked on a steady spate of shows. In September, they released From the Basement, a four-song EP of covers of Neil Young, Modern Lovers, T. Rex, and Spiritualized songs.
Once the touring slowed down, Sunflower Bean began planning a second record. Inspired by politics and growing up in an uncertain world, the group spent a full year writing songs, then recorded them with Molnar again, this time with the addition of Unknown Mortal Orchestra's Jacob Portrait as co-producer. Taking a more direct approach to the songwriting this time, the band brought in classic rock and glam influences while keeping the innocent spirit of the debut intact. The album, Twentytwo in Blue, was released by their new label, Mom+Pop, in March 2018 and hit number 16 on Billboard's Top Independent Albums chart.
On the heels of the album's release, the band hit the road, appearing at Glastonbury, Leeds Festival, and Bonnaroo, as well as touring at various times with Interpol, the Kills, and Wolf Alice, among others. They also showcased their ever-expanding influences, drawing upon their love of nervy, '80s punk and new wave on 2019's Justin Raisen-produced King of the Dudes EP. The following year, Cumming also contributed vocals to Yves Tumor's Heaven to a Tortured Mind.
Following a period of recording largely at their homes due to the COVID-19 pandemic, Sunflower Bean returned with their third full-length, 2022's Headful of Sugar. Once again produced with Portrait (and with Faber handling engineering duties) the album found them embracing an even more sophisticated blend of '90s-influenced alt-rock, as evidenced by the sultry gravitas of the single ""Who Put You Up to This?"" They returned in September 2024 with the four-song EP Shake, anchored by the blistering, guitar-heavy title track. ~ Matt Collar & Tim Sendra",Champagne Taste,Unknown,https://www.youtube.com/watch?v=O8MCJWnZxOs&pp=ygUgU3VuZmxvd2VyIEJlYW4gLSBDaGFtcGFnbmUgVGFzdGXSBwkJhAkBhyohjO8%3D
Human Ceremony,https://lastfm.freetls.fastly.net/i/u/300x300/06c6bb57cb0420b906fa4ec1a8d1f9b6.jpg,Sunflower Bean,2016-02-05,"Brooklyn indie pop trio Sunflower Bean merge rock & roll energy and dream pop sweetness into a sound that's both familiar and fresh. Drawing comparisons to bands like Blake Babies and Blondie, the group quickly earned buzz for their 2016 debut album, Human Ceremony, all the while touring and building fans with their vibrant live shows. They have continued to mature, crafting politically charged anthems on 2018's Twentytwo in Blue and embracing a swaggering, '90s-style alt-rock on 2022's Headful of Sugar and 2024's Shake EP.
Though Sunflower Bean formed in 2013, the group came about years earlier when drummer Olive Faber and guitarist/vocalist Nick Kivlen began jamming together while both were still in high school. However, nothing much came of it until they were freshman in college and added bassist/vocalist Julia Cumming to the lineup. Once set as a trio, they developed a style that relied heavily on interplay between the two vocalists and began playing shows in N.Y.C. -- almost 100 over the course of a year. After recording an EP, Show Me Your Seven Secrets, which was released in 2015, the band hooked up with Fat Possum and began working on a full-length album. They spent the summer of 2015 in Faber's basement hashing out songs, and with the help of producer Matthew Molnar, formerly of indie pop group Friends, recorded them over a whirlwind seven-day session. The album, Human Ceremony, was released in early 2016 and the group embarked on a steady spate of shows. In September, they released From the Basement, a four-song EP of covers of Neil Young, Modern Lovers, T. Rex, and Spiritualized songs.
Once the touring slowed down, Sunflower Bean began planning a second record. Inspired by politics and growing up in an uncertain world, the group spent a full year writing songs, then recorded them with Molnar again, this time with the addition of Unknown Mortal Orchestra's Jacob Portrait as co-producer. Taking a more direct approach to the songwriting this time, the band brought in classic rock and glam influences while keeping the innocent spirit of the debut intact. The album, Twentytwo in Blue, was released by their new label, Mom+Pop, in March 2018 and hit number 16 on Billboard's Top Independent Albums chart.
On the heels of the album's release, the band hit the road, appearing at Glastonbury, Leeds Festival, and Bonnaroo, as well as touring at various times with Interpol, the Kills, and Wolf Alice, among others. They also showcased their ever-expanding influences, drawing upon their love of nervy, '80s punk and new wave on 2019's Justin Raisen-produced King of the Dudes EP. The following year, Cumming also contributed vocals to Yves Tumor's Heaven to a Tortured Mind.
Following a period of recording largely at their homes due to the COVID-19 pandemic, Sunflower Bean returned with their third full-length, 2022's Headful of Sugar. Once again produced with Portrait (and with Faber handling engineering duties) the album found them embracing an even more sophisticated blend of '90s-influenced alt-rock, as evidenced by the sultry gravitas of the single ""Who Put You Up to This?"" They returned in September 2024 with the four-song EP Shake, anchored by the blistering, guitar-heavy title track. ~ Matt Collar & Tim Sendra",Human Ceremony,Unknown,https://www.youtube.com/watch?v=KlYmjXLIgok&pp=ygUfU3VuZmxvd2VyIEJlYW4gLSBIdW1hbiBDZXJlbW9ueQ%3D%3D
Human Ceremony,https://lastfm.freetls.fastly.net/i/u/300x300/06c6bb57cb0420b906fa4ec1a8d1f9b6.jpg,Sunflower Bean,2016-02-05,"Brooklyn indie pop trio Sunflower Bean merge rock & roll energy and dream pop sweetness into a sound that's both familiar and fresh. Drawing comparisons to bands like Blake Babies and Blondie, the group quickly earned buzz for their 2016 debut album, Human Ceremony, all the while touring and building fans with their vibrant live shows. They have continued to mature, crafting politically charged anthems on 2018's Twentytwo in Blue and embracing a swaggering, '90s-style alt-rock on 2022's Headful of Sugar and 2024's Shake EP.
Though Sunflower Bean formed in 2013, the group came about years earlier when drummer Olive Faber and guitarist/vocalist Nick Kivlen began jamming together while both were still in high school. However, nothing much came of it until they were freshman in college and added bassist/vocalist Julia Cumming to the lineup. Once set as a trio, they developed a style that relied heavily on interplay between the two vocalists and began playing shows in N.Y.C. -- almost 100 over the course of a year. After recording an EP, Show Me Your Seven Secrets, which was released in 2015, the band hooked up with Fat Possum and began working on a full-length album. They spent the summer of 2015 in Faber's basement hashing out songs, and with the help of producer Matthew Molnar, formerly of indie pop group Friends, recorded them over a whirlwind seven-day session. The album, Human Ceremony, was released in early 2016 and the group embarked on a steady spate of shows. In September, they released From the Basement, a four-song EP of covers of Neil Young, Modern Lovers, T. Rex, and Spiritualized songs.
Once the touring slowed down, Sunflower Bean began planning a second record. Inspired by politics and growing up in an uncertain world, the group spent a full year writing songs, then recorded them with Molnar again, this time with the addition of Unknown Mortal Orchestra's Jacob Portrait as co-producer. Taking a more direct approach to the songwriting this time, the band brought in classic rock and glam influences while keeping the innocent spirit of the debut intact. The album, Twentytwo in Blue, was released by their new label, Mom+Pop, in March 2018 and hit number 16 on Billboard's Top Independent Albums chart.
On the heels of the album's release, the band hit the road, appearing at Glastonbury, Leeds Festival, and Bonnaroo, as well as touring at various times with Interpol, the Kills, and Wolf Alice, among others. They also showcased their ever-expanding influences, drawing upon their love of nervy, '80s punk and new wave on 2019's Justin Raisen-produced King of the Dudes EP. The following year, Cumming also contributed vocals to Yves Tumor's Heaven to a Tortured Mind.
Following a period of recording largely at their homes due to the COVID-19 pandemic, Sunflower Bean returned with their third full-length, 2022's Headful of Sugar. Once again produced with Portrait (and with Faber handling engineering duties) the album found them embracing an even more sophisticated blend of '90s-influenced alt-rock, as evidenced by the sultry gravitas of the single ""Who Put You Up to This?"" They returned in September 2024 with the four-song EP Shake, anchored by the blistering, guitar-heavy title track. ~ Matt Collar & Tim Sendra",Come On,Unknown,https://www.youtube.com/watch?v=EjIcHPr7z6Y&pp=ygUWU3VuZmxvd2VyIEJlYW4gQ29tZSBPbg%3D%3D
Human Ceremony,https://lastfm.freetls.fastly.net/i/u/300x300/06c6bb57cb0420b906fa4ec1a8d1f9b6.jpg,Sunflower Bean,2016-02-05,"Brooklyn indie pop trio Sunflower Bean merge rock & roll energy and dream pop sweetness into a sound that's both familiar and fresh. Drawing comparisons to bands like Blake Babies and Blondie, the group quickly earned buzz for their 2016 debut album, Human Ceremony, all the while touring and building fans with their vibrant live shows. They have continued to mature, crafting politically charged anthems on 2018's Twentytwo in Blue and embracing a swaggering, '90s-style alt-rock on 2022's Headful of Sugar and 2024's Shake EP.
Though Sunflower Bean formed in 2013, the group came about years earlier when drummer Olive Faber and guitarist/vocalist Nick Kivlen began jamming together while both were still in high school. However, nothing much came of it until they were freshman in college and added bassist/vocalist Julia Cumming to the lineup. Once set as a trio, they developed a style that relied heavily on interplay between the two vocalists and began playing shows in N.Y.C. -- almost 100 over the course of a year. After recording an EP, Show Me Your Seven Secrets, which was released in 2015, the band hooked up with Fat Possum and began working on a full-length album. They spent the summer of 2015 in Faber's basement hashing out songs, and with the help of producer Matthew Molnar, formerly of indie pop group Friends, recorded them over a whirlwind seven-day session. The album, Human Ceremony, was released in early 2016 and the group embarked on a steady spate of shows. In September, they released From the Basement, a four-song EP of covers of Neil Young, Modern Lovers, T. Rex, and Spiritualized songs.
Once the touring slowed down, Sunflower Bean began planning a second record. Inspired by politics and growing up in an uncertain world, the group spent a full year writing songs, then recorded them with Molnar again, this time with the addition of Unknown Mortal Orchestra's Jacob Portrait as co-producer. Taking a more direct approach to the songwriting this time, the band brought in classic rock and glam influences while keeping the innocent spirit of the debut intact. The album, Twentytwo in Blue, was released by their new label, Mom+Pop, in March 2018 and hit number 16 on Billboard's Top Independent Albums chart.
On the heels of the album's release, the band hit the road, appearing at Glastonbury, Leeds Festival, and Bonnaroo, as well as touring at various times with Interpol, the Kills, and Wolf Alice, among others. They also showcased their ever-expanding influences, drawing upon their love of nervy, '80s punk and new wave on 2019's Justin Raisen-produced King of the Dudes EP. The following year, Cumming also contributed vocals to Yves Tumor's Heaven to a Tortured Mind.
Following a period of recording largely at their homes due to the COVID-19 pandemic, Sunflower Bean returned with their third full-length, 2022's Headful of Sugar. Once again produced with Portrait (and with Faber handling engineering duties) the album found them embracing an even more sophisticated blend of '90s-influenced alt-rock, as evidenced by the sultry gravitas of the single ""Who Put You Up to This?"" They returned in September 2024 with the four-song EP Shake, anchored by the blistering, guitar-heavy title track. ~ Matt Collar & Tim Sendra",2013,Unknown,https://www.youtube.com/watch?v=g_EylIzpggU&pp=ygUVU3VuZmxvd2VyIEJlYW4gLSAyMDEz
Human Ceremony,https://lastfm.freetls.fastly.net/i/u/300x300/06c6bb57cb0420b906fa4ec1a8d1f9b6.jpg,Sunflower Bean,2016-02-05,"Brooklyn indie pop trio Sunflower Bean merge rock & roll energy and dream pop sweetness into a sound that's both familiar and fresh. Drawing comparisons to bands like Blake Babies and Blondie, the group quickly earned buzz for their 2016 debut album, Human Ceremony, all the while touring and building fans with their vibrant live shows. They have continued to mature, crafting politically charged anthems on 2018's Twentytwo in Blue and embracing a swaggering, '90s-style alt-rock on 2022's Headful of Sugar and 2024's Shake EP.
Though Sunflower Bean formed in 2013, the group came about years earlier when drummer Olive Faber and guitarist/vocalist Nick Kivlen began jamming together while both were still in high school. However, nothing much came of it until they were freshman in college and added bassist/vocalist Julia Cumming to the lineup. Once set as a trio, they developed a style that relied heavily on interplay between the two vocalists and began playing shows in N.Y.C. -- almost 100 over the course of a year. After recording an EP, Show Me Your Seven Secrets, which was released in 2015, the band hooked up with Fat Possum and began working on a full-length album. They spent the summer of 2015 in Faber's basement hashing out songs, and with the help of producer Matthew Molnar, formerly of indie pop group Friends, recorded them over a whirlwind seven-day session. The album, Human Ceremony, was released in early 2016 and the group embarked on a steady spate of shows. In September, they released From the Basement, a four-song EP of covers of Neil Young, Modern Lovers, T. Rex, and Spiritualized songs.
Once the touring slowed down, Sunflower Bean began planning a second record. Inspired by politics and growing up in an uncertain world, the group spent a full year writing songs, then recorded them with Molnar again, this time with the addition of Unknown Mortal Orchestra's Jacob Portrait as co-producer. Taking a more direct approach to the songwriting this time, the band brought in classic rock and glam influences while keeping the innocent spirit of the debut intact. The album, Twentytwo in Blue, was released by their new label, Mom+Pop, in March 2018 and hit number 16 on Billboard's Top Independent Albums chart.
On the heels of the album's release, the band hit the road, appearing at Glastonbury, Leeds Festival, and Bonnaroo, as well as touring at various times with Interpol, the Kills, and Wolf Alice, among others. They also showcased their ever-expanding influences, drawing upon their love of nervy, '80s punk and new wave on 2019's Justin Raisen-produced King of the Dudes EP. The following year, Cumming also contributed vocals to Yves Tumor's Heaven to a Tortured Mind.
Following a period of recording largely at their homes due to the COVID-19 pandemic, Sunflower Bean returned with their third full-length, 2022's Headful of Sugar. Once again produced with Portrait (and with Faber handling engineering duties) the album found them embracing an even more sophisticated blend of '90s-influenced alt-rock, as evidenced by the sultry gravitas of the single ""Who Put You Up to This?"" They returned in September 2024 with the four-song EP Shake, anchored by the blistering, guitar-heavy title track. ~ Matt Collar & Tim Sendra",Easier Said,Unknown,https://www.youtube.com/watch?v=xykuu_pVZak&pp=ygUaU3VuZmxvd2VyIEJlYW4gRWFzaWVyIFNhaWQ%3D
Human Ceremony,https://lastfm.freetls.fastly.net/i/u/300x300/06c6bb57cb0420b906fa4ec1a8d1f9b6.jpg,Sunflower Bean,2016-02-05,"Brooklyn indie pop trio Sunflower Bean merge rock & roll energy and dream pop sweetness into a sound that's both familiar and fresh. Drawing comparisons to bands like Blake Babies and Blondie, the group quickly earned buzz for their 2016 debut album, Human Ceremony, all the while touring and building fans with their vibrant live shows. They have continued to mature, crafting politically charged anthems on 2018's Twentytwo in Blue and embracing a swaggering, '90s-style alt-rock on 2022's Headful of Sugar and 2024's Shake EP.
Though Sunflower Bean formed in 2013, the group came about years earlier when drummer Olive Faber and guitarist/vocalist Nick Kivlen began jamming together while both were still in high school. However, nothing much came of it until they were freshman in college and added bassist/vocalist Julia Cumming to the lineup. Once set as a trio, they developed a style that relied heavily on interplay between the two vocalists and began playing shows in N.Y.C. -- almost 100 over the course of a year. After recording an EP, Show Me Your Seven Secrets, which was released in 2015, the band hooked up with Fat Possum and began working on a full-length album. They spent the summer of 2015 in Faber's basement hashing out songs, and with the help of producer Matthew Molnar, formerly of indie pop group Friends, recorded them over a whirlwind seven-day session. The album, Human Ceremony, was released in early 2016 and the group embarked on a steady spate of shows. In September, they released From the Basement, a four-song EP of covers of Neil Young, Modern Lovers, T. Rex, and Spiritualized songs.
Once the touring slowed down, Sunflower Bean began planning a second record. Inspired by politics and growing up in an uncertain world, the group spent a full year writing songs, then recorded them with Molnar again, this time with the addition of Unknown Mortal Orchestra's Jacob Portrait as co-producer. Taking a more direct approach to the songwriting this time, the band brought in classic rock and glam influences while keeping the innocent spirit of the debut intact. The album, Twentytwo in Blue, was released by their new label, Mom+Pop, in March 2018 and hit number 16 on Billboard's Top Independent Albums chart.
On the heels of the album's release, the band hit the road, appearing at Glastonbury, Leeds Festival, and Bonnaroo, as well as touring at various times with Interpol, the Kills, and Wolf Alice, among others. They also showcased their ever-expanding influences, drawing upon their love of nervy, '80s punk and new wave on 2019's Justin Raisen-produced King of the Dudes EP. The following year, Cumming also contributed vocals to Yves Tumor's Heaven to a Tortured Mind.
Following a period of recording largely at their homes due to the COVID-19 pandemic, Sunflower Bean returned with their third full-length, 2022's Headful of Sugar. Once again produced with Portrait (and with Faber handling engineering duties) the album found them embracing an even more sophisticated blend of '90s-influenced alt-rock, as evidenced by the sultry gravitas of the single ""Who Put You Up to This?"" They returned in September 2024 with the four-song EP Shake, anchored by the blistering, guitar-heavy title track. ~ Matt Collar & Tim Sendra",This Kind of Feeling,Unknown,https://www.youtube.com/watch?v=ymaNDFqjr5E&pp=ygUjU3VuZmxvd2VyIEJlYW4gVGhpcyBLaW5kIG9mIEZlZWxpbmc%3D
"Fire in the Western World / Pass the Hatchet, I Think I'm Goodkind",https://lastfm.freetls.fastly.net/i/u/300x300/4d5e42ea059a8368d832481ccb40c4ec.png,Superchunk,2024-10-31,"Over a 30-plus-year run, Superchunk has consistently been one of the best and most lasting examples of the magic that can happen when the D.I.Y. spirit of punk merges with the wiry honesty of indie rock. Their uncompromising, high voltage power pop sound is built on supercharged guitars and breathless tempos, then brought fully to life by Mac McCaughan's painfully honest words and mercurial vocals. The band remained emphatically independent over the years, releasing music on their own label Merge and focusing on organically developing as trends came and went around them. While their strength remained high-energy indie rock -- typified by 1990's anthem ""Slack Motherfucker"" and 2018's What a Time to Be Alive-- as the band matured, their approach grew to include the aching catharsis of 1994 breakup album Foolish, flirtations with jazz instrumentation on 1999's Jim O'Rourke-produced Come Pick Me Up, and the softened delivery and orchestral touches of 2022's Wild Loneliness.
Superchunk were formed in the college town of Chapel Hill in 1989 by singer/guitarist McCaughan, bassist Laura Ballance, drummer Chuck Garrison, and guitarist Jack McCook. Initially dubbed merely Chunk -- the ""Super"" prefix was later added to avoid confusion with a similarly named New York City avant-jazz band -- the group issued its debut single, ""What Do I,"" on the Merge label, which was jointly run by McCaughan and Ballance. The follow-up was 1990's epochal Slack Motherfucker, MacCaughan's blistering tirade against a lazy Kinko's co-worker. The single was immediately hailed on both sides of the Atlantic as one of the definitive indie anthems of the era, and with the subsequent release of their self-titled debut LP, Superchunk were widely celebrated among the most promising young bands in America.
As the success of acts like Nirvana and Pearl Jam made Seattle an early-'90s music scene of note, label heads scrambled to locate the next alternative rock hotbed. Chapel Hill became the consensus choice, and Superchunk were tapped as the Next Big Thing. The quartet -- which had subsequently exchanged McCook for guitarist Jim Wilbur -- soon found itself in the middle of a major-label bidding war, but the bandmembers defiantly stuck to their guns, remaining on Merge for their brilliant 1991 sophomore effort No Pocky for Kitty, recorded by Steve Albini and distributed by Matador. A singles collection, Tossing Seeds, followed in 1992, and a year later Superchunk -- with new drummer Jon Wurster -- returned with the superb On the Mouth, highlighted by the singles ""Mower"" and ""The Question Is How Fast.""
In addition to Superchunk's relentless tour itinerary and prolific recording schedule, McCaughan released the 1994 LP I Hope Your Heart Is Not Brittle, the first full-length release from his side project Portastatic. Even as media attention shifted elsewhere, Superchunk forged ahead. Their 1994 album Foolish deepened the band's emotional currency, with most songs directly addressing the fallout of Ballance and McCaughan's romantic relationship ending. An intra-band breakup album, Foolish was a favorite with fans and critics alike. Also in 1994, the band offered up Incidental Music, a second compilation of singles, B-sides, compilation tracks, and other assorted offerings. 1995's Here's Where the Strings Come In heralded a subtle refinement of their core sound, and was supported by a tour on the second stage at that summer's Lollapalooza festival; the first single and video, the surging ""Hyper Enough,"" was even a minor hit. A brief hiatus preceded the release of the 1996 EP The Laughter Guns. The full-length Indoor Living appeared the next year, and Superchunk returned in 1999 with Come Pick Me Up.
Ten years later, the band remained as prolific as ever with their eighth full-length release, Here's to Shutting Up, which arrived in 2001. A third collection of singles, the double-disc Cup of Sand, followed in 2003, compiling the band's singles and assorted rare tracks from 1995 to 2002. Superchunk contributed songs to various compilations over the following years, including a humorous duet with ""Meatwad,"" the meatball-shaped character from Comedy Central's Aqua Teen Hunger Force, which ultimately appeared on the show's soundtrack. They also released material on their own, including the 2009 EP Leaves in the Gutter. The band's ninth album, Majesty Shredding, which featured a horn section and guest vocals from Mountain Goats' John Darnielle, arrived the following September. The band's next album was tinged with melancholy, as several songs dealt with their grief over the death of production designer David Doernberg, a longtime friend. Superchunk released I Hate Music in the summer of 2013, promoting it with a month-long U.S. tour. Due to worsening hearing issues, Ballance didn't go on the road with the band this time around; she was replaced on bass by Jason Narducy of Split Single. He also played with Wurster in Bob Mould's band.
After the tour, the band dialed things back and the members concentrated on other things, like running Merge and, in Wurster's case, running a hilarious Instagram page, but Superchunk were sparked back into life by the results of the 2016 presidential election. McCaughan began writing songs soon after the results came in and was finished by February of 2017, at which time they began recording with Beau Sorenson, who they had worked with on I Hate Music. The album was recorded in a rush of energy and, for the first time in a while, had no keyboards. It did have a wide range of guest vocalists though, including Sabrina Ellis of A Giant Dog, Waxahatchee's Katie Crutchfield, David Bazan, and Stephin Merritt. Two songs recorded for the album were released for charity in 2017; the proceeds from ""I Got Cut"" went to Planned Parenthood, and those from ""Break the Glass"" went to the Southern Poverty Law Center. What a Time to Be Alive was released in February of 2018 and the band headed out on a month-long tour immediately after. The next year Superchunk celebrated the 25th anniversary of their watershed 1994 album Foolish with AF (Acoustic Foolish). The album revisited all 12 of the original album's songs, with additional vocals again from Katie Crutchfield as well as an appearance from Wye Oak's Jenn Wasner. On their 12th studio album 2022's Wild Loneliness, the group change course somewhat from the disquieting fuzz of its immediate predecessor, turning down the aggression and volume in favor of more subtle fare. This came in the form of graceful string arrangements from Owen Pallett, guest saxophone parts from Wye Oak's Andy Stack, and members of Teenage Fanclub adding vocal harmonies to sanguine single ""Endless Summer."" The band followed it with a short tour after which Wurster left the band after 31 years helming the drums. The band's first release after his departure was a fitting one: Misfits & Mistakes: Singles, B-sides & Strays 2007-2023 gathered up 50 songs from the latter years of his tenure. It was also the first and last record to feature Narducy's bass playing -- on two live songs -- as he also left the band. They were replaced by the Bat Fangs' rhythm section of bassist Betsy Wright and drummer Laura King for a late 2023 tour that was launched after the compilation's release. ~ Jason Ankeny",Fire in the Western World,Unknown,https://www.youtube.com/watch?v=PKljReXcnFw&pp=ygUkU3VwZXJjaHVuayBGaXJlIGluIHRoZSBXZXN0ZXJuIFdvcmxk
"Fire in the Western World / Pass the Hatchet, I Think I'm Goodkind",https://lastfm.freetls.fastly.net/i/u/300x300/4d5e42ea059a8368d832481ccb40c4ec.png,Superchunk,2024-10-31,"Over a 30-plus-year run, Superchunk has consistently been one of the best and most lasting examples of the magic that can happen when the D.I.Y. spirit of punk merges with the wiry honesty of indie rock. Their uncompromising, high voltage power pop sound is built on supercharged guitars and breathless tempos, then brought fully to life by Mac McCaughan's painfully honest words and mercurial vocals. The band remained emphatically independent over the years, releasing music on their own label Merge and focusing on organically developing as trends came and went around them. While their strength remained high-energy indie rock -- typified by 1990's anthem ""Slack Motherfucker"" and 2018's What a Time to Be Alive-- as the band matured, their approach grew to include the aching catharsis of 1994 breakup album Foolish, flirtations with jazz instrumentation on 1999's Jim O'Rourke-produced Come Pick Me Up, and the softened delivery and orchestral touches of 2022's Wild Loneliness.
Superchunk were formed in the college town of Chapel Hill in 1989 by singer/guitarist McCaughan, bassist Laura Ballance, drummer Chuck Garrison, and guitarist Jack McCook. Initially dubbed merely Chunk -- the ""Super"" prefix was later added to avoid confusion with a similarly named New York City avant-jazz band -- the group issued its debut single, ""What Do I,"" on the Merge label, which was jointly run by McCaughan and Ballance. The follow-up was 1990's epochal Slack Motherfucker, MacCaughan's blistering tirade against a lazy Kinko's co-worker. The single was immediately hailed on both sides of the Atlantic as one of the definitive indie anthems of the era, and with the subsequent release of their self-titled debut LP, Superchunk were widely celebrated among the most promising young bands in America.
As the success of acts like Nirvana and Pearl Jam made Seattle an early-'90s music scene of note, label heads scrambled to locate the next alternative rock hotbed. Chapel Hill became the consensus choice, and Superchunk were tapped as the Next Big Thing. The quartet -- which had subsequently exchanged McCook for guitarist Jim Wilbur -- soon found itself in the middle of a major-label bidding war, but the bandmembers defiantly stuck to their guns, remaining on Merge for their brilliant 1991 sophomore effort No Pocky for Kitty, recorded by Steve Albini and distributed by Matador. A singles collection, Tossing Seeds, followed in 1992, and a year later Superchunk -- with new drummer Jon Wurster -- returned with the superb On the Mouth, highlighted by the singles ""Mower"" and ""The Question Is How Fast.""
In addition to Superchunk's relentless tour itinerary and prolific recording schedule, McCaughan released the 1994 LP I Hope Your Heart Is Not Brittle, the first full-length release from his side project Portastatic. Even as media attention shifted elsewhere, Superchunk forged ahead. Their 1994 album Foolish deepened the band's emotional currency, with most songs directly addressing the fallout of Ballance and McCaughan's romantic relationship ending. An intra-band breakup album, Foolish was a favorite with fans and critics alike. Also in 1994, the band offered up Incidental Music, a second compilation of singles, B-sides, compilation tracks, and other assorted offerings. 1995's Here's Where the Strings Come In heralded a subtle refinement of their core sound, and was supported by a tour on the second stage at that summer's Lollapalooza festival; the first single and video, the surging ""Hyper Enough,"" was even a minor hit. A brief hiatus preceded the release of the 1996 EP The Laughter Guns. The full-length Indoor Living appeared the next year, and Superchunk returned in 1999 with Come Pick Me Up.
Ten years later, the band remained as prolific as ever with their eighth full-length release, Here's to Shutting Up, which arrived in 2001. A third collection of singles, the double-disc Cup of Sand, followed in 2003, compiling the band's singles and assorted rare tracks from 1995 to 2002. Superchunk contributed songs to various compilations over the following years, including a humorous duet with ""Meatwad,"" the meatball-shaped character from Comedy Central's Aqua Teen Hunger Force, which ultimately appeared on the show's soundtrack. They also released material on their own, including the 2009 EP Leaves in the Gutter. The band's ninth album, Majesty Shredding, which featured a horn section and guest vocals from Mountain Goats' John Darnielle, arrived the following September. The band's next album was tinged with melancholy, as several songs dealt with their grief over the death of production designer David Doernberg, a longtime friend. Superchunk released I Hate Music in the summer of 2013, promoting it with a month-long U.S. tour. Due to worsening hearing issues, Ballance didn't go on the road with the band this time around; she was replaced on bass by Jason Narducy of Split Single. He also played with Wurster in Bob Mould's band.
After the tour, the band dialed things back and the members concentrated on other things, like running Merge and, in Wurster's case, running a hilarious Instagram page, but Superchunk were sparked back into life by the results of the 2016 presidential election. McCaughan began writing songs soon after the results came in and was finished by February of 2017, at which time they began recording with Beau Sorenson, who they had worked with on I Hate Music. The album was recorded in a rush of energy and, for the first time in a while, had no keyboards. It did have a wide range of guest vocalists though, including Sabrina Ellis of A Giant Dog, Waxahatchee's Katie Crutchfield, David Bazan, and Stephin Merritt. Two songs recorded for the album were released for charity in 2017; the proceeds from ""I Got Cut"" went to Planned Parenthood, and those from ""Break the Glass"" went to the Southern Poverty Law Center. What a Time to Be Alive was released in February of 2018 and the band headed out on a month-long tour immediately after. The next year Superchunk celebrated the 25th anniversary of their watershed 1994 album Foolish with AF (Acoustic Foolish). The album revisited all 12 of the original album's songs, with additional vocals again from Katie Crutchfield as well as an appearance from Wye Oak's Jenn Wasner. On their 12th studio album 2022's Wild Loneliness, the group change course somewhat from the disquieting fuzz of its immediate predecessor, turning down the aggression and volume in favor of more subtle fare. This came in the form of graceful string arrangements from Owen Pallett, guest saxophone parts from Wye Oak's Andy Stack, and members of Teenage Fanclub adding vocal harmonies to sanguine single ""Endless Summer."" The band followed it with a short tour after which Wurster left the band after 31 years helming the drums. The band's first release after his departure was a fitting one: Misfits & Mistakes: Singles, B-sides & Strays 2007-2023 gathered up 50 songs from the latter years of his tenure. It was also the first and last record to feature Narducy's bass playing -- on two live songs -- as he also left the band. They were replaced by the Bat Fangs' rhythm section of bassist Betsy Wright and drummer Laura King for a late 2023 tour that was launched after the compilation's release. ~ Jason Ankeny","Pass the Hatchet, I Think I’m Goodkind",Unknown,https://www.youtube.com/watch?v=3ngROr7CZ8c&pp=ygU1U3VwZXJjaHVuayAtIFBhc3MgdGhlIEhhdGNoZXQsIEkgVGhpbmsgSeKAmW0gR29vZGtpbmQ%3D
In It for the Money,https://lastfm.freetls.fastly.net/i/u/300x300/09fe319bbe174e4dcede1d5a3e863900.png,Supergrass,1997-04-21,"Like many other British bands of the '90s, Supergrass' musical roots lie in the infectiously catchy punk-pop of the Buzzcocks and the Jam, as well as the post-punk pop of Madness and the traditional Brit-pop of the Kinks and Small Faces. Perhaps because of its age -- two of the trio were still in their teens when they recorded their debut single -- the band also brings in elements of decidedly unhip groups like Elton John, as well as classic rockers like David Bowie, the Beatles, and the Rolling Stones. With an exuberant, youthful enthusiasm, Supergrass tied all of their influences together in surprising new ways, where a Buzzcocks riff could slam into three-part harmonies out of ""Crocodile Rock,"" or have a galloping music hall rhythm stutter like the best moments of the Who.
Consisting of guitarist/vocalist Gaz Coombes, bassist Mickey Quinn, and drummer Danny Goffey, Supergrass released their first single, the semi-autobiographical ""Caught by the Fuzz,"" in the summer of 1994 on the indie label Backbeat; Parlophone signed the band and reissued the single in the fall of the year. ""Caught by the Fuzz"" generated a significant amount of buzz, including praise from Blur and Elastica. ""Mansize Rooster,"" the group's second single, was released in the spring of 1995; it made it into the pop charts, as did ""Lenny,"" which was released right before their debut album, I Should Coco.
Released in May 1995, I Should Coco received glowing reviews in the U.K. press and debuted in the Top Ten. The band's popularity continued to grow, leading to the number two double-A-sided single, Alright/Time. Staying in the Top Three for nearly a month, the effervescent ""Alright"" pushed the album to number one. I Should Coco was released in the U.S. three months later and a buzz began to build there as ""Caught by the Fuzz"" began receiving MTV and radio play. Supergrass earned fans in some quarters -- allegedly, Steven Spielberg was interested in developing a Monkees-styled sitcom around the trio -- but I Should Coco never quite caught on in the U.S. the way it did in the rest of the world. Following a year of touring, Supergrass capped off 1996 with the single ""Going Out,"" the first taste from their second album, the psychedelic In It for the Money. Appearing in the spring of 1997, In It for the Money had greater ambitions than I Should Coco, a shift critics responded to enthusiastically, but it was also a success in the U.K., going platinum and spawning the hit singles ""Richard III,"" ""Sun Hits the Sky,"" and ""Late in the Day."" Despite support from Foo Fighters and Pearl Jam, a further attempt to crack the American market didn't take, and the group never again prioritized the U.S.
Two years after In It for the Money, Supergrass returned with an eponymous third album whose stomping lead single, ""Pumping on Your Stereo,"" suggested a poppier record than they delivered. ""Pumping on Your Stereo"" and its sequel, the Top Ten hit ""Moving,"" helped propel the album to platinum status in the U.K. Supergrass then went on an extended break, adding Gaz's brother Rob Coombes as a full-time keyboardist during the hiatus and coming back in 2002 with Life on Other Planets. Despite reaching the British Top 10, Life on Other Planets was the beginning of Supergrass' commercial downslide -- of the four singles, only ""Grace"" made it into the Top 20, with ""Seen the Light"" topping out at 22. An anniversary compilation called Supergrass Is 10 arrived in 2004 and the following year the group released the reflective, moody Road to Rouen, a record that had a pair of modest hits in ""Kiss of Life"" and ""St. Petersburg"" and wound up garnering respectable reviews.
As the band prepared the release of their louder, glammy follow-up Diamond Hoo Ha, Mickey Quinn broke his heel bone in September of 2007, leading Gaz and Danny to do a quick club tour under the name the Diamond Hoo Ha Men. The album itself came out in the spring of 2008. It was their last for Parlophone and performed modestly well on the charts, generating no hit singles. Sometime in 2009, Supergrass attempted a seventh album, provisionally entitled Release the Drones, but during the recording the group fractured. They abandoned the record and split up after a brief farewell tour in the summer of 2010, just after Gaz and Danny released a self-titled album by their covers side project the Hotrats. Quinn went on to assemble the DB Band and Gaz Coombes launched his solo career with Here Come the Bombs in the spring of 2012. In September 2019, a decade after they broke up, Supergrass reunited for a performance at the annual Glastonbury Pilton Party. Following their initial appearance, they embarked on a tour marking the 25th anniversary of their debut album, I Should Coco. The reunion also heralded the release of the group's career-spanning box set The Strange Ones: 1994-2008, which appeared in the first month of 2020. ~ Stephen Thomas Erlewine",In It for the Money,Unknown,https://www.youtube.com/watch?v=pplWingupSs&pp=ygUeU3VwZXJncmFzcyBJbiBJdCBmb3IgdGhlIE1vbmV50gcJCX4JAYcqIYzv
Superheaven,https://lastfm.freetls.fastly.net/i/u/300x300/239ff99a198ad917b00de10f3b238f8c.jpg,Superheaven,2025-04-18,"Originally formed as Daylight in 2007, the grunge revivalists changed their name to Superheaven in 2014. Although their name changed, their sound, which drew upon the driving and sludgy melodies of the '90s for inspiration, remained, with nods to bands like Stone Temple Pilots and Soundgarden still intact. Looking to reintroduce themselves to the world, they reissued their full-length debut, Jar, under their new name in 2014. The following year saw them ink a deal with Los Angeles-based indie Side One Dummy and release Ours Is Chrome. ~ Gregory Heaney",Humans for Toys,Unknown,https://www.youtube.com/watch?v=IVR8A7xQXJo&pp=ygUbU3VwZXJoZWF2ZW4gSHVtYW5zIGZvciBUb3lz
Superheaven,https://lastfm.freetls.fastly.net/i/u/300x300/239ff99a198ad917b00de10f3b238f8c.jpg,Superheaven,2025-04-18,"Originally formed as Daylight in 2007, the grunge revivalists changed their name to Superheaven in 2014. Although their name changed, their sound, which drew upon the driving and sludgy melodies of the '90s for inspiration, remained, with nods to bands like Stone Temple Pilots and Soundgarden still intact. Looking to reintroduce themselves to the world, they reissued their full-length debut, Jar, under their new name in 2014. The following year saw them ink a deal with Los Angeles-based indie Side One Dummy and release Ours Is Chrome. ~ Gregory Heaney",Numb to What Is Real,Unknown,https://www.youtube.com/watch?v=Pxf72fHF5bI&pp=ygUgU3VwZXJoZWF2ZW4gTnVtYiB0byBXaGF0IElzIFJlYWw%3D
Superheaven,https://lastfm.freetls.fastly.net/i/u/300x300/239ff99a198ad917b00de10f3b238f8c.jpg,Superheaven,2025-04-18,"Originally formed as Daylight in 2007, the grunge revivalists changed their name to Superheaven in 2014. Although their name changed, their sound, which drew upon the driving and sludgy melodies of the '90s for inspiration, remained, with nods to bands like Stone Temple Pilots and Soundgarden still intact. Looking to reintroduce themselves to the world, they reissued their full-length debut, Jar, under their new name in 2014. The following year saw them ink a deal with Los Angeles-based indie Side One Dummy and release Ours Is Chrome. ~ Gregory Heaney",Cruel Times,Unknown,https://www.youtube.com/watch?v=voVL8Ey-CiI&pp=ygUXU3VwZXJoZWF2ZW4gQ3J1ZWwgVGltZXM%3D
Superheaven,https://lastfm.freetls.fastly.net/i/u/300x300/239ff99a198ad917b00de10f3b238f8c.jpg,Superheaven,2025-04-18,"Originally formed as Daylight in 2007, the grunge revivalists changed their name to Superheaven in 2014. Although their name changed, their sound, which drew upon the driving and sludgy melodies of the '90s for inspiration, remained, with nods to bands like Stone Temple Pilots and Soundgarden still intact. Looking to reintroduce themselves to the world, they reissued their full-length debut, Jar, under their new name in 2014. The following year saw them ink a deal with Los Angeles-based indie Side One Dummy and release Ours Is Chrome. ~ Gregory Heaney",Conflicted Mood,Unknown,https://www.youtube.com/watch?v=jPZR9VyjTV0&pp=ygUbU3VwZXJoZWF2ZW4gQ29uZmxpY3RlZCBNb29k
Breakfast in America,https://lastfm.freetls.fastly.net/i/u/300x300/3515cb4917515a809e5047db720bb1f6.jpg,Supertramp,1979-12-31,"Supertramp followed an unusual path to commercial success in the 1970s, fusing the stylistic ambition and instrumental dexterity of progressive rock with the wit and tuneful melodies of British pop, and the results made them one of the most popular British acts of the '70s and ‘80s, topping the charts and filling arenas around the world at a time when their style of music was supposed to have fallen out of fashion.
Supertramp was formed in 1969 by pianist and vocalist Rick Davies. Davies had been a member of a group called the Joint, who had found a financial backer in Dutch millionaire Stanley August Miesegaes; Miesegaes had grown disenchanted with the Joint, but saw promise in Davies, and he offered to bankroll a new band if Davies wanted to launch a fresh project. Davies placed an ad in the British music weekly Melody Maker, and recruited guitarist Richard Palmer, percussionist Robert Millar, and vocalist/bassist Roger Hodgson. Davies initially dubbed the new band Daddy, but to avoid comparison with a number of other paternally named acts, he changed their billing to Supertramp, taking the name from a book by Welsh author William Henry Davies.
In 1970, Supertramp signed a deal with A&M Records, and their debut album was released later the same year. Dominated by extended prog-based compositions, the album didn't win a large audience, and Supertramp's lineup shifted, as Richard Palmer and Robert Millar left the group, Hodgson moved from bass to guitar, and bassist Frank Farrell, percussionist Kevin Currie, and Dave Winthrop on flue and sax joined the act. The new edition of Supertramp released the album Indelibly Stamped in 1971, but it fared little better in the marketplace than the debut, and Miesegaes cut off his funding of the group. Left to their own devices, Supertramp came close to collapse as most of the group's members moved on, but Davies and Hodgson put together a new version of the group -- Davies on piano and vocals, Hodgson on guitar, electric piano, and vocals, Dougie Thomson on bass, Bob C. Benberg on drums and percussion, and John Anthony Helliwell on sax, woodwinds, and keyboards. This edition of Supertramp boasted a more concise and pop-oriented sound than the band that recorded the first two albums, and 1974's Crime of the Century became Supertramp's commercial breakthrough, spawning the singles ""Dreamer"" and ""Bloody Well Right."" 1975's Crisis? What Crisis? didn't fare quite as well commercially, but 1977's Even in the Quietest Moments earned the band another hit single in ""Give a Little Bit,"" and Supertramp's steady road work earned them a reputation as an impressive live act.
1979's Breakfast in America elevated Supertramp to true superstar status; three of its songs (""Goodbye Stranger,"" ""Take the Long Way Home,"" and ""The Logical Song"") would became Top 20 hits, and the album went to number one on the Billboard charts, selling four million copies in the United States and reaching platinum status in Canada, France, Germany, and the United Kingdom. Supertramp followed the success of Breakfast in America with a live album, 1980's Paris, but it wasn't until 1982 that the group released a new studio LP, Famous Last Words, and in a sense the title was prophetic -- the working relationship between Rick Davies and Roger Hodgson had become contentious, and in 1983, Hodgson, the lead vocalist on the band's biggest hits, left to pursue a solo career. With Davies taking the lead, Supertramp released Brother Where You Bound in 1985, which found the band easing back on their pop side and exploring their progressive influences; the album also featured guest appearances from Pink Floyd guitarist David Gilmour. 1987's Free as a Bird found Supertramp experimenting with synthesizers and electronic dance music, but after a world tour in support of the album, Davies quietly retired the band.
In 1996, Davies re-assembled Supertramp for a concert tour; the new lineup featured Davies, John Anthony Helliwell, guitarist Mark Hart (who had toured with the band in support of Free as a Bird), and percussionist Jesse Siebenberg. The new Supertramp went into the studio after the tour, and Some Things Never Change was released in 1997. More touring followed, which was documented on the album Live 1997. Another studio set, Slow Motion, appeared in 2002. In 2010, Supertramp regrouped for a world tour to celebrate their fortieth anniversary, but while rumors suggested Hodgson might rejoin the band for the occasion, both he and Davies issued statements saying they were not likely to ever work together again, and Hodgson mounted a solo tour concurrently with Supertramp's anniversary celebration. ~ Mark Deming",Take The Long Way Home,Unknown,https://www.youtube.com/watch?v=RKgXNt6MhwQ&pp=ygUhU3VwZXJ0cmFtcCBUYWtlIFRoZSBMb25nIFdheSBIb21l
White Light From the Mouth of Infinity,https://lastfm.freetls.fastly.net/i/u/300x300/ded60dec2676a8aaa0c4de8bbe24d5b4.jpg,Swans,1991-05-06,"One of the most uncompromising bands, Michael Gira's Swans make music that alternates between bleak, brutal noise-rock and dark, ambient, moody folk coupled with intense live performances. Emerging from the downtown New York no wave scene, the group's confrontational shows supported dissonant, repetitive records including 1983's Filth. The dirge-like industrial of 1986's Greed introduced a more atmospheric sound as well as the addition of vocalist/songwriter Jarboe. 1991's White Light from the Mouth of Infinity was significantly more melodic and elaborately produced, even as the group's concerts remained spectacles. They disbanded in 1997 following Soundtracks for the Blind. Gira re-formed Swans in 2010. This incarnation, easily as uncompromising, produced the group's most commercially successful work, the mammoth To Be Kind, in 2014. Gira returned Swans to an alternating lineup in 2017, subsequently working with a revolving cast on 2019's leaving meaning. and 2023's The Beggar, both less intense than their previous post-reunion work but similarly hypnotic and experimental.
Swans were born on the Lower East Side during the heyday of New York's no wave reaction to punk rock. Led by guitarist, vocalist, and songwriter Michael Gira, the group was formed after the demise of his first New York outfit, Circus Mort. Swans' first lineup consisted of Gira, guitarist Sue Hanel, and drummer Jonathan Kane. The trio played with kindred spirits Sonic Youth and made some rudimentary recordings that showcased the abrasive, percussively assaultive sonics Swans were later identified with. These initial sides surfaced on the Body to Body, Job to Job compilation. A different lineup included Kane, guitarist Bob Pezzola, and Daniel Galli-Duani on saxophone; they released a self-titled EP in 1982. The personnel changed again for the band's powerful debut, Filth, issued in 1983 on Germany's Zensor imprint. It included Gira, Kane, guitarist Norman Westberg, bassist Harry Crosby, and percussionist/drummer Roli Mosimann.
Swans began to garner an audience in Europe. Kane left after Filth was released, and Swans, who were becoming known for their sheer musical brutality as well as Gira's lyrics about violence, extreme sex, power, rage, and the margins of human depravity (sometimes in the same song), found a cult following at home with the release of 1984's Cop. The sound was essentially the same: extreme volume, slower-than-molasses tempos, detuned guitars, distorted electronics, and overamped drums and percussion, but there were discernible traces of something approaching melody in Gira's compositions and vocalizing. Further evidence of this new ""accessibility"" was heard on 1985's untitled EP, which featured the provocatively titled ""Raping a Slave,"" which later became the EP's title. Swans' touring was relentless, and while anything even approaching popularity escaped them in the United States, their European audiences grew exponentially.
The band issued the EP Time Is Money (Bastard) and the full-length Greed at the beginning of 1986, another album, Holy Money, and the A Screw EP. Holy Money marked a real change in the band's sound, though its tactics were largely the same. Two new influential presences, vocalist/keyboardist Jarboe and bassist Algis Kizys, began, albeit subtly, to shift the band's attack into something less sonically assaultive yet no less jarring emotionally. Jarboe and Kizys would remain members of Swans until the group's extended hiatus began in 1997. Jarboe, who was actually a member of the band as early as Greed, would become a settled, foil-like presence for Gira as co-lead vocalist. Her presence signified the addition of a new set of dynamics and textures to the more brutal soundscapes the band had previously put forth. That said, when called upon to do so, she was no less primal or forceful than Gira as a singer.
In 1987, the band moved to Caroline Records and issued Children of God, a double album that marked the real transition between the two sides of the band’s sound. Gira openly embraced the softer aspects being added to Swans' sonic architecture. Further evidence is provided by the formation of Gira and Jarboe’s side project, Skin (World of Skin in the United States), whose first album, Blood, Women, Roses, with Jarboe featured on lead vocals, was released in 1987. A subsequent album, Shame, Humility, Revenge, with Gira on lead vocals, was also recorded at the same time but released a year later. The German-only Swans set Real Love, a semi-official bootleg, was issued in 1987. Another double album, Feel Good Now, was issued by Rough Trade in 1988. Interestingly, despite Swans gaining attention for their own material (they regularly appeared in the pages of the British weeklies and each new release brought more laudatory ink) and even placing albums on the indie charts' lower rungs, it was ironically a single, a cover of Joy Division's immortal ""Love Will Tear Us Apart,"" that climbed the independent charts in June, nearly topping them.
Fantastically, Swans were offered -- and signed -- a contract with major-label MCA. ""Saved,"" their first single for the label, was almost mainstream, given the band’s roots. The subsequent album The Burning World, produced by Bill Laswell, featured another cover, this one a gorgeous reading of Blind Faith's ""Can't Find My Way Home."" The aggressive, savage brutality of the band’s earlier recorded sound had been almost entirely supplanted by a much more somber, elegiac, and acoustic approach to music-making, with lyrics sung (rather than shouted or screamed) in duets between Gira and Jarboe; Westberg played as much acoustic guitar as electric, Jarboe’s keyboards all but floated through the mix, and Kizys employed the upper ranges of his bass like never before. The record didn't sell enough to please MCA, however, and the band was dropped.
Swans live performances were another story. The group continued to play violent music at outrageous volumes that were punishing for audience members, and sometimes displayed shocking and provocative stage antics. Crowds only grew. With critical backlash mounting and the band attracting new listeners, Gira gambled -- or reacted, depending on whose point of view you take -- and instead of following up The Burning World with another album, he formed his own label, Young God, and spent the next few years reissuing earlier Swans material. Gira and Jarboe issued their final World of Skin album, Ten Songs for Another World, in 1990, but Swans didn’t release another album until the stellar White Light from the Mouth of Infinity in 1991. It was their most commercially viable yet adventurously experimental set to date, with myriad textures, dynamics, and sophisticated production techniques. Various forms of electronics were added to the other instruments, creating depth and dimension in the group's sound. The band toured the album in front of their largest audiences yet. In 1992, Swans issued the full-length Love of Life and the live set Omniscience.
In 1993 Jarboe released her first solo project, Beautiful People Ltd., in collaboration with keyboardist Lary Seven, offering an entirely different side of her mysterious multi-octave vocal persona in Swans: it was a collection of neo-psychedelic pop songs. Gira, meanwhile, wrote fiction in earnest, resulting in the publication of his first book, The Consumer and Other Stories, published by Henry Rollins' 2.13.61 Press in 1995. Swans also resurfaced with the lauded The Great Annihilator. Jarboe issued her second solo offering, Sacrificial Cake, and Gira released his first solo album, Drainland, to boot. After touring with all the new material, the band reconvened later in the year to begin recording Soundtracks for the Blind, which was issued by Young God in 1996. The band went on a final tour before Gira announced in early 1997 that Swans were finished (a subsequent live album was titled Swans Are Dead). He began a new recording project that focused on his songwriting called the Angels of Light, and continued running Young God, a label that became an innovative force in independent music. Jarboe pursued a successful solo career, often employing former members of Swans, as well as collaborating with artists including Tool's Maynard James Keenan and Jesu's Justin Broadrick, to name just two of dozens. Gira also continued writing and publishing fiction.
In 2009, news surfaced via the Young God home page that Gira might reconvene Swans for a set of songs he had written. In early 2010, the words ""SWANS ARE NOT DEAD"" appeared on his MySpace page. The new version of the band consisted of former as well as new members including guitarists Westberg and Christoph Hahn, drummer/percussionist Phil Puleo and drummer Thor Harris, and bassist Chris Pravdica. They recorded My Father Will Guide Me Up a Rope to the Sky, which was released in September of 2010 on Young God. The live album We Rose from Your Bed with the Sun in Our Head followed in 2012 (initially released in a handmade limited edition with bonus tracks). In August of that year, Swans released the sprawling double album The Seer, an effort that Gira claimed was 30 years in the making. He and his collaborators were hardly short on ideas by this point, and following another limited release titled Not Here/Not Now, they issued another double album, 2014's To Be Kind, which featured guest vocals from St. Vincent and Cold Specks. The album was an unprecedented success for the band, earning unanimous critical acclaim as well as unexpectedly hitting the Top 40 on both the U.S. and U.K. album charts.
After that success, Gira announced that the forthcoming Swans tour and album would be the last by the existing lineup of the group, who would continue with a revolving cast of musicians. Following The Gate, another limited double-CD of live recordings and demos, Swans released The Glowing Man, an ambitious two-LP set, in 2016. Deliquescence, a limited double-CD of live performances featuring three pieces unavailable on studio albums, was issued in 2017. Swans went on hiatus in 2018, but Gira briefly toured with Westberg along the West Coast of the United States, performing newly written material. What Is This?, a limited fundraiser album of acoustic demos, was made available in early 2019, and full-length leaving meaning. arrived in late October. Guest musicians on the album included the Necks, Anna and Maria von Hausswolff, Ben Frost, and Baby Dee.
With the band unable to tour during the COVID-19 pandemic, Gira released an album of solo demos titled Is There Really a Mind? that was meant to help raise funds for the next Swans album. The effort proved successful enough that the band -- now made up of a mix of Angels of Light and Swans alumni, plus Frost -- were able to record at Candy Bomber Studio in Berlin. The set, titled The Beggar and released in 2023, reflected Gira's post-pandemic optimism and the band's still-evolving experimental nature. ~ Thom Jurek",Love Will Save You,Unknown,https://www.youtube.com/watch?v=HXbcErP-Xok&pp=ygUYU3dhbnMgTG92ZSBXaWxsIFNhdmUgWW910gcJCX4JAYcqIYzv
White Light From the Mouth of Infinity,https://lastfm.freetls.fastly.net/i/u/300x300/ded60dec2676a8aaa0c4de8bbe24d5b4.jpg,Swans,1991-05-06,"One of the most uncompromising bands, Michael Gira's Swans make music that alternates between bleak, brutal noise-rock and dark, ambient, moody folk coupled with intense live performances. Emerging from the downtown New York no wave scene, the group's confrontational shows supported dissonant, repetitive records including 1983's Filth. The dirge-like industrial of 1986's Greed introduced a more atmospheric sound as well as the addition of vocalist/songwriter Jarboe. 1991's White Light from the Mouth of Infinity was significantly more melodic and elaborately produced, even as the group's concerts remained spectacles. They disbanded in 1997 following Soundtracks for the Blind. Gira re-formed Swans in 2010. This incarnation, easily as uncompromising, produced the group's most commercially successful work, the mammoth To Be Kind, in 2014. Gira returned Swans to an alternating lineup in 2017, subsequently working with a revolving cast on 2019's leaving meaning. and 2023's The Beggar, both less intense than their previous post-reunion work but similarly hypnotic and experimental.
Swans were born on the Lower East Side during the heyday of New York's no wave reaction to punk rock. Led by guitarist, vocalist, and songwriter Michael Gira, the group was formed after the demise of his first New York outfit, Circus Mort. Swans' first lineup consisted of Gira, guitarist Sue Hanel, and drummer Jonathan Kane. The trio played with kindred spirits Sonic Youth and made some rudimentary recordings that showcased the abrasive, percussively assaultive sonics Swans were later identified with. These initial sides surfaced on the Body to Body, Job to Job compilation. A different lineup included Kane, guitarist Bob Pezzola, and Daniel Galli-Duani on saxophone; they released a self-titled EP in 1982. The personnel changed again for the band's powerful debut, Filth, issued in 1983 on Germany's Zensor imprint. It included Gira, Kane, guitarist Norman Westberg, bassist Harry Crosby, and percussionist/drummer Roli Mosimann.
Swans began to garner an audience in Europe. Kane left after Filth was released, and Swans, who were becoming known for their sheer musical brutality as well as Gira's lyrics about violence, extreme sex, power, rage, and the margins of human depravity (sometimes in the same song), found a cult following at home with the release of 1984's Cop. The sound was essentially the same: extreme volume, slower-than-molasses tempos, detuned guitars, distorted electronics, and overamped drums and percussion, but there were discernible traces of something approaching melody in Gira's compositions and vocalizing. Further evidence of this new ""accessibility"" was heard on 1985's untitled EP, which featured the provocatively titled ""Raping a Slave,"" which later became the EP's title. Swans' touring was relentless, and while anything even approaching popularity escaped them in the United States, their European audiences grew exponentially.
The band issued the EP Time Is Money (Bastard) and the full-length Greed at the beginning of 1986, another album, Holy Money, and the A Screw EP. Holy Money marked a real change in the band's sound, though its tactics were largely the same. Two new influential presences, vocalist/keyboardist Jarboe and bassist Algis Kizys, began, albeit subtly, to shift the band's attack into something less sonically assaultive yet no less jarring emotionally. Jarboe and Kizys would remain members of Swans until the group's extended hiatus began in 1997. Jarboe, who was actually a member of the band as early as Greed, would become a settled, foil-like presence for Gira as co-lead vocalist. Her presence signified the addition of a new set of dynamics and textures to the more brutal soundscapes the band had previously put forth. That said, when called upon to do so, she was no less primal or forceful than Gira as a singer.
In 1987, the band moved to Caroline Records and issued Children of God, a double album that marked the real transition between the two sides of the band’s sound. Gira openly embraced the softer aspects being added to Swans' sonic architecture. Further evidence is provided by the formation of Gira and Jarboe’s side project, Skin (World of Skin in the United States), whose first album, Blood, Women, Roses, with Jarboe featured on lead vocals, was released in 1987. A subsequent album, Shame, Humility, Revenge, with Gira on lead vocals, was also recorded at the same time but released a year later. The German-only Swans set Real Love, a semi-official bootleg, was issued in 1987. Another double album, Feel Good Now, was issued by Rough Trade in 1988. Interestingly, despite Swans gaining attention for their own material (they regularly appeared in the pages of the British weeklies and each new release brought more laudatory ink) and even placing albums on the indie charts' lower rungs, it was ironically a single, a cover of Joy Division's immortal ""Love Will Tear Us Apart,"" that climbed the independent charts in June, nearly topping them.
Fantastically, Swans were offered -- and signed -- a contract with major-label MCA. ""Saved,"" their first single for the label, was almost mainstream, given the band’s roots. The subsequent album The Burning World, produced by Bill Laswell, featured another cover, this one a gorgeous reading of Blind Faith's ""Can't Find My Way Home."" The aggressive, savage brutality of the band’s earlier recorded sound had been almost entirely supplanted by a much more somber, elegiac, and acoustic approach to music-making, with lyrics sung (rather than shouted or screamed) in duets between Gira and Jarboe; Westberg played as much acoustic guitar as electric, Jarboe’s keyboards all but floated through the mix, and Kizys employed the upper ranges of his bass like never before. The record didn't sell enough to please MCA, however, and the band was dropped.
Swans live performances were another story. The group continued to play violent music at outrageous volumes that were punishing for audience members, and sometimes displayed shocking and provocative stage antics. Crowds only grew. With critical backlash mounting and the band attracting new listeners, Gira gambled -- or reacted, depending on whose point of view you take -- and instead of following up The Burning World with another album, he formed his own label, Young God, and spent the next few years reissuing earlier Swans material. Gira and Jarboe issued their final World of Skin album, Ten Songs for Another World, in 1990, but Swans didn’t release another album until the stellar White Light from the Mouth of Infinity in 1991. It was their most commercially viable yet adventurously experimental set to date, with myriad textures, dynamics, and sophisticated production techniques. Various forms of electronics were added to the other instruments, creating depth and dimension in the group's sound. The band toured the album in front of their largest audiences yet. In 1992, Swans issued the full-length Love of Life and the live set Omniscience.
In 1993 Jarboe released her first solo project, Beautiful People Ltd., in collaboration with keyboardist Lary Seven, offering an entirely different side of her mysterious multi-octave vocal persona in Swans: it was a collection of neo-psychedelic pop songs. Gira, meanwhile, wrote fiction in earnest, resulting in the publication of his first book, The Consumer and Other Stories, published by Henry Rollins' 2.13.61 Press in 1995. Swans also resurfaced with the lauded The Great Annihilator. Jarboe issued her second solo offering, Sacrificial Cake, and Gira released his first solo album, Drainland, to boot. After touring with all the new material, the band reconvened later in the year to begin recording Soundtracks for the Blind, which was issued by Young God in 1996. The band went on a final tour before Gira announced in early 1997 that Swans were finished (a subsequent live album was titled Swans Are Dead). He began a new recording project that focused on his songwriting called the Angels of Light, and continued running Young God, a label that became an innovative force in independent music. Jarboe pursued a successful solo career, often employing former members of Swans, as well as collaborating with artists including Tool's Maynard James Keenan and Jesu's Justin Broadrick, to name just two of dozens. Gira also continued writing and publishing fiction.
In 2009, news surfaced via the Young God home page that Gira might reconvene Swans for a set of songs he had written. In early 2010, the words ""SWANS ARE NOT DEAD"" appeared on his MySpace page. The new version of the band consisted of former as well as new members including guitarists Westberg and Christoph Hahn, drummer/percussionist Phil Puleo and drummer Thor Harris, and bassist Chris Pravdica. They recorded My Father Will Guide Me Up a Rope to the Sky, which was released in September of 2010 on Young God. The live album We Rose from Your Bed with the Sun in Our Head followed in 2012 (initially released in a handmade limited edition with bonus tracks). In August of that year, Swans released the sprawling double album The Seer, an effort that Gira claimed was 30 years in the making. He and his collaborators were hardly short on ideas by this point, and following another limited release titled Not Here/Not Now, they issued another double album, 2014's To Be Kind, which featured guest vocals from St. Vincent and Cold Specks. The album was an unprecedented success for the band, earning unanimous critical acclaim as well as unexpectedly hitting the Top 40 on both the U.S. and U.K. album charts.
After that success, Gira announced that the forthcoming Swans tour and album would be the last by the existing lineup of the group, who would continue with a revolving cast of musicians. Following The Gate, another limited double-CD of live recordings and demos, Swans released The Glowing Man, an ambitious two-LP set, in 2016. Deliquescence, a limited double-CD of live performances featuring three pieces unavailable on studio albums, was issued in 2017. Swans went on hiatus in 2018, but Gira briefly toured with Westberg along the West Coast of the United States, performing newly written material. What Is This?, a limited fundraiser album of acoustic demos, was made available in early 2019, and full-length leaving meaning. arrived in late October. Guest musicians on the album included the Necks, Anna and Maria von Hausswolff, Ben Frost, and Baby Dee.
With the band unable to tour during the COVID-19 pandemic, Gira released an album of solo demos titled Is There Really a Mind? that was meant to help raise funds for the next Swans album. The effort proved successful enough that the band -- now made up of a mix of Angels of Light and Swans alumni, plus Frost -- were able to record at Candy Bomber Studio in Berlin. The set, titled The Beggar and released in 2023, reflected Gira's post-pandemic optimism and the band's still-evolving experimental nature. ~ Thom Jurek",Blind,Unknown,https://www.youtube.com/watch?v=14b_yqIVeLg&pp=ygULU3dhbnMgQmxpbmQ%3D
Desolation Boulevard,https://lastfm.freetls.fastly.net/i/u/300x300/2c29c47e7e0145089d638afeedc7c1fe.jpg,Sweet,1974-11-01,"In some ways, the Sweet epitomize all the tacky hubris and garish silliness of the early '70s. Fusing bubblegum melodies with crunchy, fuzzy guitars, they looked like a heavy metal band but were as tame as any pop group. It was a dichotomy that served them well as they racked up several hits in the U.K. and the U.S. The Sweet were smart enough to latch on to the British glam rock fad, building a safer, radio-friendly, teen-oriented version of Queen, T. Rex, and Gary Glitter. By the end of the '70s, the group's time at the top of the charts had expired, but their hit singles lived on not only as cultural artifacts but also as the predecessors for the pop-metal of the '80s. The band's competing incarnations, led by bassist Steve Priest and guitarist Andy Scott, continued to perform live and occasionally record into the early 2020s.
Originally, the Sweet were called the Sweetshop and consisted of Brian Connolly (vocals), Mick Tucker (vocals, drums), Frank Torpey (guitar), and Steve Priest (bass). In 1970, the group truncated their name to Sweet and signed a record contract with Fontana/EMI, releasing four unsuccessful singles. Following their failure, Torpey left the group and was replaced by Andy Scott. The new lineup of Sweet signed to RCA Records in 1971, where they were placed under the direction of songwriters Nicky Chinn and Mike Chapman. Chinn and Chapman wrote a number of light bubblegum pop songs for the group, the first of which, ""Funny Funny,"" reached number 13 on the U.K. charts. The duo wrote five more Top 40 hits for the band -- including ""Little Willy"" and ""Wig-Wam Bam"" -- which were all lightweight bubblegum numbers loaded with double entendres. During this time, Sweet were writing their own B-sides and album tracks. All of the band's compositions were harder than Chinn and Chapman's songs, featuring crunching hard rock guitars. Consequently, the duo decided to write tougher songs for the group. ""Blockbuster,"" the first result of Chinn and Chapman's neo-glam rock approach, was the biggest hit Sweet ever had in the U.K., reaching number one on the charts in early 1973 and eventually going platinum. For the next two years, Sweet continued to chart with Chinn and Chapman compositions, including the Top Ten hits ""Hell Raiser,"" ""Ballroom Blitz,"" ""Teenage Rampage,"" and ""The Six Teens.""
By the summer of 1974, the members of Sweet had grown tired of the control Chinn and Chapman exerted over their career and decided to record without the duo. The resulting album, Sweet Fanny Adams, reached number 27 in the U.K., but it yielded no hits. In the spring of 1975, Sweet had their first self-penned hit with ""Fox on the Run,"" which reached the Top Ten in both the U.K. and the U.S. ""Fox on the Run"" appeared on the collection Desolation Boulevard; in America, its release helped ""Ballroom Blitz"" reach the Top Ten in the summer of 1975. Strung Up, released in the fall of 1975, continued the group's move toward album-oriented rock. For the rest of the decade, they continued to churn out albums, each of which was less successful than its predecessor. Sweet bounced back into the charts in 1978 with ""Love Is Like Oxygen,"" but the single proved to be their last gasp; they never reached the Top Ten again, either in the U.S. or the U.K. Connolly left the band after ""Love Is Like Oxygen"" and the group replaced him with keyboardist Gary Moberley. The group carried on for three more years, releasing three more albums that all achieved little success. After several years of little attention, Sweet broke up in 1982.
In the decade following their breakup, Sweet reunited on various occasions. In 1985, a dance-club medley of their hits called ""It's the Sweet Mix"" became a British Top 50 success and, following the single's popularity, the group re-formed for a tour that proved to be less anticipated than expected. Later in the decade, Scott toured as part of the group Paddy Goes to Holyhead. In 1989, Scott and Tucker re-formed Sweet to record a live album at London's Marquee Club and they planned to go on tour, but Tucker fell ill and had to leave the group. Sweet carried on with Scott as the sole remaining original member, and in 1991 released the album A.
Over the years that followed, Scott's Sweet (not to be confused with a competing Sweet fronted by former bassist Steve Priest) played shows with a variety of lead singers and lineups, and in 2011 they released the single ""Join Together."" The next year, Sweet returned with New York Connection, an album of covers with samples and nods to their old catalog thrown in. The band continued to tour heavily, and in 2017 saw their early career honored with Sensational Sweet, Chapter One: The Wild Bunch, a huge box set containing their albums and singles cut between 1971 and 1978. Bassist Steve Priest died on June 4, 2020, at the age of 72. That same year saw Andy Scott's Sweet release Isolation Boulevard, a collection of reworked versions of some of the band's most notable songs, recorded during the COVID-19 lockdown. Four years later, they issued Full Circle, a lush and vibrant set of originals that skillfully combined classic and modern production styles. ~ Stephen Thomas Erlewine",Ballroom Blitz,Unknown,https://www.youtube.com/watch?v=7lTwA5xMeTM&pp=ygUUU3dlZXQgQmFsbHJvb20gQmxpdHo%3D
Desolation Boulevard,https://lastfm.freetls.fastly.net/i/u/300x300/2c29c47e7e0145089d638afeedc7c1fe.jpg,Sweet,1974-11-01,"In some ways, the Sweet epitomize all the tacky hubris and garish silliness of the early '70s. Fusing bubblegum melodies with crunchy, fuzzy guitars, they looked like a heavy metal band but were as tame as any pop group. It was a dichotomy that served them well as they racked up several hits in the U.K. and the U.S. The Sweet were smart enough to latch on to the British glam rock fad, building a safer, radio-friendly, teen-oriented version of Queen, T. Rex, and Gary Glitter. By the end of the '70s, the group's time at the top of the charts had expired, but their hit singles lived on not only as cultural artifacts but also as the predecessors for the pop-metal of the '80s. The band's competing incarnations, led by bassist Steve Priest and guitarist Andy Scott, continued to perform live and occasionally record into the early 2020s.
Originally, the Sweet were called the Sweetshop and consisted of Brian Connolly (vocals), Mick Tucker (vocals, drums), Frank Torpey (guitar), and Steve Priest (bass). In 1970, the group truncated their name to Sweet and signed a record contract with Fontana/EMI, releasing four unsuccessful singles. Following their failure, Torpey left the group and was replaced by Andy Scott. The new lineup of Sweet signed to RCA Records in 1971, where they were placed under the direction of songwriters Nicky Chinn and Mike Chapman. Chinn and Chapman wrote a number of light bubblegum pop songs for the group, the first of which, ""Funny Funny,"" reached number 13 on the U.K. charts. The duo wrote five more Top 40 hits for the band -- including ""Little Willy"" and ""Wig-Wam Bam"" -- which were all lightweight bubblegum numbers loaded with double entendres. During this time, Sweet were writing their own B-sides and album tracks. All of the band's compositions were harder than Chinn and Chapman's songs, featuring crunching hard rock guitars. Consequently, the duo decided to write tougher songs for the group. ""Blockbuster,"" the first result of Chinn and Chapman's neo-glam rock approach, was the biggest hit Sweet ever had in the U.K., reaching number one on the charts in early 1973 and eventually going platinum. For the next two years, Sweet continued to chart with Chinn and Chapman compositions, including the Top Ten hits ""Hell Raiser,"" ""Ballroom Blitz,"" ""Teenage Rampage,"" and ""The Six Teens.""
By the summer of 1974, the members of Sweet had grown tired of the control Chinn and Chapman exerted over their career and decided to record without the duo. The resulting album, Sweet Fanny Adams, reached number 27 in the U.K., but it yielded no hits. In the spring of 1975, Sweet had their first self-penned hit with ""Fox on the Run,"" which reached the Top Ten in both the U.K. and the U.S. ""Fox on the Run"" appeared on the collection Desolation Boulevard; in America, its release helped ""Ballroom Blitz"" reach the Top Ten in the summer of 1975. Strung Up, released in the fall of 1975, continued the group's move toward album-oriented rock. For the rest of the decade, they continued to churn out albums, each of which was less successful than its predecessor. Sweet bounced back into the charts in 1978 with ""Love Is Like Oxygen,"" but the single proved to be their last gasp; they never reached the Top Ten again, either in the U.S. or the U.K. Connolly left the band after ""Love Is Like Oxygen"" and the group replaced him with keyboardist Gary Moberley. The group carried on for three more years, releasing three more albums that all achieved little success. After several years of little attention, Sweet broke up in 1982.
In the decade following their breakup, Sweet reunited on various occasions. In 1985, a dance-club medley of their hits called ""It's the Sweet Mix"" became a British Top 50 success and, following the single's popularity, the group re-formed for a tour that proved to be less anticipated than expected. Later in the decade, Scott toured as part of the group Paddy Goes to Holyhead. In 1989, Scott and Tucker re-formed Sweet to record a live album at London's Marquee Club and they planned to go on tour, but Tucker fell ill and had to leave the group. Sweet carried on with Scott as the sole remaining original member, and in 1991 released the album A.
Over the years that followed, Scott's Sweet (not to be confused with a competing Sweet fronted by former bassist Steve Priest) played shows with a variety of lead singers and lineups, and in 2011 they released the single ""Join Together."" The next year, Sweet returned with New York Connection, an album of covers with samples and nods to their old catalog thrown in. The band continued to tour heavily, and in 2017 saw their early career honored with Sensational Sweet, Chapter One: The Wild Bunch, a huge box set containing their albums and singles cut between 1971 and 1978. Bassist Steve Priest died on June 4, 2020, at the age of 72. That same year saw Andy Scott's Sweet release Isolation Boulevard, a collection of reworked versions of some of the band's most notable songs, recorded during the COVID-19 lockdown. Four years later, they issued Full Circle, a lush and vibrant set of originals that skillfully combined classic and modern production styles. ~ Stephen Thomas Erlewine",I Wanna Be Committed,Unknown,https://www.youtube.com/watch?v=jEIc721mLzQ&pp=ygUcU3dlZXQgLSBJIFdhbm5hIEJlIENvbW1pdHRlZA%3D%3D
Desolation Boulevard,https://lastfm.freetls.fastly.net/i/u/300x300/2c29c47e7e0145089d638afeedc7c1fe.jpg,Sweet,1974-11-01,"In some ways, the Sweet epitomize all the tacky hubris and garish silliness of the early '70s. Fusing bubblegum melodies with crunchy, fuzzy guitars, they looked like a heavy metal band but were as tame as any pop group. It was a dichotomy that served them well as they racked up several hits in the U.K. and the U.S. The Sweet were smart enough to latch on to the British glam rock fad, building a safer, radio-friendly, teen-oriented version of Queen, T. Rex, and Gary Glitter. By the end of the '70s, the group's time at the top of the charts had expired, but their hit singles lived on not only as cultural artifacts but also as the predecessors for the pop-metal of the '80s. The band's competing incarnations, led by bassist Steve Priest and guitarist Andy Scott, continued to perform live and occasionally record into the early 2020s.
Originally, the Sweet were called the Sweetshop and consisted of Brian Connolly (vocals), Mick Tucker (vocals, drums), Frank Torpey (guitar), and Steve Priest (bass). In 1970, the group truncated their name to Sweet and signed a record contract with Fontana/EMI, releasing four unsuccessful singles. Following their failure, Torpey left the group and was replaced by Andy Scott. The new lineup of Sweet signed to RCA Records in 1971, where they were placed under the direction of songwriters Nicky Chinn and Mike Chapman. Chinn and Chapman wrote a number of light bubblegum pop songs for the group, the first of which, ""Funny Funny,"" reached number 13 on the U.K. charts. The duo wrote five more Top 40 hits for the band -- including ""Little Willy"" and ""Wig-Wam Bam"" -- which were all lightweight bubblegum numbers loaded with double entendres. During this time, Sweet were writing their own B-sides and album tracks. All of the band's compositions were harder than Chinn and Chapman's songs, featuring crunching hard rock guitars. Consequently, the duo decided to write tougher songs for the group. ""Blockbuster,"" the first result of Chinn and Chapman's neo-glam rock approach, was the biggest hit Sweet ever had in the U.K., reaching number one on the charts in early 1973 and eventually going platinum. For the next two years, Sweet continued to chart with Chinn and Chapman compositions, including the Top Ten hits ""Hell Raiser,"" ""Ballroom Blitz,"" ""Teenage Rampage,"" and ""The Six Teens.""
By the summer of 1974, the members of Sweet had grown tired of the control Chinn and Chapman exerted over their career and decided to record without the duo. The resulting album, Sweet Fanny Adams, reached number 27 in the U.K., but it yielded no hits. In the spring of 1975, Sweet had their first self-penned hit with ""Fox on the Run,"" which reached the Top Ten in both the U.K. and the U.S. ""Fox on the Run"" appeared on the collection Desolation Boulevard; in America, its release helped ""Ballroom Blitz"" reach the Top Ten in the summer of 1975. Strung Up, released in the fall of 1975, continued the group's move toward album-oriented rock. For the rest of the decade, they continued to churn out albums, each of which was less successful than its predecessor. Sweet bounced back into the charts in 1978 with ""Love Is Like Oxygen,"" but the single proved to be their last gasp; they never reached the Top Ten again, either in the U.S. or the U.K. Connolly left the band after ""Love Is Like Oxygen"" and the group replaced him with keyboardist Gary Moberley. The group carried on for three more years, releasing three more albums that all achieved little success. After several years of little attention, Sweet broke up in 1982.
In the decade following their breakup, Sweet reunited on various occasions. In 1985, a dance-club medley of their hits called ""It's the Sweet Mix"" became a British Top 50 success and, following the single's popularity, the group re-formed for a tour that proved to be less anticipated than expected. Later in the decade, Scott toured as part of the group Paddy Goes to Holyhead. In 1989, Scott and Tucker re-formed Sweet to record a live album at London's Marquee Club and they planned to go on tour, but Tucker fell ill and had to leave the group. Sweet carried on with Scott as the sole remaining original member, and in 1991 released the album A.
Over the years that followed, Scott's Sweet (not to be confused with a competing Sweet fronted by former bassist Steve Priest) played shows with a variety of lead singers and lineups, and in 2011 they released the single ""Join Together."" The next year, Sweet returned with New York Connection, an album of covers with samples and nods to their old catalog thrown in. The band continued to tour heavily, and in 2017 saw their early career honored with Sensational Sweet, Chapter One: The Wild Bunch, a huge box set containing their albums and singles cut between 1971 and 1978. Bassist Steve Priest died on June 4, 2020, at the age of 72. That same year saw Andy Scott's Sweet release Isolation Boulevard, a collection of reworked versions of some of the band's most notable songs, recorded during the COVID-19 lockdown. Four years later, they issued Full Circle, a lush and vibrant set of originals that skillfully combined classic and modern production styles. ~ Stephen Thomas Erlewine",Sweet F.A.,Unknown,https://www.youtube.com/watch?v=xYr1Apgiy6Q&pp=ygUOU3dlZXQgU3dlZXQgRkE%3D
Desolation Boulevard,https://lastfm.freetls.fastly.net/i/u/300x300/2c29c47e7e0145089d638afeedc7c1fe.jpg,Sweet,1974-11-01,"In some ways, the Sweet epitomize all the tacky hubris and garish silliness of the early '70s. Fusing bubblegum melodies with crunchy, fuzzy guitars, they looked like a heavy metal band but were as tame as any pop group. It was a dichotomy that served them well as they racked up several hits in the U.K. and the U.S. The Sweet were smart enough to latch on to the British glam rock fad, building a safer, radio-friendly, teen-oriented version of Queen, T. Rex, and Gary Glitter. By the end of the '70s, the group's time at the top of the charts had expired, but their hit singles lived on not only as cultural artifacts but also as the predecessors for the pop-metal of the '80s. The band's competing incarnations, led by bassist Steve Priest and guitarist Andy Scott, continued to perform live and occasionally record into the early 2020s.
Originally, the Sweet were called the Sweetshop and consisted of Brian Connolly (vocals), Mick Tucker (vocals, drums), Frank Torpey (guitar), and Steve Priest (bass). In 1970, the group truncated their name to Sweet and signed a record contract with Fontana/EMI, releasing four unsuccessful singles. Following their failure, Torpey left the group and was replaced by Andy Scott. The new lineup of Sweet signed to RCA Records in 1971, where they were placed under the direction of songwriters Nicky Chinn and Mike Chapman. Chinn and Chapman wrote a number of light bubblegum pop songs for the group, the first of which, ""Funny Funny,"" reached number 13 on the U.K. charts. The duo wrote five more Top 40 hits for the band -- including ""Little Willy"" and ""Wig-Wam Bam"" -- which were all lightweight bubblegum numbers loaded with double entendres. During this time, Sweet were writing their own B-sides and album tracks. All of the band's compositions were harder than Chinn and Chapman's songs, featuring crunching hard rock guitars. Consequently, the duo decided to write tougher songs for the group. ""Blockbuster,"" the first result of Chinn and Chapman's neo-glam rock approach, was the biggest hit Sweet ever had in the U.K., reaching number one on the charts in early 1973 and eventually going platinum. For the next two years, Sweet continued to chart with Chinn and Chapman compositions, including the Top Ten hits ""Hell Raiser,"" ""Ballroom Blitz,"" ""Teenage Rampage,"" and ""The Six Teens.""
By the summer of 1974, the members of Sweet had grown tired of the control Chinn and Chapman exerted over their career and decided to record without the duo. The resulting album, Sweet Fanny Adams, reached number 27 in the U.K., but it yielded no hits. In the spring of 1975, Sweet had their first self-penned hit with ""Fox on the Run,"" which reached the Top Ten in both the U.K. and the U.S. ""Fox on the Run"" appeared on the collection Desolation Boulevard; in America, its release helped ""Ballroom Blitz"" reach the Top Ten in the summer of 1975. Strung Up, released in the fall of 1975, continued the group's move toward album-oriented rock. For the rest of the decade, they continued to churn out albums, each of which was less successful than its predecessor. Sweet bounced back into the charts in 1978 with ""Love Is Like Oxygen,"" but the single proved to be their last gasp; they never reached the Top Ten again, either in the U.S. or the U.K. Connolly left the band after ""Love Is Like Oxygen"" and the group replaced him with keyboardist Gary Moberley. The group carried on for three more years, releasing three more albums that all achieved little success. After several years of little attention, Sweet broke up in 1982.
In the decade following their breakup, Sweet reunited on various occasions. In 1985, a dance-club medley of their hits called ""It's the Sweet Mix"" became a British Top 50 success and, following the single's popularity, the group re-formed for a tour that proved to be less anticipated than expected. Later in the decade, Scott toured as part of the group Paddy Goes to Holyhead. In 1989, Scott and Tucker re-formed Sweet to record a live album at London's Marquee Club and they planned to go on tour, but Tucker fell ill and had to leave the group. Sweet carried on with Scott as the sole remaining original member, and in 1991 released the album A.
Over the years that followed, Scott's Sweet (not to be confused with a competing Sweet fronted by former bassist Steve Priest) played shows with a variety of lead singers and lineups, and in 2011 they released the single ""Join Together."" The next year, Sweet returned with New York Connection, an album of covers with samples and nods to their old catalog thrown in. The band continued to tour heavily, and in 2017 saw their early career honored with Sensational Sweet, Chapter One: The Wild Bunch, a huge box set containing their albums and singles cut between 1971 and 1978. Bassist Steve Priest died on June 4, 2020, at the age of 72. That same year saw Andy Scott's Sweet release Isolation Boulevard, a collection of reworked versions of some of the band's most notable songs, recorded during the COVID-19 lockdown. Four years later, they issued Full Circle, a lush and vibrant set of originals that skillfully combined classic and modern production styles. ~ Stephen Thomas Erlewine",Fox on the Run,Unknown,https://www.youtube.com/watch?v=qBdFA6sI6-8&pp=ygUUU3dlZXQgRm94IG9uIHRoZSBSdW4%3D
Give Us a Wink,https://lastfm.freetls.fastly.net/i/u/300x300/c2c2831d05d14779bae66294582d6dc7.jpg,Sweet,1976-01-01,"In some ways, the Sweet epitomize all the tacky hubris and garish silliness of the early '70s. Fusing bubblegum melodies with crunchy, fuzzy guitars, they looked like a heavy metal band but were as tame as any pop group. It was a dichotomy that served them well as they racked up several hits in the U.K. and the U.S. The Sweet were smart enough to latch on to the British glam rock fad, building a safer, radio-friendly, teen-oriented version of Queen, T. Rex, and Gary Glitter. By the end of the '70s, the group's time at the top of the charts had expired, but their hit singles lived on not only as cultural artifacts but also as the predecessors for the pop-metal of the '80s. The band's competing incarnations, led by bassist Steve Priest and guitarist Andy Scott, continued to perform live and occasionally record into the early 2020s.
Originally, the Sweet were called the Sweetshop and consisted of Brian Connolly (vocals), Mick Tucker (vocals, drums), Frank Torpey (guitar), and Steve Priest (bass). In 1970, the group truncated their name to Sweet and signed a record contract with Fontana/EMI, releasing four unsuccessful singles. Following their failure, Torpey left the group and was replaced by Andy Scott. The new lineup of Sweet signed to RCA Records in 1971, where they were placed under the direction of songwriters Nicky Chinn and Mike Chapman. Chinn and Chapman wrote a number of light bubblegum pop songs for the group, the first of which, ""Funny Funny,"" reached number 13 on the U.K. charts. The duo wrote five more Top 40 hits for the band -- including ""Little Willy"" and ""Wig-Wam Bam"" -- which were all lightweight bubblegum numbers loaded with double entendres. During this time, Sweet were writing their own B-sides and album tracks. All of the band's compositions were harder than Chinn and Chapman's songs, featuring crunching hard rock guitars. Consequently, the duo decided to write tougher songs for the group. ""Blockbuster,"" the first result of Chinn and Chapman's neo-glam rock approach, was the biggest hit Sweet ever had in the U.K., reaching number one on the charts in early 1973 and eventually going platinum. For the next two years, Sweet continued to chart with Chinn and Chapman compositions, including the Top Ten hits ""Hell Raiser,"" ""Ballroom Blitz,"" ""Teenage Rampage,"" and ""The Six Teens.""
By the summer of 1974, the members of Sweet had grown tired of the control Chinn and Chapman exerted over their career and decided to record without the duo. The resulting album, Sweet Fanny Adams, reached number 27 in the U.K., but it yielded no hits. In the spring of 1975, Sweet had their first self-penned hit with ""Fox on the Run,"" which reached the Top Ten in both the U.K. and the U.S. ""Fox on the Run"" appeared on the collection Desolation Boulevard; in America, its release helped ""Ballroom Blitz"" reach the Top Ten in the summer of 1975. Strung Up, released in the fall of 1975, continued the group's move toward album-oriented rock. For the rest of the decade, they continued to churn out albums, each of which was less successful than its predecessor. Sweet bounced back into the charts in 1978 with ""Love Is Like Oxygen,"" but the single proved to be their last gasp; they never reached the Top Ten again, either in the U.S. or the U.K. Connolly left the band after ""Love Is Like Oxygen"" and the group replaced him with keyboardist Gary Moberley. The group carried on for three more years, releasing three more albums that all achieved little success. After several years of little attention, Sweet broke up in 1982.
In the decade following their breakup, Sweet reunited on various occasions. In 1985, a dance-club medley of their hits called ""It's the Sweet Mix"" became a British Top 50 success and, following the single's popularity, the group re-formed for a tour that proved to be less anticipated than expected. Later in the decade, Scott toured as part of the group Paddy Goes to Holyhead. In 1989, Scott and Tucker re-formed Sweet to record a live album at London's Marquee Club and they planned to go on tour, but Tucker fell ill and had to leave the group. Sweet carried on with Scott as the sole remaining original member, and in 1991 released the album A.
Over the years that followed, Scott's Sweet (not to be confused with a competing Sweet fronted by former bassist Steve Priest) played shows with a variety of lead singers and lineups, and in 2011 they released the single ""Join Together."" The next year, Sweet returned with New York Connection, an album of covers with samples and nods to their old catalog thrown in. The band continued to tour heavily, and in 2017 saw their early career honored with Sensational Sweet, Chapter One: The Wild Bunch, a huge box set containing their albums and singles cut between 1971 and 1978. Bassist Steve Priest died on June 4, 2020, at the age of 72. That same year saw Andy Scott's Sweet release Isolation Boulevard, a collection of reworked versions of some of the band's most notable songs, recorded during the COVID-19 lockdown. Four years later, they issued Full Circle, a lush and vibrant set of originals that skillfully combined classic and modern production styles. ~ Stephen Thomas Erlewine",Action,Unknown,https://www.youtube.com/watch?v=TcQDi6u28VQ&pp=ygUMU3dlZXQgQWN0aW9u
Off the Record,https://lastfm.freetls.fastly.net/i/u/300x300/8a7730aa883a53e9b81e172e43f9039a.jpg,Sweet,1977-04-01,"In some ways, the Sweet epitomize all the tacky hubris and garish silliness of the early '70s. Fusing bubblegum melodies with crunchy, fuzzy guitars, they looked like a heavy metal band but were as tame as any pop group. It was a dichotomy that served them well as they racked up several hits in the U.K. and the U.S. The Sweet were smart enough to latch on to the British glam rock fad, building a safer, radio-friendly, teen-oriented version of Queen, T. Rex, and Gary Glitter. By the end of the '70s, the group's time at the top of the charts had expired, but their hit singles lived on not only as cultural artifacts but also as the predecessors for the pop-metal of the '80s. The band's competing incarnations, led by bassist Steve Priest and guitarist Andy Scott, continued to perform live and occasionally record into the early 2020s.
Originally, the Sweet were called the Sweetshop and consisted of Brian Connolly (vocals), Mick Tucker (vocals, drums), Frank Torpey (guitar), and Steve Priest (bass). In 1970, the group truncated their name to Sweet and signed a record contract with Fontana/EMI, releasing four unsuccessful singles. Following their failure, Torpey left the group and was replaced by Andy Scott. The new lineup of Sweet signed to RCA Records in 1971, where they were placed under the direction of songwriters Nicky Chinn and Mike Chapman. Chinn and Chapman wrote a number of light bubblegum pop songs for the group, the first of which, ""Funny Funny,"" reached number 13 on the U.K. charts. The duo wrote five more Top 40 hits for the band -- including ""Little Willy"" and ""Wig-Wam Bam"" -- which were all lightweight bubblegum numbers loaded with double entendres. During this time, Sweet were writing their own B-sides and album tracks. All of the band's compositions were harder than Chinn and Chapman's songs, featuring crunching hard rock guitars. Consequently, the duo decided to write tougher songs for the group. ""Blockbuster,"" the first result of Chinn and Chapman's neo-glam rock approach, was the biggest hit Sweet ever had in the U.K., reaching number one on the charts in early 1973 and eventually going platinum. For the next two years, Sweet continued to chart with Chinn and Chapman compositions, including the Top Ten hits ""Hell Raiser,"" ""Ballroom Blitz,"" ""Teenage Rampage,"" and ""The Six Teens.""
By the summer of 1974, the members of Sweet had grown tired of the control Chinn and Chapman exerted over their career and decided to record without the duo. The resulting album, Sweet Fanny Adams, reached number 27 in the U.K., but it yielded no hits. In the spring of 1975, Sweet had their first self-penned hit with ""Fox on the Run,"" which reached the Top Ten in both the U.K. and the U.S. ""Fox on the Run"" appeared on the collection Desolation Boulevard; in America, its release helped ""Ballroom Blitz"" reach the Top Ten in the summer of 1975. Strung Up, released in the fall of 1975, continued the group's move toward album-oriented rock. For the rest of the decade, they continued to churn out albums, each of which was less successful than its predecessor. Sweet bounced back into the charts in 1978 with ""Love Is Like Oxygen,"" but the single proved to be their last gasp; they never reached the Top Ten again, either in the U.S. or the U.K. Connolly left the band after ""Love Is Like Oxygen"" and the group replaced him with keyboardist Gary Moberley. The group carried on for three more years, releasing three more albums that all achieved little success. After several years of little attention, Sweet broke up in 1982.
In the decade following their breakup, Sweet reunited on various occasions. In 1985, a dance-club medley of their hits called ""It's the Sweet Mix"" became a British Top 50 success and, following the single's popularity, the group re-formed for a tour that proved to be less anticipated than expected. Later in the decade, Scott toured as part of the group Paddy Goes to Holyhead. In 1989, Scott and Tucker re-formed Sweet to record a live album at London's Marquee Club and they planned to go on tour, but Tucker fell ill and had to leave the group. Sweet carried on with Scott as the sole remaining original member, and in 1991 released the album A.
Over the years that followed, Scott's Sweet (not to be confused with a competing Sweet fronted by former bassist Steve Priest) played shows with a variety of lead singers and lineups, and in 2011 they released the single ""Join Together."" The next year, Sweet returned with New York Connection, an album of covers with samples and nods to their old catalog thrown in. The band continued to tour heavily, and in 2017 saw their early career honored with Sensational Sweet, Chapter One: The Wild Bunch, a huge box set containing their albums and singles cut between 1971 and 1978. Bassist Steve Priest died on June 4, 2020, at the age of 72. That same year saw Andy Scott's Sweet release Isolation Boulevard, a collection of reworked versions of some of the band's most notable songs, recorded during the COVID-19 lockdown. Four years later, they issued Full Circle, a lush and vibrant set of originals that skillfully combined classic and modern production styles. ~ Stephen Thomas Erlewine",Lost Angels,Unknown,https://www.youtube.com/watch?v=ZOt88C442Wo&pp=ygURU3dlZXQgTG9zdCBBbmdlbHM%3D
Velocity : Design : Comfort.,https://lastfm.freetls.fastly.net/i/u/300x300/718b055f9ef5187f5a972dd541381230.jpg,Sweet Trip,2003-06-10,"San Francisco-based group Sweet Trip gleefully incorporated a wide range of styles into their futuristic blend of indie pop and electronic music. First appearing near the end of the 1990s with a lush, spacious mixture of dream pop, ambient, techno, and drum'n'bass, they fused wide-eyed pop songwriting with glitch-heavy experimentation on the 2003 opus Velocity : Design : Comfort. Easing up on the frenetic electronic effects, they released the more streamlined but still vibrant You Will Never Know Why in 2009. The band unexpectedly became popular online near the end of the 2010s, and they returned in 2021 with their fourth album, A Tiny House, In Secret Speeches, Polar Equals. 2022's Seen/Unseen gathered rarities from throughout the band's career.
Sweet Trip was founded during the 1990s by producer and songwriter Roberto Burgos along with singer, guitarist, and synth player Valerie Cooper and bassist/drummer Viet Le. In 1997, the group played a show opening for ambient jungle producer Junior Varsity KM, who was readying his first releases for Darla Records. After impressing the label with their entrancing brand of heavy electronic shoegaze, Sweet Trip handed in a demo tape, and debut album Halica was released in 1998 as part of the label's Bliss Out series. An EP focusing on remixes of the track Fish also appeared, and Sweet Trip became staples of the label's Little Darla Has a Treat for You and Drum & Bliss compilation series. They also remixed songs by artists such as Takako Minekawa and Club 8. Alura, Sweet Trip's more dance-oriented second EP, appeared in 1999.
The band shifted their lineup a bit (bassist Aaron Porter had joined in 1998, Le left in 2000, and drummer Rob Uytingco came aboard in 2000), and they released the dense, sprawling Velocity : Design : Comfort in 2003. After a prolonged absence, the group returned with You Will Never Know Why, their most direct collection of indie pop songs yet, in 2009. Down to just Burgos and Cooper, Sweet Trip occasionally posted songs and experiments throughout the 2010s, with Burgos also working under the solo moniker .blacktunic.
Gradually, the music world started to catch up with Sweet Trip's hyper-modern pop sensibilities, and their work developed a major cult following, especially Velocity : Design : Comfort. The album was given a long-awaited vinyl issue in 2020, and the artwork for Little Darla Has a Treat for You, Vol. 30 featured the bandmembers covered in copies of the reissue. The compilation also included a freshly recorded Sweet Trip song (""In Sound, We Found Each Other""), as well as their remix of Rocketship's ""I Don't Know Why I Still Love You."" You Will Never Know Why was remastered and reissued in early 2021, and the band released a single titled Walkers Beware! We Drive Into the Sun in advance of their fourth full-length. A Tiny House, in Secret Speeches, Polar Equals arrived in May, encompassing all previous elements of the group's sound, from glitchy experimentation to airy psychedelia. An expanded reissue of Halica appeared in 2022, along with Seen/Unseen, a 50-track digital compilation of mostly unheard songs, demos, and a Beach Boys cover (a shortened double-LP edition was scheduled for release later in the year). The release of Seen/Unseen was accompanied by the announcement that Sweet Trip had broken up in January. ~ Paul Simpson",Fruitcake and Cookies,Unknown,https://www.youtube.com/watch?v=WjQRm-ihASo&pp=ygUgU3dlZXQgVHJpcCBGcnVpdGNha2UgYW5kIENvb2tpZXPSBwkJfgkBhyohjO8%3D
Velocity : Design : Comfort.,https://lastfm.freetls.fastly.net/i/u/300x300/718b055f9ef5187f5a972dd541381230.jpg,Sweet Trip,2003-06-10,"San Francisco-based group Sweet Trip gleefully incorporated a wide range of styles into their futuristic blend of indie pop and electronic music. First appearing near the end of the 1990s with a lush, spacious mixture of dream pop, ambient, techno, and drum'n'bass, they fused wide-eyed pop songwriting with glitch-heavy experimentation on the 2003 opus Velocity : Design : Comfort. Easing up on the frenetic electronic effects, they released the more streamlined but still vibrant You Will Never Know Why in 2009. The band unexpectedly became popular online near the end of the 2010s, and they returned in 2021 with their fourth album, A Tiny House, In Secret Speeches, Polar Equals. 2022's Seen/Unseen gathered rarities from throughout the band's career.
Sweet Trip was founded during the 1990s by producer and songwriter Roberto Burgos along with singer, guitarist, and synth player Valerie Cooper and bassist/drummer Viet Le. In 1997, the group played a show opening for ambient jungle producer Junior Varsity KM, who was readying his first releases for Darla Records. After impressing the label with their entrancing brand of heavy electronic shoegaze, Sweet Trip handed in a demo tape, and debut album Halica was released in 1998 as part of the label's Bliss Out series. An EP focusing on remixes of the track Fish also appeared, and Sweet Trip became staples of the label's Little Darla Has a Treat for You and Drum & Bliss compilation series. They also remixed songs by artists such as Takako Minekawa and Club 8. Alura, Sweet Trip's more dance-oriented second EP, appeared in 1999.
The band shifted their lineup a bit (bassist Aaron Porter had joined in 1998, Le left in 2000, and drummer Rob Uytingco came aboard in 2000), and they released the dense, sprawling Velocity : Design : Comfort in 2003. After a prolonged absence, the group returned with You Will Never Know Why, their most direct collection of indie pop songs yet, in 2009. Down to just Burgos and Cooper, Sweet Trip occasionally posted songs and experiments throughout the 2010s, with Burgos also working under the solo moniker .blacktunic.
Gradually, the music world started to catch up with Sweet Trip's hyper-modern pop sensibilities, and their work developed a major cult following, especially Velocity : Design : Comfort. The album was given a long-awaited vinyl issue in 2020, and the artwork for Little Darla Has a Treat for You, Vol. 30 featured the bandmembers covered in copies of the reissue. The compilation also included a freshly recorded Sweet Trip song (""In Sound, We Found Each Other""), as well as their remix of Rocketship's ""I Don't Know Why I Still Love You."" You Will Never Know Why was remastered and reissued in early 2021, and the band released a single titled Walkers Beware! We Drive Into the Sun in advance of their fourth full-length. A Tiny House, in Secret Speeches, Polar Equals arrived in May, encompassing all previous elements of the group's sound, from glitchy experimentation to airy psychedelia. An expanded reissue of Halica appeared in 2022, along with Seen/Unseen, a 50-track digital compilation of mostly unheard songs, demos, and a Beach Boys cover (a shortened double-LP edition was scheduled for release later in the year). The release of Seen/Unseen was accompanied by the announcement that Sweet Trip had broken up in January. ~ Paul Simpson",Chocolate Matter,Unknown,https://www.youtube.com/watch?v=o-liUFpa9ZQ&pp=ygUbU3dlZXQgVHJpcCBDaG9jb2xhdGUgTWF0dGVy
The World's Fair EP,https://lastfm.freetls.fastly.net/i/u/300x300/d2cfe55bd75ce881e66c9b6325a8d113.jpg,Swervedriver,2025-03-07,"While their peers were writing songs about daydreams, flowers, and ocean waves, shoegaze pioneers Swervedriver married their extraterrestrial guitar tones and dazzled, swirling production to songs about cars, restlessness, and escapism. The band's initial run in the '90s produced some crucial documents in shoegaze's development, in particular their 1991 full-length debut Raise and its 1993 follow-up Mezcal Head. They disbanded in 1998 but regrouped a decade later, first playing a series of reunion performances before continuing to expand the parameters of their muscular take on shoegaze with new material like their 2019 album Future Ruins.
Swervedriver were formed in Oxford, England in 1989 by vocalists/guitarists Adam Franklin and Jimmy Hartridge, bassist Adi Vines, and drummer Graham Bonner. Fusing the swirling textures of the shoegaze aesthetic with the more traditional boundaries of pop, the group debuted with a series of brilliant EPs -- Son of Mustang Ford, Rave Down, and Sandblasted -- before issuing their full-length debut, Raise, in 1991. After a U.S. tour in support of Soundgarden, Bonner left the band, followed quickly by the departure of Vines; 1992's Never Lose That Feeling EP, their strongest effort to date, initially appeared to mark the group's swan song. But in 1993, Swervedriver returned; with the core of Franklin and Hartridge rounded out by new drummer Jez Hindmarsh, they released their sophomore LP, Mezcal Head. An import-only release, Ejector Seat Reservation, followed in 1995, and featured new bassist Steve George. In the fall of 1998, Swervedriver resurfaced with their fourth effort, 99th Dream, and the Wrong Treats EP followed in 1999. Bonner and Vines, meanwhile, continued as Skyscraper, and Adam Franklin recorded as Toshack Highway. Swervedriver were on hiatus for much of the 2000s, until an October 2007 announcement that the group would re-form and commence touring the following year. The next several years found Swervedriver -- Franklin, Hartridge, and George, with Hindmarsh, Bonner, or, starting in 2012, newcomer Mikey Jones (Bolts of Melody, Heaven) on drums -- sporadically touring and appearing at festivals internationally, as well as making an appearance on Late Night with Jimmy Fallon. The new single ""Deep Wound"" was released in the fall of 2013, and the group also announced plans for the arrival of a new full-length album in 2014. The album, titled I Wasn't Born to Lose You, eventually got pushed back to a release date of early March 2015 and was preceded by second single ""Setting Sun."" The album would be Swervedriver's fifth full-length studio long player and the band's first since 1998's 99th Dream. Following the album's release, the band took a three-year recording break but did continue to gig. After concluding a U.S. tour in 2017 they recorded what would become their sixth studio album. Future Ruins was released in 2019 and saw the group moving away from the familiar and nostalgic reworkings of their '90s sound in favor of more experimental writing and arrangement choices.
In 2020, Swervedriver publicly shared an alternate recording of their debut EP for the first time. They had been unsatisfied with their first attempts at recording the four songs that eventually made up their 1990 Creation Records introduction Son of Mustang Ford, so they quickly re-recorded what became the EP, but held on to the first, rejected sessions. To celebrate the 30-year anniversary of Son of Mustang Ford, the band pressed a limited vinyl run of the unreleased sessions under the new title Petroleum Spirit Daze. The pressing sold out immediately, and three years later they re-pressed more vinyl and made the recording more widely available. ~ Jason Ankeny",Pack Yr Vision,Unknown,https://www.youtube.com/watch?v=YEOSFyyi4O0&pp=ygUdU3dlcnZlZHJpdmVyIC0gUGFjayBZciBWaXNpb24%3D
The World's Fair EP,https://lastfm.freetls.fastly.net/i/u/300x300/d2cfe55bd75ce881e66c9b6325a8d113.jpg,Swervedriver,2025-03-07,"While their peers were writing songs about daydreams, flowers, and ocean waves, shoegaze pioneers Swervedriver married their extraterrestrial guitar tones and dazzled, swirling production to songs about cars, restlessness, and escapism. The band's initial run in the '90s produced some crucial documents in shoegaze's development, in particular their 1991 full-length debut Raise and its 1993 follow-up Mezcal Head. They disbanded in 1998 but regrouped a decade later, first playing a series of reunion performances before continuing to expand the parameters of their muscular take on shoegaze with new material like their 2019 album Future Ruins.
Swervedriver were formed in Oxford, England in 1989 by vocalists/guitarists Adam Franklin and Jimmy Hartridge, bassist Adi Vines, and drummer Graham Bonner. Fusing the swirling textures of the shoegaze aesthetic with the more traditional boundaries of pop, the group debuted with a series of brilliant EPs -- Son of Mustang Ford, Rave Down, and Sandblasted -- before issuing their full-length debut, Raise, in 1991. After a U.S. tour in support of Soundgarden, Bonner left the band, followed quickly by the departure of Vines; 1992's Never Lose That Feeling EP, their strongest effort to date, initially appeared to mark the group's swan song. But in 1993, Swervedriver returned; with the core of Franklin and Hartridge rounded out by new drummer Jez Hindmarsh, they released their sophomore LP, Mezcal Head. An import-only release, Ejector Seat Reservation, followed in 1995, and featured new bassist Steve George. In the fall of 1998, Swervedriver resurfaced with their fourth effort, 99th Dream, and the Wrong Treats EP followed in 1999. Bonner and Vines, meanwhile, continued as Skyscraper, and Adam Franklin recorded as Toshack Highway. Swervedriver were on hiatus for much of the 2000s, until an October 2007 announcement that the group would re-form and commence touring the following year. The next several years found Swervedriver -- Franklin, Hartridge, and George, with Hindmarsh, Bonner, or, starting in 2012, newcomer Mikey Jones (Bolts of Melody, Heaven) on drums -- sporadically touring and appearing at festivals internationally, as well as making an appearance on Late Night with Jimmy Fallon. The new single ""Deep Wound"" was released in the fall of 2013, and the group also announced plans for the arrival of a new full-length album in 2014. The album, titled I Wasn't Born to Lose You, eventually got pushed back to a release date of early March 2015 and was preceded by second single ""Setting Sun."" The album would be Swervedriver's fifth full-length studio long player and the band's first since 1998's 99th Dream. Following the album's release, the band took a three-year recording break but did continue to gig. After concluding a U.S. tour in 2017 they recorded what would become their sixth studio album. Future Ruins was released in 2019 and saw the group moving away from the familiar and nostalgic reworkings of their '90s sound in favor of more experimental writing and arrangement choices.
In 2020, Swervedriver publicly shared an alternate recording of their debut EP for the first time. They had been unsatisfied with their first attempts at recording the four songs that eventually made up their 1990 Creation Records introduction Son of Mustang Ford, so they quickly re-recorded what became the EP, but held on to the first, rejected sessions. To celebrate the 30-year anniversary of Son of Mustang Ford, the band pressed a limited vinyl run of the unreleased sessions under the new title Petroleum Spirit Daze. The pressing sold out immediately, and three years later they re-pressed more vinyl and made the recording more widely available. ~ Jason Ankeny",Volume Control,Unknown,https://www.youtube.com/watch?v=kipM8SqHC2I&pp=ygUbU3dlcnZlZHJpdmVyIFZvbHVtZSBDb250cm9s
The World's Fair EP,https://lastfm.freetls.fastly.net/i/u/300x300/d2cfe55bd75ce881e66c9b6325a8d113.jpg,Swervedriver,2025-03-07,"While their peers were writing songs about daydreams, flowers, and ocean waves, shoegaze pioneers Swervedriver married their extraterrestrial guitar tones and dazzled, swirling production to songs about cars, restlessness, and escapism. The band's initial run in the '90s produced some crucial documents in shoegaze's development, in particular their 1991 full-length debut Raise and its 1993 follow-up Mezcal Head. They disbanded in 1998 but regrouped a decade later, first playing a series of reunion performances before continuing to expand the parameters of their muscular take on shoegaze with new material like their 2019 album Future Ruins.
Swervedriver were formed in Oxford, England in 1989 by vocalists/guitarists Adam Franklin and Jimmy Hartridge, bassist Adi Vines, and drummer Graham Bonner. Fusing the swirling textures of the shoegaze aesthetic with the more traditional boundaries of pop, the group debuted with a series of brilliant EPs -- Son of Mustang Ford, Rave Down, and Sandblasted -- before issuing their full-length debut, Raise, in 1991. After a U.S. tour in support of Soundgarden, Bonner left the band, followed quickly by the departure of Vines; 1992's Never Lose That Feeling EP, their strongest effort to date, initially appeared to mark the group's swan song. But in 1993, Swervedriver returned; with the core of Franklin and Hartridge rounded out by new drummer Jez Hindmarsh, they released their sophomore LP, Mezcal Head. An import-only release, Ejector Seat Reservation, followed in 1995, and featured new bassist Steve George. In the fall of 1998, Swervedriver resurfaced with their fourth effort, 99th Dream, and the Wrong Treats EP followed in 1999. Bonner and Vines, meanwhile, continued as Skyscraper, and Adam Franklin recorded as Toshack Highway. Swervedriver were on hiatus for much of the 2000s, until an October 2007 announcement that the group would re-form and commence touring the following year. The next several years found Swervedriver -- Franklin, Hartridge, and George, with Hindmarsh, Bonner, or, starting in 2012, newcomer Mikey Jones (Bolts of Melody, Heaven) on drums -- sporadically touring and appearing at festivals internationally, as well as making an appearance on Late Night with Jimmy Fallon. The new single ""Deep Wound"" was released in the fall of 2013, and the group also announced plans for the arrival of a new full-length album in 2014. The album, titled I Wasn't Born to Lose You, eventually got pushed back to a release date of early March 2015 and was preceded by second single ""Setting Sun."" The album would be Swervedriver's fifth full-length studio long player and the band's first since 1998's 99th Dream. Following the album's release, the band took a three-year recording break but did continue to gig. After concluding a U.S. tour in 2017 they recorded what would become their sixth studio album. Future Ruins was released in 2019 and saw the group moving away from the familiar and nostalgic reworkings of their '90s sound in favor of more experimental writing and arrangement choices.
In 2020, Swervedriver publicly shared an alternate recording of their debut EP for the first time. They had been unsatisfied with their first attempts at recording the four songs that eventually made up their 1990 Creation Records introduction Son of Mustang Ford, so they quickly re-recorded what became the EP, but held on to the first, rejected sessions. To celebrate the 30-year anniversary of Son of Mustang Ford, the band pressed a limited vinyl run of the unreleased sessions under the new title Petroleum Spirit Daze. The pressing sold out immediately, and three years later they re-pressed more vinyl and made the recording more widely available. ~ Jason Ankeny",The World's Fair,Unknown,https://www.youtube.com/watch?v=2R4tH_hvIQg&pp=ygUcU3dlcnZlZHJpdmVyIFRoZSBXb3JsZHMgRmFpcg%3D%3D
The World's Fair EP,https://lastfm.freetls.fastly.net/i/u/300x300/d2cfe55bd75ce881e66c9b6325a8d113.jpg,Swervedriver,2025-03-07,"While their peers were writing songs about daydreams, flowers, and ocean waves, shoegaze pioneers Swervedriver married their extraterrestrial guitar tones and dazzled, swirling production to songs about cars, restlessness, and escapism. The band's initial run in the '90s produced some crucial documents in shoegaze's development, in particular their 1991 full-length debut Raise and its 1993 follow-up Mezcal Head. They disbanded in 1998 but regrouped a decade later, first playing a series of reunion performances before continuing to expand the parameters of their muscular take on shoegaze with new material like their 2019 album Future Ruins.
Swervedriver were formed in Oxford, England in 1989 by vocalists/guitarists Adam Franklin and Jimmy Hartridge, bassist Adi Vines, and drummer Graham Bonner. Fusing the swirling textures of the shoegaze aesthetic with the more traditional boundaries of pop, the group debuted with a series of brilliant EPs -- Son of Mustang Ford, Rave Down, and Sandblasted -- before issuing their full-length debut, Raise, in 1991. After a U.S. tour in support of Soundgarden, Bonner left the band, followed quickly by the departure of Vines; 1992's Never Lose That Feeling EP, their strongest effort to date, initially appeared to mark the group's swan song. But in 1993, Swervedriver returned; with the core of Franklin and Hartridge rounded out by new drummer Jez Hindmarsh, they released their sophomore LP, Mezcal Head. An import-only release, Ejector Seat Reservation, followed in 1995, and featured new bassist Steve George. In the fall of 1998, Swervedriver resurfaced with their fourth effort, 99th Dream, and the Wrong Treats EP followed in 1999. Bonner and Vines, meanwhile, continued as Skyscraper, and Adam Franklin recorded as Toshack Highway. Swervedriver were on hiatus for much of the 2000s, until an October 2007 announcement that the group would re-form and commence touring the following year. The next several years found Swervedriver -- Franklin, Hartridge, and George, with Hindmarsh, Bonner, or, starting in 2012, newcomer Mikey Jones (Bolts of Melody, Heaven) on drums -- sporadically touring and appearing at festivals internationally, as well as making an appearance on Late Night with Jimmy Fallon. The new single ""Deep Wound"" was released in the fall of 2013, and the group also announced plans for the arrival of a new full-length album in 2014. The album, titled I Wasn't Born to Lose You, eventually got pushed back to a release date of early March 2015 and was preceded by second single ""Setting Sun."" The album would be Swervedriver's fifth full-length studio long player and the band's first since 1998's 99th Dream. Following the album's release, the band took a three-year recording break but did continue to gig. After concluding a U.S. tour in 2017 they recorded what would become their sixth studio album. Future Ruins was released in 2019 and saw the group moving away from the familiar and nostalgic reworkings of their '90s sound in favor of more experimental writing and arrangement choices.
In 2020, Swervedriver publicly shared an alternate recording of their debut EP for the first time. They had been unsatisfied with their first attempts at recording the four songs that eventually made up their 1990 Creation Records introduction Son of Mustang Ford, so they quickly re-recorded what became the EP, but held on to the first, rejected sessions. To celebrate the 30-year anniversary of Son of Mustang Ford, the band pressed a limited vinyl run of the unreleased sessions under the new title Petroleum Spirit Daze. The pressing sold out immediately, and three years later they re-pressed more vinyl and made the recording more widely available. ~ Jason Ankeny",Time Attacks,Unknown,https://www.youtube.com/watch?v=dI3GAyVYjHs&pp=ygUbU3dlcnZlZHJpdmVyIC0gVGltZSBBdHRhY2tz
Blind Faith,,Switch,2021-01-22,"During the early to mid-'70s, Bobby DeBarge, Eddie Fluellen, Phillip Ingram (brother of James Ingram), Jody Sims, and Gregory Williams were in the Ohio-based White Heat. The band backed Barry White and recorded a self-titled album -- released by RCA in 1975 -- produced by the maestro. Budgetary constraints forced White to cut ties with the band, which subsequently morphed into Hot-Ice, an outfit that featured DeBarge, Sims, and Williams, as well as DeBarge's brother Tommy. That band released an album on Polydor in 1977. Jermaine Jackson helped them secure a contract with Motown offshoot Gordy. As Switch, the band proved to be popular in clubs, as well as within the quiet storm radio format. Their singles ""There'll Never Be"" (1978), ""I Call Your Name"" (1979), and ""Love Over and Over Again"" (1981) reached the Top Ten of Billboard's R&B chart. After Switch's fifth and final album for Gordy, the DeBarge brothers departed to support sibling group DeBarge. By the time Switch released Am I Still Your Boyfriend? (1984) on Total Experience, Sims and Williams were the only original members, along with Fluellen (who had joined for the third album), Renard Gallo, and Gonzales Ozen. That album sold poorly, and Switch broke up. Bobby DeBarge passed away due to AIDS complications in 1995. Throughout the 2000s, the band's recordings were sampled by the likes of De La Soul (""A Brighter Tomorrow""), Ne-Yo (""It Just Ain't Right""), Rich Boy (""Throw Some D's""), and Erykah Badu (""That Hump""). Ingram, Williams, and Fluellen reunited, added new members, and toured during the same decade. Bassist Tommy DeBarge died on October 21, 2021 due to kidney and liver failure; he was 64 years old. ~ Andy Kellman",Visine,Unknown,https://www.youtube.com/watch?v=ueilawjD8cw&pp=ygUPU3dpdGNoIC0gVmlzaW5l
Blind Faith,,Switch,2021-01-22,"During the early to mid-'70s, Bobby DeBarge, Eddie Fluellen, Phillip Ingram (brother of James Ingram), Jody Sims, and Gregory Williams were in the Ohio-based White Heat. The band backed Barry White and recorded a self-titled album -- released by RCA in 1975 -- produced by the maestro. Budgetary constraints forced White to cut ties with the band, which subsequently morphed into Hot-Ice, an outfit that featured DeBarge, Sims, and Williams, as well as DeBarge's brother Tommy. That band released an album on Polydor in 1977. Jermaine Jackson helped them secure a contract with Motown offshoot Gordy. As Switch, the band proved to be popular in clubs, as well as within the quiet storm radio format. Their singles ""There'll Never Be"" (1978), ""I Call Your Name"" (1979), and ""Love Over and Over Again"" (1981) reached the Top Ten of Billboard's R&B chart. After Switch's fifth and final album for Gordy, the DeBarge brothers departed to support sibling group DeBarge. By the time Switch released Am I Still Your Boyfriend? (1984) on Total Experience, Sims and Williams were the only original members, along with Fluellen (who had joined for the third album), Renard Gallo, and Gonzales Ozen. That album sold poorly, and Switch broke up. Bobby DeBarge passed away due to AIDS complications in 1995. Throughout the 2000s, the band's recordings were sampled by the likes of De La Soul (""A Brighter Tomorrow""), Ne-Yo (""It Just Ain't Right""), Rich Boy (""Throw Some D's""), and Erykah Badu (""That Hump""). Ingram, Williams, and Fluellen reunited, added new members, and toured during the same decade. Bassist Tommy DeBarge died on October 21, 2021 due to kidney and liver failure; he was 64 years old. ~ Andy Kellman",Backwards,Unknown,https://www.youtube.com/watch?v=VauZQu3er8w&pp=ygUSU3dpdGNoIC0gQmFja3dhcmRz
This Is My Dream,https://lastfm.freetls.fastly.net/i/u/300x300/c1dad6c487ee4f2bb65bf95362411157.jpg,Switch,1980-01-01,"During the early to mid-'70s, Bobby DeBarge, Eddie Fluellen, Phillip Ingram (brother of James Ingram), Jody Sims, and Gregory Williams were in the Ohio-based White Heat. The band backed Barry White and recorded a self-titled album -- released by RCA in 1975 -- produced by the maestro. Budgetary constraints forced White to cut ties with the band, which subsequently morphed into Hot-Ice, an outfit that featured DeBarge, Sims, and Williams, as well as DeBarge's brother Tommy. That band released an album on Polydor in 1977. Jermaine Jackson helped them secure a contract with Motown offshoot Gordy. As Switch, the band proved to be popular in clubs, as well as within the quiet storm radio format. Their singles ""There'll Never Be"" (1978), ""I Call Your Name"" (1979), and ""Love Over and Over Again"" (1981) reached the Top Ten of Billboard's R&B chart. After Switch's fifth and final album for Gordy, the DeBarge brothers departed to support sibling group DeBarge. By the time Switch released Am I Still Your Boyfriend? (1984) on Total Experience, Sims and Williams were the only original members, along with Fluellen (who had joined for the third album), Renard Gallo, and Gonzales Ozen. That album sold poorly, and Switch broke up. Bobby DeBarge passed away due to AIDS complications in 1995. Throughout the 2000s, the band's recordings were sampled by the likes of De La Soul (""A Brighter Tomorrow""), Ne-Yo (""It Just Ain't Right""), Rich Boy (""Throw Some D's""), and Erykah Badu (""That Hump""). Ingram, Williams, and Fluellen reunited, added new members, and toured during the same decade. Bassist Tommy DeBarge died on October 21, 2021 due to kidney and liver failure; he was 64 years old. ~ Andy Kellman",Love Over and Over Again,Unknown,https://www.youtube.com/watch?v=LEBBdpWRjmU&pp=ygUfU3dpdGNoIExvdmUgT3ZlciBhbmQgT3ZlciBBZ2Fpbg%3D%3D
This Is My Dream,https://lastfm.freetls.fastly.net/i/u/300x300/c1dad6c487ee4f2bb65bf95362411157.jpg,Switch,1980-01-01,"During the early to mid-'70s, Bobby DeBarge, Eddie Fluellen, Phillip Ingram (brother of James Ingram), Jody Sims, and Gregory Williams were in the Ohio-based White Heat. The band backed Barry White and recorded a self-titled album -- released by RCA in 1975 -- produced by the maestro. Budgetary constraints forced White to cut ties with the band, which subsequently morphed into Hot-Ice, an outfit that featured DeBarge, Sims, and Williams, as well as DeBarge's brother Tommy. That band released an album on Polydor in 1977. Jermaine Jackson helped them secure a contract with Motown offshoot Gordy. As Switch, the band proved to be popular in clubs, as well as within the quiet storm radio format. Their singles ""There'll Never Be"" (1978), ""I Call Your Name"" (1979), and ""Love Over and Over Again"" (1981) reached the Top Ten of Billboard's R&B chart. After Switch's fifth and final album for Gordy, the DeBarge brothers departed to support sibling group DeBarge. By the time Switch released Am I Still Your Boyfriend? (1984) on Total Experience, Sims and Williams were the only original members, along with Fluellen (who had joined for the third album), Renard Gallo, and Gonzales Ozen. That album sold poorly, and Switch broke up. Bobby DeBarge passed away due to AIDS complications in 1995. Throughout the 2000s, the band's recordings were sampled by the likes of De La Soul (""A Brighter Tomorrow""), Ne-Yo (""It Just Ain't Right""), Rich Boy (""Throw Some D's""), and Erykah Badu (""That Hump""). Ingram, Williams, and Fluellen reunited, added new members, and toured during the same decade. Bassist Tommy DeBarge died on October 21, 2021 due to kidney and liver failure; he was 64 years old. ~ Andy Kellman",All I Need Is You,Unknown,https://www.youtube.com/watch?v=TPFCitjpW6I&pp=ygUYU3dpdGNoIEFsbCBJIE5lZWQgSXMgWW91
This Is My Dream,https://lastfm.freetls.fastly.net/i/u/300x300/c1dad6c487ee4f2bb65bf95362411157.jpg,Switch,1980-01-01,"During the early to mid-'70s, Bobby DeBarge, Eddie Fluellen, Phillip Ingram (brother of James Ingram), Jody Sims, and Gregory Williams were in the Ohio-based White Heat. The band backed Barry White and recorded a self-titled album -- released by RCA in 1975 -- produced by the maestro. Budgetary constraints forced White to cut ties with the band, which subsequently morphed into Hot-Ice, an outfit that featured DeBarge, Sims, and Williams, as well as DeBarge's brother Tommy. That band released an album on Polydor in 1977. Jermaine Jackson helped them secure a contract with Motown offshoot Gordy. As Switch, the band proved to be popular in clubs, as well as within the quiet storm radio format. Their singles ""There'll Never Be"" (1978), ""I Call Your Name"" (1979), and ""Love Over and Over Again"" (1981) reached the Top Ten of Billboard's R&B chart. After Switch's fifth and final album for Gordy, the DeBarge brothers departed to support sibling group DeBarge. By the time Switch released Am I Still Your Boyfriend? (1984) on Total Experience, Sims and Williams were the only original members, along with Fluellen (who had joined for the third album), Renard Gallo, and Gonzales Ozen. That album sold poorly, and Switch broke up. Bobby DeBarge passed away due to AIDS complications in 1995. Throughout the 2000s, the band's recordings were sampled by the likes of De La Soul (""A Brighter Tomorrow""), Ne-Yo (""It Just Ain't Right""), Rich Boy (""Throw Some D's""), and Erykah Badu (""That Hump""). Ingram, Williams, and Fluellen reunited, added new members, and toured during the same decade. Bassist Tommy DeBarge died on October 21, 2021 due to kidney and liver failure; he was 64 years old. ~ Andy Kellman",What a Feeling,Unknown,https://www.youtube.com/watch?v=_DWeLuWdxcg&pp=ygUXU3dpdGNoIC0gV2hhdCBhIEZlZWxpbmc%3D
This Is My Dream,https://lastfm.freetls.fastly.net/i/u/300x300/c1dad6c487ee4f2bb65bf95362411157.jpg,Switch,1980-01-01,"During the early to mid-'70s, Bobby DeBarge, Eddie Fluellen, Phillip Ingram (brother of James Ingram), Jody Sims, and Gregory Williams were in the Ohio-based White Heat. The band backed Barry White and recorded a self-titled album -- released by RCA in 1975 -- produced by the maestro. Budgetary constraints forced White to cut ties with the band, which subsequently morphed into Hot-Ice, an outfit that featured DeBarge, Sims, and Williams, as well as DeBarge's brother Tommy. That band released an album on Polydor in 1977. Jermaine Jackson helped them secure a contract with Motown offshoot Gordy. As Switch, the band proved to be popular in clubs, as well as within the quiet storm radio format. Their singles ""There'll Never Be"" (1978), ""I Call Your Name"" (1979), and ""Love Over and Over Again"" (1981) reached the Top Ten of Billboard's R&B chart. After Switch's fifth and final album for Gordy, the DeBarge brothers departed to support sibling group DeBarge. By the time Switch released Am I Still Your Boyfriend? (1984) on Total Experience, Sims and Williams were the only original members, along with Fluellen (who had joined for the third album), Renard Gallo, and Gonzales Ozen. That album sold poorly, and Switch broke up. Bobby DeBarge passed away due to AIDS complications in 1995. Throughout the 2000s, the band's recordings were sampled by the likes of De La Soul (""A Brighter Tomorrow""), Ne-Yo (""It Just Ain't Right""), Rich Boy (""Throw Some D's""), and Erykah Badu (""That Hump""). Ingram, Williams, and Fluellen reunited, added new members, and toured during the same decade. Bassist Tommy DeBarge died on October 21, 2021 due to kidney and liver failure; he was 64 years old. ~ Andy Kellman",Without You in My Life,Unknown,https://www.youtube.com/watch?v=8QI1Ep6QBUc&pp=ygUfU3dpdGNoIC0gV2l0aG91dCBZb3UgaW4gTXkgTGlmZQ%3D%3D
This Is My Dream,https://lastfm.freetls.fastly.net/i/u/300x300/c1dad6c487ee4f2bb65bf95362411157.jpg,Switch,1980-01-01,"During the early to mid-'70s, Bobby DeBarge, Eddie Fluellen, Phillip Ingram (brother of James Ingram), Jody Sims, and Gregory Williams were in the Ohio-based White Heat. The band backed Barry White and recorded a self-titled album -- released by RCA in 1975 -- produced by the maestro. Budgetary constraints forced White to cut ties with the band, which subsequently morphed into Hot-Ice, an outfit that featured DeBarge, Sims, and Williams, as well as DeBarge's brother Tommy. That band released an album on Polydor in 1977. Jermaine Jackson helped them secure a contract with Motown offshoot Gordy. As Switch, the band proved to be popular in clubs, as well as within the quiet storm radio format. Their singles ""There'll Never Be"" (1978), ""I Call Your Name"" (1979), and ""Love Over and Over Again"" (1981) reached the Top Ten of Billboard's R&B chart. After Switch's fifth and final album for Gordy, the DeBarge brothers departed to support sibling group DeBarge. By the time Switch released Am I Still Your Boyfriend? (1984) on Total Experience, Sims and Williams were the only original members, along with Fluellen (who had joined for the third album), Renard Gallo, and Gonzales Ozen. That album sold poorly, and Switch broke up. Bobby DeBarge passed away due to AIDS complications in 1995. Throughout the 2000s, the band's recordings were sampled by the likes of De La Soul (""A Brighter Tomorrow""), Ne-Yo (""It Just Ain't Right""), Rich Boy (""Throw Some D's""), and Erykah Badu (""That Hump""). Ingram, Williams, and Fluellen reunited, added new members, and toured during the same decade. Bassist Tommy DeBarge died on October 21, 2021 due to kidney and liver failure; he was 64 years old. ~ Andy Kellman",We Can Make It Better,Unknown,https://www.youtube.com/watch?v=jaMFtTa7Gg8&pp=ygUeU3dpdGNoIC0gV2UgQ2FuIE1ha2UgSXQgQmV0dGVy
It’s About Time,https://lastfm.freetls.fastly.net/i/u/300x300/fed61c2ee60a40fea61d48a88f4a3842.jpg,SWV,1992-10-27,"With their 1992 debut, It's About Time, SWV scored a string of Top Ten R&B hits that established them as one of the most popular R&B groups of the '90s. SWV (their name is an acronym for Sisters with Voices) is comprised of three school friends: Coko (born Cheryl Gamble), Taj (born Tamara Johnson), and Lelee (born Leanne Lyons). All three vocalists sang in church as children, which is where they learned how to harmonize. A demo tape the group assembled caught the attention of producer Teddy Riley, a member of Guy and the father of new jack swing. Prior to SWV, Riley helped establish the careers of Jodeci and Mary J. Blige. Riley's luck didn't wear out with SWV -- he helped the group craft their debut, It's About Time, which went double platinum within its first year of release.
The release of It's About Time was preceded by ""Right Here"" in the fall of 1992. The single reached number 13 on the R&B chart, but it was the number two hit, ""I'm So Into You,"" that established the trio as a commercial force early in 1993. It was followed by two number one R&B singles in a row: ""Weak"" and ""Right Here/Human Nature,"" a remix of their first single that featured samples of Michael Jackson's hit ""Human Nature."" ""Weak"" also hit number one on the pop chart, while ""Right Here/Human Nature"" reached number two. One other Top Ten R&B hit from It's About Time, ""Always on My Mind,"" followed late in 1993. ""Anything,"" SWV's contribution to the soundtrack for Above the Rim, became a Top Ten R&B hit in the spring of 1994. Also in the spring of 1994, SWV released The Remixes, which went gold by the end of the year. In the summer of 1995, the trio lent vocal harmonies to Blackstreet's Top 40 R&B hit ""Tonight's the Night."" In 1996, SWV returned with New Beginning, which was preceded by the number one R&B hit ""You're the One."" Release Some Tension followed in 1997, and the group disbanded shortly thereafter.
The following decade, SWV got back together -- in 2005 -- with plans to record an album, but nothing materialized until they signed a contract with Mass Appeal and issued the 2012 set I Missed Us, a smart update of the group's earlier output. It debuted at number six on the R&B chart and led to SWV Reunited, a reality television series that lasted two seasons on WE TV. Still, the trio's fifth proper album, was released in 2016. ~ Stephen Thomas Erlewine & Andy Kellman",Right Here / Human Nature (remix),Unknown,https://www.youtube.com/watch?v=vHwXoY0LiQk&pp=ygUhU1dWIFJpZ2h0IEhlcmUgSHVtYW4gTmF0dXJlIHJlbWl4
Destino,,Syntax,2025-06-01,"At least four artists share the name Syntax: 1) Syntax is a London based electronic duo formed in 2002 by the musicians Mike Tournier (ex-member of Fluke) and Jan Burton (also the band's vocalist). They are best known for the songs ""Pride"", ""Pray"" and ""Bliss"". After the success of the album Risotto by Fluke, Mike Tournier wanted to move to a much darker production style. He left Fluke and founded Syntax with Jan Burton in 2002. In 2004, Syntax released their debut album Meccano Mind on Illustrious Records. The Japanese edition included three additional tracks, entitled ""Sexograph"", ""Woman"", and ""Love Song (I Wonder Why)"". Three singles were issued: ""Pray"" (#28 UK), ""Message"" and ""Bliss"" (#69 UK). The band suffered poor album sales, possibly due to a lack of support from their record label and a lack of overall recognition. In 2004 the group split. However, their music featured on various TV series, film and games like The O.C., Nip/Tuck, The Invisible and DRIV3R. A few years after split, Syntax reformed and currently they work on their second album. 2) An Australian hip hop artist: The name might not immediately ring a bell, but if you've been familiar with Australian Hip Hop long enough, you've more than likely been exposed to the Gold Coast rappers not inconsiderable talents. As co-front man for illustrious local hip hop group Trace Elements, more than likely you've seen him around at a more than a few shows, having supported a stable of home grown artists on tours with Bliss N Eso, Phrase, Delta and international acts such as Mobb Deep, QBert, Supernatural and west coast veteran Xzibit. When thinking Syntax, think of effortless hooks like Q-Tip, mixed with the lyrics of Big L, and the soulful truth of Little Brother's Phonte. Breaking free of the Trace Elements mould, and former partners Tactic One and Australian hip hop producer extraordinaire M-Phazes, Syntax is about to drop his first debut release 'The Musical'; two years of collaborative effort with arguably Australia's best producer talent, culminating in a zenith of musical numbers that are expertly laced with the overtones of hip hop music's greatest artists. All the world is a stage, set to the soundtrack of Australia's most indelible new artist. 3) An alias of the Japanese visual and electronic music artist, Shigetomo Yamamoto. 4) A grindcore band from Los Angeles. Recorded a demo in 2009, released in 2011 as cassette by Left Handed Path Records. Released a second demo in 2012. Read more on Last.fm. User-contributed text is available under the Creative Commons By-SA License; additional terms may apply.",Gasolina tá acabando,Unknown,https://www.youtube.com/watch?v=2LFvcVSRcQE&pp=ygUcU3ludGF4IEdhc29saW5hIHTDoSBhY2FiYW5kbw%3D%3D
200 km/h in the Wrong Lane,https://lastfm.freetls.fastly.net/i/u/300x300/4c442515a16a8661db3fd823aac4c7e3.jpg,t.A.T.u.,2002-12-10,"Assembled by former TV-commercial producer Ivan Shapovalov after auditioning hundreds of candidates at Moscow's Mostfilm studios, t.A.T.u. (aka Taty) comprised Julia Olegovna Volkova (aka Julia Volkova; born 1985) and Elena Sergeevna Katina (aka Lena Katina; born 1984). Named after an internationally fashionable word, the teen pop duo delivered captivating melodies and controversial lyrics and signed up to Universal Music Russia on May 16, 2001. Their debut single, ""Ya Soshla s Uma (I've Lost My Mind),"" based on a story about a lesbian affair between two young girls, became their first smash, gaining international exposure through MTV. After issuing a second single called ""Nas Ne Dogoniat (They Won't Catch Us),"" their album 200 km/h in the Wrong Lane was released. 200 km/h didn't exactly catch fire when it was issued domestically in September 2002, though there was plenty of breathless ink spilled over Julia and Lena's Sapphic backstory. t.A.T.u. returned in 2005 with the album Dangerous and Moving. ~ Drago Bonacich",All the Things She Said,Unknown,https://www.youtube.com/watch?v=8mGBaXPlri8&pp=ygUcdEFUdSBBbGwgdGhlIFRoaW5ncyBTaGUgU2FpZA%3D%3D
King,https://lastfm.freetls.fastly.net/i/u/300x300/a22dc73bf6884aa9dffe9734603b9ca2.jpg,T.I.,2006-03-27,"Once dubbed ""the Jay-Z of the South"" by Pharrell Williams, T.I. gradually came into his own and established himself as one of rap's most successful MCs during the early 2000s. Like Jay-Z, T.I. -- born Clifford Harris in Atlanta, Georgia -- carried a balance of smoothness and toughness, and grew from regional acclaim in his earliest days to chart-topping records like 2008's hit-spawning Paper Trail. His iconic presence influenced new waves of Atlanta rap talent, and T.I. continued making music alongside those following in his footsteps with albums like 2020's The L.I.B.R.A.
T.I. was born Clifford Harris in Atlanta in 1980. He was rapping by age eight and signed on with Arista Records sublabel LaFace in 1999, changing his stage name from Tip to T.I. to avoid any confusion between himself and Arista labelmate Q-Tip. Although his 2001 major-label debut, I'm Serious, sold so poorly he was quickly dropped by LaFace, T.I.'s hustle was grand, and he pushed forward promoting independent mixtapes until he got a deal with Atlantic Records. Throughout those early years, T.I. maintained a consistent presence on urban radio stations in America: 2003's Trap Muzik, 2004's Urban Legend, 2006's King (released in tandem with T.I.'s debut screen appearance in ATL), 2007's T.I. vs. T.I.P., and 2008's Paper Trail -- all released through the MC's deal with Atlantic -- were Top Ten albums, with the latter three even spending time at the very top of the chart.
For better or for worse, T.I. also courted a good deal of controversy during his rise to superstar status. Far more ink was spent on his legal issues and conflicts with other rappers, including fellow Southerner Lil' Flip, than on his Katrina relief efforts and other humanitarian involvements. One notable event occurred on May 3, 2006, when T.I.'s crew was caught up in a shooting after a show in Cincinnati. The crossfire left three people injured, while longtime friend and personal assistant Philant Johnson was fatally wounded. Despite such incidents, T.I. continued to flourish as the decade drew to a close, releasing three chart-topping rap singles and four Top Five pop hits between 2008 and 2009. His career took a breather in 2009, however, when the rapper entered an Arkansas prison to serve a year-long sentence related to federal gun charges. He was released from prison at the end of 2009, serving the rest of his sentence at a halfway house in Atlanta.
Just prior to the December 2010 release of his seventh album, No Mercy, he returned to prison, sentenced to 11 months for violating his probation. The album went gold, and the rapper was nominated for two Grammy Awards. After his release, he continued recording and co-starred in the VH1 series T.I. and Tiny: The Family Hustle. He issued Trouble Man: Heavy Is the Head, in December 2012. Influenced by Pharrell Williams, the rapper moved to the Columbia family of labels in 2013. Williams also executive produced his 2014 effort Paperwork, an album introduced by the single ""About the Money"" featuring Young Thug. It was T.I.'s eighth consecutive Top Ten album.
In 2015, after appearances in a handful of films, including Entourage and Ant-Man, he returned as TIP with the five-track EP Da' Nic. Parting ways with Columbia soon after, he signed a deal with Jay-Z's Roc Nation in early 2016. His first output for the label arrived with the EP Us or Else. Supporting the Black Lives Matter movement, the politically charged collection presented an unflinching look at race and power in America. An extended version titled Us or Else: Letter to the System arrived at the end of the year. In 2018, T.I. recruited Yo Gotti for ""Wraith"" and Meek Mill for ""Jefe,"" a pair of singles from his long-awaited tenth set, The Dime Trap. Further guests on the effort included Jeezy (""More & More""), Anderson .Paak (""At Least I Know""), Young Thug (""The Weekend""), and more, as well as producers Scott Storch, Just Blaze, Swizz Beatz, and others. Upon release, the album debuted at number 13 on the Billboard 200 and rose into the R&B/Hip-Hop Top Ten. A series of non-album singles and collaborations like ""Sabotage"" and ""Black Savage"" featuring Royce da 5'9"", NFL, and White Gold among others, constituted his 2019 output. The following year, he returned with his 11th album, The L.I.B.R.A., which aside from referring to his zodiac sign serves as an acronym for Legend Is Back Running Atlanta. ~ Andy Kellman",What You Know,Unknown,https://www.youtube.com/watch?v=BjrF1-Qjt14&pp=ygUQVEkgV2hhdCBZb3UgS25vdw%3D%3D
Ghost Train,https://lastfm.freetls.fastly.net/i/u/300x300/dc250d1727018596e0313df7f3a151d6.jpg,T.S.O.L.,2019-01-01,"In the early years of Los Angeles punk, one of the premiere hardcore bands was T.S.O.L., which stood for True Sounds of Liberty. Offering poppier music than many of their contemporaries and featuring an image that appealed to punks who wanted to dive deeper into the gothic subgenre already being offered by many British punk bands, T.S.O.L. became hugely popular on the local scene but never translated that success to national exposure because of their ever-shifting lineup and sound.
Formed in 1978 by four pasty-faced youths with a passion for the emerging hardcore scene, T.S.O.L. was originally based in Huntington Beach, California. Featuring the lineup of vocalist Jack Grisham, guitarist Ron Emory, bassist Mike Roche, and drummer Todd Barnes, the band burst onto the local club scene with an image that included white face paint and dark, energetic anthems about alienation and troubled youth. A few members had already tried their luck with a band called Vicious Circle, so gigs in the South Bay and Orange County were easy to get despite many of those shows ending with riots that would ban them from the very same clubs. A politically fueled eponymous EP would be the band's first official release, and its emotional sound and vicious attitude were enough to ensure their standing as a major force in the scene.
Playing around California with contemporaries like the Damned and the Dead Kennedys, they managed to write enough material to finally release a full-length record. A brief visit to the studio resulted in Dance with Me, a phenomenal gothic punk record that paved the way for bands like the Misfits and the Lords of the New Church to make similar music. Finding their niche, the band began headlining major shows with young bands like Bad Religion, Suicidal Tendencies, and Social Distortion often opening. The self-described ""Orange County Invasion"" had begun, and they were the first band to reap the benefits of the new sound. The group moved to Jello Biafra's fledgling Alternative Tentacles label, which promptly released the Weathered Statues EP at the end of the year. Despite its melodic leanings, no one could have predicted the next step.
Beneath the Shadows was released in 1982 and blew away all the preconceived notions about the group's sound. T.S.O.L. had put out a record that equaled Meat Loaf when it came to sheer sonic pomposity but still retained their gothic punk leanings. Fans were mildly confused, but the band garnered rave reviews and was featured in director Penelope Spheeris' Suburbia documentary as a result. But internal troubles were brewing, and their ever-growing popularity was tempered by the loss of both Grisham and Barnes. Pausing only briefly, T.S.O.L. trudged on with new singer Joe Wood (Grisham's brother-in-law) and drummer Mitch Dean.
The Dead Kennedys lent the band their van to tour with, and they began traveling around the U.S. with their new members. Finding that their new material reflected the growth of the British goth genre they had admired, 1984's Change Today? came out on Enigma Records with a different flair than past efforts. The guitars were gloomier and more focused, while Wood's melodramatic croon sharpened the whole affair into a unique L.A. goth sound. Becoming quite big in Southern California, their increased exposure began to influence the tone of the band. By the time of 1986's Revenge, a general poppiness began to creep into their sound that was more in keeping with the hard rock scene that was growing around them.
Still, excellent tracks such as ""Nothing for You"" (which was featured in the punk rock horror classic Return of the Living Dead) still displayed an edgy obsession with dark sounds and moods. But 1987's Hit and Run was a sudden departure for the group, seeing them adopt a persona that was in tune with bands such as Poison and Faster Pussycat. This was not only evident in the forced and awkward pictures adorning the album, but more unfortunately, in their sound as well. Alienating their audience in vast numbers, Emory and Roche were clearly uncomfortable with this new direction and their contributions began to suffer because of it. Tours with the Red Hot Chili Peppers and Guns N' Roses only emphasized the dual personalities the band had developed during this period. A live album practically documented the sound of the two sides of the band splitting, and Emory was gone before they stepped up to record their next record.
They first attempted to plug in his spot with San Diego guitarist Scotty Phillips, but he quit before they could record with him, and they eventually ended up hiring L.A. guitarist Marshall Rohner. By then a hair metal band in every way, the superficial Strange Love was met with indifferent sales and a shrinking audience in 1990, a poor fate for the ailing band. Roche was the next to go; his growing discomfort with the direction of his band sent him packing and he was the last original member to leave. To show how vastly out of the loop the band had become, a greatest-hits album was issued in 1992 with an emphasis on their late-'80s material. Proudly boasting the ""evolution"" of the group, the inside liner notes gave a detailed description of what had gone wrong with the band, but didn't support the theory of the band's evolution. The resurgence of underground music into the mainstream would have made a collection of their early-'80s material a more sensible way to promote the band, but the lack of original members clouded any insight T.S.O.L. had into their own history.
Meanwhile, the original members had started playing shows under the less-than flattering moniker T.S.O.L.: The Original Members since Wood and Dean owned the rights. They released a solid live album under this name but stopped playing together soon after. Drugs kept them from maintaining any sort of regular music gigs, while the new version of T.S.O.L. was dropped from their label and relegated to performing clubs. By 1996, T.S.O.L. fans Slayer did the band an enormous favor and covered a few early songs for an all-covers album. As the original members began to sober up, and they realized that they still had a passion for their music and there was still an audience for their brand of hardcore. Pulling together in 1999, they fought a rough battle with Wood for rights to the name until they finally wrestled it from him and hit the road with the annual Warped Tour. Barnes had passed away in his time away from the band, but the remaining members recruited drummer Jay O'Brian and released the hardcore ""Anticop"" single to announce their re-formation.
Nitro Records reissued the albums featuring the original lineup, and by 2001, Disappear marked the first full-length album with Grisham behind the microphone in almost 20 years. Then during a November 2002 show at West Hollywood's House of Blues with the Adolescents, two people were shot backstage and subsequently sued both the venue and the band over their injuries. T.S.O.L. was later cleared of any blame surrounding the incident, but high legal fees (over $13,000 worth) kept the guys from doing any kind of extensive touring over the few years it took to settle the case. They did, however, use the time to record what would become their final record, September 2003's Divided We Stand. After two final shows at Long Beach's The Vault in the fall of 2006, T.S.O.L. officially called it quits.
The band's retirement proved to be short-lived however, and by the end of 2008 they were back in the studio laying down tracks for a new album. The resulting Life, Liberty & the Pursuit of Free Downloads, released to coincide with their 30th anniversary, arrived in 2009. The band spent the next few years working on various non-T.S.O.L. projects, but returned in 2013 to release a 7"" EP for Record Store Day. In early 2017, the band issued their 11th studio long-player, The Trigger Complex, via Rise Records. ~ Bradley Torreano",Ghost Train,Unknown,https://www.youtube.com/watch?v=9D6XAa2s42c&pp=ygUWVC5TLk8uTC4gLSBHaG9zdCBUcmFpbg%3D%3D
Ghost Train,https://lastfm.freetls.fastly.net/i/u/300x300/dc250d1727018596e0313df7f3a151d6.jpg,T.S.O.L.,2019-01-01,"In the early years of Los Angeles punk, one of the premiere hardcore bands was T.S.O.L., which stood for True Sounds of Liberty. Offering poppier music than many of their contemporaries and featuring an image that appealed to punks who wanted to dive deeper into the gothic subgenre already being offered by many British punk bands, T.S.O.L. became hugely popular on the local scene but never translated that success to national exposure because of their ever-shifting lineup and sound.
Formed in 1978 by four pasty-faced youths with a passion for the emerging hardcore scene, T.S.O.L. was originally based in Huntington Beach, California. Featuring the lineup of vocalist Jack Grisham, guitarist Ron Emory, bassist Mike Roche, and drummer Todd Barnes, the band burst onto the local club scene with an image that included white face paint and dark, energetic anthems about alienation and troubled youth. A few members had already tried their luck with a band called Vicious Circle, so gigs in the South Bay and Orange County were easy to get despite many of those shows ending with riots that would ban them from the very same clubs. A politically fueled eponymous EP would be the band's first official release, and its emotional sound and vicious attitude were enough to ensure their standing as a major force in the scene.
Playing around California with contemporaries like the Damned and the Dead Kennedys, they managed to write enough material to finally release a full-length record. A brief visit to the studio resulted in Dance with Me, a phenomenal gothic punk record that paved the way for bands like the Misfits and the Lords of the New Church to make similar music. Finding their niche, the band began headlining major shows with young bands like Bad Religion, Suicidal Tendencies, and Social Distortion often opening. The self-described ""Orange County Invasion"" had begun, and they were the first band to reap the benefits of the new sound. The group moved to Jello Biafra's fledgling Alternative Tentacles label, which promptly released the Weathered Statues EP at the end of the year. Despite its melodic leanings, no one could have predicted the next step.
Beneath the Shadows was released in 1982 and blew away all the preconceived notions about the group's sound. T.S.O.L. had put out a record that equaled Meat Loaf when it came to sheer sonic pomposity but still retained their gothic punk leanings. Fans were mildly confused, but the band garnered rave reviews and was featured in director Penelope Spheeris' Suburbia documentary as a result. But internal troubles were brewing, and their ever-growing popularity was tempered by the loss of both Grisham and Barnes. Pausing only briefly, T.S.O.L. trudged on with new singer Joe Wood (Grisham's brother-in-law) and drummer Mitch Dean.
The Dead Kennedys lent the band their van to tour with, and they began traveling around the U.S. with their new members. Finding that their new material reflected the growth of the British goth genre they had admired, 1984's Change Today? came out on Enigma Records with a different flair than past efforts. The guitars were gloomier and more focused, while Wood's melodramatic croon sharpened the whole affair into a unique L.A. goth sound. Becoming quite big in Southern California, their increased exposure began to influence the tone of the band. By the time of 1986's Revenge, a general poppiness began to creep into their sound that was more in keeping with the hard rock scene that was growing around them.
Still, excellent tracks such as ""Nothing for You"" (which was featured in the punk rock horror classic Return of the Living Dead) still displayed an edgy obsession with dark sounds and moods. But 1987's Hit and Run was a sudden departure for the group, seeing them adopt a persona that was in tune with bands such as Poison and Faster Pussycat. This was not only evident in the forced and awkward pictures adorning the album, but more unfortunately, in their sound as well. Alienating their audience in vast numbers, Emory and Roche were clearly uncomfortable with this new direction and their contributions began to suffer because of it. Tours with the Red Hot Chili Peppers and Guns N' Roses only emphasized the dual personalities the band had developed during this period. A live album practically documented the sound of the two sides of the band splitting, and Emory was gone before they stepped up to record their next record.
They first attempted to plug in his spot with San Diego guitarist Scotty Phillips, but he quit before they could record with him, and they eventually ended up hiring L.A. guitarist Marshall Rohner. By then a hair metal band in every way, the superficial Strange Love was met with indifferent sales and a shrinking audience in 1990, a poor fate for the ailing band. Roche was the next to go; his growing discomfort with the direction of his band sent him packing and he was the last original member to leave. To show how vastly out of the loop the band had become, a greatest-hits album was issued in 1992 with an emphasis on their late-'80s material. Proudly boasting the ""evolution"" of the group, the inside liner notes gave a detailed description of what had gone wrong with the band, but didn't support the theory of the band's evolution. The resurgence of underground music into the mainstream would have made a collection of their early-'80s material a more sensible way to promote the band, but the lack of original members clouded any insight T.S.O.L. had into their own history.
Meanwhile, the original members had started playing shows under the less-than flattering moniker T.S.O.L.: The Original Members since Wood and Dean owned the rights. They released a solid live album under this name but stopped playing together soon after. Drugs kept them from maintaining any sort of regular music gigs, while the new version of T.S.O.L. was dropped from their label and relegated to performing clubs. By 1996, T.S.O.L. fans Slayer did the band an enormous favor and covered a few early songs for an all-covers album. As the original members began to sober up, and they realized that they still had a passion for their music and there was still an audience for their brand of hardcore. Pulling together in 1999, they fought a rough battle with Wood for rights to the name until they finally wrestled it from him and hit the road with the annual Warped Tour. Barnes had passed away in his time away from the band, but the remaining members recruited drummer Jay O'Brian and released the hardcore ""Anticop"" single to announce their re-formation.
Nitro Records reissued the albums featuring the original lineup, and by 2001, Disappear marked the first full-length album with Grisham behind the microphone in almost 20 years. Then during a November 2002 show at West Hollywood's House of Blues with the Adolescents, two people were shot backstage and subsequently sued both the venue and the band over their injuries. T.S.O.L. was later cleared of any blame surrounding the incident, but high legal fees (over $13,000 worth) kept the guys from doing any kind of extensive touring over the few years it took to settle the case. They did, however, use the time to record what would become their final record, September 2003's Divided We Stand. After two final shows at Long Beach's The Vault in the fall of 2006, T.S.O.L. officially called it quits.
The band's retirement proved to be short-lived however, and by the end of 2008 they were back in the studio laying down tracks for a new album. The resulting Life, Liberty & the Pursuit of Free Downloads, released to coincide with their 30th anniversary, arrived in 2009. The band spent the next few years working on various non-T.S.O.L. projects, but returned in 2013 to release a 7"" EP for Record Store Day. In early 2017, the band issued their 11th studio long-player, The Trigger Complex, via Rise Records. ~ Bradley Torreano",Never Go Home,Unknown,https://www.youtube.com/watch?v=DhfbnIJa1IE&pp=ygUSVFNPTCBOZXZlciBHbyBIb21l
Sons And Daughters,https://lastfm.freetls.fastly.net/i/u/300x300/a2104f8316a2a556d2a38a20d677ada5.jpg,Taker,2024-10-29,,For You,Unknown,https://www.youtube.com/watch?v=NiXBlbW0HuQ&list=RDNiXBlbW0HuQ&start_radio=1&pp=ygUPVGFrZXIgLSBGb3IgWW91oAcB
Sons And Daughters,https://lastfm.freetls.fastly.net/i/u/300x300/a2104f8316a2a556d2a38a20d677ada5.jpg,Taker,2024-10-29,,Big Step,Unknown,https://www.youtube.com/watch?v=UOylETgYH4I&list=RDUOylETgYH4I&start_radio=1&pp=ygUOVGFrZXIgQmlnIFN0ZXCgBwE%3D
Sons And Daughters,https://lastfm.freetls.fastly.net/i/u/300x300/a2104f8316a2a556d2a38a20d677ada5.jpg,Taker,2024-10-29,,We Don't Call,Unknown,https://www.youtube.com/watch?v=hQH8TpcvFyY&list=RDhQH8TpcvFyY&start_radio=1&pp=ygUVVGFrZXIgLSBXZSBEb24ndCBDYWxsoAcB
Sons And Daughters,https://lastfm.freetls.fastly.net/i/u/300x300/a2104f8316a2a556d2a38a20d677ada5.jpg,Taker,2024-10-29,,Work,Unknown,https://www.youtube.com/watch?v=Zie0U78RvJE&list=RDZie0U78RvJE&start_radio=1&pp=ygUKVGFrZXIgV29ya6AHAQ%3D%3D
Sons And Daughters,https://lastfm.freetls.fastly.net/i/u/300x300/a2104f8316a2a556d2a38a20d677ada5.jpg,Taker,2024-10-29,,Town,Unknown,https://www.youtube.com/watch?v=IFR51BWxG8Q&list=RDIFR51BWxG8Q&start_radio=1&pp=ygUMVGFrZXIgLSBUb3duoAcB
Sons And Daughters,https://lastfm.freetls.fastly.net/i/u/300x300/a2104f8316a2a556d2a38a20d677ada5.jpg,Taker,2024-10-29,,Alias,Unknown,https://www.youtube.com/watch?v=rxIXqruPJO4&list=RDrxIXqruPJO4&start_radio=1&pp=ygUNVGFrZXIgLSBBbGlhc6AHAQ%3D%3D
Sons And Daughters,https://lastfm.freetls.fastly.net/i/u/300x300/a2104f8316a2a556d2a38a20d677ada5.jpg,Taker,2024-10-29,,No Score,Unknown,https://www.youtube.com/watch?v=rbPeWJ34Y80&list=RDrbPeWJ34Y80&start_radio=1&pp=ygUQVGFrZXIgLSBObyBTY29yZaAHAQ%3D%3D
Sons And Daughters,https://lastfm.freetls.fastly.net/i/u/300x300/a2104f8316a2a556d2a38a20d677ada5.jpg,Taker,2024-10-29,,Game Of Pricks,Unknown,https://www.youtube.com/watch?v=Kh6BfoXiaEA&list=RDKh6BfoXiaEA&start_radio=1&pp=ygUUVGFrZXIgR2FtZSBPZiBQcmlja3OgBwE%3D
Sons And Daughters,https://lastfm.freetls.fastly.net/i/u/300x300/a2104f8316a2a556d2a38a20d677ada5.jpg,Taker,2024-10-29,,Divider,Unknown,https://www.youtube.com/watch?v=7Hd9slP_Mhg&list=RD7Hd9slP_Mhg&start_radio=1&pp=ygUPVGFrZXIgLSBEaXZpZGVyoAcB
Lonerism (10 Year Anniversary edition / unreleased demos),https://lastfm.freetls.fastly.net/i/u/300x300/abb5a640c83193ba30e5c213a7ca69f4.jpg,Tame Impala,2023-05-26,"Starting their career as psychedelic explorers, the Australian band Tame Impala spent a decade subverting expectations and mutating their sound in fascinating ways, as well as being an inspiration to musicians as diverse as Unknown Mortal Orchestra and Lady Gaga. Guided by the musical prowess of Kevin Parker, the band's 2010 debut album, Innerspeaker, was a huge, loud guitar rock album dipped in swirling psychedelic colors. The follow-up, Lonerism (2012), dialed down the guitars in favor of a more expansive style, after which Parker swerved into a poppier sound that brought in hip-hop (2015's Currents) and disco influences (2020's The Slow Rush) while upping the sugar content of the hooks. It proved to be a winning approach, and by decade's end Parker was collaborating with some of the biggest artists on earth (Kanye, Travis Scott) while the band was selling out stadiums and tons of records. Heading into the next decade, Parker paired up with another legend, recording the 2022 single ""Turn Up the Sunshine"" with Motown icon Diana Ross.
Parker grew up in a musical household and dedicated himself to learning guitar and drums at early age, partially to escape the pressure of family life. His school friend Dominic Simper shared his love of music, especially the psychedelic sounds of the late '60s and the pair formed a band called the Dee Dee Dums in 2005 with drummer Luke Epstein. They became fixtures on the underground Perth scene until Epstein left in 2007 to join another group. Jay Watson took his spot and they changed their name to Tame Impala. The trio formed the live band, but Parker mostly took care of recording duties himself, crafting trippy, woozy psychedelic pop in his bedroom. He posted some songs on MySpace and they quickly became a phenomenon. The band released an EP, Tame Impala, in 2008 on the tiny Hole in the Sky label, then signed with Australian label Modular Recordings and released another self-titled EP later in the year.
The EP went to number ten on the ARIA charts and number one on the independent label charts. Though Parker played everything in the studio, live Tame Impala functioned as a real band, though at their early gigs they were famously unprepared and never wore shoes. At one such shambolic gig for a Vice Magazine party in Melbourne, indie electro-pop band MGMT's label manager caught their act and was impressed enough to offer them the support slot when his band toured Australia. That year they also supported the Black Keys and You Am I on national tours.
In 2010, Tame Impala made their full-length debut with the Dave Fridmann-mixed Innerspeaker. Recorded mainly in a remote beach house four hours outside Perth, Parker did almost all the music, this time letting Watson and Simper contribute a little bit. The album was a critical and popular success, gaining the band fans all over the globe, being nominated for many awards in Australia including ARIA Album of the Year, and winning the J Album of the Year nod. Shortly after the record's release, Parker returned to his home studio in Perth to begin work on new material, which he started recording while the band was on tour. Along the way he lost half the album when his iPod fell out of his bag, he moved to Paris (where he produced Melody's Echo Chamber's self-titled album), and eventually, after a year of mixing with Dave Fridmann, he finished the album.
Released in 2012, Lonerism was a less guitar-heavy, far weirder album than Innerspeaker, yet it made an even bigger splash. Tame Impala were again winners of the J Award for Album of the Year and topped many year-end polls (including NME's), and the record was nominated for Best Alternative Album at the Grammys. All this success made Parker an in-demand collaborator, and Mark Ronson was the biggest name to make a connection, with Parker working on a handful of tracks on Ronson's Uptown Special album. At the same time, Parker and some friends formed the space disco band AAA Aardvark Getdown Services. These were touchstones for the next Tame Impala record, 2015's Currents, which saw their sound expanded to include more uptempo dance music-informed tracks and some smooth R&B stylings. The record swept a number of categories at the 2015 ARIA Awards, including Best Album, and was once again nominated for Best Alternative Album at the 2016 Grammys.
Parker stayed busy during the next few years with collaborations including work with Koi Child, Lady Gaga, Yasiin Bey, ZHU, SZA, and Mick Jagger. On the Tame Impala front, they released an expanded edition of Currents -- which contained three previously unheard tracks and remixes by Pond and Soulwax -- in 2017. Parker's star power as a collaborator continued to rise during the band's downtime; in 2018 he guested on Travis Scott's Astroworld, he co-wrote a song on Kanye's Ye album, and teamed up with Ronson again on 2019's Late Night Feelings.
That same year, Parker kicked the live version of Tame Impala (which still included Simper and Watson as key members) back into gear, landing high-profile festival headline slots at Coachella and Primavera Sound. Prior to this reappearance, Parker had been working steadily on the fourth Tame Impala record, folding in disco influences and delving into confessional lyrical territory. After a long rollout that saw the band debuting new songs on Saturday Night Live in May 2019, and a steady trickle of singles seeing the light of day as Parker continued to tinker with the album, The Slow Rush was released in early 2020, just before the group launched a worldwide tour. A commercial and critical success, the record topped the ARIA chart and took home another five trophies at the ARIA Awards. It was also nominated for two Grammy Awards. A companion collection, The Slow Rush B-Sides & Remixes, appeared in 2022 and included new songs like ""No Choice"" and remixes by Lil Yachty and Four Tet. Parker's disco influences were again at the fore on ""Turn Up the Sunshine,"" a collaborative single with Diana Ross recorded for the Minions: The Rise of Gru soundtrack. After guesting on the Gorillaz track ""New Gold,"" he kicked off 2023 with another soundtrack appearance, contributing ""Wings of Time"" to Dungeons & Dragons: Honor Among Thieves. ~ Jody Macgregor",Retina Show (unreleased demo),Unknown,https://www.youtube.com/watch?v=EWMQE-rwpSA&pp=ygUnVGFtZSBJbXBhbGEgUmV0aW5hIFNob3cgdW5yZWxlYXNlZCBkZW1v
Currents,https://lastfm.freetls.fastly.net/i/u/300x300/dd45b0438a315aed98b5830aa2fc43c5.jpg,Tame Impala,2015-07-15,"As Tame Impala have evolved from psychedelic explorers into more eclectic terrain, Kevin Parker has become one of music's most influential artists. The multi-instrumentalist, songwriter, producer, mixer, and engineer debuted with 2010's Innerspeaker, a huge guitar rock album dipped in psychedelia. Parker folded hip-hop into 2015's Currents, home to the single “The Less I Know the Better,” which racked up billions of streams and numerous gold and platinum certifications, and embraced disco on 2020's international chart-topper The Slow Rush. Tame Impala's musical growth was mirrored by the project's lengthy list of accolades, including a BRIT Award and many ARIA Awards in Parker's Australian homeland. He parlayed this success into writing and producing for Dua Lipa, the Weeknd, SZA, and more. The legendary Diana Ross joined Parker for the 2022 single ""Turn Up the Sunshine"" and Justice collaborated with him on 2024's Grammy-winning ""Neverender."" In 2025, he returned with Deadbeat.
Parker grew up in a musical household and dedicated himself to learning guitar and drums at early age, partially to escape the pressure of family life. His school friend Dominic Simper shared his love of music, especially the psychedelic sounds of the late '60s and the pair formed a band called the Dee Dee Dums in 2005 with drummer Luke Epstein. They became fixtures on the underground Perth scene until Epstein left in 2007 to join another group. Jay Watson took his spot and they changed their name to Tame Impala. The trio formed the live band, but Parker mostly took care of recording duties himself, crafting trippy, woozy psychedelic pop in his bedroom. He posted some songs on MySpace and they quickly became a phenomenon. The band released an EP, Tame Impala, in 2008 on the tiny Hole in the Sky label, then signed with Australian label Modular Recordings and released another self-titled EP later in the year.
The EP went to number ten on the ARIA charts and number one on the independent label charts. Though Parker played everything in the studio, live Tame Impala functioned as a real band, though at their early gigs they were famously unprepared and never wore shoes. At one such shambolic gig for a Vice Magazine party in Melbourne, indie electro-pop band MGMT's label manager caught their act and was impressed enough to offer them the support slot when his band toured Australia. That year they also supported the Black Keys and You Am I on national tours.
In 2010, Tame Impala made their full-length debut with the Dave Fridmann-mixed Innerspeaker. Recorded mainly in a remote beach house four hours outside Perth, Parker did almost all the music, this time letting Watson and Simper contribute a little bit. The album was a critical and popular success, gaining the band fans all over the globe, being nominated for many awards in Australia including ARIA Album of the Year, and winning the J Album of the Year nod. Shortly after the record's release, Parker returned to his home studio in Perth to begin work on new material, which he started recording while the band was on tour. Along the way he lost half the album when his iPod fell out of his bag, he moved to Paris (where he produced Melody's Echo Chamber's self-titled album), and eventually, after a year of mixing with Dave Fridmann, he finished the album.
Released in 2012, Lonerism was a less guitar-heavy, far weirder album than Innerspeaker, yet it made an even bigger splash. Tame Impala were again winners of the J Award for Album of the Year and topped many year-end polls (including NME's), and the record was nominated for Best Alternative Album at the Grammys. All this success made Parker an in-demand collaborator, and Mark Ronson was the biggest name to make a connection, with Parker working on a handful of tracks on Ronson's Uptown Special album. At the same time, Parker and some friends formed the space disco band AAA Aardvark Getdown Services. These were touchstones for the next Tame Impala record, 2015's Currents, which saw their sound expanded to include more uptempo dance music-informed tracks and some smooth R&B stylings. The record swept a number of categories at the 2015 ARIA Awards, including Best Album, and was once again nominated for Best Alternative Album at the 2016 Grammys.
Parker stayed busy during the next few years with collaborations including work with Koi Child, Lady Gaga, Yasiin Bey, ZHU, SZA, and Mick Jagger. On the Tame Impala front, they released an expanded edition of Currents -- which contained three previously unheard tracks and remixes by Pond and Soulwax -- in 2017. Parker's star power as a collaborator continued to rise during the band's downtime; in 2018 he guested on Travis Scott's Astroworld, he co-wrote a song on Kanye's Ye album, and teamed up with Ronson again on 2019's Late Night Feelings.
That same year, Parker kicked the live version of Tame Impala (which still included Simper and Watson as key members) back into gear, landing high-profile festival headline slots at Coachella and Primavera Sound. Prior to this reappearance, Parker had been working steadily on the fourth Tame Impala record, folding in disco influences and delving into confessional lyrical territory. After a long rollout that saw the band debuting new songs on Saturday Night Live in May 2019, and a steady trickle of singles seeing the light of day as Parker continued to tinker with the album, The Slow Rush was released in early 2020, just before the group launched a worldwide tour. A commercial and critical success, the record topped the ARIA chart and took home another five trophies at the ARIA Awards. It was also nominated for two Grammy Awards. A companion collection, The Slow Rush B-Sides & Remixes, appeared in 2022 and included new songs like ""No Choice"" and remixes by Lil Yachty and Four Tet. Parker's disco influences were again at the fore on ""Turn Up the Sunshine,"" a collaborative single with Diana Ross recorded for the Minions: The Rise of Gru soundtrack. After guesting on the Gorillaz track ""New Gold,"" he made two more soundtrack appearances in 2024, contributing ""Wings of Time"" to Dungeons & Dragons: Honor Among Thieves and ""Journey to the Real World"" to the Barbie movie. Along with co-writing and producing Dua Lipa's 2024 album Radical Optimism, Parker collaborated with Justice on their album Hyperdrama. Their joint single, ""Neverender,"" won the 2025 Grammy Award for Best Dance/Electronic Recording. Meanwhile, Parker had kicked off his next album cycle with ""End of Summer"" and ""Loser"" from his fifth Tame Impala effort, Deadbeat. Released in October 2025, the set also featured the hit ""Dracula"" and showcased a dance-friendly energy inspired by the Australian rave scene and ""bush doof"" subculture. ~ Jody Macgregor",Let It Happen,Unknown,https://www.youtube.com/watch?v=pFptt7Cargc&list=RDpFptt7Cargc&start_radio=1&pp=ygUZVGFtZSBJbXBhbGEgTGV0IEl0IEhhcHBlbqAHAQ%3D%3D
Currents,https://lastfm.freetls.fastly.net/i/u/300x300/dd45b0438a315aed98b5830aa2fc43c5.jpg,Tame Impala,2015-07-15,"As Tame Impala have evolved from psychedelic explorers into more eclectic terrain, Kevin Parker has become one of music's most influential artists. The multi-instrumentalist, songwriter, producer, mixer, and engineer debuted with 2010's Innerspeaker, a huge guitar rock album dipped in psychedelia. Parker folded hip-hop into 2015's Currents, home to the single “The Less I Know the Better,” which racked up billions of streams and numerous gold and platinum certifications, and embraced disco on 2020's international chart-topper The Slow Rush. Tame Impala's musical growth was mirrored by the project's lengthy list of accolades, including a BRIT Award and many ARIA Awards in Parker's Australian homeland. He parlayed this success into writing and producing for Dua Lipa, the Weeknd, SZA, and more. The legendary Diana Ross joined Parker for the 2022 single ""Turn Up the Sunshine"" and Justice collaborated with him on 2024's Grammy-winning ""Neverender."" In 2025, he returned with Deadbeat.
Parker grew up in a musical household and dedicated himself to learning guitar and drums at early age, partially to escape the pressure of family life. His school friend Dominic Simper shared his love of music, especially the psychedelic sounds of the late '60s and the pair formed a band called the Dee Dee Dums in 2005 with drummer Luke Epstein. They became fixtures on the underground Perth scene until Epstein left in 2007 to join another group. Jay Watson took his spot and they changed their name to Tame Impala. The trio formed the live band, but Parker mostly took care of recording duties himself, crafting trippy, woozy psychedelic pop in his bedroom. He posted some songs on MySpace and they quickly became a phenomenon. The band released an EP, Tame Impala, in 2008 on the tiny Hole in the Sky label, then signed with Australian label Modular Recordings and released another self-titled EP later in the year.
The EP went to number ten on the ARIA charts and number one on the independent label charts. Though Parker played everything in the studio, live Tame Impala functioned as a real band, though at their early gigs they were famously unprepared and never wore shoes. At one such shambolic gig for a Vice Magazine party in Melbourne, indie electro-pop band MGMT's label manager caught their act and was impressed enough to offer them the support slot when his band toured Australia. That year they also supported the Black Keys and You Am I on national tours.
In 2010, Tame Impala made their full-length debut with the Dave Fridmann-mixed Innerspeaker. Recorded mainly in a remote beach house four hours outside Perth, Parker did almost all the music, this time letting Watson and Simper contribute a little bit. The album was a critical and popular success, gaining the band fans all over the globe, being nominated for many awards in Australia including ARIA Album of the Year, and winning the J Album of the Year nod. Shortly after the record's release, Parker returned to his home studio in Perth to begin work on new material, which he started recording while the band was on tour. Along the way he lost half the album when his iPod fell out of his bag, he moved to Paris (where he produced Melody's Echo Chamber's self-titled album), and eventually, after a year of mixing with Dave Fridmann, he finished the album.
Released in 2012, Lonerism was a less guitar-heavy, far weirder album than Innerspeaker, yet it made an even bigger splash. Tame Impala were again winners of the J Award for Album of the Year and topped many year-end polls (including NME's), and the record was nominated for Best Alternative Album at the Grammys. All this success made Parker an in-demand collaborator, and Mark Ronson was the biggest name to make a connection, with Parker working on a handful of tracks on Ronson's Uptown Special album. At the same time, Parker and some friends formed the space disco band AAA Aardvark Getdown Services. These were touchstones for the next Tame Impala record, 2015's Currents, which saw their sound expanded to include more uptempo dance music-informed tracks and some smooth R&B stylings. The record swept a number of categories at the 2015 ARIA Awards, including Best Album, and was once again nominated for Best Alternative Album at the 2016 Grammys.
Parker stayed busy during the next few years with collaborations including work with Koi Child, Lady Gaga, Yasiin Bey, ZHU, SZA, and Mick Jagger. On the Tame Impala front, they released an expanded edition of Currents -- which contained three previously unheard tracks and remixes by Pond and Soulwax -- in 2017. Parker's star power as a collaborator continued to rise during the band's downtime; in 2018 he guested on Travis Scott's Astroworld, he co-wrote a song on Kanye's Ye album, and teamed up with Ronson again on 2019's Late Night Feelings.
That same year, Parker kicked the live version of Tame Impala (which still included Simper and Watson as key members) back into gear, landing high-profile festival headline slots at Coachella and Primavera Sound. Prior to this reappearance, Parker had been working steadily on the fourth Tame Impala record, folding in disco influences and delving into confessional lyrical territory. After a long rollout that saw the band debuting new songs on Saturday Night Live in May 2019, and a steady trickle of singles seeing the light of day as Parker continued to tinker with the album, The Slow Rush was released in early 2020, just before the group launched a worldwide tour. A commercial and critical success, the record topped the ARIA chart and took home another five trophies at the ARIA Awards. It was also nominated for two Grammy Awards. A companion collection, The Slow Rush B-Sides & Remixes, appeared in 2022 and included new songs like ""No Choice"" and remixes by Lil Yachty and Four Tet. Parker's disco influences were again at the fore on ""Turn Up the Sunshine,"" a collaborative single with Diana Ross recorded for the Minions: The Rise of Gru soundtrack. After guesting on the Gorillaz track ""New Gold,"" he made two more soundtrack appearances in 2024, contributing ""Wings of Time"" to Dungeons & Dragons: Honor Among Thieves and ""Journey to the Real World"" to the Barbie movie. Along with co-writing and producing Dua Lipa's 2024 album Radical Optimism, Parker collaborated with Justice on their album Hyperdrama. Their joint single, ""Neverender,"" won the 2025 Grammy Award for Best Dance/Electronic Recording. Meanwhile, Parker had kicked off his next album cycle with ""End of Summer"" and ""Loser"" from his fifth Tame Impala effort, Deadbeat. Released in October 2025, the set also featured the hit ""Dracula"" and showcased a dance-friendly energy inspired by the Australian rave scene and ""bush doof"" subculture. ~ Jody Macgregor",Nangs,Unknown,https://www.youtube.com/watch?v=c3yEjD_oijw&list=RDc3yEjD_oijw&start_radio=1&pp=ygURVGFtZSBJbXBhbGEgTmFuZ3OgBwE%3D
Currents,https://lastfm.freetls.fastly.net/i/u/300x300/dd45b0438a315aed98b5830aa2fc43c5.jpg,Tame Impala,2015-07-15,"As Tame Impala have evolved from psychedelic explorers into more eclectic terrain, Kevin Parker has become one of music's most influential artists. The multi-instrumentalist, songwriter, producer, mixer, and engineer debuted with 2010's Innerspeaker, a huge guitar rock album dipped in psychedelia. Parker folded hip-hop into 2015's Currents, home to the single “The Less I Know the Better,” which racked up billions of streams and numerous gold and platinum certifications, and embraced disco on 2020's international chart-topper The Slow Rush. Tame Impala's musical growth was mirrored by the project's lengthy list of accolades, including a BRIT Award and many ARIA Awards in Parker's Australian homeland. He parlayed this success into writing and producing for Dua Lipa, the Weeknd, SZA, and more. The legendary Diana Ross joined Parker for the 2022 single ""Turn Up the Sunshine"" and Justice collaborated with him on 2024's Grammy-winning ""Neverender."" In 2025, he returned with Deadbeat.
Parker grew up in a musical household and dedicated himself to learning guitar and drums at early age, partially to escape the pressure of family life. His school friend Dominic Simper shared his love of music, especially the psychedelic sounds of the late '60s and the pair formed a band called the Dee Dee Dums in 2005 with drummer Luke Epstein. They became fixtures on the underground Perth scene until Epstein left in 2007 to join another group. Jay Watson took his spot and they changed their name to Tame Impala. The trio formed the live band, but Parker mostly took care of recording duties himself, crafting trippy, woozy psychedelic pop in his bedroom. He posted some songs on MySpace and they quickly became a phenomenon. The band released an EP, Tame Impala, in 2008 on the tiny Hole in the Sky label, then signed with Australian label Modular Recordings and released another self-titled EP later in the year.
The EP went to number ten on the ARIA charts and number one on the independent label charts. Though Parker played everything in the studio, live Tame Impala functioned as a real band, though at their early gigs they were famously unprepared and never wore shoes. At one such shambolic gig for a Vice Magazine party in Melbourne, indie electro-pop band MGMT's label manager caught their act and was impressed enough to offer them the support slot when his band toured Australia. That year they also supported the Black Keys and You Am I on national tours.
In 2010, Tame Impala made their full-length debut with the Dave Fridmann-mixed Innerspeaker. Recorded mainly in a remote beach house four hours outside Perth, Parker did almost all the music, this time letting Watson and Simper contribute a little bit. The album was a critical and popular success, gaining the band fans all over the globe, being nominated for many awards in Australia including ARIA Album of the Year, and winning the J Album of the Year nod. Shortly after the record's release, Parker returned to his home studio in Perth to begin work on new material, which he started recording while the band was on tour. Along the way he lost half the album when his iPod fell out of his bag, he moved to Paris (where he produced Melody's Echo Chamber's self-titled album), and eventually, after a year of mixing with Dave Fridmann, he finished the album.
Released in 2012, Lonerism was a less guitar-heavy, far weirder album than Innerspeaker, yet it made an even bigger splash. Tame Impala were again winners of the J Award for Album of the Year and topped many year-end polls (including NME's), and the record was nominated for Best Alternative Album at the Grammys. All this success made Parker an in-demand collaborator, and Mark Ronson was the biggest name to make a connection, with Parker working on a handful of tracks on Ronson's Uptown Special album. At the same time, Parker and some friends formed the space disco band AAA Aardvark Getdown Services. These were touchstones for the next Tame Impala record, 2015's Currents, which saw their sound expanded to include more uptempo dance music-informed tracks and some smooth R&B stylings. The record swept a number of categories at the 2015 ARIA Awards, including Best Album, and was once again nominated for Best Alternative Album at the 2016 Grammys.
Parker stayed busy during the next few years with collaborations including work with Koi Child, Lady Gaga, Yasiin Bey, ZHU, SZA, and Mick Jagger. On the Tame Impala front, they released an expanded edition of Currents -- which contained three previously unheard tracks and remixes by Pond and Soulwax -- in 2017. Parker's star power as a collaborator continued to rise during the band's downtime; in 2018 he guested on Travis Scott's Astroworld, he co-wrote a song on Kanye's Ye album, and teamed up with Ronson again on 2019's Late Night Feelings.
That same year, Parker kicked the live version of Tame Impala (which still included Simper and Watson as key members) back into gear, landing high-profile festival headline slots at Coachella and Primavera Sound. Prior to this reappearance, Parker had been working steadily on the fourth Tame Impala record, folding in disco influences and delving into confessional lyrical territory. After a long rollout that saw the band debuting new songs on Saturday Night Live in May 2019, and a steady trickle of singles seeing the light of day as Parker continued to tinker with the album, The Slow Rush was released in early 2020, just before the group launched a worldwide tour. A commercial and critical success, the record topped the ARIA chart and took home another five trophies at the ARIA Awards. It was also nominated for two Grammy Awards. A companion collection, The Slow Rush B-Sides & Remixes, appeared in 2022 and included new songs like ""No Choice"" and remixes by Lil Yachty and Four Tet. Parker's disco influences were again at the fore on ""Turn Up the Sunshine,"" a collaborative single with Diana Ross recorded for the Minions: The Rise of Gru soundtrack. After guesting on the Gorillaz track ""New Gold,"" he made two more soundtrack appearances in 2024, contributing ""Wings of Time"" to Dungeons & Dragons: Honor Among Thieves and ""Journey to the Real World"" to the Barbie movie. Along with co-writing and producing Dua Lipa's 2024 album Radical Optimism, Parker collaborated with Justice on their album Hyperdrama. Their joint single, ""Neverender,"" won the 2025 Grammy Award for Best Dance/Electronic Recording. Meanwhile, Parker had kicked off his next album cycle with ""End of Summer"" and ""Loser"" from his fifth Tame Impala effort, Deadbeat. Released in October 2025, the set also featured the hit ""Dracula"" and showcased a dance-friendly energy inspired by the Australian rave scene and ""bush doof"" subculture. ~ Jody Macgregor",Cause I’m a Man,Unknown,https://www.youtube.com/watch?v=hefh9dFnChY&list=RDhefh9dFnChY&start_radio=1&pp=ygUaVGFtZSBJbXBhbGEgQ2F1c2UgSW0gYSBNYW6gBwE%3D
Knight of Romantic,https://lastfm.freetls.fastly.net/i/u/300x300/a2a34635c96342b68c13f8ba83bdbaf9.jpg,Tang Dynasty,2008-06-13,"Tang Dynasty (唐朝 - Táng ​Cháo​), formed in 1988, is often credited as being China's first Heavy Metal band. The music of Tang Dynasty was in their beginning mostly melancholic, partly depressive, lost in the effort to escape into an imaginary dreamworld and full of contrasts. It expressed what Tang Dynasty saw as their way to show honesty and true feelings. Tang Dynasty had four initial band members: Ding Wu, Zhang Ju, Kaiser Kuo and Andrew Szabo. Lead vocalist Ding Wu was born on December 30th 1962 in Beijing and has spent most of his youth in the northern province Heilongjiang before he returned to Beijing in 1972 to start studying at the Industrials Arts Academy. After his graduation he was working at on of Beijing's colleges, where he had his first contacts to foreign Western rock music. In 1981 he bought his first electric guitar on which he immediately started practising. In 1984 he joined the the band Bu Dao Wung. In 1986 he joined the band 黑豹 (Black Panther) for a short time. Zhang Jun was born 1970 in Beijing as youngest of three children. He started learning guitar from 1984 on and switched to bass in 1986. In 1988 Ding Wu and Zhang Jun met Americans Kaiser Guo and Andrew Szabo at a party and decided to form Tang Dynasty. They played several gigs at small parties, but had to abandon touring plans after the Tiannamen incident 1989. Kaiser Guo and Andrew Szabo returned to the US. In autumn 1989 Ding Wu and Zhang Jun met Liu Yijun (Lao Wu) and Zhao Nian, who joined Tang Dynasty. Lao Wu was born in Tianjin 1963 and was the lead guitarist of the band White Angel before he joined Tang Dynasty. Zhao Nian was born in Beijing 1961 and played in the band The Micro-organists before. In February 1990 Tang Dynasty was allowed to play on the 'Festival of modern music' (Xiandai Yingyuehui) in front of about 18000 people. The euphoria and cheering reactions not only surprised the band but also the organizers. In May 1990 Tang Dynasty played for the opening ceremony of the ""1990 Asian Games"" in the worker's stadium in front of about 100000 people. The Chinese government thought that if they would allow a so called 'modern music band' to play, the foreign world would get an impression of a more open-minded China. The tremendous success Tang Dynasty got with this concert helped the Taiwan record company ""Rolling Stone"" (Gun shi) to overcome their objections to sign the band. Supplied with a record studio and a rehearsel room, Tang Dynasty recorded 11 sons until December 1991. Tang Dynasty's first album A Dream Returns to Tang Dynasty - China's first heavy metal album - was released in December 1992. According to statistics from a Taiwan record company have been more than 700000 legal copies sold, more than 1.3 million illegal ones and uncounted fake 'Best-of'collections. In 1995, Tang Dynasty's bassist Zhang Jun died in a car accident. In December 1998, Tang Dynasty's long expected second official record Epic was released, however it could not live up to the expectations. Still more than 400000 copies were sold and it was also released in Taiwan. In 2002, Tang Dynasty was featured in an interview in issue #5 of the Painkiller Heavy Music Magazine. In 2008, nine years after the band’s second album “Epic” was released, their third studio album, titled “Knight of Romantic” in English, was finally out. The line-up featured on the album was Ding Wu on lead vocals, Lao Wu and Chen Lei on guitar, Gu Zhong on bass and Zhao Nian on drums and percussion. In January 2009 Lao Wu (Liu Yijun) announced his second departure from the band. The current line-up is: Ding Wu - Lead vocals, guitar Chen Lei - Lead guitar Gu Zhong - Bass Zhao Nian - Drums & percussion Also commonly known in Chinese as 唐朝乐队 (""Tand Dynasty Band""). More info: http://web125.burns.kundenserver42.de/rockinchina/wiki/index.php/Tang_Dynasty Read more on Last.fm. User-contributed text is available under the Creative Commons By-SA License; additional terms may apply.",Pathway,Unknown,https://www.youtube.com/watch?v=Ba4jXBnkLvo&pp=ygUUVGFuZyBEeW5hc3R5IFBhdGh3YXk%3D
Taqbir,https://lastfm.freetls.fastly.net/i/u/300x300/b7edd3bb38e56283bd0e7895e0baac0e.png,Taqbir,2021-02-03,"A Tangier, Morocco punk rock band. https://taqbir.bandcamp.com/ Read more on Last.fm. User-contributed text is available under the Creative Commons By-SA License; additional terms may apply.",Sma3,Unknown,https://www.youtube.com/watch?v=1WGpk_Yo17c&list=RD1WGpk_Yo17c&start_radio=1&pp=ygUNVGFxYmlyIC0gU21hM6AHAdIHCQlPCgGHKiGM7w%3D%3D
Taqbir,https://lastfm.freetls.fastly.net/i/u/300x300/b7edd3bb38e56283bd0e7895e0baac0e.png,Taqbir,2021-02-03,"A Tangier, Morocco punk rock band. https://taqbir.bandcamp.com/ Read more on Last.fm. User-contributed text is available under the Creative Commons By-SA License; additional terms may apply.",Aisha Qandisha,Unknown,https://www.youtube.com/watch?v=CEPCIxE6stA&list=RDCEPCIxE6stA&start_radio=1&pp=ygUXVGFxYmlyIC0gQWlzaGEgUWFuZGlzaGGgBwE%3D
Taqbir,https://lastfm.freetls.fastly.net/i/u/300x300/b7edd3bb38e56283bd0e7895e0baac0e.png,Taqbir,2021-02-03,"A Tangier, Morocco punk rock band. https://taqbir.bandcamp.com/ Read more on Last.fm. User-contributed text is available under the Creative Commons By-SA License; additional terms may apply.",Tfou 3lik,Unknown,https://www.youtube.com/watch?v=QdY2f-va_EI&list=RDQdY2f-va_EI&start_radio=1&pp=ygUQVGFxYmlyIFRmb3UgM2xpa6AHAQ%3D%3D
Taqbir,https://lastfm.freetls.fastly.net/i/u/300x300/b7edd3bb38e56283bd0e7895e0baac0e.png,Taqbir,2021-02-03,"A Tangier, Morocco punk rock band. https://taqbir.bandcamp.com/ Read more on Last.fm. User-contributed text is available under the Creative Commons By-SA License; additional terms may apply.",Al-Zuki Akbar,Unknown,https://www.youtube.com/watch?v=kM_D5vYwUUk&list=RDkM_D5vYwUUk&start_radio=1&pp=ygUUVGFxYmlyIEFsLVp1a2kgQWtiYXKgBwE%3D
Vibration of Life,https://lastfm.freetls.fastly.net/i/u/300x300/432ad3df2083f2eb18790204aaabc99b.jpg,Tasmin Archer,2025-06-20,"British singer and songwriter Tasmin Archer's silky, soulful voice complements her highly textured adult pop music. Her debut album, Great Expectations, and hit single ""Sleeping Satellite"" helped propel her toward massive media exposure in the U.K. and respectable success in the U.S. in 1992. More introspective albums like 1996's U.K.-charting Bloom and 2006's On found her developing a more mature and nuanced sound encompassing a broad range of styles but maintaining a strong personal identity. After a long hiatus, she resurfaced in 2025 with A Cauldron of Random Notes.
Born in Bradford, Yorkshire, Archer attended Bradford College and was working as a clerk/typist when she started performing in various local bands. She also helped out at Bradford's Flexible Response Studios. It was there that she met musicians John Hughes and John Beck, and they started collaborating together as the Archers, landing a publishing contract. Hughes would become a longtime collaborator of Archer's, and he co-produced her debut album while becoming a steady writing partner.
The Archers signed with EMI in 1990 and, in order avoid association with a popular BBC Radio 4 program of the same name, they released their debut single, ""Sleeping Satellite,"" under Tasmin's name in September 1992. The soulful, midtempo ballad went all the way to the top of the U.K. singles chart and cracked the Top 40 of the Billboard Hot 100. Her first album, Great Expectations, followed just a month later and went to number eight in the U.K. The album generated three more U.K. Top 40 hits (""In Your Care,"" ""Lords of the New Church,"" and ""Arienne""), and Archer took home the Brit Award for British Newcomer in 1993, beating out Take That, among others. In the meantime, Beck left the creative team to pursue other projects.
Released in 1994 as a four-song EP in the U.K., then as an expanded eight-song mini-album in the U.S. with live and acoustic additions, Archer's next release was a set of Elvis Costello covers. Titled Shipbuilding, it became a Top 40 hit in the U.K. Archer peaked at number 45 in 1996 with ""One More Good Night with the Boys,"" a song from her second full-length, the Mitchell Froom-produced Bloom. Written by Archer and Hughes, the album's band consisted of Pete (drums) and Bruce Thomas (bass) from the Attractions, Steve Donnelly and John Hughes on guitars, and Froom on keyboards. With a slightly more mature, sophisticated sound and introspective nature, Bloom peaked at 95 on the U.K. album chart. Creative differences with the label combined with a personnel shakeup led to Archer being dropped by EMI, and she then took a hiatus from the industry.
After returning to music and struggling with writer's block, Archer started working on a new album in earnest in 2002. She released the resulting On in September 2006 on her own label, Quiverdisc. The compilation The Best of Tasmin Archer appeared on EMI in 2009, and little was heard from Archer until the release of Sweet Little Truths: The EMI Recordings 1992-1996 in 2020. With the onset of the COVID-19 pandemic, she and Hughes had a chance to take stock of their music partnership and saw that they had a catalog of demos and unrecorded songs. They eventually entered the studio and recorded some of these for Archer's fourth album, September 2025's A Cauldron of Random Notes (Quiverdisc). ~ Marcy Donelson & Stephen Thomas Erlewine",Vibration of Life (Official Music Video),Unknown,https://www.youtube.com/watch?v=jMeBitcxPa0&list=RDjMeBitcxPa0&start_radio=1&pp=ygU0VGFzbWluIEFyY2hlciBWaWJyYXRpb24gb2YgTGlmZSBPZmZpY2lhbCBNdXNpYyBWaWRlb6AHAQ%3D%3D
Songs for a Nervous Planet,https://lastfm.freetls.fastly.net/i/u/300x300/c78e525fbeef938dfa8f9c6bc06d3f67.jpg,Tears for Fears,2024-10-25,"Tears for Fears is a hit-making duo that pairs big melodies with big subjects -- their very name is derived from Arthur Janov's primal scream therapy. Driven by catchy, infectious synth pop, their debut album, The Hurting, became a massive hit in their native England, setting the stage for international stardom with their second album, 1985's Songs from the Big Chair. On the strength of the singles ""Everybody Wants to Rule the World"" and ""Shout,"" the record established the duo as one of the second-generation MTV stars' leading acts. After their third album, The Seeds of Love, Curt Smith left and Roland Orzabal continued solo. They reunited for Everybody Loves a Happy Ending (2004) and permanently for The Tipping Point (2022) and Songs for a Nervous Planet (2024).
Orzabal and Smith met as children in Bath, England. Both boys came from broken homes, and Smith was leaning toward juvenile delinquency. Orzabal, however, turned toward books, eventually discovering Arthur Janov's primal scream therapy, a way of confronting childhood fears that John Lennon embraced after the Beatles disbanded. Orzabal turned Smith on to Janov, but before the duo explored this theory further, they formed the ska revival band Graduate in the late '70s. After releasing a handful of singles, including ""Elvis Should Play Ska,"" Graduate dissolved in the early '80s, and the duo went on to form Tears for Fears, a synth pop outfit directly inspired by Janov's writings.
Riding in on the tail-end of new wave and new romantic, Tears for Fears -- which featured musical contributions from former Graduate keyboardist Ian Stanley on early albums -- landed a record contract with Polygram in 1982. The following year, the band released its debut, The Hurting, which became a major hit in Britain, generating no less than three Top Five hit singles. Two years later, the group released Songs from the Big Chair, which demonstrated a more streamlined and soul-influenced sound. Songs from the Big Chair became a huge hit in America, rocketing to the top of the charts on the strength of the singles ""Everybody Wants to Rule the World"" and ""Shout,"" which both hit number one, and the number three ""Head Over Heels,"" which were all supported by clever, stylish videos that received heavy MTV airplay.
Instead of quickly following Songs from the Big Chair with a new record, Tears for Fears labored over their new record, eventually delivering the layered, Beatlesque The Seeds of Love in 1989. Featuring soulful vocals from Oleta Adams, who dominated the hit ""Woman in Chains,"" the album became a hit, reaching number eight, while the single, ""Sowing the Seeds of Love,"" reached number two in the U.S. Again, Tears for Fears spent several years working on the follow-up to Seeds of Love, during which time they released the collection Tears Roll Down: Greatest Hits 82-92. Smith and Orzabal began to quarrel heavily, and Smith left the group in 1992, making Tears for Fears' 1993 comeback Elemental essentially a solo record from Orzabal. On the strength of the adult contemporary hit ""Break It Down Again,"" Elemental became a modest hit, reaching gold status in the U.S., yet was hardly up to the group's previous levels. Smith, meanwhile, released a solo album in 1993, Soul on Board, which went ignored. Orzabal returned with another Tears for Fears album, Raoul and the Kings of Spain, in 1995, which failed to make much of an impact. In late 1996, they released a rarities collection. In 2004, Orzabal reunited with Smith for the colorful Everybody Loves a Happy Ending, their first collaboration in over a decade.
It wouldn't be until 2013 that newly recorded material would surface, although the duo had been active on the live circuit, with dates in the U.S., Australia, and New Zealand. A three-track EP, released especially for Record Store Day, appeared that year and featured covers of Arcade Fire's ""Ready to Start,"" Animal Collective's ""My Girls,"" and Hot Chip's ""Boy from School."" Used as a springboard for writing and recording new music, Tears for Fears inked a deal with Warner Records the following year and continued to work on their seventh album.
During this time, Orzabal spent time caring for his wife, who passed away in 2017; her death profoundly influenced his songwriting. After a few false starts, mainly due to additional songwriters being brought in, Smith and Orzabal sat down together to write in a manner inspired by the world around them, resulting in songs that poignantly dealt with everything from the climate crisis to political upheaval. They spent a summer touring and in 2021 entered the studio and completed The Tipping Point for Craft Records. It arrived in February 2022 as their first full-length studio recording of original material in 18 years, and marked their return to touring. Songs for a Nervous Planet, featuring four new studio tracks including the singles ""Astronaut"" and ""The Girl That I Call Home,"" and 18 live cuts recorded during the band's Tipping Point World Tour, appeared in 2024. ~ Stephen Thomas Erlewine",Astronaut,Unknown,https://www.youtube.com/watch?v=MyerIpcCoQw&pp=ygUZVGVhcnMgZm9yIEZlYXJzIEFzdHJvbmF1dA%3D%3D
Songs From the Big Chair,https://lastfm.freetls.fastly.net/i/u/300x300/f3668f68387d4336c3a797a66196f851.png,Tears for Fears,1985-02-17,"Tears for Fears is a hit-making duo that pairs big melodies with big subjects -- their very name is derived from Arthur Janov's primal scream therapy. Driven by catchy, infectious synth pop, their debut album, The Hurting, became a massive hit in their native England, setting the stage for international stardom with their second album, 1985's Songs from the Big Chair. On the strength of the singles ""Everybody Wants to Rule the World"" and ""Shout,"" the record established the duo as one of the second-generation MTV stars' leading acts. After their third album, The Seeds of Love, Curt Smith left and Roland Orzabal continued solo. They reunited for Everybody Loves a Happy Ending (2004) and permanently for The Tipping Point (2022) and Songs for a Nervous Planet (2024).
Orzabal and Smith met as children in Bath, England. Both boys came from broken homes, and Smith was leaning toward juvenile delinquency. Orzabal, however, turned toward books, eventually discovering Arthur Janov's primal scream therapy, a way of confronting childhood fears that John Lennon embraced after the Beatles disbanded. Orzabal turned Smith on to Janov, but before the duo explored this theory further, they formed the ska revival band Graduate in the late '70s. After releasing a handful of singles, including ""Elvis Should Play Ska,"" Graduate dissolved in the early '80s, and the duo went on to form Tears for Fears, a synth pop outfit directly inspired by Janov's writings.
Riding in on the tail-end of new wave and new romantic, Tears for Fears -- which featured musical contributions from former Graduate keyboardist Ian Stanley on early albums -- landed a record contract with Polygram in 1982. The following year, the band released its debut, The Hurting, which became a major hit in Britain, generating no less than three Top Five hit singles. Two years later, the group released Songs from the Big Chair, which demonstrated a more streamlined and soul-influenced sound. Songs from the Big Chair became a huge hit in America, rocketing to the top of the charts on the strength of the singles ""Everybody Wants to Rule the World"" and ""Shout,"" which both hit number one, and the number three ""Head Over Heels,"" which were all supported by clever, stylish videos that received heavy MTV airplay.
Instead of quickly following Songs from the Big Chair with a new record, Tears for Fears labored over their new record, eventually delivering the layered, Beatlesque The Seeds of Love in 1989. Featuring soulful vocals from Oleta Adams, who dominated the hit ""Woman in Chains,"" the album became a hit, reaching number eight, while the single, ""Sowing the Seeds of Love,"" reached number two in the U.S. Again, Tears for Fears spent several years working on the follow-up to Seeds of Love, during which time they released the collection Tears Roll Down: Greatest Hits 82-92. Smith and Orzabal began to quarrel heavily, and Smith left the group in 1992, making Tears for Fears' 1993 comeback Elemental essentially a solo record from Orzabal. On the strength of the adult contemporary hit ""Break It Down Again,"" Elemental became a modest hit, reaching gold status in the U.S., yet was hardly up to the group's previous levels. Smith, meanwhile, released a solo album in 1993, Soul on Board, which went ignored. Orzabal returned with another Tears for Fears album, Raoul and the Kings of Spain, in 1995, which failed to make much of an impact. In late 1996, they released a rarities collection. In 2004, Orzabal reunited with Smith for the colorful Everybody Loves a Happy Ending, their first collaboration in over a decade.
It wouldn't be until 2013 that newly recorded material would surface, although the duo had been active on the live circuit, with dates in the U.S., Australia, and New Zealand. A three-track EP, released especially for Record Store Day, appeared that year and featured covers of Arcade Fire's ""Ready to Start,"" Animal Collective's ""My Girls,"" and Hot Chip's ""Boy from School."" Used as a springboard for writing and recording new music, Tears for Fears inked a deal with Warner Records the following year and continued to work on their seventh album.
During this time, Orzabal spent time caring for his wife, who passed away in 2017; her death profoundly influenced his songwriting. After a few false starts, mainly due to additional songwriters being brought in, Smith and Orzabal sat down together to write in a manner inspired by the world around them, resulting in songs that poignantly dealt with everything from the climate crisis to political upheaval. They spent a summer touring and in 2021 entered the studio and completed The Tipping Point for Craft Records. It arrived in February 2022 as their first full-length studio recording of original material in 18 years, and marked their return to touring. Songs for a Nervous Planet, featuring four new studio tracks including the singles ""Astronaut"" and ""The Girl That I Call Home,"" and 18 live cuts recorded during the band's Tipping Point World Tour, appeared in 2024. ~ Stephen Thomas Erlewine",Mothers Talk (7″ single US remix),Unknown,https://www.youtube.com/watch?v=V3VyHB8gPxs&pp=ygUuVGVhcnMgZm9yIEZlYXJzIE1vdGhlcnMgVGFsayA3IHNpbmdsZSBVUyByZW1peA%3D%3D
The Tipping Point,https://lastfm.freetls.fastly.net/i/u/300x300/89ce6617a6d9d1a25361b116fd493b83.jpg,Tears for Fears,2022-02-25,"Tears for Fears is a hit-making duo that pairs big melodies with big subjects -- their very name is derived from Arthur Janov's primal scream therapy. Driven by catchy, infectious synth pop, their debut album, The Hurting, became a massive hit in their native England, setting the stage for international stardom with their second album, 1985's Songs from the Big Chair. On the strength of the singles ""Everybody Wants to Rule the World"" and ""Shout,"" the record established the duo as one of the second-generation MTV stars' leading acts. After their third album, The Seeds of Love, Curt Smith left and Roland Orzabal continued solo. They reunited for Everybody Loves a Happy Ending (2004) and permanently for The Tipping Point (2022) and Songs for a Nervous Planet (2024).
Orzabal and Smith met as children in Bath, England. Both boys came from broken homes, and Smith was leaning toward juvenile delinquency. Orzabal, however, turned toward books, eventually discovering Arthur Janov's primal scream therapy, a way of confronting childhood fears that John Lennon embraced after the Beatles disbanded. Orzabal turned Smith on to Janov, but before the duo explored this theory further, they formed the ska revival band Graduate in the late '70s. After releasing a handful of singles, including ""Elvis Should Play Ska,"" Graduate dissolved in the early '80s, and the duo went on to form Tears for Fears, a synth pop outfit directly inspired by Janov's writings.
Riding in on the tail-end of new wave and new romantic, Tears for Fears -- which featured musical contributions from former Graduate keyboardist Ian Stanley on early albums -- landed a record contract with Polygram in 1982. The following year, the band released its debut, The Hurting, which became a major hit in Britain, generating no less than three Top Five hit singles. Two years later, the group released Songs from the Big Chair, which demonstrated a more streamlined and soul-influenced sound. Songs from the Big Chair became a huge hit in America, rocketing to the top of the charts on the strength of the singles ""Everybody Wants to Rule the World"" and ""Shout,"" which both hit number one, and the number three ""Head Over Heels,"" which were all supported by clever, stylish videos that received heavy MTV airplay.
Instead of quickly following Songs from the Big Chair with a new record, Tears for Fears labored over their new record, eventually delivering the layered, Beatlesque The Seeds of Love in 1989. Featuring soulful vocals from Oleta Adams, who dominated the hit ""Woman in Chains,"" the album became a hit, reaching number eight, while the single, ""Sowing the Seeds of Love,"" reached number two in the U.S. Again, Tears for Fears spent several years working on the follow-up to Seeds of Love, during which time they released the collection Tears Roll Down: Greatest Hits 82-92. Smith and Orzabal began to quarrel heavily, and Smith left the group in 1992, making Tears for Fears' 1993 comeback Elemental essentially a solo record from Orzabal. On the strength of the adult contemporary hit ""Break It Down Again,"" Elemental became a modest hit, reaching gold status in the U.S., yet was hardly up to the group's previous levels. Smith, meanwhile, released a solo album in 1993, Soul on Board, which went ignored. Orzabal returned with another Tears for Fears album, Raoul and the Kings of Spain, in 1995, which failed to make much of an impact. In late 1996, they released a rarities collection. In 2004, Orzabal reunited with Smith for the colorful Everybody Loves a Happy Ending, their first collaboration in over a decade.
It wouldn't be until 2013 that newly recorded material would surface, although the duo had been active on the live circuit, with dates in the U.S., Australia, and New Zealand. A three-track EP, released especially for Record Store Day, appeared that year and featured covers of Arcade Fire's ""Ready to Start,"" Animal Collective's ""My Girls,"" and Hot Chip's ""Boy from School."" Used as a springboard for writing and recording new music, Tears for Fears inked a deal with Warner Records the following year and continued to work on their seventh album.
During this time, Orzabal spent time caring for his wife, who passed away in 2017; her death profoundly influenced his songwriting. After a few false starts, mainly due to additional songwriters being brought in, Smith and Orzabal sat down together to write in a manner inspired by the world around them, resulting in songs that poignantly dealt with everything from the climate crisis to political upheaval. They spent a summer touring and in 2021 entered the studio and completed The Tipping Point for Craft Records. It arrived in February 2022 as their first full-length studio recording of original material in 18 years, and marked their return to touring. Songs for a Nervous Planet, featuring four new studio tracks including the singles ""Astronaut"" and ""The Girl That I Call Home,"" and 18 live cuts recorded during the band's Tipping Point World Tour, appeared in 2024. ~ Stephen Thomas Erlewine",No Small Thing,Unknown,https://www.youtube.com/watch?v=iemvnxDjrBY&pp=ygUeVGVhcnMgZm9yIEZlYXJzIE5vIFNtYWxsIFRoaW5n
The Brotherhood of the Bomb (2023 Remaster),https://lastfm.freetls.fastly.net/i/u/300x300/ec25019dc6d22e4af9d078520d54d70f.jpg,Techno Animal,2001-09-25,"Frequent collaborators Kevin Martin and Justin Broadrick (who've worked together on such projects as God and Ice) make up Techno Animal, a beat-oriented ambient group who fuse elements of dub-style production with thick, slightly paranoid melodic themes and heavily treated electronic rhythms. Although both Martin and Broadrick have their fingers in a number of different ongoing projects (most notably God with the former and Godflesh and Final with the latter), Techno Animal represents their most clearly focused and successful outlet of electronics-based composition. The pair released a debut album, Ghosts, on Martin's Pathological label in 1994, followed by a double-CD on Virgin, Re-Entry, before signing with the Rising High subsidiary Blue Angel in 1996. Techno Animal Versus Reality followed in 1998. Closely associated with other post-industrial dub and dark ambient merchants such as Mick Harris (Napalm Death, Scorn) and Bill Laswell (Automaton, Silent Recoil), both Broadrick and Martin, like Harris and Laswell, have been involved in a wide array of different recording projects ranging from monochrome ambient to death metal, industrial, and experimental jazz. Broadrick also doubles as a club DJ, and Martin works as a music journalist and critic, penning the liner notes to the celebrated Macro Dub Infection compilation and contributing regularly to new music magazines such as The Wire and Alternative Press. In 1999, the duo recorded the split-LP Symbiotics with Porter Ricks. The following year, Techno Animal signed to Matador and released The Brotherhood of the Bomb in 2001. ~ Sean Cooper",Cruise Mode 101,Unknown,https://www.youtube.com/watch?v=7fcYrIAX4CE&list=RD7fcYrIAX4CE&start_radio=1&pp=ygUfVGVjaG5vIEFuaW1hbCAtIENydWlzZSBNb2RlIDEwMaAHAQ%3D%3D
The Brotherhood of the Bomb (2023 Remaster),https://lastfm.freetls.fastly.net/i/u/300x300/ec25019dc6d22e4af9d078520d54d70f.jpg,Techno Animal,2001-09-25,"Frequent collaborators Kevin Martin and Justin Broadrick (who've worked together on such projects as God and Ice) make up Techno Animal, a beat-oriented ambient group who fuse elements of dub-style production with thick, slightly paranoid melodic themes and heavily treated electronic rhythms. Although both Martin and Broadrick have their fingers in a number of different ongoing projects (most notably God with the former and Godflesh and Final with the latter), Techno Animal represents their most clearly focused and successful outlet of electronics-based composition. The pair released a debut album, Ghosts, on Martin's Pathological label in 1994, followed by a double-CD on Virgin, Re-Entry, before signing with the Rising High subsidiary Blue Angel in 1996. Techno Animal Versus Reality followed in 1998. Closely associated with other post-industrial dub and dark ambient merchants such as Mick Harris (Napalm Death, Scorn) and Bill Laswell (Automaton, Silent Recoil), both Broadrick and Martin, like Harris and Laswell, have been involved in a wide array of different recording projects ranging from monochrome ambient to death metal, industrial, and experimental jazz. Broadrick also doubles as a club DJ, and Martin works as a music journalist and critic, penning the liner notes to the celebrated Macro Dub Infection compilation and contributing regularly to new music magazines such as The Wire and Alternative Press. In 1999, the duo recorded the split-LP Symbiotics with Porter Ricks. The following year, Techno Animal signed to Matador and released The Brotherhood of the Bomb in 2001. ~ Sean Cooper",Glass Prism Enclosure,Unknown,https://www.youtube.com/watch?v=Q39CgGKEK5c&list=RDQ39CgGKEK5c&start_radio=1&pp=ygUjVGVjaG5vIEFuaW1hbCBHbGFzcyBQcmlzbSBFbmNsb3N1cmWgBwE%3D
The Brotherhood of the Bomb (2023 Remaster),https://lastfm.freetls.fastly.net/i/u/300x300/ec25019dc6d22e4af9d078520d54d70f.jpg,Techno Animal,2001-09-25,"Frequent collaborators Kevin Martin and Justin Broadrick (who've worked together on such projects as God and Ice) make up Techno Animal, a beat-oriented ambient group who fuse elements of dub-style production with thick, slightly paranoid melodic themes and heavily treated electronic rhythms. Although both Martin and Broadrick have their fingers in a number of different ongoing projects (most notably God with the former and Godflesh and Final with the latter), Techno Animal represents their most clearly focused and successful outlet of electronics-based composition. The pair released a debut album, Ghosts, on Martin's Pathological label in 1994, followed by a double-CD on Virgin, Re-Entry, before signing with the Rising High subsidiary Blue Angel in 1996. Techno Animal Versus Reality followed in 1998. Closely associated with other post-industrial dub and dark ambient merchants such as Mick Harris (Napalm Death, Scorn) and Bill Laswell (Automaton, Silent Recoil), both Broadrick and Martin, like Harris and Laswell, have been involved in a wide array of different recording projects ranging from monochrome ambient to death metal, industrial, and experimental jazz. Broadrick also doubles as a club DJ, and Martin works as a music journalist and critic, penning the liner notes to the celebrated Macro Dub Infection compilation and contributing regularly to new music magazines such as The Wire and Alternative Press. In 1999, the duo recorded the split-LP Symbiotics with Porter Ricks. The following year, Techno Animal signed to Matador and released The Brotherhood of the Bomb in 2001. ~ Sean Cooper",DC‐10,Unknown,https://www.youtube.com/watch?v=DO_xATmph0U&list=RDDO_xATmph0U&start_radio=1&pp=ygUTVGVjaG5vIEFuaW1hbCBEQy0xMKAHAQ%3D%3D
The Brotherhood of the Bomb (2023 Remaster),https://lastfm.freetls.fastly.net/i/u/300x300/ec25019dc6d22e4af9d078520d54d70f.jpg,Techno Animal,2001-09-25,"Frequent collaborators Kevin Martin and Justin Broadrick (who've worked together on such projects as God and Ice) make up Techno Animal, a beat-oriented ambient group who fuse elements of dub-style production with thick, slightly paranoid melodic themes and heavily treated electronic rhythms. Although both Martin and Broadrick have their fingers in a number of different ongoing projects (most notably God with the former and Godflesh and Final with the latter), Techno Animal represents their most clearly focused and successful outlet of electronics-based composition. The pair released a debut album, Ghosts, on Martin's Pathological label in 1994, followed by a double-CD on Virgin, Re-Entry, before signing with the Rising High subsidiary Blue Angel in 1996. Techno Animal Versus Reality followed in 1998. Closely associated with other post-industrial dub and dark ambient merchants such as Mick Harris (Napalm Death, Scorn) and Bill Laswell (Automaton, Silent Recoil), both Broadrick and Martin, like Harris and Laswell, have been involved in a wide array of different recording projects ranging from monochrome ambient to death metal, industrial, and experimental jazz. Broadrick also doubles as a club DJ, and Martin works as a music journalist and critic, penning the liner notes to the celebrated Macro Dub Infection compilation and contributing regularly to new music magazines such as The Wire and Alternative Press. In 1999, the duo recorded the split-LP Symbiotics with Porter Ricks. The following year, Techno Animal signed to Matador and released The Brotherhood of the Bomb in 2001. ~ Sean Cooper",Robosapien,Unknown,https://www.youtube.com/watch?v=fSCUk5fpCys&list=RDfSCUk5fpCys&start_radio=1&pp=ygUYVGVjaG5vIEFuaW1hbCBSb2Jvc2FwaWVuoAcB
The Brotherhood of the Bomb (2023 Remaster),https://lastfm.freetls.fastly.net/i/u/300x300/ec25019dc6d22e4af9d078520d54d70f.jpg,Techno Animal,2001-09-25,"Frequent collaborators Kevin Martin and Justin Broadrick (who've worked together on such projects as God and Ice) make up Techno Animal, a beat-oriented ambient group who fuse elements of dub-style production with thick, slightly paranoid melodic themes and heavily treated electronic rhythms. Although both Martin and Broadrick have their fingers in a number of different ongoing projects (most notably God with the former and Godflesh and Final with the latter), Techno Animal represents their most clearly focused and successful outlet of electronics-based composition. The pair released a debut album, Ghosts, on Martin's Pathological label in 1994, followed by a double-CD on Virgin, Re-Entry, before signing with the Rising High subsidiary Blue Angel in 1996. Techno Animal Versus Reality followed in 1998. Closely associated with other post-industrial dub and dark ambient merchants such as Mick Harris (Napalm Death, Scorn) and Bill Laswell (Automaton, Silent Recoil), both Broadrick and Martin, like Harris and Laswell, have been involved in a wide array of different recording projects ranging from monochrome ambient to death metal, industrial, and experimental jazz. Broadrick also doubles as a club DJ, and Martin works as a music journalist and critic, penning the liner notes to the celebrated Macro Dub Infection compilation and contributing regularly to new music magazines such as The Wire and Alternative Press. In 1999, the duo recorded the split-LP Symbiotics with Porter Ricks. The following year, Techno Animal signed to Matador and released The Brotherhood of the Bomb in 2001. ~ Sean Cooper",Freefall,Unknown,https://www.youtube.com/watch?v=E-ylBWM4mNM&list=RDE-ylBWM4mNM&start_radio=1&pp=ygUWVGVjaG5vIEFuaW1hbCBGcmVlZmFsbKAHAdIHCQnbCgGHKiGM7w%3D%3D
The Brotherhood of the Bomb (2023 Remaster),https://lastfm.freetls.fastly.net/i/u/300x300/ec25019dc6d22e4af9d078520d54d70f.jpg,Techno Animal,2001-09-25,"Frequent collaborators Kevin Martin and Justin Broadrick (who've worked together on such projects as God and Ice) make up Techno Animal, a beat-oriented ambient group who fuse elements of dub-style production with thick, slightly paranoid melodic themes and heavily treated electronic rhythms. Although both Martin and Broadrick have their fingers in a number of different ongoing projects (most notably God with the former and Godflesh and Final with the latter), Techno Animal represents their most clearly focused and successful outlet of electronics-based composition. The pair released a debut album, Ghosts, on Martin's Pathological label in 1994, followed by a double-CD on Virgin, Re-Entry, before signing with the Rising High subsidiary Blue Angel in 1996. Techno Animal Versus Reality followed in 1998. Closely associated with other post-industrial dub and dark ambient merchants such as Mick Harris (Napalm Death, Scorn) and Bill Laswell (Automaton, Silent Recoil), both Broadrick and Martin, like Harris and Laswell, have been involved in a wide array of different recording projects ranging from monochrome ambient to death metal, industrial, and experimental jazz. Broadrick also doubles as a club DJ, and Martin works as a music journalist and critic, penning the liner notes to the celebrated Macro Dub Infection compilation and contributing regularly to new music magazines such as The Wire and Alternative Press. In 1999, the duo recorded the split-LP Symbiotics with Porter Ricks. The following year, Techno Animal signed to Matador and released The Brotherhood of the Bomb in 2001. ~ Sean Cooper",Monoscopic,Unknown,https://www.youtube.com/watch?v=xkTJAJ8i9BQ&list=RDxkTJAJ8i9BQ&start_radio=1&pp=ygUYVGVjaG5vIEFuaW1hbCBNb25vc2NvcGljoAcB
The Brotherhood of the Bomb (2023 Remaster),https://lastfm.freetls.fastly.net/i/u/300x300/ec25019dc6d22e4af9d078520d54d70f.jpg,Techno Animal,2001-09-25,"Frequent collaborators Kevin Martin and Justin Broadrick (who've worked together on such projects as God and Ice) make up Techno Animal, a beat-oriented ambient group who fuse elements of dub-style production with thick, slightly paranoid melodic themes and heavily treated electronic rhythms. Although both Martin and Broadrick have their fingers in a number of different ongoing projects (most notably God with the former and Godflesh and Final with the latter), Techno Animal represents their most clearly focused and successful outlet of electronics-based composition. The pair released a debut album, Ghosts, on Martin's Pathological label in 1994, followed by a double-CD on Virgin, Re-Entry, before signing with the Rising High subsidiary Blue Angel in 1996. Techno Animal Versus Reality followed in 1998. Closely associated with other post-industrial dub and dark ambient merchants such as Mick Harris (Napalm Death, Scorn) and Bill Laswell (Automaton, Silent Recoil), both Broadrick and Martin, like Harris and Laswell, have been involved in a wide array of different recording projects ranging from monochrome ambient to death metal, industrial, and experimental jazz. Broadrick also doubles as a club DJ, and Martin works as a music journalist and critic, penning the liner notes to the celebrated Macro Dub Infection compilation and contributing regularly to new music magazines such as The Wire and Alternative Press. In 1999, the duo recorded the split-LP Symbiotics with Porter Ricks. The following year, Techno Animal signed to Matador and released The Brotherhood of the Bomb in 2001. ~ Sean Cooper",Piranha,Unknown,https://www.youtube.com/watch?v=haRzBWSgAzo&list=RDhaRzBWSgAzo&start_radio=1&pp=ygUVVGVjaG5vIEFuaW1hbCBQaXJhbmhhoAcB
The Brotherhood of the Bomb (2023 Remaster),https://lastfm.freetls.fastly.net/i/u/300x300/ec25019dc6d22e4af9d078520d54d70f.jpg,Techno Animal,2001-09-25,"Frequent collaborators Kevin Martin and Justin Broadrick (who've worked together on such projects as God and Ice) make up Techno Animal, a beat-oriented ambient group who fuse elements of dub-style production with thick, slightly paranoid melodic themes and heavily treated electronic rhythms. Although both Martin and Broadrick have their fingers in a number of different ongoing projects (most notably God with the former and Godflesh and Final with the latter), Techno Animal represents their most clearly focused and successful outlet of electronics-based composition. The pair released a debut album, Ghosts, on Martin's Pathological label in 1994, followed by a double-CD on Virgin, Re-Entry, before signing with the Rising High subsidiary Blue Angel in 1996. Techno Animal Versus Reality followed in 1998. Closely associated with other post-industrial dub and dark ambient merchants such as Mick Harris (Napalm Death, Scorn) and Bill Laswell (Automaton, Silent Recoil), both Broadrick and Martin, like Harris and Laswell, have been involved in a wide array of different recording projects ranging from monochrome ambient to death metal, industrial, and experimental jazz. Broadrick also doubles as a club DJ, and Martin works as a music journalist and critic, penning the liner notes to the celebrated Macro Dub Infection compilation and contributing regularly to new music magazines such as The Wire and Alternative Press. In 1999, the duo recorded the split-LP Symbiotics with Porter Ricks. The following year, Techno Animal signed to Matador and released The Brotherhood of the Bomb in 2001. ~ Sean Cooper",Sub Species,Unknown,https://www.youtube.com/watch?v=3wriVJnsSkc&list=RD3wriVJnsSkc&start_radio=1&pp=ygUZVGVjaG5vIEFuaW1hbCBTdWIgU3BlY2llc6AHAQ%3D%3D
The Brotherhood of the Bomb (2023 Remaster),https://lastfm.freetls.fastly.net/i/u/300x300/ec25019dc6d22e4af9d078520d54d70f.jpg,Techno Animal,2001-09-25,"Frequent collaborators Kevin Martin and Justin Broadrick (who've worked together on such projects as God and Ice) make up Techno Animal, a beat-oriented ambient group who fuse elements of dub-style production with thick, slightly paranoid melodic themes and heavily treated electronic rhythms. Although both Martin and Broadrick have their fingers in a number of different ongoing projects (most notably God with the former and Godflesh and Final with the latter), Techno Animal represents their most clearly focused and successful outlet of electronics-based composition. The pair released a debut album, Ghosts, on Martin's Pathological label in 1994, followed by a double-CD on Virgin, Re-Entry, before signing with the Rising High subsidiary Blue Angel in 1996. Techno Animal Versus Reality followed in 1998. Closely associated with other post-industrial dub and dark ambient merchants such as Mick Harris (Napalm Death, Scorn) and Bill Laswell (Automaton, Silent Recoil), both Broadrick and Martin, like Harris and Laswell, have been involved in a wide array of different recording projects ranging from monochrome ambient to death metal, industrial, and experimental jazz. Broadrick also doubles as a club DJ, and Martin works as a music journalist and critic, penning the liner notes to the celebrated Macro Dub Infection compilation and contributing regularly to new music magazines such as The Wire and Alternative Press. In 1999, the duo recorded the split-LP Symbiotics with Porter Ricks. The following year, Techno Animal signed to Matador and released The Brotherhood of the Bomb in 2001. ~ Sean Cooper",We Can Build You,Unknown,https://www.youtube.com/watch?v=ccZv_KkZkIk&list=RDccZv_KkZkIk&start_radio=1&pp=ygUeVGVjaG5vIEFuaW1hbCBXZSBDYW4gQnVpbGQgWW91oAcB
The Brotherhood of the Bomb (2023 Remaster),https://lastfm.freetls.fastly.net/i/u/300x300/ec25019dc6d22e4af9d078520d54d70f.jpg,Techno Animal,2001-09-25,"Frequent collaborators Kevin Martin and Justin Broadrick (who've worked together on such projects as God and Ice) make up Techno Animal, a beat-oriented ambient group who fuse elements of dub-style production with thick, slightly paranoid melodic themes and heavily treated electronic rhythms. Although both Martin and Broadrick have their fingers in a number of different ongoing projects (most notably God with the former and Godflesh and Final with the latter), Techno Animal represents their most clearly focused and successful outlet of electronics-based composition. The pair released a debut album, Ghosts, on Martin's Pathological label in 1994, followed by a double-CD on Virgin, Re-Entry, before signing with the Rising High subsidiary Blue Angel in 1996. Techno Animal Versus Reality followed in 1998. Closely associated with other post-industrial dub and dark ambient merchants such as Mick Harris (Napalm Death, Scorn) and Bill Laswell (Automaton, Silent Recoil), both Broadrick and Martin, like Harris and Laswell, have been involved in a wide array of different recording projects ranging from monochrome ambient to death metal, industrial, and experimental jazz. Broadrick also doubles as a club DJ, and Martin works as a music journalist and critic, penning the liner notes to the celebrated Macro Dub Infection compilation and contributing regularly to new music magazines such as The Wire and Alternative Press. In 1999, the duo recorded the split-LP Symbiotics with Porter Ricks. The following year, Techno Animal signed to Matador and released The Brotherhood of the Bomb in 2001. ~ Sean Cooper",Blood Money,Unknown,https://www.youtube.com/watch?v=5Fz8RcokTd4&list=RD5Fz8RcokTd4&start_radio=1&pp=ygUZVGVjaG5vIEFuaW1hbCBCbG9vZCBNb25leaAHAQ%3D%3D
The Brotherhood of the Bomb (2023 Remaster),https://lastfm.freetls.fastly.net/i/u/300x300/ec25019dc6d22e4af9d078520d54d70f.jpg,Techno Animal,2001-09-25,"Frequent collaborators Kevin Martin and Justin Broadrick (who've worked together on such projects as God and Ice) make up Techno Animal, a beat-oriented ambient group who fuse elements of dub-style production with thick, slightly paranoid melodic themes and heavily treated electronic rhythms. Although both Martin and Broadrick have their fingers in a number of different ongoing projects (most notably God with the former and Godflesh and Final with the latter), Techno Animal represents their most clearly focused and successful outlet of electronics-based composition. The pair released a debut album, Ghosts, on Martin's Pathological label in 1994, followed by a double-CD on Virgin, Re-Entry, before signing with the Rising High subsidiary Blue Angel in 1996. Techno Animal Versus Reality followed in 1998. Closely associated with other post-industrial dub and dark ambient merchants such as Mick Harris (Napalm Death, Scorn) and Bill Laswell (Automaton, Silent Recoil), both Broadrick and Martin, like Harris and Laswell, have been involved in a wide array of different recording projects ranging from monochrome ambient to death metal, industrial, and experimental jazz. Broadrick also doubles as a club DJ, and Martin works as a music journalist and critic, penning the liner notes to the celebrated Macro Dub Infection compilation and contributing regularly to new music magazines such as The Wire and Alternative Press. In 1999, the duo recorded the split-LP Symbiotics with Porter Ricks. The following year, Techno Animal signed to Matador and released The Brotherhood of the Bomb in 2001. ~ Sean Cooper",Hell,Unknown,https://www.youtube.com/watch?v=jsrU2iHPxF8&list=RDjsrU2iHPxF8&start_radio=1&pp=ygUSVGVjaG5vIEFuaW1hbCBIZWxsoAcB
February 2026 Double A Side,,Ted Leo and the Pharmacists,2026-02-06,"Since the early '90s, Ted Leo has been one of the most progressive forces in East Coast independent music, with a unique combination of punk and folk, soul and hardcore, and tradition and experimentation. Originally rising to a small degree of fame in the late-'80s New York hardcore scene by playing with Citizen's Arrest and Animal Crackers, Leo left New York for Washington, D.C., in 1990, when he founded and fronted Chisel, one of the first mod/punk revival outfits to gain national renown. Leo was the primary songwriter and singer of Chisel, recording two full-length records with the band which were released on Gern Blandsten in the mid-'90s and leading the band on countless short tours. The songwriting was as infectious and calculated as that of Brit rock legends the Kinks, yet the rhythms remained fueled by the anthemic energy reminiscent of bands like the Who and the Clash.
Chisel's eventual breakup in 1997 came after their critically acclaimed sophomore full-length, Set You Free. The band's reputation seemed to flourish after their breakup, however, and even though the retro trends in indie rock would eventually gain enough popularity to inspire the likes of mod underground sweethearts like the Mooney Suzuki and the Delta 72, the influence of Chisel goes largely unnoticed. Leo went on to a variety of musical endeavors, including two years of on-again, off-again touring as a guitarist with the Spinanes, and a short-lived project called the Sin Eaters that he founded with his brother, Danny Leo, on drums and former Van Pelt bassist Sean Greene. The Sin Eaters' progressive, politically charged, punk-fused rock and local all-star lineup took the New York underground by storm between 1997 and 1998, until Danny Leo left the band to work on his own material and eventually founded the Holy Childhood.
When the Sin Eaters disbanded without a recorded legacy in 1998, Ted Leo was left without a band and began his career as a solo artist. He remained active by wearing the hat of producer for the Secret Stars' debut record, Geneologies, and touring alone on the East Coast and through the Midwest. He eventually recorded a self-titled full-length on his homestead, Gern Blandsten Records, in 1999 with a new band, the Pharmacists, that included various friends and affiliates of the Secret Stars, including Jodi Buonanno. This record marked a notable change in Leo's sound, which, mostly due to his performance practices, was more and more rooted in songwriting legends like Billy Bragg and Alex Chilton. Ted Leo & the Pharmacists released a split with the One AM Radio later that year as a collaborative effort of both Gern Blansten and Garbage Czar.
In the spring of 2000, Leo's sophomore effort, Treble in Trouble, was released on New Jersey-based Ace Fu Records, displaying a more aggressive and romantic bent to Leo's writing. In the early summer of 2001, Leo released a polished studio effort, The Tyranny of Distance, on Lookout Records. A strong contender for record of the year, it was followed by the equally strong Hearts of Oak in 2003. Shake the Sheets. which appeared in 2004, would prove to be his last for then-troubled Lookout, as Leo signed with Chicago-based indie Touch and Go in February 2006. A tour followed in March, on which he was supported by the Duke Spirit and Les Aus. He continued touring throughout 2006, festivals such as Coachella and headlining dates alike, as new material was worked on as well. Ted Leo & the Pharmacists eventually returned in March 2007 with full-length number five, Living with the Living. In 2009 Leo signed with Matador, and the following year he released his first record with them, The Brutalist Bricks. ~ Nate Cavalieri",How Can I Tell You It's Not Fair,Unknown,https://www.youtube.com/watch?v=7mDbeVL_OtY&list=RD7mDbeVL_OtY&start_radio=1&pp=ygU7VGVkIExlbyBhbmQgdGhlIFBoYXJtYWNpc3RzIEhvdyBDYW4gSSBUZWxsIFlvdSBJdHMgTm90IEZhaXKgBwE%3D
Bandwagonesque,https://lastfm.freetls.fastly.net/i/u/300x300/325679f84d274c55a544409d44a9ae73.png,Teenage Fanclub,1991-10-01,"Initially lauded for the sonically dense, guitar-driven anthems that heralded them as unexpected stars of the alternative rock era, the perception of Scotland's Teenage Fanclub transformed over time, eventually earning the group a reputation as pop craftsmen famous for a distinctive brand of classicist '60s- and '70s-style power pop and folk-rock. Originally centered on the talents of three singer/songwriters -- Norman Blake, Gerard Love, and Raymond McGinley -- Teenage Fanclub emerged in the late '80s mixing sludgy guitar riffs and memorably hooky choruses that drew inspiration from iconic guitar rock bands like Big Star, Badfinger, and the Byrds. Signed to the storied indie label Creation Records in Britain, the band broke through with its 1991 Geffen major-label debut, Bandwagonesque, which hit number one on Billboard's Heatseekers chart, and spawned three Top 20 modern rock hits with ""Star Sign,"" ""What You Do to Me,"" and ""The Concept."" With follow-ups like 1995's Grand Prix and 1997's Songs from Northern Britain (the latter of which reached number three in the U.K.) they eschewed larger pop culture trends like grunge and Brit-pop in favor of further honing their sparkling, guitar-based sound, a choice that only worked to endear them to their loyal cult fan base. 2005's Man-Made found them recording in Chicago with Tortoise's John McEntire, while 2010's Shadows and 2016's Here marked the group's last with Love prior to his 2018 departure. Those latter albums, as well as 2021's Endless Arcade and 2023's Nothing Lasts Forever have showcased Teenage Fanclub's continued dedication to writing heartfelt songs imbued with timeless lyricism, nuanced maturity, and warm vocal harmonies.
Hailing from the Bellshill area of Glasgow, Teenage Fanclub first formed in 1989 after the breakup of singer/guitarists Blake and McGinley's previous band, the Boy Hairdressers. A musically similar outfit born out of the C-86 movement, the Boy Hairdressers issued the cult single ""Golden Shower"" on the Scottish indie label 53rd and 3rd before calling it quits. Blake then briefly joined the BMX Bandits before teaming with McGinley and singer/bassist Gerard Love to form Teenage Fanclub. Joining them was drummer Francis Macdonald, a fellow Boy Hairdresser and BMX Bandit, who played on half of the group's indie debut, A Catholic Education, before leaving to make way for drummer Brendan O'Hare. Released in 1990 on Creation Records in the U.K., and on the then-fledgling Matador label in the U.S., A Catholic Education primarily featured songs by Blake and McGinley, including several that had initially been intended for the Boy Hairdressers. Rife with murky guitar fuzz and a brash, D.I.Y. punk attitude, what stood out most on the album were memorably hooky anthems like fan favorite ""Everything Flows,"" which fit in nicely alongside bands like Jesus and Mary Chain and set the groundwork for the band's future sound.
Following the Don Fleming-produced God Knows It's True EP, Teenage Fanclub signed with Creation and began working on what would eventually become their official sophomore album, 1991's Bandwagonesque. However, around the same time, purportedly after a bit of drinking, the band took up Fleming's offer to record a quick, one-off album in a single night. The resulting The King was a famously ramshackle collection of songs, including improvised instrumentals and a cheeky rendition of Madonna's ""Like a Virgin."" Initially intended as a small, limited-edition pressing, The King wasn't well-received upon release; it was often misconstrued as a shady attempt to close out their deal with Matador, when in reality the project was a joyful creative excursion, and remains one of the band's more intriguing, if non-essential releases.
All of this however, would be quickly overshadowed by the group's official second album. Released in 1991 on Geffen Records in the U.S., Bandwagonesque was a brilliant evocation of the radiant '70s power pop of bands like Big Star and the Raspberries, infused with TFC's distinctive penchant for memorable pop choruses and distortion-laden guitar hooks. It also marked the first time the band embraced a fully democratized approach to songwriting duties, with each of the three frontline members contributing songs -- an approach that would become one of the group's hallmarks. As their breakthrough record, Bandwagonesque spent 13 weeks on Billboard's Heatseekers chart, eventually peaking at number one. It also spawned several Top 20 hits on Billboard's Modern Rock Tracks chart, including ""Star Sign,"" ""What You Do to Me,"" and ""The Concept,"" the latter of which they performed on Saturday Night Live. In the wake of the album's success, they joined Nirvana on tour, after which Kurt Cobain was famously quoted as saying they were the ""best band in the world."" By year's end, Bandwagonesque had landed at the top of Spin Magazine's Best-Of list, surpassing Nirvana's Nevermind, My Bloody Valentine's Loveless, and R.E.M.'s Out of Time.
A mere matter of weeks after coming off the road, the band returned to the studio in 1992 to begin work on their follow-up, 1993's Thirteen -- named for the number of tracks on the release, rather than for Big Star's song of the same name, as was commonly believed at the time. The lack of planning for the record's production made it a protracted and often labored process, exacerbated by a hard-fought disagreement with Geffen over the albums' cover art. Thirteen also revealed a darker, more bitter lyrical style, and found the band embracing a heavier guitar sound, drawing comparisons to Neil Young and Crazy Horse. While it failed to have the same impact in the U.S. as its predecessor, Thirteen nonetheless reached number 14 in Britain on the strength of such well-regarded songs as ""Hang On,"" ""Radio,"" and ""Norman 3."" Citing creative differences, O'Hare left the band after touring for the album, and briefly joined Mogwai before forming his own band, Telstar Ponies.
When TFC returned to the studio for 1995's Grand Prix, O'Hare was replaced by ex-Soup Dragon and former Boy Hairdresser Paul Quinn. Produced by David Bianco, Grand Prix benefitted from a longer songwriting process, and found the group embracing a less sludgy, more crisply attenuated pop/rock sound. The album is often cited as one of their best, and several tracks on Grand Prix would become some of the band's best-loved songs including ""About You,"" ""Sparky's Dream,"" ""Verisimilitude,"" and ""Neil Jung."" The album drew significant critical praise and peaked at number seven on the British albums charts, but Geffen nonetheless dropped the group from its roster the following year.
Moving to Sony, Teenage Fanclub once again conscripted producer David Bianco and began work recording at London's Air Studio. Titled after a cheeky reference to their Scottish roots, 1997's Songs from Northern Britain built upon the sparkling folk-rock classicism of Grand Prix, expanding the group's sound with a bevy of acoustic instruments, strings, and brass. Songs like ""I Don't' Want Control of You,"" ""Take the Long Way Round,"" ""Your Love Is the Place I Come From,"" and the British Top 20 single ""Ain’t That Enough"" felt more personal, reflecting upon themes of nature, romantic fidelity, and the passing of time. Still riding a wave of goodwill engendered by Grand Prix, Songs from Northern Britain also proved to be one the band's highest-charting albums, reaching number three in Britain.
In 2000, the Teenage Fanclub rounded out their U.K. tenure at Creation with Howdy! Self-produced at David Gilmour's Astoria studio and Rockfield Studios in Wales, Howdy! saw the band embracing an even more ambitious mix of orchestral arrangements and varied instrumentation. The record included a handful of songs that would become very well-regarded, like ""Dumb Dumb Dumb,"" ""My Uptight Life,"" and ""I Need Direction."" It was also the first album recorded with keyboardist Finlay MacDonald (no relation to Francis), and the last with drummer Quinn, who left the band toward the end of recording and went on to front his own project, the Primary 5. Quinn was replaced by original drummer Francis Macdonald. While critically well-received, the album suffered when Creation was restructured as part of an incorporation into Sony, delaying the record's release by over a year. It was ultimately issued on indie label Thirsty Ear in 2001.
The band stayed busy over the next few years, playing live and collaborating with spoken word artist Jad Fair on the album Words of Wisdom and Hope. They also assembled the retrospective anthology Four Thousand Seven Hundred and Sixty-Six Seconds: A Short Cut to Teenage Fanclub, which appeared in 2006. The compilation included three newly minted songs: McGinley's ""The World Will Be Okay,"" Love's ""Empty Space,"" and Blake's ""Did I Say.""
It took three more years for Teenage Fanclub to begin work on their next album, eventually traveling to Chicago to record with post-rock icon John McEntire at his Soma recording studio. Released on Merge Records (as well as on the band's own imprint PeMa), 2005's Man-Made marked a return to TFC's earlier format as a quartet. Characterized by discrete flourishes of keyboard, piano, and viola, the album featured the single ""Fallen Leaves."" The group then self-produced the sun-dappled Shadows in 2010, releasing it first via PeMa and later that year on Merge. It was the first release to feature instrumental contributions by regular touring keyboardist/guitarist David McGowan as a full-time member and included the latter-day fan favorite ""Baby Lee.""
Around 2010, Blake relocated to Toronto, Canada, and while TFC reunited for several live shows, it would be several years before they began work on another album. In 2016, they finally returned with their tenth studio album, Here. Produced by the band in France and at McGinley's home in Glasgow, Here showcased a more ruminative, folk-inflected sound. It also landed them back at number one on Billboard's Heatseekers chart for the second time, 25 years after achieving the same spot with Bandwagonesque.
Along with touring, the band was active off-stage, working at London's famed Abbey Road Studios on vinyl reissues of their five albums for Creation. Released in 2018, the remastered LPs also came with bonus 7"" albums featuring rare and some previously unreleased tracks. Also in 2018, Love amicably parted ways with the band after expressing his disinterest in flying to accommodate their tour schedule. Teenage Fanclub's 11th studio album and first without Love, Endless Arcade, arrived in March 2020. The album found the group reflecting on themes of aging and heartache, primarily influenced by the break-up of Blake's marriage. It debuted at number 11 on the U.K. Albums Chart. In September 2023, they returned with the equally lyrical and introspective full-length, Nothing Lasts Forever, which was heralded by the '60s-style psych-rock-influenced single ""Foreign Land."" ~ Matt Collar",The Concept,Unknown,https://www.youtube.com/watch?v=Er_JOsnwzcI&pp=ygUbVGVlbmFnZSBGYW5jbHViIFRoZSBDb25jZXB0
Bandwagonesque,https://lastfm.freetls.fastly.net/i/u/300x300/325679f84d274c55a544409d44a9ae73.png,Teenage Fanclub,1991-10-01,"Initially lauded for the sonically dense, guitar-driven anthems that heralded them as unexpected stars of the alternative rock era, the perception of Scotland's Teenage Fanclub transformed over time, eventually earning the group a reputation as pop craftsmen famous for a distinctive brand of classicist '60s- and '70s-style power pop and folk-rock. Originally centered on the talents of three singer/songwriters -- Norman Blake, Gerard Love, and Raymond McGinley -- Teenage Fanclub emerged in the late '80s mixing sludgy guitar riffs and memorably hooky choruses that drew inspiration from iconic guitar rock bands like Big Star, Badfinger, and the Byrds. Signed to the storied indie label Creation Records in Britain, the band broke through with its 1991 Geffen major-label debut, Bandwagonesque, which hit number one on Billboard's Heatseekers chart, and spawned three Top 20 modern rock hits with ""Star Sign,"" ""What You Do to Me,"" and ""The Concept."" With follow-ups like 1995's Grand Prix and 1997's Songs from Northern Britain (the latter of which reached number three in the U.K.) they eschewed larger pop culture trends like grunge and Brit-pop in favor of further honing their sparkling, guitar-based sound, a choice that only worked to endear them to their loyal cult fan base. 2005's Man-Made found them recording in Chicago with Tortoise's John McEntire, while 2010's Shadows and 2016's Here marked the group's last with Love prior to his 2018 departure. Those latter albums, as well as 2021's Endless Arcade and 2023's Nothing Lasts Forever have showcased Teenage Fanclub's continued dedication to writing heartfelt songs imbued with timeless lyricism, nuanced maturity, and warm vocal harmonies.
Hailing from the Bellshill area of Glasgow, Teenage Fanclub first formed in 1989 after the breakup of singer/guitarists Blake and McGinley's previous band, the Boy Hairdressers. A musically similar outfit born out of the C-86 movement, the Boy Hairdressers issued the cult single ""Golden Shower"" on the Scottish indie label 53rd and 3rd before calling it quits. Blake then briefly joined the BMX Bandits before teaming with McGinley and singer/bassist Gerard Love to form Teenage Fanclub. Joining them was drummer Francis Macdonald, a fellow Boy Hairdresser and BMX Bandit, who played on half of the group's indie debut, A Catholic Education, before leaving to make way for drummer Brendan O'Hare. Released in 1990 on Creation Records in the U.K., and on the then-fledgling Matador label in the U.S., A Catholic Education primarily featured songs by Blake and McGinley, including several that had initially been intended for the Boy Hairdressers. Rife with murky guitar fuzz and a brash, D.I.Y. punk attitude, what stood out most on the album were memorably hooky anthems like fan favorite ""Everything Flows,"" which fit in nicely alongside bands like Jesus and Mary Chain and set the groundwork for the band's future sound.
Following the Don Fleming-produced God Knows It's True EP, Teenage Fanclub signed with Creation and began working on what would eventually become their official sophomore album, 1991's Bandwagonesque. However, around the same time, purportedly after a bit of drinking, the band took up Fleming's offer to record a quick, one-off album in a single night. The resulting The King was a famously ramshackle collection of songs, including improvised instrumentals and a cheeky rendition of Madonna's ""Like a Virgin."" Initially intended as a small, limited-edition pressing, The King wasn't well-received upon release; it was often misconstrued as a shady attempt to close out their deal with Matador, when in reality the project was a joyful creative excursion, and remains one of the band's more intriguing, if non-essential releases.
All of this however, would be quickly overshadowed by the group's official second album. Released in 1991 on Geffen Records in the U.S., Bandwagonesque was a brilliant evocation of the radiant '70s power pop of bands like Big Star and the Raspberries, infused with TFC's distinctive penchant for memorable pop choruses and distortion-laden guitar hooks. It also marked the first time the band embraced a fully democratized approach to songwriting duties, with each of the three frontline members contributing songs -- an approach that would become one of the group's hallmarks. As their breakthrough record, Bandwagonesque spent 13 weeks on Billboard's Heatseekers chart, eventually peaking at number one. It also spawned several Top 20 hits on Billboard's Modern Rock Tracks chart, including ""Star Sign,"" ""What You Do to Me,"" and ""The Concept,"" the latter of which they performed on Saturday Night Live. In the wake of the album's success, they joined Nirvana on tour, after which Kurt Cobain was famously quoted as saying they were the ""best band in the world."" By year's end, Bandwagonesque had landed at the top of Spin Magazine's Best-Of list, surpassing Nirvana's Nevermind, My Bloody Valentine's Loveless, and R.E.M.'s Out of Time.
A mere matter of weeks after coming off the road, the band returned to the studio in 1992 to begin work on their follow-up, 1993's Thirteen -- named for the number of tracks on the release, rather than for Big Star's song of the same name, as was commonly believed at the time. The lack of planning for the record's production made it a protracted and often labored process, exacerbated by a hard-fought disagreement with Geffen over the albums' cover art. Thirteen also revealed a darker, more bitter lyrical style, and found the band embracing a heavier guitar sound, drawing comparisons to Neil Young and Crazy Horse. While it failed to have the same impact in the U.S. as its predecessor, Thirteen nonetheless reached number 14 in Britain on the strength of such well-regarded songs as ""Hang On,"" ""Radio,"" and ""Norman 3."" Citing creative differences, O'Hare left the band after touring for the album, and briefly joined Mogwai before forming his own band, Telstar Ponies.
When TFC returned to the studio for 1995's Grand Prix, O'Hare was replaced by ex-Soup Dragon and former Boy Hairdresser Paul Quinn. Produced by David Bianco, Grand Prix benefitted from a longer songwriting process, and found the group embracing a less sludgy, more crisply attenuated pop/rock sound. The album is often cited as one of their best, and several tracks on Grand Prix would become some of the band's best-loved songs including ""About You,"" ""Sparky's Dream,"" ""Verisimilitude,"" and ""Neil Jung."" The album drew significant critical praise and peaked at number seven on the British albums charts, but Geffen nonetheless dropped the group from its roster the following year.
Moving to Sony, Teenage Fanclub once again conscripted producer David Bianco and began work recording at London's Air Studio. Titled after a cheeky reference to their Scottish roots, 1997's Songs from Northern Britain built upon the sparkling folk-rock classicism of Grand Prix, expanding the group's sound with a bevy of acoustic instruments, strings, and brass. Songs like ""I Don't' Want Control of You,"" ""Take the Long Way Round,"" ""Your Love Is the Place I Come From,"" and the British Top 20 single ""Ain’t That Enough"" felt more personal, reflecting upon themes of nature, romantic fidelity, and the passing of time. Still riding a wave of goodwill engendered by Grand Prix, Songs from Northern Britain also proved to be one the band's highest-charting albums, reaching number three in Britain.
In 2000, the Teenage Fanclub rounded out their U.K. tenure at Creation with Howdy! Self-produced at David Gilmour's Astoria studio and Rockfield Studios in Wales, Howdy! saw the band embracing an even more ambitious mix of orchestral arrangements and varied instrumentation. The record included a handful of songs that would become very well-regarded, like ""Dumb Dumb Dumb,"" ""My Uptight Life,"" and ""I Need Direction."" It was also the first album recorded with keyboardist Finlay MacDonald (no relation to Francis), and the last with drummer Quinn, who left the band toward the end of recording and went on to front his own project, the Primary 5. Quinn was replaced by original drummer Francis Macdonald. While critically well-received, the album suffered when Creation was restructured as part of an incorporation into Sony, delaying the record's release by over a year. It was ultimately issued on indie label Thirsty Ear in 2001.
The band stayed busy over the next few years, playing live and collaborating with spoken word artist Jad Fair on the album Words of Wisdom and Hope. They also assembled the retrospective anthology Four Thousand Seven Hundred and Sixty-Six Seconds: A Short Cut to Teenage Fanclub, which appeared in 2006. The compilation included three newly minted songs: McGinley's ""The World Will Be Okay,"" Love's ""Empty Space,"" and Blake's ""Did I Say.""
It took three more years for Teenage Fanclub to begin work on their next album, eventually traveling to Chicago to record with post-rock icon John McEntire at his Soma recording studio. Released on Merge Records (as well as on the band's own imprint PeMa), 2005's Man-Made marked a return to TFC's earlier format as a quartet. Characterized by discrete flourishes of keyboard, piano, and viola, the album featured the single ""Fallen Leaves."" The group then self-produced the sun-dappled Shadows in 2010, releasing it first via PeMa and later that year on Merge. It was the first release to feature instrumental contributions by regular touring keyboardist/guitarist David McGowan as a full-time member and included the latter-day fan favorite ""Baby Lee.""
Around 2010, Blake relocated to Toronto, Canada, and while TFC reunited for several live shows, it would be several years before they began work on another album. In 2016, they finally returned with their tenth studio album, Here. Produced by the band in France and at McGinley's home in Glasgow, Here showcased a more ruminative, folk-inflected sound. It also landed them back at number one on Billboard's Heatseekers chart for the second time, 25 years after achieving the same spot with Bandwagonesque.
Along with touring, the band was active off-stage, working at London's famed Abbey Road Studios on vinyl reissues of their five albums for Creation. Released in 2018, the remastered LPs also came with bonus 7"" albums featuring rare and some previously unreleased tracks. Also in 2018, Love amicably parted ways with the band after expressing his disinterest in flying to accommodate their tour schedule. Teenage Fanclub's 11th studio album and first without Love, Endless Arcade, arrived in March 2020. The album found the group reflecting on themes of aging and heartache, primarily influenced by the break-up of Blake's marriage. It debuted at number 11 on the U.K. Albums Chart. In September 2023, they returned with the equally lyrical and introspective full-length, Nothing Lasts Forever, which was heralded by the '60s-style psych-rock-influenced single ""Foreign Land."" ~ Matt Collar",Is This Music?,Unknown,https://www.youtube.com/watch?v=3gaxHqjX79w&pp=ygUdVGVlbmFnZSBGYW5jbHViIElzIFRoaXMgTXVzaWM%3D
1,https://lastfm.freetls.fastly.net/i/u/300x300/0daa963ec7d0babbb230b9f5c729f7b6.jpg,Teksti‐TV 666,2014-08-01,,Piritorilta taivaaseen,Unknown,https://www.youtube.com/watch?v=2dGjyODDVI8&pp=ygUkVGVrc3RpLVRWIDY2NiBQaXJpdG9yaWx0YSB0YWl2YWFzZWVu
1,https://lastfm.freetls.fastly.net/i/u/300x300/0daa963ec7d0babbb230b9f5c729f7b6.jpg,Teksti‐TV 666,2014-08-01,,Lisää spiidii,Unknown,https://www.youtube.com/watch?v=WRPBNzm0Fns&pp=ygUdVGVrc3RpLVRWIDY2NiBMaXPDpMOkIHNwaWlkaWk%3D
2,https://lastfm.freetls.fastly.net/i/u/300x300/c0f72d7284c23ada837cd043de6f54f3.jpg,Teksti‐TV 666,2015-04-10,,Tuhatvuotinen harharetki,Unknown,https://www.youtube.com/watch?v=OXesXgSWUuM&pp=ygUmVGVrc3RpLVRWIDY2NiBUdWhhdHZ1b3RpbmVuIGhhcmhhcmV0a2k%3D
2,https://lastfm.freetls.fastly.net/i/u/300x300/c0f72d7284c23ada837cd043de6f54f3.jpg,Teksti‐TV 666,2015-04-10,,Hautakivi,Unknown,https://www.youtube.com/watch?v=BYgMFmr1OQo&pp=ygUXVGVrc3RpLVRWIDY2NiBIYXV0YWtpdmk%3D
2,https://lastfm.freetls.fastly.net/i/u/300x300/c0f72d7284c23ada837cd043de6f54f3.jpg,Teksti‐TV 666,2015-04-10,,Kaheksan päivää viikossa,Unknown,https://www.youtube.com/watch?v=6AFjyD1lYj8&pp=ygUpVGVrc3RpLVRWIDY2NiBLYWhla3NhbiBww6RpdsOkw6Qgdmlpa29zc2HSBwkJfgkBhyohjO8%3D
3,https://lastfm.freetls.fastly.net/i/u/300x300/5e96485fc0059ce5c6bd39b01f149d52.jpg,Teksti‐TV 666,2016-03-28,,Neljä seinää ja puolikas sielu,Unknown,https://www.youtube.com/watch?v=10blQFPWMRU&pp=ygUvVGVrc3RpLVRWIDY2NiBOZWxqw6Qgc2VpbsOkw6QgamEgcHVvbGlrYXMgc2llbHU%3D
3,https://lastfm.freetls.fastly.net/i/u/300x300/5e96485fc0059ce5c6bd39b01f149d52.jpg,Teksti‐TV 666,2016-03-28,,Metsärosvo,Unknown,https://www.youtube.com/watch?v=mBvjzY9pjSI&pp=ygUdVGVrc3Rp4oCQVFYgNjY2IC0gTWV0c8Okcm9zdm8%3D
3,https://lastfm.freetls.fastly.net/i/u/300x300/5e96485fc0059ce5c6bd39b01f149d52.jpg,Teksti‐TV 666,2016-03-28,,Kuustoista vuotta sitten,Unknown,https://www.youtube.com/watch?v=7p5Uh2BNi9Y&pp=ygUqVGVrc3Rp4oCQVFYgNjY2IC0gS3V1c3RvaXN0YSB2dW90dGEgc2l0dGVu
Kuukauden myyjä,,Teksti‐TV 666,2023-01-20,,Kuukauden myyjä,Unknown,https://www.youtube.com/watch?v=LGp56DbmuSM&pp=ygUeVGVrc3RpLVRWIDY2NiBLdXVrYXVkZW4gbXl5asOk
Silmät kiinni ja kädet ristiin,,Teksti‐TV 666,2016-01-27,,Silmät kiinni ja kädet ristiin,Unknown,https://www.youtube.com/watch?v=ZatMJpnkwxU&pp=ygUuVGVrc3RpLVRWIDY2NiBTaWxtw6R0IGtpaW5uaSBqYSBrw6RkZXQgcmlzdGlpbg%3D%3D
Sun Structures,https://lastfm.freetls.fastly.net/i/u/300x300/6f90adafb14a4e9dce4ecf62465742fe.jpg,Temples,2014-02-07,"British neo-psychedelic band Temples combine a trippily retro approach with classic pop craftsmanship, though they aren't afraid to stretch the fuzzy boundaries of their chosen sound. The group debuted a core style of chiming guitars, tight harmonies, and an easygoing T. Rex-inspired boogie on 2014's Sun Structures, an album that gained the band a following that expanded beyond neo-psych circles. Nonetheless, Temples found themselves at the forefront of a miniature psychedelic revival, along with fellow travelers King Gizzard and Tame Impala. Their guiding principles stayed firmly intact, even when exploring synth-heavy territory as they do on 2017's Volcano, or giving their sound a sonic glow up courtesy of a Dave Fridmann mix on 20223's Exotico.
Formed in Kettering, a medium-sized city outside of London, Temples initially centered around the talents of songwriting duo vocalist/guitarist James Bagshaw and vocalist/bassist Thomas Warmsley. After adding drummer Sam Toms and guitarist/keyboard player Adam Smith to the group, they released their debut single, ""Shelter Song,"" on Heavenly in 2012. Following a busy 2013 spent playing shows, recording an album, and releasing two singles (""Colours to Life"" and ""Keep in the Dark""), the band's first long-player, the Bagshaw-produced Sun Structures, was released in early 2014. A steady stream of tour dates around the world, and an unlikely appearance on The Ellen DeGeneres Show, kept Temples busy the rest of the year. Near the year's end, Heavenly released Sun Restructured, a super-trippy reimagining of the Sun Structures album done by the remix team of Richard Norris and Erol Alkan, aka Beyond the Wizard's Sleeve.
Temples spent the next two years writing songs and recording in Bagshaw's living room while also keeping up a steady slate of concert appearances. ""Certainty,"" the first song from their second album, debuted in late 2015 and featured the addition of synthesizers to their retro-psych sound. Produced by Bagshaw, with Smith contributing to the songwriting, the slightly more forward-sounding Volcano was issued by Fat Possum in March 2017. Temples hit the road to play a full slate of dates, and in early 2018 found themselves looking for a drummer when Toms left the group. They added PAUW's Rens Ottink to the live band for late 2018 shows. Along the way, the group also left Heavenly Records to sign with ATO. Their first album for the label, 2019's Hot Motion, was recorded in an outbuilding near Bagshaw's country home and had a synthesizer-free, guitar-heavy sound that was more in line with their debut. Their subsequent tour to support the album was cut short in 2020 by the COVID-19 pandemic; instead, the band turned to writing material for their next album. Before they got too far, their label asked them for a new song and the band dug up a track considered for Hot Motion that was ultimately rejected. They recorded ""Paraphernalia"" in their home studio with remote help from a fellow musician who was a big fan of the group, Sean Ono Lennon. The disco-inspired song was mixed by famed indie rock producer Dave Fridmann and released as a stand-alone single in late 2020. When COVID restrictions loosened up, the band -- who now counted Ottink as an official member -- headed to upstate New York to work with Lennon in his studio. The resulting album, 2023's Exotico, is their most gently experimental album yet, the usual psychedelic sound bolstered by full arrangements of chiming guitars and space-y keyboards, gentle melodies, synthesized basslines, the occasional detour into soft rock, and Fridmann's delicately layered mix. Soon after the album's release in April, the band embarked on a North American tour. ~ Matt Collar & Tim Sendra",Shelter Song,Unknown,https://www.youtube.com/watch?v=vs4i41cOv0s&list=RDvs4i41cOv0s&start_radio=1&pp=ygUWVGVtcGxlcyAtIFNoZWx0ZXIgU29uZ6AHAQ%3D%3D
Sun Structures,https://lastfm.freetls.fastly.net/i/u/300x300/6f90adafb14a4e9dce4ecf62465742fe.jpg,Temples,2014-02-07,"British neo-psychedelic band Temples combine a trippily retro approach with classic pop craftsmanship, though they aren't afraid to stretch the fuzzy boundaries of their chosen sound. The group debuted a core style of chiming guitars, tight harmonies, and an easygoing T. Rex-inspired boogie on 2014's Sun Structures, an album that gained the band a following that expanded beyond neo-psych circles. Nonetheless, Temples found themselves at the forefront of a miniature psychedelic revival, along with fellow travelers King Gizzard and Tame Impala. Their guiding principles stayed firmly intact, even when exploring synth-heavy territory as they do on 2017's Volcano, or giving their sound a sonic glow up courtesy of a Dave Fridmann mix on 20223's Exotico.
Formed in Kettering, a medium-sized city outside of London, Temples initially centered around the talents of songwriting duo vocalist/guitarist James Bagshaw and vocalist/bassist Thomas Warmsley. After adding drummer Sam Toms and guitarist/keyboard player Adam Smith to the group, they released their debut single, ""Shelter Song,"" on Heavenly in 2012. Following a busy 2013 spent playing shows, recording an album, and releasing two singles (""Colours to Life"" and ""Keep in the Dark""), the band's first long-player, the Bagshaw-produced Sun Structures, was released in early 2014. A steady stream of tour dates around the world, and an unlikely appearance on The Ellen DeGeneres Show, kept Temples busy the rest of the year. Near the year's end, Heavenly released Sun Restructured, a super-trippy reimagining of the Sun Structures album done by the remix team of Richard Norris and Erol Alkan, aka Beyond the Wizard's Sleeve.
Temples spent the next two years writing songs and recording in Bagshaw's living room while also keeping up a steady slate of concert appearances. ""Certainty,"" the first song from their second album, debuted in late 2015 and featured the addition of synthesizers to their retro-psych sound. Produced by Bagshaw, with Smith contributing to the songwriting, the slightly more forward-sounding Volcano was issued by Fat Possum in March 2017. Temples hit the road to play a full slate of dates, and in early 2018 found themselves looking for a drummer when Toms left the group. They added PAUW's Rens Ottink to the live band for late 2018 shows. Along the way, the group also left Heavenly Records to sign with ATO. Their first album for the label, 2019's Hot Motion, was recorded in an outbuilding near Bagshaw's country home and had a synthesizer-free, guitar-heavy sound that was more in line with their debut. Their subsequent tour to support the album was cut short in 2020 by the COVID-19 pandemic; instead, the band turned to writing material for their next album. Before they got too far, their label asked them for a new song and the band dug up a track considered for Hot Motion that was ultimately rejected. They recorded ""Paraphernalia"" in their home studio with remote help from a fellow musician who was a big fan of the group, Sean Ono Lennon. The disco-inspired song was mixed by famed indie rock producer Dave Fridmann and released as a stand-alone single in late 2020. When COVID restrictions loosened up, the band -- who now counted Ottink as an official member -- headed to upstate New York to work with Lennon in his studio. The resulting album, 2023's Exotico, is their most gently experimental album yet, the usual psychedelic sound bolstered by full arrangements of chiming guitars and space-y keyboards, gentle melodies, synthesized basslines, the occasional detour into soft rock, and Fridmann's delicately layered mix. Soon after the album's release in April, the band embarked on a North American tour. ~ Matt Collar & Tim Sendra",Sun Structures,Unknown,https://www.youtube.com/watch?v=8e_YpAcU914&list=RD8e_YpAcU914&start_radio=1&pp=ygUYVGVtcGxlcyAtIFN1biBTdHJ1Y3R1cmVzoAcB
Sun Structures,https://lastfm.freetls.fastly.net/i/u/300x300/6f90adafb14a4e9dce4ecf62465742fe.jpg,Temples,2014-02-07,"British neo-psychedelic band Temples combine a trippily retro approach with classic pop craftsmanship, though they aren't afraid to stretch the fuzzy boundaries of their chosen sound. The group debuted a core style of chiming guitars, tight harmonies, and an easygoing T. Rex-inspired boogie on 2014's Sun Structures, an album that gained the band a following that expanded beyond neo-psych circles. Nonetheless, Temples found themselves at the forefront of a miniature psychedelic revival, along with fellow travelers King Gizzard and Tame Impala. Their guiding principles stayed firmly intact, even when exploring synth-heavy territory as they do on 2017's Volcano, or giving their sound a sonic glow up courtesy of a Dave Fridmann mix on 20223's Exotico.
Formed in Kettering, a medium-sized city outside of London, Temples initially centered around the talents of songwriting duo vocalist/guitarist James Bagshaw and vocalist/bassist Thomas Warmsley. After adding drummer Sam Toms and guitarist/keyboard player Adam Smith to the group, they released their debut single, ""Shelter Song,"" on Heavenly in 2012. Following a busy 2013 spent playing shows, recording an album, and releasing two singles (""Colours to Life"" and ""Keep in the Dark""), the band's first long-player, the Bagshaw-produced Sun Structures, was released in early 2014. A steady stream of tour dates around the world, and an unlikely appearance on The Ellen DeGeneres Show, kept Temples busy the rest of the year. Near the year's end, Heavenly released Sun Restructured, a super-trippy reimagining of the Sun Structures album done by the remix team of Richard Norris and Erol Alkan, aka Beyond the Wizard's Sleeve.
Temples spent the next two years writing songs and recording in Bagshaw's living room while also keeping up a steady slate of concert appearances. ""Certainty,"" the first song from their second album, debuted in late 2015 and featured the addition of synthesizers to their retro-psych sound. Produced by Bagshaw, with Smith contributing to the songwriting, the slightly more forward-sounding Volcano was issued by Fat Possum in March 2017. Temples hit the road to play a full slate of dates, and in early 2018 found themselves looking for a drummer when Toms left the group. They added PAUW's Rens Ottink to the live band for late 2018 shows. Along the way, the group also left Heavenly Records to sign with ATO. Their first album for the label, 2019's Hot Motion, was recorded in an outbuilding near Bagshaw's country home and had a synthesizer-free, guitar-heavy sound that was more in line with their debut. Their subsequent tour to support the album was cut short in 2020 by the COVID-19 pandemic; instead, the band turned to writing material for their next album. Before they got too far, their label asked them for a new song and the band dug up a track considered for Hot Motion that was ultimately rejected. They recorded ""Paraphernalia"" in their home studio with remote help from a fellow musician who was a big fan of the group, Sean Ono Lennon. The disco-inspired song was mixed by famed indie rock producer Dave Fridmann and released as a stand-alone single in late 2020. When COVID restrictions loosened up, the band -- who now counted Ottink as an official member -- headed to upstate New York to work with Lennon in his studio. The resulting album, 2023's Exotico, is their most gently experimental album yet, the usual psychedelic sound bolstered by full arrangements of chiming guitars and space-y keyboards, gentle melodies, synthesized basslines, the occasional detour into soft rock, and Fridmann's delicately layered mix. Soon after the album's release in April, the band embarked on a North American tour. ~ Matt Collar & Tim Sendra",Keep in the Dark,Unknown,https://www.youtube.com/watch?v=99U9-zRHXf0&list=RD99U9-zRHXf0&start_radio=1&pp=ygUaVGVtcGxlcyAtIEtlZXAgaW4gdGhlIERhcmugBwE%3D
Sun Structures,https://lastfm.freetls.fastly.net/i/u/300x300/6f90adafb14a4e9dce4ecf62465742fe.jpg,Temples,2014-02-07,"British neo-psychedelic band Temples combine a trippily retro approach with classic pop craftsmanship, though they aren't afraid to stretch the fuzzy boundaries of their chosen sound. The group debuted a core style of chiming guitars, tight harmonies, and an easygoing T. Rex-inspired boogie on 2014's Sun Structures, an album that gained the band a following that expanded beyond neo-psych circles. Nonetheless, Temples found themselves at the forefront of a miniature psychedelic revival, along with fellow travelers King Gizzard and Tame Impala. Their guiding principles stayed firmly intact, even when exploring synth-heavy territory as they do on 2017's Volcano, or giving their sound a sonic glow up courtesy of a Dave Fridmann mix on 20223's Exotico.
Formed in Kettering, a medium-sized city outside of London, Temples initially centered around the talents of songwriting duo vocalist/guitarist James Bagshaw and vocalist/bassist Thomas Warmsley. After adding drummer Sam Toms and guitarist/keyboard player Adam Smith to the group, they released their debut single, ""Shelter Song,"" on Heavenly in 2012. Following a busy 2013 spent playing shows, recording an album, and releasing two singles (""Colours to Life"" and ""Keep in the Dark""), the band's first long-player, the Bagshaw-produced Sun Structures, was released in early 2014. A steady stream of tour dates around the world, and an unlikely appearance on The Ellen DeGeneres Show, kept Temples busy the rest of the year. Near the year's end, Heavenly released Sun Restructured, a super-trippy reimagining of the Sun Structures album done by the remix team of Richard Norris and Erol Alkan, aka Beyond the Wizard's Sleeve.
Temples spent the next two years writing songs and recording in Bagshaw's living room while also keeping up a steady slate of concert appearances. ""Certainty,"" the first song from their second album, debuted in late 2015 and featured the addition of synthesizers to their retro-psych sound. Produced by Bagshaw, with Smith contributing to the songwriting, the slightly more forward-sounding Volcano was issued by Fat Possum in March 2017. Temples hit the road to play a full slate of dates, and in early 2018 found themselves looking for a drummer when Toms left the group. They added PAUW's Rens Ottink to the live band for late 2018 shows. Along the way, the group also left Heavenly Records to sign with ATO. Their first album for the label, 2019's Hot Motion, was recorded in an outbuilding near Bagshaw's country home and had a synthesizer-free, guitar-heavy sound that was more in line with their debut. Their subsequent tour to support the album was cut short in 2020 by the COVID-19 pandemic; instead, the band turned to writing material for their next album. Before they got too far, their label asked them for a new song and the band dug up a track considered for Hot Motion that was ultimately rejected. They recorded ""Paraphernalia"" in their home studio with remote help from a fellow musician who was a big fan of the group, Sean Ono Lennon. The disco-inspired song was mixed by famed indie rock producer Dave Fridmann and released as a stand-alone single in late 2020. When COVID restrictions loosened up, the band -- who now counted Ottink as an official member -- headed to upstate New York to work with Lennon in his studio. The resulting album, 2023's Exotico, is their most gently experimental album yet, the usual psychedelic sound bolstered by full arrangements of chiming guitars and space-y keyboards, gentle melodies, synthesized basslines, the occasional detour into soft rock, and Fridmann's delicately layered mix. Soon after the album's release in April, the band embarked on a North American tour. ~ Matt Collar & Tim Sendra",Mesmerise,Unknown,https://www.youtube.com/watch?v=F3FUJkxCK7g&list=RDF3FUJkxCK7g&start_radio=1&pp=ygURVGVtcGxlcyBNZXNtZXJpc2WgBwE%3D
Sun Structures,https://lastfm.freetls.fastly.net/i/u/300x300/6f90adafb14a4e9dce4ecf62465742fe.jpg,Temples,2014-02-07,"British neo-psychedelic band Temples combine a trippily retro approach with classic pop craftsmanship, though they aren't afraid to stretch the fuzzy boundaries of their chosen sound. The group debuted a core style of chiming guitars, tight harmonies, and an easygoing T. Rex-inspired boogie on 2014's Sun Structures, an album that gained the band a following that expanded beyond neo-psych circles. Nonetheless, Temples found themselves at the forefront of a miniature psychedelic revival, along with fellow travelers King Gizzard and Tame Impala. Their guiding principles stayed firmly intact, even when exploring synth-heavy territory as they do on 2017's Volcano, or giving their sound a sonic glow up courtesy of a Dave Fridmann mix on 20223's Exotico.
Formed in Kettering, a medium-sized city outside of London, Temples initially centered around the talents of songwriting duo vocalist/guitarist James Bagshaw and vocalist/bassist Thomas Warmsley. After adding drummer Sam Toms and guitarist/keyboard player Adam Smith to the group, they released their debut single, ""Shelter Song,"" on Heavenly in 2012. Following a busy 2013 spent playing shows, recording an album, and releasing two singles (""Colours to Life"" and ""Keep in the Dark""), the band's first long-player, the Bagshaw-produced Sun Structures, was released in early 2014. A steady stream of tour dates around the world, and an unlikely appearance on The Ellen DeGeneres Show, kept Temples busy the rest of the year. Near the year's end, Heavenly released Sun Restructured, a super-trippy reimagining of the Sun Structures album done by the remix team of Richard Norris and Erol Alkan, aka Beyond the Wizard's Sleeve.
Temples spent the next two years writing songs and recording in Bagshaw's living room while also keeping up a steady slate of concert appearances. ""Certainty,"" the first song from their second album, debuted in late 2015 and featured the addition of synthesizers to their retro-psych sound. Produced by Bagshaw, with Smith contributing to the songwriting, the slightly more forward-sounding Volcano was issued by Fat Possum in March 2017. Temples hit the road to play a full slate of dates, and in early 2018 found themselves looking for a drummer when Toms left the group. They added PAUW's Rens Ottink to the live band for late 2018 shows. Along the way, the group also left Heavenly Records to sign with ATO. Their first album for the label, 2019's Hot Motion, was recorded in an outbuilding near Bagshaw's country home and had a synthesizer-free, guitar-heavy sound that was more in line with their debut. Their subsequent tour to support the album was cut short in 2020 by the COVID-19 pandemic; instead, the band turned to writing material for their next album. Before they got too far, their label asked them for a new song and the band dug up a track considered for Hot Motion that was ultimately rejected. They recorded ""Paraphernalia"" in their home studio with remote help from a fellow musician who was a big fan of the group, Sean Ono Lennon. The disco-inspired song was mixed by famed indie rock producer Dave Fridmann and released as a stand-alone single in late 2020. When COVID restrictions loosened up, the band -- who now counted Ottink as an official member -- headed to upstate New York to work with Lennon in his studio. The resulting album, 2023's Exotico, is their most gently experimental album yet, the usual psychedelic sound bolstered by full arrangements of chiming guitars and space-y keyboards, gentle melodies, synthesized basslines, the occasional detour into soft rock, and Fridmann's delicately layered mix. Soon after the album's release in April, the band embarked on a North American tour. ~ Matt Collar & Tim Sendra",Move With the Season,Unknown,https://www.youtube.com/watch?v=uwZVQm1ENqY&list=RDuwZVQm1ENqY&start_radio=1&pp=ygUeVGVtcGxlcyAtIE1vdmUgV2l0aCB0aGUgU2Vhc29uoAcB
Sun Structures,https://lastfm.freetls.fastly.net/i/u/300x300/6f90adafb14a4e9dce4ecf62465742fe.jpg,Temples,2014-02-07,"British neo-psychedelic band Temples combine a trippily retro approach with classic pop craftsmanship, though they aren't afraid to stretch the fuzzy boundaries of their chosen sound. The group debuted a core style of chiming guitars, tight harmonies, and an easygoing T. Rex-inspired boogie on 2014's Sun Structures, an album that gained the band a following that expanded beyond neo-psych circles. Nonetheless, Temples found themselves at the forefront of a miniature psychedelic revival, along with fellow travelers King Gizzard and Tame Impala. Their guiding principles stayed firmly intact, even when exploring synth-heavy territory as they do on 2017's Volcano, or giving their sound a sonic glow up courtesy of a Dave Fridmann mix on 20223's Exotico.
Formed in Kettering, a medium-sized city outside of London, Temples initially centered around the talents of songwriting duo vocalist/guitarist James Bagshaw and vocalist/bassist Thomas Warmsley. After adding drummer Sam Toms and guitarist/keyboard player Adam Smith to the group, they released their debut single, ""Shelter Song,"" on Heavenly in 2012. Following a busy 2013 spent playing shows, recording an album, and releasing two singles (""Colours to Life"" and ""Keep in the Dark""), the band's first long-player, the Bagshaw-produced Sun Structures, was released in early 2014. A steady stream of tour dates around the world, and an unlikely appearance on The Ellen DeGeneres Show, kept Temples busy the rest of the year. Near the year's end, Heavenly released Sun Restructured, a super-trippy reimagining of the Sun Structures album done by the remix team of Richard Norris and Erol Alkan, aka Beyond the Wizard's Sleeve.
Temples spent the next two years writing songs and recording in Bagshaw's living room while also keeping up a steady slate of concert appearances. ""Certainty,"" the first song from their second album, debuted in late 2015 and featured the addition of synthesizers to their retro-psych sound. Produced by Bagshaw, with Smith contributing to the songwriting, the slightly more forward-sounding Volcano was issued by Fat Possum in March 2017. Temples hit the road to play a full slate of dates, and in early 2018 found themselves looking for a drummer when Toms left the group. They added PAUW's Rens Ottink to the live band for late 2018 shows. Along the way, the group also left Heavenly Records to sign with ATO. Their first album for the label, 2019's Hot Motion, was recorded in an outbuilding near Bagshaw's country home and had a synthesizer-free, guitar-heavy sound that was more in line with their debut. Their subsequent tour to support the album was cut short in 2020 by the COVID-19 pandemic; instead, the band turned to writing material for their next album. Before they got too far, their label asked them for a new song and the band dug up a track considered for Hot Motion that was ultimately rejected. They recorded ""Paraphernalia"" in their home studio with remote help from a fellow musician who was a big fan of the group, Sean Ono Lennon. The disco-inspired song was mixed by famed indie rock producer Dave Fridmann and released as a stand-alone single in late 2020. When COVID restrictions loosened up, the band -- who now counted Ottink as an official member -- headed to upstate New York to work with Lennon in his studio. The resulting album, 2023's Exotico, is their most gently experimental album yet, the usual psychedelic sound bolstered by full arrangements of chiming guitars and space-y keyboards, gentle melodies, synthesized basslines, the occasional detour into soft rock, and Fridmann's delicately layered mix. Soon after the album's release in April, the band embarked on a North American tour. ~ Matt Collar & Tim Sendra",Colours to Life,Unknown,https://www.youtube.com/watch?v=tUGEnXz4EG8&list=RDtUGEnXz4EG8&start_radio=1&pp=ygUZVGVtcGxlcyAtIENvbG91cnMgdG8gTGlmZaAHAQ%3D%3D
Sun Structures,https://lastfm.freetls.fastly.net/i/u/300x300/6f90adafb14a4e9dce4ecf62465742fe.jpg,Temples,2014-02-07,"British neo-psychedelic band Temples combine a trippily retro approach with classic pop craftsmanship, though they aren't afraid to stretch the fuzzy boundaries of their chosen sound. The group debuted a core style of chiming guitars, tight harmonies, and an easygoing T. Rex-inspired boogie on 2014's Sun Structures, an album that gained the band a following that expanded beyond neo-psych circles. Nonetheless, Temples found themselves at the forefront of a miniature psychedelic revival, along with fellow travelers King Gizzard and Tame Impala. Their guiding principles stayed firmly intact, even when exploring synth-heavy territory as they do on 2017's Volcano, or giving their sound a sonic glow up courtesy of a Dave Fridmann mix on 20223's Exotico.
Formed in Kettering, a medium-sized city outside of London, Temples initially centered around the talents of songwriting duo vocalist/guitarist James Bagshaw and vocalist/bassist Thomas Warmsley. After adding drummer Sam Toms and guitarist/keyboard player Adam Smith to the group, they released their debut single, ""Shelter Song,"" on Heavenly in 2012. Following a busy 2013 spent playing shows, recording an album, and releasing two singles (""Colours to Life"" and ""Keep in the Dark""), the band's first long-player, the Bagshaw-produced Sun Structures, was released in early 2014. A steady stream of tour dates around the world, and an unlikely appearance on The Ellen DeGeneres Show, kept Temples busy the rest of the year. Near the year's end, Heavenly released Sun Restructured, a super-trippy reimagining of the Sun Structures album done by the remix team of Richard Norris and Erol Alkan, aka Beyond the Wizard's Sleeve.
Temples spent the next two years writing songs and recording in Bagshaw's living room while also keeping up a steady slate of concert appearances. ""Certainty,"" the first song from their second album, debuted in late 2015 and featured the addition of synthesizers to their retro-psych sound. Produced by Bagshaw, with Smith contributing to the songwriting, the slightly more forward-sounding Volcano was issued by Fat Possum in March 2017. Temples hit the road to play a full slate of dates, and in early 2018 found themselves looking for a drummer when Toms left the group. They added PAUW's Rens Ottink to the live band for late 2018 shows. Along the way, the group also left Heavenly Records to sign with ATO. Their first album for the label, 2019's Hot Motion, was recorded in an outbuilding near Bagshaw's country home and had a synthesizer-free, guitar-heavy sound that was more in line with their debut. Their subsequent tour to support the album was cut short in 2020 by the COVID-19 pandemic; instead, the band turned to writing material for their next album. Before they got too far, their label asked them for a new song and the band dug up a track considered for Hot Motion that was ultimately rejected. They recorded ""Paraphernalia"" in their home studio with remote help from a fellow musician who was a big fan of the group, Sean Ono Lennon. The disco-inspired song was mixed by famed indie rock producer Dave Fridmann and released as a stand-alone single in late 2020. When COVID restrictions loosened up, the band -- who now counted Ottink as an official member -- headed to upstate New York to work with Lennon in his studio. The resulting album, 2023's Exotico, is their most gently experimental album yet, the usual psychedelic sound bolstered by full arrangements of chiming guitars and space-y keyboards, gentle melodies, synthesized basslines, the occasional detour into soft rock, and Fridmann's delicately layered mix. Soon after the album's release in April, the band embarked on a North American tour. ~ Matt Collar & Tim Sendra",A Question Isn't Answered,Unknown,https://www.youtube.com/watch?v=BCLNFq_BR3M&list=RDBCLNFq_BR3M&start_radio=1&pp=ygUjVGVtcGxlcyAtIEEgUXVlc3Rpb24gSXNuJ3QgQW5zd2VyZWSgBwE%3D
Sun Structures,https://lastfm.freetls.fastly.net/i/u/300x300/6f90adafb14a4e9dce4ecf62465742fe.jpg,Temples,2014-02-07,"British neo-psychedelic band Temples combine a trippily retro approach with classic pop craftsmanship, though they aren't afraid to stretch the fuzzy boundaries of their chosen sound. The group debuted a core style of chiming guitars, tight harmonies, and an easygoing T. Rex-inspired boogie on 2014's Sun Structures, an album that gained the band a following that expanded beyond neo-psych circles. Nonetheless, Temples found themselves at the forefront of a miniature psychedelic revival, along with fellow travelers King Gizzard and Tame Impala. Their guiding principles stayed firmly intact, even when exploring synth-heavy territory as they do on 2017's Volcano, or giving their sound a sonic glow up courtesy of a Dave Fridmann mix on 20223's Exotico.
Formed in Kettering, a medium-sized city outside of London, Temples initially centered around the talents of songwriting duo vocalist/guitarist James Bagshaw and vocalist/bassist Thomas Warmsley. After adding drummer Sam Toms and guitarist/keyboard player Adam Smith to the group, they released their debut single, ""Shelter Song,"" on Heavenly in 2012. Following a busy 2013 spent playing shows, recording an album, and releasing two singles (""Colours to Life"" and ""Keep in the Dark""), the band's first long-player, the Bagshaw-produced Sun Structures, was released in early 2014. A steady stream of tour dates around the world, and an unlikely appearance on The Ellen DeGeneres Show, kept Temples busy the rest of the year. Near the year's end, Heavenly released Sun Restructured, a super-trippy reimagining of the Sun Structures album done by the remix team of Richard Norris and Erol Alkan, aka Beyond the Wizard's Sleeve.
Temples spent the next two years writing songs and recording in Bagshaw's living room while also keeping up a steady slate of concert appearances. ""Certainty,"" the first song from their second album, debuted in late 2015 and featured the addition of synthesizers to their retro-psych sound. Produced by Bagshaw, with Smith contributing to the songwriting, the slightly more forward-sounding Volcano was issued by Fat Possum in March 2017. Temples hit the road to play a full slate of dates, and in early 2018 found themselves looking for a drummer when Toms left the group. They added PAUW's Rens Ottink to the live band for late 2018 shows. Along the way, the group also left Heavenly Records to sign with ATO. Their first album for the label, 2019's Hot Motion, was recorded in an outbuilding near Bagshaw's country home and had a synthesizer-free, guitar-heavy sound that was more in line with their debut. Their subsequent tour to support the album was cut short in 2020 by the COVID-19 pandemic; instead, the band turned to writing material for their next album. Before they got too far, their label asked them for a new song and the band dug up a track considered for Hot Motion that was ultimately rejected. They recorded ""Paraphernalia"" in their home studio with remote help from a fellow musician who was a big fan of the group, Sean Ono Lennon. The disco-inspired song was mixed by famed indie rock producer Dave Fridmann and released as a stand-alone single in late 2020. When COVID restrictions loosened up, the band -- who now counted Ottink as an official member -- headed to upstate New York to work with Lennon in his studio. The resulting album, 2023's Exotico, is their most gently experimental album yet, the usual psychedelic sound bolstered by full arrangements of chiming guitars and space-y keyboards, gentle melodies, synthesized basslines, the occasional detour into soft rock, and Fridmann's delicately layered mix. Soon after the album's release in April, the band embarked on a North American tour. ~ Matt Collar & Tim Sendra",The Guesser,Unknown,https://www.youtube.com/watch?v=wistAg8XIQA&list=RDwistAg8XIQA&start_radio=1&pp=ygUVVGVtcGxlcyAtIFRoZSBHdWVzc2VyoAcB
Sun Structures,https://lastfm.freetls.fastly.net/i/u/300x300/6f90adafb14a4e9dce4ecf62465742fe.jpg,Temples,2014-02-07,"British neo-psychedelic band Temples combine a trippily retro approach with classic pop craftsmanship, though they aren't afraid to stretch the fuzzy boundaries of their chosen sound. The group debuted a core style of chiming guitars, tight harmonies, and an easygoing T. Rex-inspired boogie on 2014's Sun Structures, an album that gained the band a following that expanded beyond neo-psych circles. Nonetheless, Temples found themselves at the forefront of a miniature psychedelic revival, along with fellow travelers King Gizzard and Tame Impala. Their guiding principles stayed firmly intact, even when exploring synth-heavy territory as they do on 2017's Volcano, or giving their sound a sonic glow up courtesy of a Dave Fridmann mix on 20223's Exotico.
Formed in Kettering, a medium-sized city outside of London, Temples initially centered around the talents of songwriting duo vocalist/guitarist James Bagshaw and vocalist/bassist Thomas Warmsley. After adding drummer Sam Toms and guitarist/keyboard player Adam Smith to the group, they released their debut single, ""Shelter Song,"" on Heavenly in 2012. Following a busy 2013 spent playing shows, recording an album, and releasing two singles (""Colours to Life"" and ""Keep in the Dark""), the band's first long-player, the Bagshaw-produced Sun Structures, was released in early 2014. A steady stream of tour dates around the world, and an unlikely appearance on The Ellen DeGeneres Show, kept Temples busy the rest of the year. Near the year's end, Heavenly released Sun Restructured, a super-trippy reimagining of the Sun Structures album done by the remix team of Richard Norris and Erol Alkan, aka Beyond the Wizard's Sleeve.
Temples spent the next two years writing songs and recording in Bagshaw's living room while also keeping up a steady slate of concert appearances. ""Certainty,"" the first song from their second album, debuted in late 2015 and featured the addition of synthesizers to their retro-psych sound. Produced by Bagshaw, with Smith contributing to the songwriting, the slightly more forward-sounding Volcano was issued by Fat Possum in March 2017. Temples hit the road to play a full slate of dates, and in early 2018 found themselves looking for a drummer when Toms left the group. They added PAUW's Rens Ottink to the live band for late 2018 shows. Along the way, the group also left Heavenly Records to sign with ATO. Their first album for the label, 2019's Hot Motion, was recorded in an outbuilding near Bagshaw's country home and had a synthesizer-free, guitar-heavy sound that was more in line with their debut. Their subsequent tour to support the album was cut short in 2020 by the COVID-19 pandemic; instead, the band turned to writing material for their next album. Before they got too far, their label asked them for a new song and the band dug up a track considered for Hot Motion that was ultimately rejected. They recorded ""Paraphernalia"" in their home studio with remote help from a fellow musician who was a big fan of the group, Sean Ono Lennon. The disco-inspired song was mixed by famed indie rock producer Dave Fridmann and released as a stand-alone single in late 2020. When COVID restrictions loosened up, the band -- who now counted Ottink as an official member -- headed to upstate New York to work with Lennon in his studio. The resulting album, 2023's Exotico, is their most gently experimental album yet, the usual psychedelic sound bolstered by full arrangements of chiming guitars and space-y keyboards, gentle melodies, synthesized basslines, the occasional detour into soft rock, and Fridmann's delicately layered mix. Soon after the album's release in April, the band embarked on a North American tour. ~ Matt Collar & Tim Sendra",Test of Time,Unknown,https://www.youtube.com/watch?v=tsyJWJNtn9w&list=RDtsyJWJNtn9w&start_radio=1&pp=ygUWVGVtcGxlcyAtIFRlc3Qgb2YgVGltZaAHAQ%3D%3D
Volcano,https://lastfm.freetls.fastly.net/i/u/300x300/86cde0f85893cf063a999de5bd748169.jpg,Temples,2017-03-03,"British neo-psychedelic band Temples combine a trippily retro approach with classic pop craftsmanship, though they aren't afraid to stretch the fuzzy boundaries of their chosen sound. The group debuted a core style of chiming guitars, tight harmonies, and an easygoing T. Rex-inspired boogie on 2014's Sun Structures, an album that gained the band a following that expanded beyond neo-psych circles. Nonetheless, Temples found themselves at the forefront of a miniature psychedelic revival, along with fellow travelers King Gizzard and Tame Impala. Their guiding principles stayed firmly intact, even when exploring synth-heavy territory as they do on 2017's Volcano, or giving their sound a sonic glow up courtesy of a Dave Fridmann mix on 20223's Exotico.
Formed in Kettering, a medium-sized city outside of London, Temples initially centered around the talents of songwriting duo vocalist/guitarist James Bagshaw and vocalist/bassist Thomas Warmsley. After adding drummer Sam Toms and guitarist/keyboard player Adam Smith to the group, they released their debut single, ""Shelter Song,"" on Heavenly in 2012. Following a busy 2013 spent playing shows, recording an album, and releasing two singles (""Colours to Life"" and ""Keep in the Dark""), the band's first long-player, the Bagshaw-produced Sun Structures, was released in early 2014. A steady stream of tour dates around the world, and an unlikely appearance on The Ellen DeGeneres Show, kept Temples busy the rest of the year. Near the year's end, Heavenly released Sun Restructured, a super-trippy reimagining of the Sun Structures album done by the remix team of Richard Norris and Erol Alkan, aka Beyond the Wizard's Sleeve.
Temples spent the next two years writing songs and recording in Bagshaw's living room while also keeping up a steady slate of concert appearances. ""Certainty,"" the first song from their second album, debuted in late 2015 and featured the addition of synthesizers to their retro-psych sound. Produced by Bagshaw, with Smith contributing to the songwriting, the slightly more forward-sounding Volcano was issued by Fat Possum in March 2017. Temples hit the road to play a full slate of dates, and in early 2018 found themselves looking for a drummer when Toms left the group. They added PAUW's Rens Ottink to the live band for late 2018 shows. Along the way, the group also left Heavenly Records to sign with ATO. Their first album for the label, 2019's Hot Motion, was recorded in an outbuilding near Bagshaw's country home and had a synthesizer-free, guitar-heavy sound that was more in line with their debut. Their subsequent tour to support the album was cut short in 2020 by the COVID-19 pandemic; instead, the band turned to writing material for their next album. Before they got too far, their label asked them for a new song and the band dug up a track considered for Hot Motion that was ultimately rejected. They recorded ""Paraphernalia"" in their home studio with remote help from a fellow musician who was a big fan of the group, Sean Ono Lennon. The disco-inspired song was mixed by famed indie rock producer Dave Fridmann and released as a stand-alone single in late 2020. When COVID restrictions loosened up, the band -- who now counted Ottink as an official member -- headed to upstate New York to work with Lennon in his studio. The resulting album, 2023's Exotico, is their most gently experimental album yet, the usual psychedelic sound bolstered by full arrangements of chiming guitars and space-y keyboards, gentle melodies, synthesized basslines, the occasional detour into soft rock, and Fridmann's delicately layered mix. Soon after the album's release in April, the band embarked on a North American tour. ~ Matt Collar & Tim Sendra",Certainty,Unknown,https://www.youtube.com/watch?v=h6zdVaAe0OE&list=RDh6zdVaAe0OE&start_radio=1&pp=ygURVGVtcGxlcyBDZXJ0YWludHmgBwE%3D
Volcano,https://lastfm.freetls.fastly.net/i/u/300x300/86cde0f85893cf063a999de5bd748169.jpg,Temples,2017-03-03,"British neo-psychedelic band Temples combine a trippily retro approach with classic pop craftsmanship, though they aren't afraid to stretch the fuzzy boundaries of their chosen sound. The group debuted a core style of chiming guitars, tight harmonies, and an easygoing T. Rex-inspired boogie on 2014's Sun Structures, an album that gained the band a following that expanded beyond neo-psych circles. Nonetheless, Temples found themselves at the forefront of a miniature psychedelic revival, along with fellow travelers King Gizzard and Tame Impala. Their guiding principles stayed firmly intact, even when exploring synth-heavy territory as they do on 2017's Volcano, or giving their sound a sonic glow up courtesy of a Dave Fridmann mix on 20223's Exotico.
Formed in Kettering, a medium-sized city outside of London, Temples initially centered around the talents of songwriting duo vocalist/guitarist James Bagshaw and vocalist/bassist Thomas Warmsley. After adding drummer Sam Toms and guitarist/keyboard player Adam Smith to the group, they released their debut single, ""Shelter Song,"" on Heavenly in 2012. Following a busy 2013 spent playing shows, recording an album, and releasing two singles (""Colours to Life"" and ""Keep in the Dark""), the band's first long-player, the Bagshaw-produced Sun Structures, was released in early 2014. A steady stream of tour dates around the world, and an unlikely appearance on The Ellen DeGeneres Show, kept Temples busy the rest of the year. Near the year's end, Heavenly released Sun Restructured, a super-trippy reimagining of the Sun Structures album done by the remix team of Richard Norris and Erol Alkan, aka Beyond the Wizard's Sleeve.
Temples spent the next two years writing songs and recording in Bagshaw's living room while also keeping up a steady slate of concert appearances. ""Certainty,"" the first song from their second album, debuted in late 2015 and featured the addition of synthesizers to their retro-psych sound. Produced by Bagshaw, with Smith contributing to the songwriting, the slightly more forward-sounding Volcano was issued by Fat Possum in March 2017. Temples hit the road to play a full slate of dates, and in early 2018 found themselves looking for a drummer when Toms left the group. They added PAUW's Rens Ottink to the live band for late 2018 shows. Along the way, the group also left Heavenly Records to sign with ATO. Their first album for the label, 2019's Hot Motion, was recorded in an outbuilding near Bagshaw's country home and had a synthesizer-free, guitar-heavy sound that was more in line with their debut. Their subsequent tour to support the album was cut short in 2020 by the COVID-19 pandemic; instead, the band turned to writing material for their next album. Before they got too far, their label asked them for a new song and the band dug up a track considered for Hot Motion that was ultimately rejected. They recorded ""Paraphernalia"" in their home studio with remote help from a fellow musician who was a big fan of the group, Sean Ono Lennon. The disco-inspired song was mixed by famed indie rock producer Dave Fridmann and released as a stand-alone single in late 2020. When COVID restrictions loosened up, the band -- who now counted Ottink as an official member -- headed to upstate New York to work with Lennon in his studio. The resulting album, 2023's Exotico, is their most gently experimental album yet, the usual psychedelic sound bolstered by full arrangements of chiming guitars and space-y keyboards, gentle melodies, synthesized basslines, the occasional detour into soft rock, and Fridmann's delicately layered mix. Soon after the album's release in April, the band embarked on a North American tour. ~ Matt Collar & Tim Sendra",All Join In,Unknown,https://www.youtube.com/watch?v=u-kwtONEcU8&list=RDu-kwtONEcU8&start_radio=1&pp=ygUTVGVtcGxlcyBBbGwgSm9pbiBJbqAHAQ%3D%3D
Volcano,https://lastfm.freetls.fastly.net/i/u/300x300/86cde0f85893cf063a999de5bd748169.jpg,Temples,2017-03-03,"British neo-psychedelic band Temples combine a trippily retro approach with classic pop craftsmanship, though they aren't afraid to stretch the fuzzy boundaries of their chosen sound. The group debuted a core style of chiming guitars, tight harmonies, and an easygoing T. Rex-inspired boogie on 2014's Sun Structures, an album that gained the band a following that expanded beyond neo-psych circles. Nonetheless, Temples found themselves at the forefront of a miniature psychedelic revival, along with fellow travelers King Gizzard and Tame Impala. Their guiding principles stayed firmly intact, even when exploring synth-heavy territory as they do on 2017's Volcano, or giving their sound a sonic glow up courtesy of a Dave Fridmann mix on 20223's Exotico.
Formed in Kettering, a medium-sized city outside of London, Temples initially centered around the talents of songwriting duo vocalist/guitarist James Bagshaw and vocalist/bassist Thomas Warmsley. After adding drummer Sam Toms and guitarist/keyboard player Adam Smith to the group, they released their debut single, ""Shelter Song,"" on Heavenly in 2012. Following a busy 2013 spent playing shows, recording an album, and releasing two singles (""Colours to Life"" and ""Keep in the Dark""), the band's first long-player, the Bagshaw-produced Sun Structures, was released in early 2014. A steady stream of tour dates around the world, and an unlikely appearance on The Ellen DeGeneres Show, kept Temples busy the rest of the year. Near the year's end, Heavenly released Sun Restructured, a super-trippy reimagining of the Sun Structures album done by the remix team of Richard Norris and Erol Alkan, aka Beyond the Wizard's Sleeve.
Temples spent the next two years writing songs and recording in Bagshaw's living room while also keeping up a steady slate of concert appearances. ""Certainty,"" the first song from their second album, debuted in late 2015 and featured the addition of synthesizers to their retro-psych sound. Produced by Bagshaw, with Smith contributing to the songwriting, the slightly more forward-sounding Volcano was issued by Fat Possum in March 2017. Temples hit the road to play a full slate of dates, and in early 2018 found themselves looking for a drummer when Toms left the group. They added PAUW's Rens Ottink to the live band for late 2018 shows. Along the way, the group also left Heavenly Records to sign with ATO. Their first album for the label, 2019's Hot Motion, was recorded in an outbuilding near Bagshaw's country home and had a synthesizer-free, guitar-heavy sound that was more in line with their debut. Their subsequent tour to support the album was cut short in 2020 by the COVID-19 pandemic; instead, the band turned to writing material for their next album. Before they got too far, their label asked them for a new song and the band dug up a track considered for Hot Motion that was ultimately rejected. They recorded ""Paraphernalia"" in their home studio with remote help from a fellow musician who was a big fan of the group, Sean Ono Lennon. The disco-inspired song was mixed by famed indie rock producer Dave Fridmann and released as a stand-alone single in late 2020. When COVID restrictions loosened up, the band -- who now counted Ottink as an official member -- headed to upstate New York to work with Lennon in his studio. The resulting album, 2023's Exotico, is their most gently experimental album yet, the usual psychedelic sound bolstered by full arrangements of chiming guitars and space-y keyboards, gentle melodies, synthesized basslines, the occasional detour into soft rock, and Fridmann's delicately layered mix. Soon after the album's release in April, the band embarked on a North American tour. ~ Matt Collar & Tim Sendra",(I Want to Be Your) Mirror,Unknown,https://www.youtube.com/watch?v=MiVGdWAwmF4&list=RDMiVGdWAwmF4&start_radio=1&pp=ygUgVGVtcGxlcyBJIFdhbnQgdG8gQmUgWW91ciBNaXJyb3KgBwE%3D
Volcano,https://lastfm.freetls.fastly.net/i/u/300x300/86cde0f85893cf063a999de5bd748169.jpg,Temples,2017-03-03,"British neo-psychedelic band Temples combine a trippily retro approach with classic pop craftsmanship, though they aren't afraid to stretch the fuzzy boundaries of their chosen sound. The group debuted a core style of chiming guitars, tight harmonies, and an easygoing T. Rex-inspired boogie on 2014's Sun Structures, an album that gained the band a following that expanded beyond neo-psych circles. Nonetheless, Temples found themselves at the forefront of a miniature psychedelic revival, along with fellow travelers King Gizzard and Tame Impala. Their guiding principles stayed firmly intact, even when exploring synth-heavy territory as they do on 2017's Volcano, or giving their sound a sonic glow up courtesy of a Dave Fridmann mix on 20223's Exotico.
Formed in Kettering, a medium-sized city outside of London, Temples initially centered around the talents of songwriting duo vocalist/guitarist James Bagshaw and vocalist/bassist Thomas Warmsley. After adding drummer Sam Toms and guitarist/keyboard player Adam Smith to the group, they released their debut single, ""Shelter Song,"" on Heavenly in 2012. Following a busy 2013 spent playing shows, recording an album, and releasing two singles (""Colours to Life"" and ""Keep in the Dark""), the band's first long-player, the Bagshaw-produced Sun Structures, was released in early 2014. A steady stream of tour dates around the world, and an unlikely appearance on The Ellen DeGeneres Show, kept Temples busy the rest of the year. Near the year's end, Heavenly released Sun Restructured, a super-trippy reimagining of the Sun Structures album done by the remix team of Richard Norris and Erol Alkan, aka Beyond the Wizard's Sleeve.
Temples spent the next two years writing songs and recording in Bagshaw's living room while also keeping up a steady slate of concert appearances. ""Certainty,"" the first song from their second album, debuted in late 2015 and featured the addition of synthesizers to their retro-psych sound. Produced by Bagshaw, with Smith contributing to the songwriting, the slightly more forward-sounding Volcano was issued by Fat Possum in March 2017. Temples hit the road to play a full slate of dates, and in early 2018 found themselves looking for a drummer when Toms left the group. They added PAUW's Rens Ottink to the live band for late 2018 shows. Along the way, the group also left Heavenly Records to sign with ATO. Their first album for the label, 2019's Hot Motion, was recorded in an outbuilding near Bagshaw's country home and had a synthesizer-free, guitar-heavy sound that was more in line with their debut. Their subsequent tour to support the album was cut short in 2020 by the COVID-19 pandemic; instead, the band turned to writing material for their next album. Before they got too far, their label asked them for a new song and the band dug up a track considered for Hot Motion that was ultimately rejected. They recorded ""Paraphernalia"" in their home studio with remote help from a fellow musician who was a big fan of the group, Sean Ono Lennon. The disco-inspired song was mixed by famed indie rock producer Dave Fridmann and released as a stand-alone single in late 2020. When COVID restrictions loosened up, the band -- who now counted Ottink as an official member -- headed to upstate New York to work with Lennon in his studio. The resulting album, 2023's Exotico, is their most gently experimental album yet, the usual psychedelic sound bolstered by full arrangements of chiming guitars and space-y keyboards, gentle melodies, synthesized basslines, the occasional detour into soft rock, and Fridmann's delicately layered mix. Soon after the album's release in April, the band embarked on a North American tour. ~ Matt Collar & Tim Sendra",Oh the Saviour,Unknown,https://www.youtube.com/watch?v=NBYQ9ZN7wq4&list=RDNBYQ9ZN7wq4&start_radio=1&pp=ygUYVGVtcGxlcyAtIE9oIHRoZSBTYXZpb3VyoAcB
Volcano,https://lastfm.freetls.fastly.net/i/u/300x300/86cde0f85893cf063a999de5bd748169.jpg,Temples,2017-03-03,"British neo-psychedelic band Temples combine a trippily retro approach with classic pop craftsmanship, though they aren't afraid to stretch the fuzzy boundaries of their chosen sound. The group debuted a core style of chiming guitars, tight harmonies, and an easygoing T. Rex-inspired boogie on 2014's Sun Structures, an album that gained the band a following that expanded beyond neo-psych circles. Nonetheless, Temples found themselves at the forefront of a miniature psychedelic revival, along with fellow travelers King Gizzard and Tame Impala. Their guiding principles stayed firmly intact, even when exploring synth-heavy territory as they do on 2017's Volcano, or giving their sound a sonic glow up courtesy of a Dave Fridmann mix on 20223's Exotico.
Formed in Kettering, a medium-sized city outside of London, Temples initially centered around the talents of songwriting duo vocalist/guitarist James Bagshaw and vocalist/bassist Thomas Warmsley. After adding drummer Sam Toms and guitarist/keyboard player Adam Smith to the group, they released their debut single, ""Shelter Song,"" on Heavenly in 2012. Following a busy 2013 spent playing shows, recording an album, and releasing two singles (""Colours to Life"" and ""Keep in the Dark""), the band's first long-player, the Bagshaw-produced Sun Structures, was released in early 2014. A steady stream of tour dates around the world, and an unlikely appearance on The Ellen DeGeneres Show, kept Temples busy the rest of the year. Near the year's end, Heavenly released Sun Restructured, a super-trippy reimagining of the Sun Structures album done by the remix team of Richard Norris and Erol Alkan, aka Beyond the Wizard's Sleeve.
Temples spent the next two years writing songs and recording in Bagshaw's living room while also keeping up a steady slate of concert appearances. ""Certainty,"" the first song from their second album, debuted in late 2015 and featured the addition of synthesizers to their retro-psych sound. Produced by Bagshaw, with Smith contributing to the songwriting, the slightly more forward-sounding Volcano was issued by Fat Possum in March 2017. Temples hit the road to play a full slate of dates, and in early 2018 found themselves looking for a drummer when Toms left the group. They added PAUW's Rens Ottink to the live band for late 2018 shows. Along the way, the group also left Heavenly Records to sign with ATO. Their first album for the label, 2019's Hot Motion, was recorded in an outbuilding near Bagshaw's country home and had a synthesizer-free, guitar-heavy sound that was more in line with their debut. Their subsequent tour to support the album was cut short in 2020 by the COVID-19 pandemic; instead, the band turned to writing material for their next album. Before they got too far, their label asked them for a new song and the band dug up a track considered for Hot Motion that was ultimately rejected. They recorded ""Paraphernalia"" in their home studio with remote help from a fellow musician who was a big fan of the group, Sean Ono Lennon. The disco-inspired song was mixed by famed indie rock producer Dave Fridmann and released as a stand-alone single in late 2020. When COVID restrictions loosened up, the band -- who now counted Ottink as an official member -- headed to upstate New York to work with Lennon in his studio. The resulting album, 2023's Exotico, is their most gently experimental album yet, the usual psychedelic sound bolstered by full arrangements of chiming guitars and space-y keyboards, gentle melodies, synthesized basslines, the occasional detour into soft rock, and Fridmann's delicately layered mix. Soon after the album's release in April, the band embarked on a North American tour. ~ Matt Collar & Tim Sendra",Born Into the Sunset,Unknown,https://www.youtube.com/watch?v=IifuUGFzyj4&list=RDIifuUGFzyj4&start_radio=1&pp=ygUcVGVtcGxlcyBCb3JuIEludG8gdGhlIFN1bnNldKAHAQ%3D%3D
Volcano,https://lastfm.freetls.fastly.net/i/u/300x300/86cde0f85893cf063a999de5bd748169.jpg,Temples,2017-03-03,"British neo-psychedelic band Temples combine a trippily retro approach with classic pop craftsmanship, though they aren't afraid to stretch the fuzzy boundaries of their chosen sound. The group debuted a core style of chiming guitars, tight harmonies, and an easygoing T. Rex-inspired boogie on 2014's Sun Structures, an album that gained the band a following that expanded beyond neo-psych circles. Nonetheless, Temples found themselves at the forefront of a miniature psychedelic revival, along with fellow travelers King Gizzard and Tame Impala. Their guiding principles stayed firmly intact, even when exploring synth-heavy territory as they do on 2017's Volcano, or giving their sound a sonic glow up courtesy of a Dave Fridmann mix on 20223's Exotico.
Formed in Kettering, a medium-sized city outside of London, Temples initially centered around the talents of songwriting duo vocalist/guitarist James Bagshaw and vocalist/bassist Thomas Warmsley. After adding drummer Sam Toms and guitarist/keyboard player Adam Smith to the group, they released their debut single, ""Shelter Song,"" on Heavenly in 2012. Following a busy 2013 spent playing shows, recording an album, and releasing two singles (""Colours to Life"" and ""Keep in the Dark""), the band's first long-player, the Bagshaw-produced Sun Structures, was released in early 2014. A steady stream of tour dates around the world, and an unlikely appearance on The Ellen DeGeneres Show, kept Temples busy the rest of the year. Near the year's end, Heavenly released Sun Restructured, a super-trippy reimagining of the Sun Structures album done by the remix team of Richard Norris and Erol Alkan, aka Beyond the Wizard's Sleeve.
Temples spent the next two years writing songs and recording in Bagshaw's living room while also keeping up a steady slate of concert appearances. ""Certainty,"" the first song from their second album, debuted in late 2015 and featured the addition of synthesizers to their retro-psych sound. Produced by Bagshaw, with Smith contributing to the songwriting, the slightly more forward-sounding Volcano was issued by Fat Possum in March 2017. Temples hit the road to play a full slate of dates, and in early 2018 found themselves looking for a drummer when Toms left the group. They added PAUW's Rens Ottink to the live band for late 2018 shows. Along the way, the group also left Heavenly Records to sign with ATO. Their first album for the label, 2019's Hot Motion, was recorded in an outbuilding near Bagshaw's country home and had a synthesizer-free, guitar-heavy sound that was more in line with their debut. Their subsequent tour to support the album was cut short in 2020 by the COVID-19 pandemic; instead, the band turned to writing material for their next album. Before they got too far, their label asked them for a new song and the band dug up a track considered for Hot Motion that was ultimately rejected. They recorded ""Paraphernalia"" in their home studio with remote help from a fellow musician who was a big fan of the group, Sean Ono Lennon. The disco-inspired song was mixed by famed indie rock producer Dave Fridmann and released as a stand-alone single in late 2020. When COVID restrictions loosened up, the band -- who now counted Ottink as an official member -- headed to upstate New York to work with Lennon in his studio. The resulting album, 2023's Exotico, is their most gently experimental album yet, the usual psychedelic sound bolstered by full arrangements of chiming guitars and space-y keyboards, gentle melodies, synthesized basslines, the occasional detour into soft rock, and Fridmann's delicately layered mix. Soon after the album's release in April, the band embarked on a North American tour. ~ Matt Collar & Tim Sendra",How Would You Like to Go?,Unknown,https://www.youtube.com/watch?v=1J2AtHZ-4HI&list=RD1J2AtHZ-4HI&start_radio=1&pp=ygUjVGVtcGxlcyAtIEhvdyBXb3VsZCBZb3UgTGlrZSB0byBHbz-gBwHSBwkJTwoBhyohjO8%3D
Volcano,https://lastfm.freetls.fastly.net/i/u/300x300/86cde0f85893cf063a999de5bd748169.jpg,Temples,2017-03-03,"British neo-psychedelic band Temples combine a trippily retro approach with classic pop craftsmanship, though they aren't afraid to stretch the fuzzy boundaries of their chosen sound. The group debuted a core style of chiming guitars, tight harmonies, and an easygoing T. Rex-inspired boogie on 2014's Sun Structures, an album that gained the band a following that expanded beyond neo-psych circles. Nonetheless, Temples found themselves at the forefront of a miniature psychedelic revival, along with fellow travelers King Gizzard and Tame Impala. Their guiding principles stayed firmly intact, even when exploring synth-heavy territory as they do on 2017's Volcano, or giving their sound a sonic glow up courtesy of a Dave Fridmann mix on 20223's Exotico.
Formed in Kettering, a medium-sized city outside of London, Temples initially centered around the talents of songwriting duo vocalist/guitarist James Bagshaw and vocalist/bassist Thomas Warmsley. After adding drummer Sam Toms and guitarist/keyboard player Adam Smith to the group, they released their debut single, ""Shelter Song,"" on Heavenly in 2012. Following a busy 2013 spent playing shows, recording an album, and releasing two singles (""Colours to Life"" and ""Keep in the Dark""), the band's first long-player, the Bagshaw-produced Sun Structures, was released in early 2014. A steady stream of tour dates around the world, and an unlikely appearance on The Ellen DeGeneres Show, kept Temples busy the rest of the year. Near the year's end, Heavenly released Sun Restructured, a super-trippy reimagining of the Sun Structures album done by the remix team of Richard Norris and Erol Alkan, aka Beyond the Wizard's Sleeve.
Temples spent the next two years writing songs and recording in Bagshaw's living room while also keeping up a steady slate of concert appearances. ""Certainty,"" the first song from their second album, debuted in late 2015 and featured the addition of synthesizers to their retro-psych sound. Produced by Bagshaw, with Smith contributing to the songwriting, the slightly more forward-sounding Volcano was issued by Fat Possum in March 2017. Temples hit the road to play a full slate of dates, and in early 2018 found themselves looking for a drummer when Toms left the group. They added PAUW's Rens Ottink to the live band for late 2018 shows. Along the way, the group also left Heavenly Records to sign with ATO. Their first album for the label, 2019's Hot Motion, was recorded in an outbuilding near Bagshaw's country home and had a synthesizer-free, guitar-heavy sound that was more in line with their debut. Their subsequent tour to support the album was cut short in 2020 by the COVID-19 pandemic; instead, the band turned to writing material for their next album. Before they got too far, their label asked them for a new song and the band dug up a track considered for Hot Motion that was ultimately rejected. They recorded ""Paraphernalia"" in their home studio with remote help from a fellow musician who was a big fan of the group, Sean Ono Lennon. The disco-inspired song was mixed by famed indie rock producer Dave Fridmann and released as a stand-alone single in late 2020. When COVID restrictions loosened up, the band -- who now counted Ottink as an official member -- headed to upstate New York to work with Lennon in his studio. The resulting album, 2023's Exotico, is their most gently experimental album yet, the usual psychedelic sound bolstered by full arrangements of chiming guitars and space-y keyboards, gentle melodies, synthesized basslines, the occasional detour into soft rock, and Fridmann's delicately layered mix. Soon after the album's release in April, the band embarked on a North American tour. ~ Matt Collar & Tim Sendra",Open Air,Unknown,https://www.youtube.com/watch?v=MT611Wkru3c&list=RDMT611Wkru3c&start_radio=1&pp=ygUQVGVtcGxlcyBPcGVuIEFpcqAHAQ%3D%3D
Volcano,https://lastfm.freetls.fastly.net/i/u/300x300/86cde0f85893cf063a999de5bd748169.jpg,Temples,2017-03-03,"British neo-psychedelic band Temples combine a trippily retro approach with classic pop craftsmanship, though they aren't afraid to stretch the fuzzy boundaries of their chosen sound. The group debuted a core style of chiming guitars, tight harmonies, and an easygoing T. Rex-inspired boogie on 2014's Sun Structures, an album that gained the band a following that expanded beyond neo-psych circles. Nonetheless, Temples found themselves at the forefront of a miniature psychedelic revival, along with fellow travelers King Gizzard and Tame Impala. Their guiding principles stayed firmly intact, even when exploring synth-heavy territory as they do on 2017's Volcano, or giving their sound a sonic glow up courtesy of a Dave Fridmann mix on 20223's Exotico.
Formed in Kettering, a medium-sized city outside of London, Temples initially centered around the talents of songwriting duo vocalist/guitarist James Bagshaw and vocalist/bassist Thomas Warmsley. After adding drummer Sam Toms and guitarist/keyboard player Adam Smith to the group, they released their debut single, ""Shelter Song,"" on Heavenly in 2012. Following a busy 2013 spent playing shows, recording an album, and releasing two singles (""Colours to Life"" and ""Keep in the Dark""), the band's first long-player, the Bagshaw-produced Sun Structures, was released in early 2014. A steady stream of tour dates around the world, and an unlikely appearance on The Ellen DeGeneres Show, kept Temples busy the rest of the year. Near the year's end, Heavenly released Sun Restructured, a super-trippy reimagining of the Sun Structures album done by the remix team of Richard Norris and Erol Alkan, aka Beyond the Wizard's Sleeve.
Temples spent the next two years writing songs and recording in Bagshaw's living room while also keeping up a steady slate of concert appearances. ""Certainty,"" the first song from their second album, debuted in late 2015 and featured the addition of synthesizers to their retro-psych sound. Produced by Bagshaw, with Smith contributing to the songwriting, the slightly more forward-sounding Volcano was issued by Fat Possum in March 2017. Temples hit the road to play a full slate of dates, and in early 2018 found themselves looking for a drummer when Toms left the group. They added PAUW's Rens Ottink to the live band for late 2018 shows. Along the way, the group also left Heavenly Records to sign with ATO. Their first album for the label, 2019's Hot Motion, was recorded in an outbuilding near Bagshaw's country home and had a synthesizer-free, guitar-heavy sound that was more in line with their debut. Their subsequent tour to support the album was cut short in 2020 by the COVID-19 pandemic; instead, the band turned to writing material for their next album. Before they got too far, their label asked them for a new song and the band dug up a track considered for Hot Motion that was ultimately rejected. They recorded ""Paraphernalia"" in their home studio with remote help from a fellow musician who was a big fan of the group, Sean Ono Lennon. The disco-inspired song was mixed by famed indie rock producer Dave Fridmann and released as a stand-alone single in late 2020. When COVID restrictions loosened up, the band -- who now counted Ottink as an official member -- headed to upstate New York to work with Lennon in his studio. The resulting album, 2023's Exotico, is their most gently experimental album yet, the usual psychedelic sound bolstered by full arrangements of chiming guitars and space-y keyboards, gentle melodies, synthesized basslines, the occasional detour into soft rock, and Fridmann's delicately layered mix. Soon after the album's release in April, the band embarked on a North American tour. ~ Matt Collar & Tim Sendra",In My Pocket,Unknown,https://www.youtube.com/watch?v=5NJRBf-vVBg&list=RD5NJRBf-vVBg&start_radio=1&pp=ygUWVGVtcGxlcyAtIEluIE15IFBvY2tldKAHAQ%3D%3D
Volcano,https://lastfm.freetls.fastly.net/i/u/300x300/86cde0f85893cf063a999de5bd748169.jpg,Temples,2017-03-03,"British neo-psychedelic band Temples combine a trippily retro approach with classic pop craftsmanship, though they aren't afraid to stretch the fuzzy boundaries of their chosen sound. The group debuted a core style of chiming guitars, tight harmonies, and an easygoing T. Rex-inspired boogie on 2014's Sun Structures, an album that gained the band a following that expanded beyond neo-psych circles. Nonetheless, Temples found themselves at the forefront of a miniature psychedelic revival, along with fellow travelers King Gizzard and Tame Impala. Their guiding principles stayed firmly intact, even when exploring synth-heavy territory as they do on 2017's Volcano, or giving their sound a sonic glow up courtesy of a Dave Fridmann mix on 20223's Exotico.
Formed in Kettering, a medium-sized city outside of London, Temples initially centered around the talents of songwriting duo vocalist/guitarist James Bagshaw and vocalist/bassist Thomas Warmsley. After adding drummer Sam Toms and guitarist/keyboard player Adam Smith to the group, they released their debut single, ""Shelter Song,"" on Heavenly in 2012. Following a busy 2013 spent playing shows, recording an album, and releasing two singles (""Colours to Life"" and ""Keep in the Dark""), the band's first long-player, the Bagshaw-produced Sun Structures, was released in early 2014. A steady stream of tour dates around the world, and an unlikely appearance on The Ellen DeGeneres Show, kept Temples busy the rest of the year. Near the year's end, Heavenly released Sun Restructured, a super-trippy reimagining of the Sun Structures album done by the remix team of Richard Norris and Erol Alkan, aka Beyond the Wizard's Sleeve.
Temples spent the next two years writing songs and recording in Bagshaw's living room while also keeping up a steady slate of concert appearances. ""Certainty,"" the first song from their second album, debuted in late 2015 and featured the addition of synthesizers to their retro-psych sound. Produced by Bagshaw, with Smith contributing to the songwriting, the slightly more forward-sounding Volcano was issued by Fat Possum in March 2017. Temples hit the road to play a full slate of dates, and in early 2018 found themselves looking for a drummer when Toms left the group. They added PAUW's Rens Ottink to the live band for late 2018 shows. Along the way, the group also left Heavenly Records to sign with ATO. Their first album for the label, 2019's Hot Motion, was recorded in an outbuilding near Bagshaw's country home and had a synthesizer-free, guitar-heavy sound that was more in line with their debut. Their subsequent tour to support the album was cut short in 2020 by the COVID-19 pandemic; instead, the band turned to writing material for their next album. Before they got too far, their label asked them for a new song and the band dug up a track considered for Hot Motion that was ultimately rejected. They recorded ""Paraphernalia"" in their home studio with remote help from a fellow musician who was a big fan of the group, Sean Ono Lennon. The disco-inspired song was mixed by famed indie rock producer Dave Fridmann and released as a stand-alone single in late 2020. When COVID restrictions loosened up, the band -- who now counted Ottink as an official member -- headed to upstate New York to work with Lennon in his studio. The resulting album, 2023's Exotico, is their most gently experimental album yet, the usual psychedelic sound bolstered by full arrangements of chiming guitars and space-y keyboards, gentle melodies, synthesized basslines, the occasional detour into soft rock, and Fridmann's delicately layered mix. Soon after the album's release in April, the band embarked on a North American tour. ~ Matt Collar & Tim Sendra",Celebration,Unknown,https://www.youtube.com/watch?v=p4cx2SUqn9Q&list=RDp4cx2SUqn9Q&start_radio=1&pp=ygUTVGVtcGxlcyBDZWxlYnJhdGlvbqAHAQ%3D%3D
Volcano,https://lastfm.freetls.fastly.net/i/u/300x300/86cde0f85893cf063a999de5bd748169.jpg,Temples,2017-03-03,"British neo-psychedelic band Temples combine a trippily retro approach with classic pop craftsmanship, though they aren't afraid to stretch the fuzzy boundaries of their chosen sound. The group debuted a core style of chiming guitars, tight harmonies, and an easygoing T. Rex-inspired boogie on 2014's Sun Structures, an album that gained the band a following that expanded beyond neo-psych circles. Nonetheless, Temples found themselves at the forefront of a miniature psychedelic revival, along with fellow travelers King Gizzard and Tame Impala. Their guiding principles stayed firmly intact, even when exploring synth-heavy territory as they do on 2017's Volcano, or giving their sound a sonic glow up courtesy of a Dave Fridmann mix on 20223's Exotico.
Formed in Kettering, a medium-sized city outside of London, Temples initially centered around the talents of songwriting duo vocalist/guitarist James Bagshaw and vocalist/bassist Thomas Warmsley. After adding drummer Sam Toms and guitarist/keyboard player Adam Smith to the group, they released their debut single, ""Shelter Song,"" on Heavenly in 2012. Following a busy 2013 spent playing shows, recording an album, and releasing two singles (""Colours to Life"" and ""Keep in the Dark""), the band's first long-player, the Bagshaw-produced Sun Structures, was released in early 2014. A steady stream of tour dates around the world, and an unlikely appearance on The Ellen DeGeneres Show, kept Temples busy the rest of the year. Near the year's end, Heavenly released Sun Restructured, a super-trippy reimagining of the Sun Structures album done by the remix team of Richard Norris and Erol Alkan, aka Beyond the Wizard's Sleeve.
Temples spent the next two years writing songs and recording in Bagshaw's living room while also keeping up a steady slate of concert appearances. ""Certainty,"" the first song from their second album, debuted in late 2015 and featured the addition of synthesizers to their retro-psych sound. Produced by Bagshaw, with Smith contributing to the songwriting, the slightly more forward-sounding Volcano was issued by Fat Possum in March 2017. Temples hit the road to play a full slate of dates, and in early 2018 found themselves looking for a drummer when Toms left the group. They added PAUW's Rens Ottink to the live band for late 2018 shows. Along the way, the group also left Heavenly Records to sign with ATO. Their first album for the label, 2019's Hot Motion, was recorded in an outbuilding near Bagshaw's country home and had a synthesizer-free, guitar-heavy sound that was more in line with their debut. Their subsequent tour to support the album was cut short in 2020 by the COVID-19 pandemic; instead, the band turned to writing material for their next album. Before they got too far, their label asked them for a new song and the band dug up a track considered for Hot Motion that was ultimately rejected. They recorded ""Paraphernalia"" in their home studio with remote help from a fellow musician who was a big fan of the group, Sean Ono Lennon. The disco-inspired song was mixed by famed indie rock producer Dave Fridmann and released as a stand-alone single in late 2020. When COVID restrictions loosened up, the band -- who now counted Ottink as an official member -- headed to upstate New York to work with Lennon in his studio. The resulting album, 2023's Exotico, is their most gently experimental album yet, the usual psychedelic sound bolstered by full arrangements of chiming guitars and space-y keyboards, gentle melodies, synthesized basslines, the occasional detour into soft rock, and Fridmann's delicately layered mix. Soon after the album's release in April, the band embarked on a North American tour. ~ Matt Collar & Tim Sendra",Mystery of Pop,Unknown,https://www.youtube.com/watch?v=LqNeLstI7gE&list=RDLqNeLstI7gE&start_radio=1&pp=ygUWVGVtcGxlcyBNeXN0ZXJ5IG9mIFBvcKAHAQ%3D%3D
Volcano,https://lastfm.freetls.fastly.net/i/u/300x300/86cde0f85893cf063a999de5bd748169.jpg,Temples,2017-03-03,"British neo-psychedelic band Temples combine a trippily retro approach with classic pop craftsmanship, though they aren't afraid to stretch the fuzzy boundaries of their chosen sound. The group debuted a core style of chiming guitars, tight harmonies, and an easygoing T. Rex-inspired boogie on 2014's Sun Structures, an album that gained the band a following that expanded beyond neo-psych circles. Nonetheless, Temples found themselves at the forefront of a miniature psychedelic revival, along with fellow travelers King Gizzard and Tame Impala. Their guiding principles stayed firmly intact, even when exploring synth-heavy territory as they do on 2017's Volcano, or giving their sound a sonic glow up courtesy of a Dave Fridmann mix on 20223's Exotico.
Formed in Kettering, a medium-sized city outside of London, Temples initially centered around the talents of songwriting duo vocalist/guitarist James Bagshaw and vocalist/bassist Thomas Warmsley. After adding drummer Sam Toms and guitarist/keyboard player Adam Smith to the group, they released their debut single, ""Shelter Song,"" on Heavenly in 2012. Following a busy 2013 spent playing shows, recording an album, and releasing two singles (""Colours to Life"" and ""Keep in the Dark""), the band's first long-player, the Bagshaw-produced Sun Structures, was released in early 2014. A steady stream of tour dates around the world, and an unlikely appearance on The Ellen DeGeneres Show, kept Temples busy the rest of the year. Near the year's end, Heavenly released Sun Restructured, a super-trippy reimagining of the Sun Structures album done by the remix team of Richard Norris and Erol Alkan, aka Beyond the Wizard's Sleeve.
Temples spent the next two years writing songs and recording in Bagshaw's living room while also keeping up a steady slate of concert appearances. ""Certainty,"" the first song from their second album, debuted in late 2015 and featured the addition of synthesizers to their retro-psych sound. Produced by Bagshaw, with Smith contributing to the songwriting, the slightly more forward-sounding Volcano was issued by Fat Possum in March 2017. Temples hit the road to play a full slate of dates, and in early 2018 found themselves looking for a drummer when Toms left the group. They added PAUW's Rens Ottink to the live band for late 2018 shows. Along the way, the group also left Heavenly Records to sign with ATO. Their first album for the label, 2019's Hot Motion, was recorded in an outbuilding near Bagshaw's country home and had a synthesizer-free, guitar-heavy sound that was more in line with their debut. Their subsequent tour to support the album was cut short in 2020 by the COVID-19 pandemic; instead, the band turned to writing material for their next album. Before they got too far, their label asked them for a new song and the band dug up a track considered for Hot Motion that was ultimately rejected. They recorded ""Paraphernalia"" in their home studio with remote help from a fellow musician who was a big fan of the group, Sean Ono Lennon. The disco-inspired song was mixed by famed indie rock producer Dave Fridmann and released as a stand-alone single in late 2020. When COVID restrictions loosened up, the band -- who now counted Ottink as an official member -- headed to upstate New York to work with Lennon in his studio. The resulting album, 2023's Exotico, is their most gently experimental album yet, the usual psychedelic sound bolstered by full arrangements of chiming guitars and space-y keyboards, gentle melodies, synthesized basslines, the occasional detour into soft rock, and Fridmann's delicately layered mix. Soon after the album's release in April, the band embarked on a North American tour. ~ Matt Collar & Tim Sendra",Roman God-Like Man,Unknown,https://www.youtube.com/watch?v=JkENXPbQloY&list=RDJkENXPbQloY&start_radio=1&pp=ygUaVGVtcGxlcyBSb21hbiBHb2QtTGlrZSBNYW6gBwHSBwkJTwoBhyohjO8%3D
Volcano,https://lastfm.freetls.fastly.net/i/u/300x300/86cde0f85893cf063a999de5bd748169.jpg,Temples,2017-03-03,"British neo-psychedelic band Temples combine a trippily retro approach with classic pop craftsmanship, though they aren't afraid to stretch the fuzzy boundaries of their chosen sound. The group debuted a core style of chiming guitars, tight harmonies, and an easygoing T. Rex-inspired boogie on 2014's Sun Structures, an album that gained the band a following that expanded beyond neo-psych circles. Nonetheless, Temples found themselves at the forefront of a miniature psychedelic revival, along with fellow travelers King Gizzard and Tame Impala. Their guiding principles stayed firmly intact, even when exploring synth-heavy territory as they do on 2017's Volcano, or giving their sound a sonic glow up courtesy of a Dave Fridmann mix on 20223's Exotico.
Formed in Kettering, a medium-sized city outside of London, Temples initially centered around the talents of songwriting duo vocalist/guitarist James Bagshaw and vocalist/bassist Thomas Warmsley. After adding drummer Sam Toms and guitarist/keyboard player Adam Smith to the group, they released their debut single, ""Shelter Song,"" on Heavenly in 2012. Following a busy 2013 spent playing shows, recording an album, and releasing two singles (""Colours to Life"" and ""Keep in the Dark""), the band's first long-player, the Bagshaw-produced Sun Structures, was released in early 2014. A steady stream of tour dates around the world, and an unlikely appearance on The Ellen DeGeneres Show, kept Temples busy the rest of the year. Near the year's end, Heavenly released Sun Restructured, a super-trippy reimagining of the Sun Structures album done by the remix team of Richard Norris and Erol Alkan, aka Beyond the Wizard's Sleeve.
Temples spent the next two years writing songs and recording in Bagshaw's living room while also keeping up a steady slate of concert appearances. ""Certainty,"" the first song from their second album, debuted in late 2015 and featured the addition of synthesizers to their retro-psych sound. Produced by Bagshaw, with Smith contributing to the songwriting, the slightly more forward-sounding Volcano was issued by Fat Possum in March 2017. Temples hit the road to play a full slate of dates, and in early 2018 found themselves looking for a drummer when Toms left the group. They added PAUW's Rens Ottink to the live band for late 2018 shows. Along the way, the group also left Heavenly Records to sign with ATO. Their first album for the label, 2019's Hot Motion, was recorded in an outbuilding near Bagshaw's country home and had a synthesizer-free, guitar-heavy sound that was more in line with their debut. Their subsequent tour to support the album was cut short in 2020 by the COVID-19 pandemic; instead, the band turned to writing material for their next album. Before they got too far, their label asked them for a new song and the band dug up a track considered for Hot Motion that was ultimately rejected. They recorded ""Paraphernalia"" in their home studio with remote help from a fellow musician who was a big fan of the group, Sean Ono Lennon. The disco-inspired song was mixed by famed indie rock producer Dave Fridmann and released as a stand-alone single in late 2020. When COVID restrictions loosened up, the band -- who now counted Ottink as an official member -- headed to upstate New York to work with Lennon in his studio. The resulting album, 2023's Exotico, is their most gently experimental album yet, the usual psychedelic sound bolstered by full arrangements of chiming guitars and space-y keyboards, gentle melodies, synthesized basslines, the occasional detour into soft rock, and Fridmann's delicately layered mix. Soon after the album's release in April, the band embarked on a North American tour. ~ Matt Collar & Tim Sendra",Strange or Be Forgotten,Unknown,https://www.youtube.com/watch?v=2x7tU8toCos&list=RD2x7tU8toCos&start_radio=1&pp=ygUfVGVtcGxlcyBTdHJhbmdlIG9yIEJlIEZvcmdvdHRlbqAHAQ%3D%3D
The Legacy,https://lastfm.freetls.fastly.net/i/u/300x300/ab2d3de3da75bb0758c06fa69a734fd1.jpg,Testament,1987-04-21,"One of the most influential thrash acts to emerge from the Bay Area in Metallica's wake, Testament, who initially operated under the moniker Legacy, helped to lead the genre's second wave in the late 1980s. Part of the thrash metal ""big eight,"" which also includes Metallica, Megadeth, Slayer, Anthrax, Exodus, Overkill, and Death Angel, the band found mainstream success in 1988 with the release of their sophomore outing, The New Order. Despite enduring multiple personnel changes over the years -- guitarist Eric Peterson has remained the group's sole constant member -- Testament have remained active for decades and experienced a resurgence in popularity in the 2010s with acclaimed efforts like Dark Roots of Earth (2012), Brotherhood of the Snake (2016), and Titans of Creation (2020).
Influenced by the then-emerging Bay Area thrash metal scene, vocalist Steve Souza, guitarists Eric Peterson and Derrick Ramirez, bassist Greg Christian, and drummer Louie Clemente formed Legacy in late 1983. But it wasn't until the arrival of lead guitarist Alex Skolnick and a name change to Testament two years later that the band's Metallica-inspired thrash metal began distinguishing them from less-refined peers such as Forbidden and Vio-Lence. By 1986, the group were attracting record company attention, but they were handed a severe blow when Souza abruptly quit to join original Bay Area scene legends Exodus. Ironically, however, his departure would prove a godsend, as the band soon drafted a significantly more versatile (and downright intimidating) replacement in Chuck Billy. His greater melodic talents and inimitable, bowl-shaking growl would better complement Testament's increasing diversity and mastery of melodic crunch.
Signed by thrash metal mecca Megaforce Records, the group lent their original name to the following year's remarkable debut, The Legacy. Hailed as an instant classic within thrash metal circles, the album's coupling of furious riffs and harmonic sensibility stood second only to Metallica in controlled power, technical delivery, and sheer confidence. It also benefited from Megaforce's recently obtained distribution deal with Atlantic Records, and Testament lived up to their promise while touring America and Europe in support of Anthrax, the latter then experiencing their own peak with the Among the Living album. Recorded on that tour, the Live at Eindhoven EP cemented Testament's standing as champions of thrash's second wave, and despite lacking the consistency of their debut, 1988's sophomore The New Order maintained their forward momentum and led to yet another lengthy world tour that took the band as far as South America.
More focused and driven than ever, Testament took painstaking care in constructing their follow-up, 1989's Practice What You Preach, a massive achievement that saw them expanding their melodic reach while losing none of their power and aggression. A year-long tour, including a long stint headlining over Savatage and Wrathchild America across the U.S., ensued and even MTV gave their videos a respectable amount of exposure. Testament truly seemed poised on the verge of greatness when everything started to unravel. Offered the chance to support Judas Priest on their career-revitalizing Painkiller tour (also featuring Megadeth), Testament rushed straight from the back of their tour bus and into the studio to record 1990's Souls of Black. A hodgepodge collection of rehashed demos and unfinished ideas, the album stalled on record store shelves and the seeds of frustration and discontent were sown. Not even a coveted slot on the European leg of the Clash of the Titans tour, alongside Slayer, Megadeth, and Suicidal Tendencies, could stall the inevitable, and the band started tearing apart at the seams.
By the time they regrouped with 1992's somewhat improved The Ritual, grunge had arrived, musical tastes had changed drastically, and Testament were only one of countless casualties whose once highly anticipated albums fell on deaf ears. Ace guitarist Skolnick, who had long complained of the creative limitations imposed by the band's style, was the first casualty, leaving to join Savatage. He was replaced by Glen Alvelais (ex-Forbidden) for the subsequent tour, which also saw the firing of drummer Clemente midway through, replaced by another Forbidden alum, Paul Bostaph. Following the rather pointless Return to the Apocalyptic City EP, 1994's brutally negative Low -- featuring journeyman James Murphy (Death, Obituary, Cancer, etc.) on guitar and Exodus' John Tempesta on drums -- would be their last with Atlantic. Tempesta was soon off to join White Zombie, and new drummer Jon Dette (ex-Evil Dead) only lasted long enough to perform on their next tour before also leaving to join Slayer.
Amazingly, Testament persisted, launching their own Burnt Offerings label to release 1995's Live at the Fillmore and another studio effort, 1997's Demonic. The latter renewed their violent commitment to going back to basics, and featured legendary drummer Gene Hoglan (ex-Dark Angel, Death) and returning founding member Derrick Ramirez, now replacing departed bassist Christian. While their former home Atlantic was busy releasing the Signs of Chaos greatest-hits collection, Testament were moving forward with yet another independent release, 1999's The Gathering, which saw usual suspects Billy and Peterson supported by bassist Steve DiGiorgio, returning guitarist James Murphy, and the awesome talents of original Slayer drummer Dave Lombardo.
A major snag was right around the corner, however, when popular frontman Chuck Billy was diagnosed with cancer, prompting a slew of benefit concerts throughout the Bay Area to raise funds for his treatment. Thankfully, he recovered in due time, and Testament chose to celebrate by welcoming back former members Steve Souza and Alex Skolnick (now involved with the Trans-Siberian Orchestra, but predominantly acting as a jazz player fronting his own New York-based trio) to participate in a personally sanctioned collection of their best-loved songs, released in 2001 as First Strike Still Deadly. Eric Peterson was also active with a black metal side project named Dragonlord around this time, and little was heard of Testament in the next few years.
Another retrospective collection (Days of Darkness, featuring one disc of highlights from the group's late-'90s releases and a second simply recycling First Strike Still Deadly) was released in 2004, and in 2005 Testament's classic lineup of Billy, Skolnick, Peterson, Christian, and Clemente reunited for a tour including several major European festival engagements; occasional drummer John Tempesta spelled their long inactive original drummer on some of their more challenging material. In 2008, Testament released their first studio album in nine years, The Formation of Damnation, followed by a steady stream of live performances, including a stint as the supporting act for Judas Priest, Motörhead, and Heaven & Hell on the Metal Masters tour. The band's tenth studio album, Dark Roots of Earth, arrived in 2012 on Nuclear Blast, followed in 2013 by the live double album/DVD Dark Roots of Thrash.
The bandmembers promised to start releasing music more frequently, and made good on their word with another new studio album in 2016, Brotherhood of the Snake. Named for an ancient secret society, it saw them return to their thrash roots with some of their fastest material in ages, and featured the return to the fold of bassist Steve DiGiorgio for the first time in 15 years. The 2020 follow-up, Titans of Creation, their 13th studio album, was co-produced by Juan Urteaga and tackled mythological themes. It marked the first time since 1992's The Ritual that the band had recorded two albums in a row with the same lineup. ~ Eduardo Rivadavia",Apocalyptic City,Unknown,https://www.youtube.com/watch?v=dJtG_1s2hnQ&pp=ygUcVGVzdGFtZW50IC0gQXBvY2FseXB0aWMgQ2l0eQ%3D%3D
Practice What You Preach,https://lastfm.freetls.fastly.net/i/u/300x300/b5987c6bad6fc81b3284a48c1cb9ef40.jpg,Testament,1989-08-04,"One of the most influential thrash acts to emerge from the Bay Area in Metallica's wake, Testament, who initially operated under the moniker Legacy, helped to lead the genre's second wave in the late 1980s. Part of the thrash metal ""big eight,"" which also includes Metallica, Megadeth, Slayer, Anthrax, Exodus, Overkill, and Death Angel, the band found mainstream success in 1988 with the release of their sophomore outing, The New Order. Despite enduring multiple personnel changes over the years -- guitarist Eric Peterson has remained the group's sole constant member -- Testament have remained active for decades and experienced a resurgence in popularity in the 2010s with acclaimed efforts like Dark Roots of Earth (2012), Brotherhood of the Snake (2016), and Titans of Creation (2020).
Influenced by the then-emerging Bay Area thrash metal scene, vocalist Steve Souza, guitarists Eric Peterson and Derrick Ramirez, bassist Greg Christian, and drummer Louie Clemente formed Legacy in late 1983. But it wasn't until the arrival of lead guitarist Alex Skolnick and a name change to Testament two years later that the band's Metallica-inspired thrash metal began distinguishing them from less-refined peers such as Forbidden and Vio-Lence. By 1986, the group were attracting record company attention, but they were handed a severe blow when Souza abruptly quit to join original Bay Area scene legends Exodus. Ironically, however, his departure would prove a godsend, as the band soon drafted a significantly more versatile (and downright intimidating) replacement in Chuck Billy. His greater melodic talents and inimitable, bowl-shaking growl would better complement Testament's increasing diversity and mastery of melodic crunch.
Signed by thrash metal mecca Megaforce Records, the group lent their original name to the following year's remarkable debut, The Legacy. Hailed as an instant classic within thrash metal circles, the album's coupling of furious riffs and harmonic sensibility stood second only to Metallica in controlled power, technical delivery, and sheer confidence. It also benefited from Megaforce's recently obtained distribution deal with Atlantic Records, and Testament lived up to their promise while touring America and Europe in support of Anthrax, the latter then experiencing their own peak with the Among the Living album. Recorded on that tour, the Live at Eindhoven EP cemented Testament's standing as champions of thrash's second wave, and despite lacking the consistency of their debut, 1988's sophomore The New Order maintained their forward momentum and led to yet another lengthy world tour that took the band as far as South America.
More focused and driven than ever, Testament took painstaking care in constructing their follow-up, 1989's Practice What You Preach, a massive achievement that saw them expanding their melodic reach while losing none of their power and aggression. A year-long tour, including a long stint headlining over Savatage and Wrathchild America across the U.S., ensued and even MTV gave their videos a respectable amount of exposure. Testament truly seemed poised on the verge of greatness when everything started to unravel. Offered the chance to support Judas Priest on their career-revitalizing Painkiller tour (also featuring Megadeth), Testament rushed straight from the back of their tour bus and into the studio to record 1990's Souls of Black. A hodgepodge collection of rehashed demos and unfinished ideas, the album stalled on record store shelves and the seeds of frustration and discontent were sown. Not even a coveted slot on the European leg of the Clash of the Titans tour, alongside Slayer, Megadeth, and Suicidal Tendencies, could stall the inevitable, and the band started tearing apart at the seams.
By the time they regrouped with 1992's somewhat improved The Ritual, grunge had arrived, musical tastes had changed drastically, and Testament were only one of countless casualties whose once highly anticipated albums fell on deaf ears. Ace guitarist Skolnick, who had long complained of the creative limitations imposed by the band's style, was the first casualty, leaving to join Savatage. He was replaced by Glen Alvelais (ex-Forbidden) for the subsequent tour, which also saw the firing of drummer Clemente midway through, replaced by another Forbidden alum, Paul Bostaph. Following the rather pointless Return to the Apocalyptic City EP, 1994's brutally negative Low -- featuring journeyman James Murphy (Death, Obituary, Cancer, etc.) on guitar and Exodus' John Tempesta on drums -- would be their last with Atlantic. Tempesta was soon off to join White Zombie, and new drummer Jon Dette (ex-Evil Dead) only lasted long enough to perform on their next tour before also leaving to join Slayer.
Amazingly, Testament persisted, launching their own Burnt Offerings label to release 1995's Live at the Fillmore and another studio effort, 1997's Demonic. The latter renewed their violent commitment to going back to basics, and featured legendary drummer Gene Hoglan (ex-Dark Angel, Death) and returning founding member Derrick Ramirez, now replacing departed bassist Christian. While their former home Atlantic was busy releasing the Signs of Chaos greatest-hits collection, Testament were moving forward with yet another independent release, 1999's The Gathering, which saw usual suspects Billy and Peterson supported by bassist Steve DiGiorgio, returning guitarist James Murphy, and the awesome talents of original Slayer drummer Dave Lombardo.
A major snag was right around the corner, however, when popular frontman Chuck Billy was diagnosed with cancer, prompting a slew of benefit concerts throughout the Bay Area to raise funds for his treatment. Thankfully, he recovered in due time, and Testament chose to celebrate by welcoming back former members Steve Souza and Alex Skolnick (now involved with the Trans-Siberian Orchestra, but predominantly acting as a jazz player fronting his own New York-based trio) to participate in a personally sanctioned collection of their best-loved songs, released in 2001 as First Strike Still Deadly. Eric Peterson was also active with a black metal side project named Dragonlord around this time, and little was heard of Testament in the next few years.
Another retrospective collection (Days of Darkness, featuring one disc of highlights from the group's late-'90s releases and a second simply recycling First Strike Still Deadly) was released in 2004, and in 2005 Testament's classic lineup of Billy, Skolnick, Peterson, Christian, and Clemente reunited for a tour including several major European festival engagements; occasional drummer John Tempesta spelled their long inactive original drummer on some of their more challenging material. In 2008, Testament released their first studio album in nine years, The Formation of Damnation, followed by a steady stream of live performances, including a stint as the supporting act for Judas Priest, Motörhead, and Heaven & Hell on the Metal Masters tour. The band's tenth studio album, Dark Roots of Earth, arrived in 2012 on Nuclear Blast, followed in 2013 by the live double album/DVD Dark Roots of Thrash.
The bandmembers promised to start releasing music more frequently, and made good on their word with another new studio album in 2016, Brotherhood of the Snake. Named for an ancient secret society, it saw them return to their thrash roots with some of their fastest material in ages, and featured the return to the fold of bassist Steve DiGiorgio for the first time in 15 years. The 2020 follow-up, Titans of Creation, their 13th studio album, was co-produced by Juan Urteaga and tackled mythological themes. It marked the first time since 1992's The Ritual that the band had recorded two albums in a row with the same lineup. ~ Eduardo Rivadavia",Practice What You Preach,Unknown,https://www.youtube.com/watch?v=FQfgET6TxDY&pp=ygUiVGVzdGFtZW50IFByYWN0aWNlIFdoYXQgWW91IFByZWFjaA%3D%3D
Practice What You Preach,https://lastfm.freetls.fastly.net/i/u/300x300/b5987c6bad6fc81b3284a48c1cb9ef40.jpg,Testament,1989-08-04,"One of the most influential thrash acts to emerge from the Bay Area in Metallica's wake, Testament, who initially operated under the moniker Legacy, helped to lead the genre's second wave in the late 1980s. Part of the thrash metal ""big eight,"" which also includes Metallica, Megadeth, Slayer, Anthrax, Exodus, Overkill, and Death Angel, the band found mainstream success in 1988 with the release of their sophomore outing, The New Order. Despite enduring multiple personnel changes over the years -- guitarist Eric Peterson has remained the group's sole constant member -- Testament have remained active for decades and experienced a resurgence in popularity in the 2010s with acclaimed efforts like Dark Roots of Earth (2012), Brotherhood of the Snake (2016), and Titans of Creation (2020).
Influenced by the then-emerging Bay Area thrash metal scene, vocalist Steve Souza, guitarists Eric Peterson and Derrick Ramirez, bassist Greg Christian, and drummer Louie Clemente formed Legacy in late 1983. But it wasn't until the arrival of lead guitarist Alex Skolnick and a name change to Testament two years later that the band's Metallica-inspired thrash metal began distinguishing them from less-refined peers such as Forbidden and Vio-Lence. By 1986, the group were attracting record company attention, but they were handed a severe blow when Souza abruptly quit to join original Bay Area scene legends Exodus. Ironically, however, his departure would prove a godsend, as the band soon drafted a significantly more versatile (and downright intimidating) replacement in Chuck Billy. His greater melodic talents and inimitable, bowl-shaking growl would better complement Testament's increasing diversity and mastery of melodic crunch.
Signed by thrash metal mecca Megaforce Records, the group lent their original name to the following year's remarkable debut, The Legacy. Hailed as an instant classic within thrash metal circles, the album's coupling of furious riffs and harmonic sensibility stood second only to Metallica in controlled power, technical delivery, and sheer confidence. It also benefited from Megaforce's recently obtained distribution deal with Atlantic Records, and Testament lived up to their promise while touring America and Europe in support of Anthrax, the latter then experiencing their own peak with the Among the Living album. Recorded on that tour, the Live at Eindhoven EP cemented Testament's standing as champions of thrash's second wave, and despite lacking the consistency of their debut, 1988's sophomore The New Order maintained their forward momentum and led to yet another lengthy world tour that took the band as far as South America.
More focused and driven than ever, Testament took painstaking care in constructing their follow-up, 1989's Practice What You Preach, a massive achievement that saw them expanding their melodic reach while losing none of their power and aggression. A year-long tour, including a long stint headlining over Savatage and Wrathchild America across the U.S., ensued and even MTV gave their videos a respectable amount of exposure. Testament truly seemed poised on the verge of greatness when everything started to unravel. Offered the chance to support Judas Priest on their career-revitalizing Painkiller tour (also featuring Megadeth), Testament rushed straight from the back of their tour bus and into the studio to record 1990's Souls of Black. A hodgepodge collection of rehashed demos and unfinished ideas, the album stalled on record store shelves and the seeds of frustration and discontent were sown. Not even a coveted slot on the European leg of the Clash of the Titans tour, alongside Slayer, Megadeth, and Suicidal Tendencies, could stall the inevitable, and the band started tearing apart at the seams.
By the time they regrouped with 1992's somewhat improved The Ritual, grunge had arrived, musical tastes had changed drastically, and Testament were only one of countless casualties whose once highly anticipated albums fell on deaf ears. Ace guitarist Skolnick, who had long complained of the creative limitations imposed by the band's style, was the first casualty, leaving to join Savatage. He was replaced by Glen Alvelais (ex-Forbidden) for the subsequent tour, which also saw the firing of drummer Clemente midway through, replaced by another Forbidden alum, Paul Bostaph. Following the rather pointless Return to the Apocalyptic City EP, 1994's brutally negative Low -- featuring journeyman James Murphy (Death, Obituary, Cancer, etc.) on guitar and Exodus' John Tempesta on drums -- would be their last with Atlantic. Tempesta was soon off to join White Zombie, and new drummer Jon Dette (ex-Evil Dead) only lasted long enough to perform on their next tour before also leaving to join Slayer.
Amazingly, Testament persisted, launching their own Burnt Offerings label to release 1995's Live at the Fillmore and another studio effort, 1997's Demonic. The latter renewed their violent commitment to going back to basics, and featured legendary drummer Gene Hoglan (ex-Dark Angel, Death) and returning founding member Derrick Ramirez, now replacing departed bassist Christian. While their former home Atlantic was busy releasing the Signs of Chaos greatest-hits collection, Testament were moving forward with yet another independent release, 1999's The Gathering, which saw usual suspects Billy and Peterson supported by bassist Steve DiGiorgio, returning guitarist James Murphy, and the awesome talents of original Slayer drummer Dave Lombardo.
A major snag was right around the corner, however, when popular frontman Chuck Billy was diagnosed with cancer, prompting a slew of benefit concerts throughout the Bay Area to raise funds for his treatment. Thankfully, he recovered in due time, and Testament chose to celebrate by welcoming back former members Steve Souza and Alex Skolnick (now involved with the Trans-Siberian Orchestra, but predominantly acting as a jazz player fronting his own New York-based trio) to participate in a personally sanctioned collection of their best-loved songs, released in 2001 as First Strike Still Deadly. Eric Peterson was also active with a black metal side project named Dragonlord around this time, and little was heard of Testament in the next few years.
Another retrospective collection (Days of Darkness, featuring one disc of highlights from the group's late-'90s releases and a second simply recycling First Strike Still Deadly) was released in 2004, and in 2005 Testament's classic lineup of Billy, Skolnick, Peterson, Christian, and Clemente reunited for a tour including several major European festival engagements; occasional drummer John Tempesta spelled their long inactive original drummer on some of their more challenging material. In 2008, Testament released their first studio album in nine years, The Formation of Damnation, followed by a steady stream of live performances, including a stint as the supporting act for Judas Priest, Motörhead, and Heaven & Hell on the Metal Masters tour. The band's tenth studio album, Dark Roots of Earth, arrived in 2012 on Nuclear Blast, followed in 2013 by the live double album/DVD Dark Roots of Thrash.
The bandmembers promised to start releasing music more frequently, and made good on their word with another new studio album in 2016, Brotherhood of the Snake. Named for an ancient secret society, it saw them return to their thrash roots with some of their fastest material in ages, and featured the return to the fold of bassist Steve DiGiorgio for the first time in 15 years. The 2020 follow-up, Titans of Creation, their 13th studio album, was co-produced by Juan Urteaga and tackled mythological themes. It marked the first time since 1992's The Ritual that the band had recorded two albums in a row with the same lineup. ~ Eduardo Rivadavia",The Ballad,Unknown,https://www.youtube.com/watch?v=sJ9-xPIuGs0&pp=ygUUVGVzdGFtZW50IFRoZSBCYWxsYWQ%3D
Souls of Black,https://lastfm.freetls.fastly.net/i/u/300x300/4cb3c3fb49120ce31aceffc3ad9eb6a9.png,Testament,1990-09-24,"One of the most influential thrash acts to emerge from the Bay Area in Metallica's wake, Testament, who initially operated under the moniker Legacy, helped to lead the genre's second wave in the late 1980s. Part of the thrash metal ""big eight,"" which also includes Metallica, Megadeth, Slayer, Anthrax, Exodus, Overkill, and Death Angel, the band found mainstream success in 1988 with the release of their sophomore outing, The New Order. Despite enduring multiple personnel changes over the years -- guitarist Eric Peterson has remained the group's sole constant member -- Testament have remained active for decades and experienced a resurgence in popularity in the 2010s with acclaimed efforts like Dark Roots of Earth (2012), Brotherhood of the Snake (2016), and Titans of Creation (2020).
Influenced by the then-emerging Bay Area thrash metal scene, vocalist Steve Souza, guitarists Eric Peterson and Derrick Ramirez, bassist Greg Christian, and drummer Louie Clemente formed Legacy in late 1983. But it wasn't until the arrival of lead guitarist Alex Skolnick and a name change to Testament two years later that the band's Metallica-inspired thrash metal began distinguishing them from less-refined peers such as Forbidden and Vio-Lence. By 1986, the group were attracting record company attention, but they were handed a severe blow when Souza abruptly quit to join original Bay Area scene legends Exodus. Ironically, however, his departure would prove a godsend, as the band soon drafted a significantly more versatile (and downright intimidating) replacement in Chuck Billy. His greater melodic talents and inimitable, bowl-shaking growl would better complement Testament's increasing diversity and mastery of melodic crunch.
Signed by thrash metal mecca Megaforce Records, the group lent their original name to the following year's remarkable debut, The Legacy. Hailed as an instant classic within thrash metal circles, the album's coupling of furious riffs and harmonic sensibility stood second only to Metallica in controlled power, technical delivery, and sheer confidence. It also benefited from Megaforce's recently obtained distribution deal with Atlantic Records, and Testament lived up to their promise while touring America and Europe in support of Anthrax, the latter then experiencing their own peak with the Among the Living album. Recorded on that tour, the Live at Eindhoven EP cemented Testament's standing as champions of thrash's second wave, and despite lacking the consistency of their debut, 1988's sophomore The New Order maintained their forward momentum and led to yet another lengthy world tour that took the band as far as South America.
More focused and driven than ever, Testament took painstaking care in constructing their follow-up, 1989's Practice What You Preach, a massive achievement that saw them expanding their melodic reach while losing none of their power and aggression. A year-long tour, including a long stint headlining over Savatage and Wrathchild America across the U.S., ensued and even MTV gave their videos a respectable amount of exposure. Testament truly seemed poised on the verge of greatness when everything started to unravel. Offered the chance to support Judas Priest on their career-revitalizing Painkiller tour (also featuring Megadeth), Testament rushed straight from the back of their tour bus and into the studio to record 1990's Souls of Black. A hodgepodge collection of rehashed demos and unfinished ideas, the album stalled on record store shelves and the seeds of frustration and discontent were sown. Not even a coveted slot on the European leg of the Clash of the Titans tour, alongside Slayer, Megadeth, and Suicidal Tendencies, could stall the inevitable, and the band started tearing apart at the seams.
By the time they regrouped with 1992's somewhat improved The Ritual, grunge had arrived, musical tastes had changed drastically, and Testament were only one of countless casualties whose once highly anticipated albums fell on deaf ears. Ace guitarist Skolnick, who had long complained of the creative limitations imposed by the band's style, was the first casualty, leaving to join Savatage. He was replaced by Glen Alvelais (ex-Forbidden) for the subsequent tour, which also saw the firing of drummer Clemente midway through, replaced by another Forbidden alum, Paul Bostaph. Following the rather pointless Return to the Apocalyptic City EP, 1994's brutally negative Low -- featuring journeyman James Murphy (Death, Obituary, Cancer, etc.) on guitar and Exodus' John Tempesta on drums -- would be their last with Atlantic. Tempesta was soon off to join White Zombie, and new drummer Jon Dette (ex-Evil Dead) only lasted long enough to perform on their next tour before also leaving to join Slayer.
Amazingly, Testament persisted, launching their own Burnt Offerings label to release 1995's Live at the Fillmore and another studio effort, 1997's Demonic. The latter renewed their violent commitment to going back to basics, and featured legendary drummer Gene Hoglan (ex-Dark Angel, Death) and returning founding member Derrick Ramirez, now replacing departed bassist Christian. While their former home Atlantic was busy releasing the Signs of Chaos greatest-hits collection, Testament were moving forward with yet another independent release, 1999's The Gathering, which saw usual suspects Billy and Peterson supported by bassist Steve DiGiorgio, returning guitarist James Murphy, and the awesome talents of original Slayer drummer Dave Lombardo.
A major snag was right around the corner, however, when popular frontman Chuck Billy was diagnosed with cancer, prompting a slew of benefit concerts throughout the Bay Area to raise funds for his treatment. Thankfully, he recovered in due time, and Testament chose to celebrate by welcoming back former members Steve Souza and Alex Skolnick (now involved with the Trans-Siberian Orchestra, but predominantly acting as a jazz player fronting his own New York-based trio) to participate in a personally sanctioned collection of their best-loved songs, released in 2001 as First Strike Still Deadly. Eric Peterson was also active with a black metal side project named Dragonlord around this time, and little was heard of Testament in the next few years.
Another retrospective collection (Days of Darkness, featuring one disc of highlights from the group's late-'90s releases and a second simply recycling First Strike Still Deadly) was released in 2004, and in 2005 Testament's classic lineup of Billy, Skolnick, Peterson, Christian, and Clemente reunited for a tour including several major European festival engagements; occasional drummer John Tempesta spelled their long inactive original drummer on some of their more challenging material. In 2008, Testament released their first studio album in nine years, The Formation of Damnation, followed by a steady stream of live performances, including a stint as the supporting act for Judas Priest, Motörhead, and Heaven & Hell on the Metal Masters tour. The band's tenth studio album, Dark Roots of Earth, arrived in 2012 on Nuclear Blast, followed in 2013 by the live double album/DVD Dark Roots of Thrash.
The bandmembers promised to start releasing music more frequently, and made good on their word with another new studio album in 2016, Brotherhood of the Snake. Named for an ancient secret society, it saw them return to their thrash roots with some of their fastest material in ages, and featured the return to the fold of bassist Steve DiGiorgio for the first time in 15 years. The 2020 follow-up, Titans of Creation, their 13th studio album, was co-produced by Juan Urteaga and tackled mythological themes. It marked the first time since 1992's The Ritual that the band had recorded two albums in a row with the same lineup. ~ Eduardo Rivadavia",Souls of Black,Unknown,https://www.youtube.com/watch?v=8YT8XX-640w&pp=ygUYVGVzdGFtZW50IFNvdWxzIG9mIEJsYWNr
Souls of Black,https://lastfm.freetls.fastly.net/i/u/300x300/4cb3c3fb49120ce31aceffc3ad9eb6a9.png,Testament,1990-09-24,"One of the most influential thrash acts to emerge from the Bay Area in Metallica's wake, Testament, who initially operated under the moniker Legacy, helped to lead the genre's second wave in the late 1980s. Part of the thrash metal ""big eight,"" which also includes Metallica, Megadeth, Slayer, Anthrax, Exodus, Overkill, and Death Angel, the band found mainstream success in 1988 with the release of their sophomore outing, The New Order. Despite enduring multiple personnel changes over the years -- guitarist Eric Peterson has remained the group's sole constant member -- Testament have remained active for decades and experienced a resurgence in popularity in the 2010s with acclaimed efforts like Dark Roots of Earth (2012), Brotherhood of the Snake (2016), and Titans of Creation (2020).
Influenced by the then-emerging Bay Area thrash metal scene, vocalist Steve Souza, guitarists Eric Peterson and Derrick Ramirez, bassist Greg Christian, and drummer Louie Clemente formed Legacy in late 1983. But it wasn't until the arrival of lead guitarist Alex Skolnick and a name change to Testament two years later that the band's Metallica-inspired thrash metal began distinguishing them from less-refined peers such as Forbidden and Vio-Lence. By 1986, the group were attracting record company attention, but they were handed a severe blow when Souza abruptly quit to join original Bay Area scene legends Exodus. Ironically, however, his departure would prove a godsend, as the band soon drafted a significantly more versatile (and downright intimidating) replacement in Chuck Billy. His greater melodic talents and inimitable, bowl-shaking growl would better complement Testament's increasing diversity and mastery of melodic crunch.
Signed by thrash metal mecca Megaforce Records, the group lent their original name to the following year's remarkable debut, The Legacy. Hailed as an instant classic within thrash metal circles, the album's coupling of furious riffs and harmonic sensibility stood second only to Metallica in controlled power, technical delivery, and sheer confidence. It also benefited from Megaforce's recently obtained distribution deal with Atlantic Records, and Testament lived up to their promise while touring America and Europe in support of Anthrax, the latter then experiencing their own peak with the Among the Living album. Recorded on that tour, the Live at Eindhoven EP cemented Testament's standing as champions of thrash's second wave, and despite lacking the consistency of their debut, 1988's sophomore The New Order maintained their forward momentum and led to yet another lengthy world tour that took the band as far as South America.
More focused and driven than ever, Testament took painstaking care in constructing their follow-up, 1989's Practice What You Preach, a massive achievement that saw them expanding their melodic reach while losing none of their power and aggression. A year-long tour, including a long stint headlining over Savatage and Wrathchild America across the U.S., ensued and even MTV gave their videos a respectable amount of exposure. Testament truly seemed poised on the verge of greatness when everything started to unravel. Offered the chance to support Judas Priest on their career-revitalizing Painkiller tour (also featuring Megadeth), Testament rushed straight from the back of their tour bus and into the studio to record 1990's Souls of Black. A hodgepodge collection of rehashed demos and unfinished ideas, the album stalled on record store shelves and the seeds of frustration and discontent were sown. Not even a coveted slot on the European leg of the Clash of the Titans tour, alongside Slayer, Megadeth, and Suicidal Tendencies, could stall the inevitable, and the band started tearing apart at the seams.
By the time they regrouped with 1992's somewhat improved The Ritual, grunge had arrived, musical tastes had changed drastically, and Testament were only one of countless casualties whose once highly anticipated albums fell on deaf ears. Ace guitarist Skolnick, who had long complained of the creative limitations imposed by the band's style, was the first casualty, leaving to join Savatage. He was replaced by Glen Alvelais (ex-Forbidden) for the subsequent tour, which also saw the firing of drummer Clemente midway through, replaced by another Forbidden alum, Paul Bostaph. Following the rather pointless Return to the Apocalyptic City EP, 1994's brutally negative Low -- featuring journeyman James Murphy (Death, Obituary, Cancer, etc.) on guitar and Exodus' John Tempesta on drums -- would be their last with Atlantic. Tempesta was soon off to join White Zombie, and new drummer Jon Dette (ex-Evil Dead) only lasted long enough to perform on their next tour before also leaving to join Slayer.
Amazingly, Testament persisted, launching their own Burnt Offerings label to release 1995's Live at the Fillmore and another studio effort, 1997's Demonic. The latter renewed their violent commitment to going back to basics, and featured legendary drummer Gene Hoglan (ex-Dark Angel, Death) and returning founding member Derrick Ramirez, now replacing departed bassist Christian. While their former home Atlantic was busy releasing the Signs of Chaos greatest-hits collection, Testament were moving forward with yet another independent release, 1999's The Gathering, which saw usual suspects Billy and Peterson supported by bassist Steve DiGiorgio, returning guitarist James Murphy, and the awesome talents of original Slayer drummer Dave Lombardo.
A major snag was right around the corner, however, when popular frontman Chuck Billy was diagnosed with cancer, prompting a slew of benefit concerts throughout the Bay Area to raise funds for his treatment. Thankfully, he recovered in due time, and Testament chose to celebrate by welcoming back former members Steve Souza and Alex Skolnick (now involved with the Trans-Siberian Orchestra, but predominantly acting as a jazz player fronting his own New York-based trio) to participate in a personally sanctioned collection of their best-loved songs, released in 2001 as First Strike Still Deadly. Eric Peterson was also active with a black metal side project named Dragonlord around this time, and little was heard of Testament in the next few years.
Another retrospective collection (Days of Darkness, featuring one disc of highlights from the group's late-'90s releases and a second simply recycling First Strike Still Deadly) was released in 2004, and in 2005 Testament's classic lineup of Billy, Skolnick, Peterson, Christian, and Clemente reunited for a tour including several major European festival engagements; occasional drummer John Tempesta spelled their long inactive original drummer on some of their more challenging material. In 2008, Testament released their first studio album in nine years, The Formation of Damnation, followed by a steady stream of live performances, including a stint as the supporting act for Judas Priest, Motörhead, and Heaven & Hell on the Metal Masters tour. The band's tenth studio album, Dark Roots of Earth, arrived in 2012 on Nuclear Blast, followed in 2013 by the live double album/DVD Dark Roots of Thrash.
The bandmembers promised to start releasing music more frequently, and made good on their word with another new studio album in 2016, Brotherhood of the Snake. Named for an ancient secret society, it saw them return to their thrash roots with some of their fastest material in ages, and featured the return to the fold of bassist Steve DiGiorgio for the first time in 15 years. The 2020 follow-up, Titans of Creation, their 13th studio album, was co-produced by Juan Urteaga and tackled mythological themes. It marked the first time since 1992's The Ritual that the band had recorded two albums in a row with the same lineup. ~ Eduardo Rivadavia",Seven Days of May,Unknown,https://www.youtube.com/watch?v=91O-g6r_RZo&pp=ygUbVGVzdGFtZW50IFNldmVuIERheXMgb2YgTWF5
Hollywood Park,https://lastfm.freetls.fastly.net/i/u/300x300/9ed713f4f4830bd3d46c6962686623bf.jpg,The Airborne Toxic Event,2020-05-22,"Formed by novelist/musician Mikel Jollett, the Airborne Toxic Event combine post-punk and literate indie rock with real literary cred. Emerging in 2008 with a lush synthesis of guitars, keyboards, and classical strings, the band found success with their sophomore effort, 2011's All at Once, which rose to the number 17 slot on the Billboard Albums chart. In 2020 the band issued their sixth LP, Hollywood Park, which served as the musical soundtrack to Jollett's memoir of the same name.
Founded in 2006 by Mikel Jollett during a tumultuous period in his life -- he was born into Synanon, an experimental community in Santa Monica that eventually turned into a violent cult -- the Airborne Toxic Event was named after a section in American author Don DeLillo's novel White Noise. The group initially took shape as a Los Angeles-based duo, with Jollett and drummer Daren Taylor serving as the only members. A roster expansion was eventually needed; as a result, classically trained violinist Anna Bulbrook was brought in to play viola and keyboards, jazz bassist Noah Harmon joined up, and the empty guitar slot was filled by Steven Chen. The band's first show as the Airborne Toxic Event took place in fall of 2006 and was followed by a regional rise to stardom, attracting offers from indie labels and accolades from magazines like Rolling Stone.
Riding the wave of industry buzz, the Event released their first EP and accompanying single (both titled Does This Mean You're Moving On?) in 2007, which only helped to heighten the band's standing in the indie scene. They signed with Majordomo Records in 2008 and released their self-titled first album, The Airborne Toxic Event, later that year. ""Sometime Around Midnight"" became a Top Ten modern rock hit, prompting Island Records to sign the band in early 2009. Two years later, the Airborne Toxic Event -- now signed to the same label as one of their major influences, U2 -- issued their sophomore release, All at Once, their most successful outing to date. A third album, Such Hot Blood, arrived on the label in 2013; it peaked at 27 on the Billboard 200. During 2014, the Event replaced bassist Noah Harmon with Adrian Rodriguez and jumped from Island Records to Epic. Their first album for their new label, the electro-pop-leaning Dope Machines, saw release in February 2015, as did the all acoustic Songs of God and Whiskey, the latter of which was released exclusively on the group's website. Anna Bulbrook left the fold in 2019 ahead of the arrival of their sixth long-player, 2020's Hollywood Park, which served as a companion piece to Jollett's memoir. ~ Chris True & James Christopher Monger",Hollywood Park,Unknown,https://www.youtube.com/watch?v=NHen9-9WsgY&pp=ygUnVGhlIEFpcmJvcm5lIFRveGljIEV2ZW50IEhvbGx5d29vZCBQYXJr
Eye in the Sky,https://lastfm.freetls.fastly.net/i/u/300x300/ed7c2b94e1ab36865693fe88637c0fc9.png,The Alan Parsons Project,1982-06-01,"Engineer/producer Alan Parsons and his colleague, songwriter and lyricist Eric Woolfson, formed the Alan Parsons Project in 1975. Throughout their career, the Alan Parsons Project recorded concept albums (including adaptations of Poe and Asimov books) with a revolving cast of session musicians. Released in 1982, Eye in the Sky was their greatest success; the title track charted in the Top Ten on the pop charts and the album went platinum. Although they weren't able to repeat that success, the group maintained a devoted cult audience, even after they stopped recording following 1987's Gaudi. ~ TiVo Staff",Sirius (instrumental),Unknown,https://www.youtube.com/watch?v=OkC_oi0ksuw&pp=ygUsVGhlIEFsYW4gUGFyc29ucyBQcm9qZWN0IFNpcml1cyBpbnN0cnVtZW50YWw%3D
Everything's Glitter,https://lastfm.freetls.fastly.net/i/u/300x300/956102f3dd61a68a1626ea836bc7a711.jpg,The Armed,2023-07-18,"An innovative and idiosyncratic Detroit-based punk collective, the Armed emerged in 2009 with an explosive and mercurial sound steeped in noise rock, hardcore, garage punk, electronicore, and pop. Fiercely D.I.Y. and protective of their identities, not to mention prone to outlandish media stunts, performance art pieces, and general media misdirection, the band independently issued three full-length efforts and a handful of EPs before unleashing their acclaimed fourth LP, Ultrapop, in 2021. They followed up on the success of the release in 2023 with the potent and star-studded Perfect Saviors.
Commencing in 2009 with These Are Lights, which was produced by Converge's Kurt Ballou, who is a frequent collaborator, the Armed went on a tear, issuing a string of shape-shifting EPs that featured a rotating cast of players and guest contributors, including Dillinger Escape Plan drummer Chris Pennie. Baptists' Nick Yacyshyn sat behind the kit for Untitled, the band's unrelenting 2015 sophomore effort. A concert LP, Unanticipated, appeared in 2016, followed by the studio effort Only Love in 2018, which utilized the skills of Converge drummer Ben Koller. In 2020 the band contributed the track ""Night City Aliens"" to the Cyberpunk 2077 soundtrack, and in 2021 they issued their most lauded outing to date, the forward-thinking heavy pop opus Ultrapop. The band conscripted Julien Baker, ex-Red Hot Chili Peppers guitarist Josh Klinghoffer, Illuminati Hotties' Sarah Tudzin, and Jane's Addiction's Eric Avery and Stephen Perkins, to help flesh out 2023's maximalist hardcore pop effort Perfect Saviors. ~ James Christopher Monger",Everything's Glitter,Unknown,https://www.youtube.com/watch?v=6zITs-sofZE&pp=ygUdVGhlIEFybWVkIEV2ZXJ5dGhpbmdzIEdsaXR0ZXI%3D
No Hard Feelings,https://lastfm.freetls.fastly.net/i/u/300x300/56bca10ccd8c9c7ebe2637df018c2e31.jpg,The Beaches,2025-08-29,"Canadian group the Beaches blend brash garage pop with glam rock flash and girl group attitude. They formed while the members were in high school, and their sugary punk-pop sound coalesced into something tougher and more '70s-inspired as they released more singles. Their 2017 debut album, Late Show, made enough of a splash to win them a Juno Award. They took home another Juno in 2022 for the compilation album Sisters Not Twins (The Professional Lovers Album). In 2023, they hit the Top 100 of the Canadian albums chart with their sophomore long-player, Blame My Ex, which featured the viral hit ""Blame Brett"" and resulted in two more Juno Awards (Rock Album and Group of the Year). Their third album, No Hard Feelings, followed in 2025.
Named after the area of Toronto they call home, brash garage pop outfit the Beaches comprise singer Jordan Miller, lead guitarist Kylie Miller, drummer Eliza Enman McDaniel, and keyboardist/guitarist Leandra Earl. The Miller sisters fell in love with music when they were kids: Jordan began guitar lessons at age six and Kylie started playing a year later. Around the same time, their schoolmate Enman McDaniel experimented with a drum kit at her grandmother's house. In 2008, the trio formed the punk-pop band Done with Dolls with guitarist Megan Fitchett and signed with Disney, ultimately releasing a self-titled EP in 2009 and the singles ""I Don't Like"" and ""Story of My Life"" the following year. By the time they reached high school, however, they wanted a more mature sound and image; Fitchett departed the group and Earl joined the fold, completing their transformation into the Beaches. The band debuted in 2013 with the singles ""Loner"" and ""Absolutely Nothing"" before releasing its self-titled, Raine Maida-produced EP that May. They returned the following year with the Heights EP, which they produced themselves. In 2016, the Beaches released the single ""Give It Up,"" the first taste of their '70s-tinged full-length debut, Late Show. Produced by Metric's Emily Haines and Jimmy Shaw, the album arrived in 2017. The album -- and the single ""T-Shirt,"" which topped the Canadian Rock chart for nine weeks -- proved successful enough to win the band the nod for Breakthrough Act of the Year at 2018's Juno Awards. Following that, they embarked on their first headlining tour of Canada and released another single, the Jacknife Lee-produced ""Fascination.""
The quartet showed no signs of slowing down in 2019, releasing a five-song EP in May titled The Professional and heading out on a tour of North America and the U.K. A second EP, Future Lovers, appeared in 2021, with Sisters Not Twins (The Professional Lovers Album), which combined both EPs, arriving in 2022. The compilation won the Juno Award for Rock Album of the Year.
The following year saw the release of the group's second proper studio album, Blame My Ex, which included the sugary fuzz-pop single ""Me & Me."" Also featured on the album was the anthemic single ""Blame Brett,"" which went viral on TikTok, pushing the song to number one on the Canadian rock chart and 21 on the Billboard Alternative Airplay chart. They landed a slot at 2023's Lollapalooza concert and opened a California date by the Rolling Stones in 2024. By that time, the accolades were rolling in, with Blame My Ex winning the Juno Award for Rock Album of the Year and the Beaches winning Group of the Year; the album was also short-listed for the 2024 Polaris Music Prize.
Not long after that swell of success, they topped Canada's Modern Rock chart with early 2025's ""Last Girls at the Party,"" the urgent lead single from their third long-player. Featuring production by Lowell and Gus Van Go, among others, No Hard Feelings arrived later the same year. ~ Heather Phares",I Wore You Better,Unknown,https://www.youtube.com/watch?v=_FdEPa92GoE&list=RD_FdEPa92GoE&start_radio=1&pp=ygUdVGhlIEJlYWNoZXMgSSBXb3JlIFlvdSBCZXR0ZXKgBwE%3D
The Beatles (Remastered),https://lastfm.freetls.fastly.net/i/u/300x300/78bf9324efbc7583e6cae6f707568e59.jpg,The Beatles,1968-11-22,"So much has been said and written about the Beatles -- and their story is so mythic in its sweep -- that it's difficult to summarize their career without restating clichés that have already been digested by tens of millions of rock fans. To start with the obvious, they were the greatest and most influential act of the rock era, and they introduced more innovations into popular music than any other group of their time. Moreover, they were among the few artists of any discipline who were simultaneously the best at what they did and the most popular at what they did. Relentlessly imaginative and experimental, the Beatles grabbed hold of the international mass consciousness in 1964 and didn't let go for the next six years, always staying ahead of the pack in terms of creativity and never losing the ability to communicate their increasingly sophisticated ideas to a mass audience. Their supremacy as rock icons remains unchallenged to this day, decades after their breakup in 1970.
It's hard to convey the scope of the Beatles' achievements in a mere paragraph or two. They synthesized all that was good about early rock & roll and changed it into something original and even more exciting. They established the prototype for the self-contained rock group that wrote and performed its own material. As composers, their craft and melodic inventiveness were second to none; they were key to the evolution of rock from its blues/R&B-based forms into a style that was far more eclectic, but equally visceral. As singers, both John Lennon and Paul McCartney were among the best and most expressive vocalists in rock, and the group's harmonies were intricate and exhilarating. As performers, they were (at least until touring wore them down) exciting and photogenic. When they retreated into the studio, they proved instrumental in pioneering advanced techniques and multi-layered arrangements. They were also the first British rock group to achieve worldwide prominence, launching a British Invasion that made rock truly an international phenomenon.
More than any other top group, the Beatles' success was very much a case of the whole being greater than the sum of its parts. Their phenomenal cohesion was due in large degree to most of the group having known each other and played together in Liverpool for about five years before they began to have hit records. Guitarist and teenage rebel John Lennon got hooked on rock & roll in the mid-'50s, and formed a band, the Quarrymen, at his high school. Around mid-1957, the Quarrymen were joined by another guitarist, Paul McCartney, nearly two years Lennon's junior. A bit later they were joined by another guitarist, George Harrison, a friend of McCartney. The Quarrymen would change lineups constantly in the late '50s, eventually reducing to the core trio of guitarists, who'd proven themselves to be the best musicians and most personally compatible individuals within the band.
The Quarrymen changed their name to the Silver Beatles in 1960, quickly dropping the ""Silver"" to become just the Beatles. Lennon's art college friend Stuart Sutcliffe joined on bass, but finding a permanent drummer was a vexing problem until Pete Best joined in the summer of 1960. He successfully auditioned for the combo just before they left for a several-month stint in Hamburg, Germany.
Hamburg was the Beatles' baptism by fire. Playing grueling sessions for hours on end in one of the most notorious red-light districts in the world, the group was forced to expand its repertoire, tighten up its chops, and invest its show with enough manic energy to keep the rowdy crowds satisfied. When they returned to Liverpool at the end of 1960, the band -- formerly also-rans on the exploding Liverpudlian ""beat"" scene -- were suddenly the most exciting act on the local circuit. They consolidated their following in 1961 with constant gigging in the Merseyside area, most often at the legendary Cavern Club, the incubator of the Merseybeat sound.
They also returned for engagements in Hamburg during 1961, although Sutcliffe dropped out of the band that year to concentrate on his art school studies there. McCartney took over on bass, Harrison settled in as lead guitarist, and Lennon had rhythm guitar; everyone sang. In mid-1961, the Beatles (minus Sutcliffe) made their first recordings in Germany, as a backup group to a British rock guitarist/singer based in Hamburg, Tony Sheridan. The Beatles hadn't fully developed at this point, and these recordings -- many of which (including a couple of Sheridan-less tracks) were issued only after the band's rise to fame -- found their talents in a most embryonic state. The Hamburg stint was also notable for earning the Beatles sophisticated, artistic fans such as Sutcliffe's girlfriend, Astrid Kirchherr, who influenced all of them (except Best) to restyle their quiffs into the moptops that gave the musicians their most distinctive visual trademark. (Tragically, Sutcliffe would die of a brain hemorrhage in April 1962).
Near the end of 1961, the Beatles' exploding local popularity caught the attention of local record store manager Brian Epstein, who was soon managing the band as well. He used his contacts to swiftly acquire a January 1, 1962, audition at Decca Records that has been heavily bootlegged (some tracks were officially released in 1995). After weeks of deliberation, Decca turned them down as did several other British labels. Epstein's perseverance was finally rewarded with an audition for producer George Martin at Parlophone, an EMI subsidiary; Martin signed the Beatles in mid-1962. By this time, Epstein was assiduously grooming his charges for national success by influencing them to smarten up their appearance, dispensing with their leather jackets and trousers in favor of tailored suits and ties.
One more major change was in the offing before the Beatles made their Parlophone debut. In August 1962, drummer Pete Best was kicked out of the group, a controversial decision that has been the cause of much speculation since. There is still no solid consensus as to whether it was because of his solitary, moody nature; the other Beatles' jealousy of his popularity with the fans; his musical shortcomings (George Martin had already told Epstein that Best wasn't good enough to drum on recordings); or his refusal to wear his hair in bangs. What seems most likely was that the Beatles simply found his personality incompatible, preferring to enlist Ringo Starr (born Richard Starkey), a drummer with another popular Merseyside outfit, Rory Storm & the Hurricanes. Starr had been in the Beatles for a few weeks when they recorded their first single, ""Love Me Do""/""P.S. I Love You,"" in September 1962. Both sides of the 45 were Lennon-McCartney originals, and the songwriting team would be credited with most of the group's material throughout the Beatles' career.
The single, a promising but fairly rudimentary effort, hovered around the lower reaches of the British Top 20. The Beatles phenomenon didn't truly kick in until ""Please Please Me,"" which topped the British charts in early 1963. This was the prototype British Invasion single: an infectious melody, charging guitars, and positively exuberant harmonies. The same traits were evident on their third 45, ""From Me to You"" (a British number one), and their debut LP, Please Please Me. Although it was mostly recorded in a single day, Please Please Me topped the British charts for an astonishing 30 weeks, establishing the group as the most popular rock & roll act ever seen in the U.K.
What the Beatles had done was take the best elements of the rock and pop they loved and make them their own. Since the Quarrymen days, they had been steeped in the classic early rock of Elvis, Buddy Holly, Chuck Berry, Little Richard, Carl Perkins, and the Everly Brothers; they'd also kept an ear open to the early-'60s sounds of Motown, Phil Spector, and the girl groups. What they added was an unmatched songwriting savvy (inspired by Brill Building teams such as Gerry Goffin and Carole King), a brash guitar-oriented attack, wildly enthusiastic vocals, and the embodiment of the youthful flair of their generation, ready to dispense with postwar austerity and claim a culture of their own. They were also unsurpassed in their eclecticism, willing to borrow from blues, popular standards, gospel, folk, or whatever seemed suitable for their musical vision. Producer George Martin was the perfect foil for the group, refining their ideas without tinkering with their cores; during the last half of their career, he was indispensable for his ability to translate their concepts into arrangements that required complex orchestration, innovative applications of recording technology, and an ever-widening array of instruments.
Just as crucially, the Beatles were never ones to stand still and milk formulas. All of their subsequent albums and singles would show remarkable artistic progression (though never at the expense of a damn catchy tune). Even on their second LP, With the Beatles (1963), it was evident that their talents as composers and instrumentalists were expanding furiously, as they devised ever more inventive melodies and harmonies, and boosted the fullness of their arrangements. ""She Loves You"" and ""I Want to Hold Your Hand"" established the group not just as a popular music act, but as a phenomenon never before seen in the British entertainment business, as each single sold over a million copies in the U.K. After some celebrated national TV appearances, Beatlemania broke out across the British Isles in late 1963, and the group generating screams and hysteria at all of their public appearances, musical or otherwise.
Capitol, which had first refusal of the Beatles' recordings in the United States, had declined to issue the group's first few singles, which ended up appearing on relatively small American independents. Capitol took up its option on ""I Want to Hold Your Hand,"" which stormed to the top of the U.S. charts within weeks of its release on December 26, 1963. The Beatles' television appearances on The Ed Sullivan Show in February of 1964 launched Beatlemania (and the entire British Invasion) on an even bigger scale than it had reached in Britain. In the first week of April 1964, the Beatles had the Top Five best-selling singles in the U.S.; they also had the first two slots on the album charts, as well as other entries throughout the Billboard Top 100. No one had ever dominated the market for popular music so heavily; it's doubtful that anyone ever will again. The Beatles themselves would continue to reach number one with most of their singles and albums until their 1970 breakup.
Hard as it may be to believe today, the Beatles were often dismissed by cultural commentators of the time as nothing more than a fad that would vanish within months as the novelty wore off. The group ensured this wouldn't happen by making A Hard Day's Night in early 1964, a cinéma vérité-style motion picture comedy/musical that cemented their image as ""the Fab Four"": happy-go-lucky, individualistic, cheeky, funny lads with nonstop energy. The soundtrack was also a triumph, consisting entirely of Lennon-McCartney tunes, including such standards as the title tune, ""And I Love Her,"" ""If I Fell,"" ""Can't Buy Me Love,"" and ""Things We Said Today."" George Harrison's resonant 12-string electric guitar leads were hugely influential; the movie helped persuade the Byrds, then folksingers, to plunge all-out into rock & roll, and the Beatles (along with Bob Dylan) would be hugely influential on the folk-rock explosion of 1965. The Beatles' success, too, had begun to open the U.S. market for fellow Brits like the Rolling Stones, the Animals, and the Kinks, and inspired young American groups like the Beau Brummels, Lovin' Spoonful, and others to mount a challenge of their own with self-penned material that owed a great debt to Lennon-McCartney.
Between riotous international tours in 1964 and 1965, the Beatles continued to squeeze out more chart-topping albums and singles. (Until 1967, the group's British albums were often truncated for release in the States; when their catalog was transferred to CD, the albums were released worldwide in their British configurations.) In retrospect, critics have judged Beatles for Sale (late 1964) and Help! (mid-1965) as the band's least impressive efforts. To some degree, that's true. Touring and an insatiable market placed heavy demands upon their songwriting, and some of the originals and covers on these records, while brilliant by many groups' standards, were filler in the context of the Beatles' best work.
But when at the top of their game, the group continued to push forward. ""I Feel Fine"" had feedback and brilliant guitar leads; ""Ticket to Ride"" showed the band beginning to incorporate the ringing, metallic, circular guitar lines that would be appropriated by bands like the Byrds; ""Help!"" was their first burst of confessional lyricism; ""Yesterday"" employed a string quartet. John Lennon in particular was beginning to exhibit a Dylanesque influence in his songwriting on such folky, downbeat numbers as ""I'm a Loser"" and ""You've Got to Hide Your Love Away."" And tracks like ""I Don't Want to Spoil the Party"" and ""I've Just Seen a Face"" had a strong country flavor.
Although the Beatles' second film, Help!, was a much sillier and less sophisticated affair than their first feature, it too was a huge commercial success. By this time, though, the Beatles had nothing to prove in commercial terms; the remaining frontiers were artistic challenges that could only be met in the studio. They rose to the occasion at the end of 1965 with Rubber Soul, one of the classic folk-rock records. Lyrically, Lennon, McCartney, and even Harrison (who was now writing some tunes on his own) were evolving beyond boy-girl scenarios into complex, personal feelings. They were also pushing the limits of studio rock by devising new guitar and bass textures, experimenting with distortion and multi-tracking, and using unconventional (for rock) instruments like the sitar.
As much of a progression as Rubber Soul was relative to their previous records, it was but a taster for the boundary-shattering outings of the next few years. The ""Paperback Writer""/""Rain"" single found the group abandoning romantic themes entirely, boosting the bass to previously unknown levels, and fooling around with psychedelic imagery and backward tapes on the B-side. Drugs (psychedelic and otherwise) were fueling their already fertile imaginations, but they felt creatively hindered by their touring obligations. Revolver, released in the summer of 1966, proved what the group could be capable of when allotted months of time in the studio. Hazy hard guitars and thicker vocal arrangements formed the bed of these increasingly imagistic, ambitious lyrics; the group's eclecticism now encompassed everything from singalong novelties (""Yellow Submarine"") and string quartet-backed character sketches (""Eleanor Rigby"") to Indian-influenced swirls of echo and backward tapes (""Tomorrow Never Knows""). Some would complain that the Beatles had abandoned the earthy rock of their roots for clever mannerism. But Revolver, like virtually all of the group's singles and albums from ""She Loves You"" on, would be a worldwide chart-topper.
For the past couple of years, live performance had become a rote exercise for the group, tired of competing with thousands of screaming fans that drowned out most of their voices and instruments. A 1966 summer worldwide tour was particularly grueling: the group's entourage was physically attacked in the Philippines after a perceived snub of the country's first lady, and a casual remark by John Lennon about the Beatles being bigger than Jesus Christ was picked up in the States, resulting in the burning of Beatles records in the Bible Belt and demands for a repentant apology. Their final concert of that American tour (in San Francisco on August 29, 1966) would be their last in front of a paying audience, as the group decided to stop playing live in order to concentrate on their studio recordings.
This was a radical (indeed, unprecedented) step in 1966, and the media was rife with speculation that the act was breaking up, especially after all four spent late 1966 engaged in separate personal and artistic pursuits. The appearance of the ""Penny Lane""/""Strawberry Fields Forever"" single in February 1967 squelched these concerns. Frequently cited as the strongest double A-side ever, the Beatles were now pushing forward into unabashedly psychedelic territory in their use of orchestral arrangements and Mellotron, without abandoning their grasp of memorable melody and immediately accessible lyrical messages.
Sgt. Pepper's Lonely Hearts Club Band, released in June 1967 as the Summer of Love dawned, was the definitive psychedelic soundtrack. Or, at least, so it was perceived at the time: subsequent critics have painted the album as an uneven affair, given a conceptual unity via its brilliant multi-tracked overdubs, singalong melodies, and fairy tale-ish lyrics. Others remain convinced, as millions did at the time, that it represented pop's greatest triumph, or indeed an evolution of pop into art with a capital A. In addition to mining all manner of roots influences, the musicians were also picking up vibes from Indian music, avant-garde electronics, classical, music hall, and more. When the Beatles premiered their hippie anthem ""All You Need Is Love"" as part of a worldwide TV broadcast, they had been truly anointed as spokespersons for their generation (a role they had not actively sought), and it seemed they could do no wrong.
Musically, that would usually continue to be the case, but the group's strength began to unravel at a surprisingly quick pace. In August 1967, Brian Epstein -- prone to suicidal depression over the past year -- died of a drug overdose, leaving them without a manager. They pressed on with their next film project, Magical Mystery Tour, directed by themselves; lacking focus or even basic professionalism, the picture bombed when it was premiered on BBC television in December 1967, giving the media the first real chance they'd ever had to roast the Beatles over a flame. (Another film, the animated feature Yellow Submarine, would appear in 1968, although the Beatles had little involvement with the project, either in terms of the movie or the soundtrack.) In early 1968, the Beatles decamped to India for a course in transcendental meditation with the Maharishi; this too became something of a media embarrassment as each of the four would eventually depart the course before its completion.
The Beatles did use their unaccustomed peace in India to compose a wealth of new material. Judged solely on musical merit, the White Album, a double LP released in late 1968, was a triumph. While largely abandoning their psychedelic instruments to return to guitar-based rock, they maintained their whimsical eclecticism, proving themselves masters of everything from blues-rock to vaudeville. As individual songwriters, too, it contains some of their finest work (as does the brilliant non-LP single from this era, ""Hey Jude""/""Revolution"").
The problem, at least in terms of the group's long-term health, was that these were very much individual songs, as opposed to collective ones. Lennon and McCartney had long composed most of their tunes separately (you can almost always tell the composer by the lead vocalist). But they had always fed off of each other not only to supply missing bits and pieces that would bring a song to completion, but to provide a competitive edge that would bring out the best in the other. McCartney's romantic melodicism and Lennon's more acidic, gritty wit were perfect complements for one another. By the White Album, it was clear (if only in retrospect) that each member was more concerned with his own expression than that of the collective group: a natural impulse, but one that was bound to lead to difficulties.
In addition, George Harrison was becoming a more prolific and skilled composer as well, imbuing his own melodies (which were nearly the equal of those of his more celebrated colleagues) with a cosmic lightness. Harrison was beginning to resent his junior status, and the group began to bicker more openly in the studio. Ringo Starr, whose solid drumming and good nature could usually be counted upon (as was evident in his infrequent lead vocals), actually quit for a couple of weeks in the midst of the White Album sessions (though the media was unaware of this at the time). Personal interests were coming into play as well: Lennon's devotion to romantic and artistic pursuits with his new girlfriend (and soon-to-be wife) Yoko Ono was diverting his attentions from the Beatles. Apple Records, started by the group earlier in 1968 as a sort of utopian commercial enterprise, was becoming a financial and organizational nightmare.
These weren't the ideal conditions under which to record a new album in January 1969, especially when McCartney was pushing the group to return to live performing, although none of the others seemed especially keen on the idea. They did agree to try recording a ""back-to-basics,"" live-in-the-studio-type LP, the sessions being filmed for a television special. That plan almost blew up when Harrison, in the midst of tense arguments, left the group for a few days. Although he returned, the idea of playing live concerts was put on the back burner; Harrison enlisted American soul keyboardist Billy Preston as kind of a fifth member on the sessions, both to beef up the arrangements and to alleviate the uncomfortable atmosphere. Exacerbating the problem was that the Beatles didn't have a great deal of first-class new songs to work with, although some were excellent. In order to provide a suitable concert-like experience for the film, the group did climb the roof of their Apple headquarters in London to deliver an impromptu performance on January 30, 1969, before the police stopped it; this was their last live concert of any sort.
Generally dissatisfied with these early 1969 sessions, the album and film -- at first titled Get Back, and later as Let It Be -- remained in the can as the group tried to figure out how the projects should be mixed, packaged, and distributed. A couple of the best tracks, ""Get Back""/""Don't Let Me Down,"" were issued as a single in the spring of 1969. By this time, the Beatles' quarrels were intensifying in a dispute over management: McCartney wanted their affairs to be handled by his new father-in-law, Lee Eastman, while the other members of the group favored a tough American businessman, Allen Klein.
It was something of a miracle, then, that the final album recorded by the group, Abbey Road, was one of their most unified efforts (even if, by this time, the musicians were recording many of their parts separately). It certainly boasted some of their most intricate melodies, harmonies, and instrumental arrangements; it also heralded the arrival of Harrison as a composer of equal talent to Lennon and McCartney, as George wrote the album's two most popular tunes, ""Something"" and ""Here Comes the Sun."" The Beatles were still progressing, but it turned out to be the end of the road, as their business disputes continued to magnify. Lennon, who had begun releasing solo singles and performing with friends as the Plastic Ono Band, threatened to resign in late 1969, although he was dissuaded from making a public announcement.
Most of the early 1969 tapes remained unreleased, partially because the footage for the planned television broadcast of these sessions was now going to be produced as a documentary movie. The accompanying soundtrack album, Let It Be, was delayed so that its release could coincide with that of the film. Lennon, Harrison, and Allen Klein decided to have celebrated American producer Phil Spector record some additional instrumentation and do some mixing. Thus the confusion that persists among most rock listeners to this day: Let It Be, although the last Beatles album to be released, was not the last one to be recorded. Abbey Road should actually be considered the Beatles' last album; most of the material on Let It Be, including the title track (which would be the last single released while the group was still together), was recorded several months before the Abbey Road sessions began in earnest, and a good 15 months or so before its May 1970 release.
By that time, the Beatles were no more. In fact, there had been no recording done by the group as a unit since August 1969, and each member of the band had begun to pursue serious outside professional interests independently with the Plastic Ono Band, Harrison's tour with Delaney & Bonnie, Starr's starring role in the Magic Christian film, and McCartney's first solo album. The outside world for the most part remained almost wholly unaware of the seriousness of the group's friction, making it a devastating shock for much of the world's youth when McCartney announced that he was leaving the Beatles on April 10, 1970. (The ""announcement"" was actually contained in a press release for his new album, in which his declaration of his intention to work on his own effectively served as a notice of his departure.)
The final blow, apparently, was the conflict between the release dates of Let It Be and McCartney's debut solo album. The rest of the group asked McCartney to delay his release until after Let It Be; McCartney refused and, for good measure, was distressed by Spector's post-production work on Let It Be, particularly the string overdubs on ""The Long and Winding Road,"" which became a posthumous Beatles single that spring. Although McCartney received much of the blame for the split, it should be remembered that he had done more than any other member to keep the group going since Epstein's death, and that each of the other Beatles had threatened to leave well before McCartney's departure. With hindsight, the breakup seemed inevitable in view of their serious business disagreements and the growth of their individual interests.
As bitter as the initial headlines were to swallow, the feuding would grow much worse over the next few years. At the end of 1970, McCartney sued the rest of the Beatles in order to dissolve their partnership; the battle dragged through the courts for years, scotching any prospects of a group reunion. In any case, each member of the band quickly established a viable solo career. In fact, at the outset it could have been argued that the artistic effects of the split were in some ways beneficial, freeing Lennon and Harrison to make their most uncompromising artistic statements (Plastic Ono Band and All Things Must Pass). George's individual talents in particular received acclaim that had always eluded him when he was overshadowed by Lennon-McCartney. Paul had a much rougher time with the critics, but continued to issue a stream of hit singles, hitting a commercial and critical jackpot at the end of 1973 with the massively successful Band on the Run. Ringo did not have the songwriting acumen to compete on the same level as the others, yet he too had quite a few big hit singles in the early '70s, often benefiting from the assistance of his former bandmates.
Yet within a short time, it became apparent both that the Beatles were not going to settle their differences and reunite, and that their solo work could not compare with what they were capable of creating together. The stereotype has it that the split allowed each of them to indulge in their worst tendencies to their extremes: Lennon in agit-pop, Harrison in holier-than-thou mysticism, McCartney in cutesy pop, Starr in easy listening rock. There's a good deal of truth in this, but it's also important to bear in mind that what was missing the most was a sense of group interaction. The critical party line often champions Lennon as the angry, realist rocker and McCartney as the melodic balladeer, but this is a fallacy: each of them was capable, in roughly equal measures, of ballsy all-out rock and sweet romanticism. What is not in dispute is that they sparked each other to reach heights that they could not attain on their own.
Despite periodic rumors of reunions throughout the '70s, no group projects came close to materializing. It should be added that the Beatles themselves continued to feud to some degree, and from all evidence weren't seriously interested in working together as a unit. Any hopes of a reunion vanished when Lennon was assassinated in New York City in December 1980. The Beatles continued their solo careers throughout the '80s, but their releases became less frequent, and their commercial success gradually diminished as listeners without first-hand memories of the combo created their own idols.
The popularity of the Beatles, however, proved eternal. In part, this is because the group's 1970 split effectively short-circuited the prospects of artistic decline; the body of work that was preserved was uniformly strong. However, it's also because, like any great works of art, the Beatles' records carried an ageless magnificence that continues to captivate new generations of listeners. So it is that Beatles records continue to be heard on radio in heavy rotation, continue to sell in massive quantities, and continue to be covered and quoted by rock and pop artists through the present day.
Legal wrangles at Apple prevented the official issue of previously unreleased Beatles material for over two decades (although much of it was frequently bootlegged). The situation finally changed in the '90s, after McCartney, Harrison, Starr, and Lennon's widow, Yoko Ono, settled their principal business disagreements. In 1994, this resulted in a double CD of BBC sessions from the early and mid-'60s (a second volume followed nearly two decades later). The following year, a much more ambitious project was undertaken: a multi-part film documentary, broadcast on network television in 1995, and then released (with double the length) for the home video market in 1996, with the active participation of the surviving Beatles.
To coincide with the Anthology documentary, three double-CDs of previously unreleased/rare material were issued in 1995 and 1996. Additionally, McCartney, Harrison, and Starr (with some assistance from Jeff Lynne) embellished a couple of John Lennon demos from the '70s with overdubs to create two new tracks (""Free as a Bird"" and ""Real Love"") that were billed as actual Beatles recordings. Whether this constituted the actual long-awaited ""reunion"" is the subject of much debate. Certainly these cuts were hardly classics on par with the music the group made in the '60s. Some fans, even diehards, were inclined to view the whole Anthology project as a distinctly '90s marketing exercise that maximized the mileage of whatever could be squeezed from the Beatles' vaults. If nothing else, though, the massive commercial success of outtakes that had, after all, been recorded 25 to 30 years ago, spoke volumes about the unabated appeal and fascination the Beatles continue to exert worldwide.
That fascination didn't fade in the new millennium. At the dawn of the 2000s, the Beatles released 1, a compilation of the 27 number one singles the group charted in the United Kingdom and United States. 1 was a runaway success, topping the charts around the world. It remained at number one for several weeks in the U.K. and U.S. (nine and eight, respectively), and continued to be a strong catalog item for years. By the end of the 2000s, it had sold over 31 million copies worldwide, making it the biggest album of the decade.
George Harrison died of lung cancer on November 29, 2001, leaving Paul McCartney and Ringo Starr as the only surviving Beatles. The first Beatles project to arrive after Harrison's death was 2003's Let It Be... Naked, a revision of the original 1970 album that stripped away Phil Spector's string arrangements and shuffled the track order. Next up was LOVE, a collaboration with the Cirque du Soleil dance troupe. The stage revue, based in Las Vegas, was accompanied by an ambitious remix album produced by George Martin and his son Giles; the soundtrack was another significant international success, going double platinum in several countries, including the U.S. and U.K. In 2009, the Beatles reissued their original catalog in new remastered editions, highlighted by two separate box sets containing their complete works in stereo and in mono (although the latter did not contain their last two studio albums); in 2012, the stereo remasters were released on vinyl. In 2010, the Beatles catalog made its digital debut. In 2013, the long-awaited second volume of BBC recordings, On Air: Live at the BBC, Vol. 2, was released. Not long afterward, the digital-only The Beatles Bootleg Recordings 1963 presented unreleased material from 1963, including studio outtakes and BBC performances. In 2014, all of the group's American Capitol albums from the '60s were released as the box set The U.S. Albums. The following year saw a reissue of 1, containing new stereo mixes by Giles Martin, along with 5.1 mixes and a DVD/Blu-ray containing the first commercial release of the Beatles' promotional films. In 2016, the Beatles' years as a touring band became the subject of a Ron Howard documentary called Eight Days a Week; its release was accompanied by the first-ever CD reissue of Live at the Hollywood Bowl.
The 50th Anniversary of Sgt. Pepper's Lonely Hearts Club Band in 2017 was marked with a deluxe reissue containing a new stereo remix by Giles Martin and a host of unreleased alternate takes. The next year, the Beatles received a similar deluxe edition, which included the first-ever official release of the Esher demos where Lennon, McCartney, and Harrison sketched out the songs that would become the White Album. In 2019, the Beatles celebrated the 50th anniversary of Abbey Road with a deluxe reissue containing a new stereo mix by Giles Martin and two discs of outtakes.
Director Peter Jackson revisited the original Let It Be film footage and audio tapes for The Beatles: Get Back, a multi-part documentary released in November 2022. Capturing the Beatles at work in the studio as they wrote and recorded Let It Be, The Beatles: Get Back upended the conventional wisdom surrounding the sessions and received considerable acclaim, including winning five Emmys. The documentary was accompanied by a deluxe reissue of Let It Be that featured the first official release of Get Back, the version of the album assembled by producer Glyn Johns. After wrapping up the Let It Be sessions, it was back to the mid-'60s for a Super Deluxe Edition of Revolver, featuring alternate takes and working versions of many of the album's songs.
During the making of Get Back, Peter Jackson's team developed a machine language technology that allowed them to isolate individual audio tracks from the murkiest source material. The procedure allowed Giles Martin to remix early mono Beatles recordings for a remixed and expanded 50th anniversary version of 1962-1966, which was accompanied by a similarly revised 1967-1970. More dramatically, the technology allowed McCartney and Starr to complete ""Now and Then,"" a John Lennon demo they attempted to build into a full Beatles reunion track during the Anthology sessions in the '90s. McCartney played the lion's share of the instruments on ""Now and Then"" and produced the track alongside Giles Martin. Billed as ""the last Beatles song,"" ""Now and Then"" appeared in early November 2023 as a single and also as part of the revised 1967-1970. ~ Richie Unterberger",Helter Skelter (Remastered 2009),Unknown,https://www.youtube.com/watch?v=JR_qtYHPeiw&pp=ygUqVGhlIEJlYXRsZXMgSGVsdGVyIFNrZWx0ZXIgUmVtYXN0ZXJlZCAyMDA5
This Means War,https://lastfm.freetls.fastly.net/i/u/300x300/a368046a8a0344f1883ef5a4a194cbc8.jpg,The Beloved,2020-01-10,"Originally a quartet whose sound drew inspiration from psychedelia, the Beloved found their greatest success as a rave-influenced dance-pop duo. Throughout the Beloved's fluid existence, the guiding force behind the group remained vocalist Jon Marsh, who formed the band Journey Through at Cambridge University with Guy Gousden and Tim Havard; with the addition of guitarist Steve Waddington a year later, the group renamed itself the Beloved, and gradually evolved into a moody dance outfit not dissimilar to New Order.
In 1986, the Beloved issued their first single, ""This Means War""; a series of releases (including the EP Happy Now, the double A-sided single ""Surprise Me""/""Heavy Dancing,"" and the 1987 LP Where It Is) followed, but none garnered any significant critical or commercial success. Consequently, Gousden and Havard exited the group in 1988, at much the same time that Marsh and Waddington were falling under the sway of London's burgeoning rave community. After first re-emerging with the ambient-styled single ""The Sun Rising,"" the Beloved then scored an international hit with ""Hello,"" a bubbling techno exercise that name-checked many of the group's influences.
In 1990, the duo issued a pair of albums, Happiness and Blissed Out (a remix of its sister release), that achieved significant success both in and out of clubs. A long layoff followed, however, and when the Beloved returned in 1993 with Conscience, Waddington had been ousted in favor of Marsh's wife, Helena, resulting in a more pop-oriented flavor. After another three-year absence, they released X, a foray back into club culture. The compilation Single File followed in 1997, before the group retired from the spotlight. Marsh focused on a successful DJ career, holding residencies at London's iconic Ministry of Sound and Fabric nightclubs; he also did production work for other acts. The first new Beloved material in more than 20 years was the single ""Your Love Takes Me Higher [Evil Mix]""/""Awoke,"" released for Record Store Day 2019. Expanded reissues of Where It Is and Happiness followed in 2020. ~ Jason Ankeny",Saints Preserve Us,Unknown,https://www.youtube.com/watch?v=ykq4uJXHjVA&pp=ygUgVGhlIEJlbG92ZWQgLSBTYWludHMgUHJlc2VydmUgVXM%3D
The Three E.P.’s,https://lastfm.freetls.fastly.net/i/u/300x300/766cda7b0e3c4c260ce52e9781ab5765.jpg,The Beta Band,1998-09-28,"Their sound veering from post-grunge balladry to funk and ambient breakbeat to Madchester acid house, the Beta Band emerged on the British scene as (nominally) a pop group with few similarities to any other act going. Formed around three friends originally from Edinburgh -- vocalist Steve Mason, drummer Robin Jones, and DJ/sampler John Maclean -- the group later drafted bassist Richard Greentree. Scant months after forming, the Beta Band added a formidable ally in gaining exposure: manager Brian Cannon, the designer responsible for virtually every Oasis sleeve released to that point. The group's first EP, 1997's Champion Versions, featured mixing by the Verve's Nick McCabe. Two additional EPs followed in early 1998, The Patty Patty Sound and Los Amigos del Beta Bandidos. After collecting all three EPs on an album, the Beta Band began recording for their proper debut, a self-titled effort released in 1999. While prepping for the release of their sophomore effort, Hot Shots II, in summer 2001, the Beta Band scored the opening slot on Radiohead's monumental summer tour of the United States. Initial recordings for their next LP began around the same time; after self-producing the record and subsequently passing it over to Nigel Godrich for a final mix, the group released Heroes to Zeros in spring 2004. Just a few months later, the Beta Band announced they would disband at the end of 2004, citing the frustration of much critical praise but no commercial impact. The Best of the Beta Band -- a two-disc package containing one of their last performances -- was released in 2005. Mason went on to release material as King Biscuit Time (which had actually debuted in 1998), Black Affair, and his own name. ~ John Bush",Dry the Rain,Unknown,https://www.youtube.com/watch?v=6XKvbROUmNk&pp=ygUcVGhlIEJldGEgQmFuZCAtIERyeSB0aGUgUmFpbg%3D%3D
The Three E.P.’s,https://lastfm.freetls.fastly.net/i/u/300x300/766cda7b0e3c4c260ce52e9781ab5765.jpg,The Beta Band,1998-09-28,"Their sound veering from post-grunge balladry to funk and ambient breakbeat to Madchester acid house, the Beta Band emerged on the British scene as (nominally) a pop group with few similarities to any other act going. Formed around three friends originally from Edinburgh -- vocalist Steve Mason, drummer Robin Jones, and DJ/sampler John Maclean -- the group later drafted bassist Richard Greentree. Scant months after forming, the Beta Band added a formidable ally in gaining exposure: manager Brian Cannon, the designer responsible for virtually every Oasis sleeve released to that point. The group's first EP, 1997's Champion Versions, featured mixing by the Verve's Nick McCabe. Two additional EPs followed in early 1998, The Patty Patty Sound and Los Amigos del Beta Bandidos. After collecting all three EPs on an album, the Beta Band began recording for their proper debut, a self-titled effort released in 1999. While prepping for the release of their sophomore effort, Hot Shots II, in summer 2001, the Beta Band scored the opening slot on Radiohead's monumental summer tour of the United States. Initial recordings for their next LP began around the same time; after self-producing the record and subsequently passing it over to Nigel Godrich for a final mix, the group released Heroes to Zeros in spring 2004. Just a few months later, the Beta Band announced they would disband at the end of 2004, citing the frustration of much critical praise but no commercial impact. The Best of the Beta Band -- a two-disc package containing one of their last performances -- was released in 2005. Mason went on to release material as King Biscuit Time (which had actually debuted in 1998), Black Affair, and his own name. ~ John Bush",B + A,Unknown,https://www.youtube.com/watch?v=vuBCId0eics&pp=ygUVVGhlIEJldGEgQmFuZCAtIEIgICBB
The Three E.P.’s,https://lastfm.freetls.fastly.net/i/u/300x300/766cda7b0e3c4c260ce52e9781ab5765.jpg,The Beta Band,1998-09-28,"Their sound veering from post-grunge balladry to funk and ambient breakbeat to Madchester acid house, the Beta Band emerged on the British scene as (nominally) a pop group with few similarities to any other act going. Formed around three friends originally from Edinburgh -- vocalist Steve Mason, drummer Robin Jones, and DJ/sampler John Maclean -- the group later drafted bassist Richard Greentree. Scant months after forming, the Beta Band added a formidable ally in gaining exposure: manager Brian Cannon, the designer responsible for virtually every Oasis sleeve released to that point. The group's first EP, 1997's Champion Versions, featured mixing by the Verve's Nick McCabe. Two additional EPs followed in early 1998, The Patty Patty Sound and Los Amigos del Beta Bandidos. After collecting all three EPs on an album, the Beta Band began recording for their proper debut, a self-titled effort released in 1999. While prepping for the release of their sophomore effort, Hot Shots II, in summer 2001, the Beta Band scored the opening slot on Radiohead's monumental summer tour of the United States. Initial recordings for their next LP began around the same time; after self-producing the record and subsequently passing it over to Nigel Godrich for a final mix, the group released Heroes to Zeros in spring 2004. Just a few months later, the Beta Band announced they would disband at the end of 2004, citing the frustration of much critical praise but no commercial impact. The Best of the Beta Band -- a two-disc package containing one of their last performances -- was released in 2005. Mason went on to release material as King Biscuit Time (which had actually debuted in 1998), Black Affair, and his own name. ~ John Bush",Inner Meet Me,Unknown,https://www.youtube.com/watch?v=fp2dgHFvyjQ&pp=ygUbVGhlIEJldGEgQmFuZCBJbm5lciBNZWV0IE1l
The Three E.P.’s,https://lastfm.freetls.fastly.net/i/u/300x300/766cda7b0e3c4c260ce52e9781ab5765.jpg,The Beta Band,1998-09-28,"Their sound veering from post-grunge balladry to funk and ambient breakbeat to Madchester acid house, the Beta Band emerged on the British scene as (nominally) a pop group with few similarities to any other act going. Formed around three friends originally from Edinburgh -- vocalist Steve Mason, drummer Robin Jones, and DJ/sampler John Maclean -- the group later drafted bassist Richard Greentree. Scant months after forming, the Beta Band added a formidable ally in gaining exposure: manager Brian Cannon, the designer responsible for virtually every Oasis sleeve released to that point. The group's first EP, 1997's Champion Versions, featured mixing by the Verve's Nick McCabe. Two additional EPs followed in early 1998, The Patty Patty Sound and Los Amigos del Beta Bandidos. After collecting all three EPs on an album, the Beta Band began recording for their proper debut, a self-titled effort released in 1999. While prepping for the release of their sophomore effort, Hot Shots II, in summer 2001, the Beta Band scored the opening slot on Radiohead's monumental summer tour of the United States. Initial recordings for their next LP began around the same time; after self-producing the record and subsequently passing it over to Nigel Godrich for a final mix, the group released Heroes to Zeros in spring 2004. Just a few months later, the Beta Band announced they would disband at the end of 2004, citing the frustration of much critical praise but no commercial impact. The Best of the Beta Band -- a two-disc package containing one of their last performances -- was released in 2005. Mason went on to release material as King Biscuit Time (which had actually debuted in 1998), Black Affair, and his own name. ~ John Bush",Push It Out,Unknown,https://www.youtube.com/watch?v=hrE-SIdXqQE&pp=ygUbVGhlIEJldGEgQmFuZCAtIFB1c2ggSXQgT3V0
The Three E.P.’s,https://lastfm.freetls.fastly.net/i/u/300x300/766cda7b0e3c4c260ce52e9781ab5765.jpg,The Beta Band,1998-09-28,"Their sound veering from post-grunge balladry to funk and ambient breakbeat to Madchester acid house, the Beta Band emerged on the British scene as (nominally) a pop group with few similarities to any other act going. Formed around three friends originally from Edinburgh -- vocalist Steve Mason, drummer Robin Jones, and DJ/sampler John Maclean -- the group later drafted bassist Richard Greentree. Scant months after forming, the Beta Band added a formidable ally in gaining exposure: manager Brian Cannon, the designer responsible for virtually every Oasis sleeve released to that point. The group's first EP, 1997's Champion Versions, featured mixing by the Verve's Nick McCabe. Two additional EPs followed in early 1998, The Patty Patty Sound and Los Amigos del Beta Bandidos. After collecting all three EPs on an album, the Beta Band began recording for their proper debut, a self-titled effort released in 1999. While prepping for the release of their sophomore effort, Hot Shots II, in summer 2001, the Beta Band scored the opening slot on Radiohead's monumental summer tour of the United States. Initial recordings for their next LP began around the same time; after self-producing the record and subsequently passing it over to Nigel Godrich for a final mix, the group released Heroes to Zeros in spring 2004. Just a few months later, the Beta Band announced they would disband at the end of 2004, citing the frustration of much critical praise but no commercial impact. The Best of the Beta Band -- a two-disc package containing one of their last performances -- was released in 2005. Mason went on to release material as King Biscuit Time (which had actually debuted in 1998), Black Affair, and his own name. ~ John Bush",Dr. Baker,Unknown,https://www.youtube.com/watch?v=sL6JfMuXgyo&pp=ygUZVGhlIEJldGEgQmFuZCAtIERyLiBCYWtlctIHCQmECQGHKiGM7w%3D%3D
Enterprise,https://lastfm.freetls.fastly.net/i/u/300x300/ab1d4701ec2d8c746b1e83ac5f7c83f1.png,The Beverly Crushers,2025-01-01,,Warp Speed,Unknown,https://www.youtube.com/watch?v=wI_VLRHzV9s&pp=ygUfVGhlIEJldmVybHkgQ3J1c2hlcnMgV2FycCBTcGVlZNIHCQl-CQGHKiGM7w%3D%3D
Enterprise,https://lastfm.freetls.fastly.net/i/u/300x300/ab1d4701ec2d8c746b1e83ac5f7c83f1.png,The Beverly Crushers,2025-01-01,,Just a Pretty Face,Unknown,https://www.youtube.com/watch?v=jD-dVKkDInk&pp=ygUnVGhlIEJldmVybHkgQ3J1c2hlcnMgSnVzdCBhIFByZXR0eSBGYWNl
Enterprise,https://lastfm.freetls.fastly.net/i/u/300x300/ab1d4701ec2d8c746b1e83ac5f7c83f1.png,The Beverly Crushers,2025-01-01,,Space and Time,Unknown,https://www.youtube.com/watch?v=55ZaquKAel8&pp=ygUjVGhlIEJldmVybHkgQ3J1c2hlcnMgU3BhY2UgYW5kIFRpbWU%3D
Enterprise,https://lastfm.freetls.fastly.net/i/u/300x300/ab1d4701ec2d8c746b1e83ac5f7c83f1.png,The Beverly Crushers,2025-01-01,,Holographic Fantasy,Unknown,https://www.youtube.com/watch?v=U4WHWcp1PxA&pp=ygUoVGhlIEJldmVybHkgQ3J1c2hlcnMgSG9sb2dyYXBoaWMgRmFudGFzeQ%3D%3D
Enterprise,https://lastfm.freetls.fastly.net/i/u/300x300/ab1d4701ec2d8c746b1e83ac5f7c83f1.png,The Beverly Crushers,2025-01-01,,Finally the Frontier,Unknown,https://www.youtube.com/watch?v=SxRD16HWxFw&pp=ygUpVGhlIEJldmVybHkgQ3J1c2hlcnMgRmluYWxseSB0aGUgRnJvbnRpZXI%3D
Enterprise,https://lastfm.freetls.fastly.net/i/u/300x300/ab1d4701ec2d8c746b1e83ac5f7c83f1.png,The Beverly Crushers,2025-01-01,,The Listener,Unknown,https://www.youtube.com/watch?v=c1xbPDKk5ho&pp=ygUhVGhlIEJldmVybHkgQ3J1c2hlcnMgVGhlIExpc3RlbmVy
Enterprise,https://lastfm.freetls.fastly.net/i/u/300x300/ab1d4701ec2d8c746b1e83ac5f7c83f1.png,The Beverly Crushers,2025-01-01,,Chains of Command,Unknown,https://www.youtube.com/watch?v=Treh6m-nHXc&pp=ygUmVGhlIEJldmVybHkgQ3J1c2hlcnMgQ2hhaW5zIG9mIENvbW1hbmQ%3D
Enterprise,https://lastfm.freetls.fastly.net/i/u/300x300/ab1d4701ec2d8c746b1e83ac5f7c83f1.png,The Beverly Crushers,2025-01-01,,Broccoli,Unknown,https://www.youtube.com/watch?v=vBGsSyx6ONg&pp=ygUdVGhlIEJldmVybHkgQ3J1c2hlcnMgQnJvY2NvbGnSBwkJfgkBhyohjO8%3D
Walking Like We Do,https://lastfm.freetls.fastly.net/i/u/300x300/af929a648b7694e12ec9b2dba52c37f7.jpg,The Big Moon,2020-01-10,"Led by the self-assured vocals of songwriter Juliette Jackson, London indie rock outfit the Big Moon take their lead from the grunge and Brit-pop groups of the 1990s. After debuting in 2015 with EP The Road, they released their first album, Love in the 4th Dimension, in 2017.
The Big Moon formed in 2014 following Juliette Jackson's decision that a career in waitressing wasn't one she was prepared to commit to. After putting the word out, she met three other like-minded women through mutual friends, and the Big Moon was born. With Jackson leading, the rest of the band featured Soph Nathan on guitar and vocals, Celia Archer on bass and vocals, and Fern Ford on drums. The quartet headed to a rehearsal room in London's Stoke Newington and began to flesh out Jackson's material.
The group self-produced the tracks ""Sucker"" and ""Eureka Moment,"" releasing them on the fledgling Hard Up label in 2015. The latter song was an assured slice of grungy punk-pop recalling the abrasive yet melodically sweet output of groups like the Breeders and Elastica, and it brought them to the attention of the London music scene. They built on the exposure with a co-headlining tour in October 2015 alongside fellow London acts INHEAVEN and Vant. Following that tour, they found themselves supporting well-established performers like Ezra Furman and the Vaccines. These high-profile support slots brought them to the attention of Fiction, a subsidiary of Universal Music, which issued their debut EP, The Road, in March 2016. In August of that year, the group released a version of Madonna's ""Beautiful Stranger,"" a cover that they regularly played live.
Their first long-player, Love in the 4th Dimension, followed on Fiction in April of 2017. Its production team included Catherine Marks (the Wombats, Alex Lahey), Rory Attwell (Kid Wave, the Ordinary Boys), and the band. Two months later, the Big Moon appeared on singer/songwriter Marika Hackman's album I'm Not Your Man. They headed back into the studio, this time with producer Ben H. Allen III (Belle and Sebastian, Deerhunter), and returned with the resulting Walking Like We Do in 2020. ~ Bekki Bemrose",It’s Easy Then,Unknown,https://www.youtube.com/watch?v=Z3rTXcbehBE&pp=ygUfVGhlIEJpZyBNb29uIC0gSXTigJlzIEVhc3kgVGhlbg%3D%3D
Walking Like We Do,https://lastfm.freetls.fastly.net/i/u/300x300/af929a648b7694e12ec9b2dba52c37f7.jpg,The Big Moon,2020-01-10,"Led by the self-assured vocals of songwriter Juliette Jackson, London indie rock outfit the Big Moon take their lead from the grunge and Brit-pop groups of the 1990s. After debuting in 2015 with EP The Road, they released their first album, Love in the 4th Dimension, in 2017.
The Big Moon formed in 2014 following Juliette Jackson's decision that a career in waitressing wasn't one she was prepared to commit to. After putting the word out, she met three other like-minded women through mutual friends, and the Big Moon was born. With Jackson leading, the rest of the band featured Soph Nathan on guitar and vocals, Celia Archer on bass and vocals, and Fern Ford on drums. The quartet headed to a rehearsal room in London's Stoke Newington and began to flesh out Jackson's material.
The group self-produced the tracks ""Sucker"" and ""Eureka Moment,"" releasing them on the fledgling Hard Up label in 2015. The latter song was an assured slice of grungy punk-pop recalling the abrasive yet melodically sweet output of groups like the Breeders and Elastica, and it brought them to the attention of the London music scene. They built on the exposure with a co-headlining tour in October 2015 alongside fellow London acts INHEAVEN and Vant. Following that tour, they found themselves supporting well-established performers like Ezra Furman and the Vaccines. These high-profile support slots brought them to the attention of Fiction, a subsidiary of Universal Music, which issued their debut EP, The Road, in March 2016. In August of that year, the group released a version of Madonna's ""Beautiful Stranger,"" a cover that they regularly played live.
Their first long-player, Love in the 4th Dimension, followed on Fiction in April of 2017. Its production team included Catherine Marks (the Wombats, Alex Lahey), Rory Attwell (Kid Wave, the Ordinary Boys), and the band. Two months later, the Big Moon appeared on singer/songwriter Marika Hackman's album I'm Not Your Man. They headed back into the studio, this time with producer Ben H. Allen III (Belle and Sebastian, Deerhunter), and returned with the resulting Walking Like We Do in 2020. ~ Bekki Bemrose",Your Light,Unknown,https://www.youtube.com/watch?v=1OijD72t4XY&pp=ygUXVGhlIEJpZyBNb29uIFlvdXIgTGlnaHQ%3D
Walking Like We Do,https://lastfm.freetls.fastly.net/i/u/300x300/af929a648b7694e12ec9b2dba52c37f7.jpg,The Big Moon,2020-01-10,"Led by the self-assured vocals of songwriter Juliette Jackson, London indie rock outfit the Big Moon take their lead from the grunge and Brit-pop groups of the 1990s. After debuting in 2015 with EP The Road, they released their first album, Love in the 4th Dimension, in 2017.
The Big Moon formed in 2014 following Juliette Jackson's decision that a career in waitressing wasn't one she was prepared to commit to. After putting the word out, she met three other like-minded women through mutual friends, and the Big Moon was born. With Jackson leading, the rest of the band featured Soph Nathan on guitar and vocals, Celia Archer on bass and vocals, and Fern Ford on drums. The quartet headed to a rehearsal room in London's Stoke Newington and began to flesh out Jackson's material.
The group self-produced the tracks ""Sucker"" and ""Eureka Moment,"" releasing them on the fledgling Hard Up label in 2015. The latter song was an assured slice of grungy punk-pop recalling the abrasive yet melodically sweet output of groups like the Breeders and Elastica, and it brought them to the attention of the London music scene. They built on the exposure with a co-headlining tour in October 2015 alongside fellow London acts INHEAVEN and Vant. Following that tour, they found themselves supporting well-established performers like Ezra Furman and the Vaccines. These high-profile support slots brought them to the attention of Fiction, a subsidiary of Universal Music, which issued their debut EP, The Road, in March 2016. In August of that year, the group released a version of Madonna's ""Beautiful Stranger,"" a cover that they regularly played live.
Their first long-player, Love in the 4th Dimension, followed on Fiction in April of 2017. Its production team included Catherine Marks (the Wombats, Alex Lahey), Rory Attwell (Kid Wave, the Ordinary Boys), and the band. Two months later, the Big Moon appeared on singer/songwriter Marika Hackman's album I'm Not Your Man. They headed back into the studio, this time with producer Ben H. Allen III (Belle and Sebastian, Deerhunter), and returned with the resulting Walking Like We Do in 2020. ~ Bekki Bemrose",Why,Unknown,https://www.youtube.com/watch?v=QO3XT1tpgQY&pp=ygUSVGhlIEJpZyBNb29uIC0gV2h5
Walking Like We Do,https://lastfm.freetls.fastly.net/i/u/300x300/af929a648b7694e12ec9b2dba52c37f7.jpg,The Big Moon,2020-01-10,"Led by the self-assured vocals of songwriter Juliette Jackson, London indie rock outfit the Big Moon take their lead from the grunge and Brit-pop groups of the 1990s. After debuting in 2015 with EP The Road, they released their first album, Love in the 4th Dimension, in 2017.
The Big Moon formed in 2014 following Juliette Jackson's decision that a career in waitressing wasn't one she was prepared to commit to. After putting the word out, she met three other like-minded women through mutual friends, and the Big Moon was born. With Jackson leading, the rest of the band featured Soph Nathan on guitar and vocals, Celia Archer on bass and vocals, and Fern Ford on drums. The quartet headed to a rehearsal room in London's Stoke Newington and began to flesh out Jackson's material.
The group self-produced the tracks ""Sucker"" and ""Eureka Moment,"" releasing them on the fledgling Hard Up label in 2015. The latter song was an assured slice of grungy punk-pop recalling the abrasive yet melodically sweet output of groups like the Breeders and Elastica, and it brought them to the attention of the London music scene. They built on the exposure with a co-headlining tour in October 2015 alongside fellow London acts INHEAVEN and Vant. Following that tour, they found themselves supporting well-established performers like Ezra Furman and the Vaccines. These high-profile support slots brought them to the attention of Fiction, a subsidiary of Universal Music, which issued their debut EP, The Road, in March 2016. In August of that year, the group released a version of Madonna's ""Beautiful Stranger,"" a cover that they regularly played live.
Their first long-player, Love in the 4th Dimension, followed on Fiction in April of 2017. Its production team included Catherine Marks (the Wombats, Alex Lahey), Rory Attwell (Kid Wave, the Ordinary Boys), and the band. Two months later, the Big Moon appeared on singer/songwriter Marika Hackman's album I'm Not Your Man. They headed back into the studio, this time with producer Ben H. Allen III (Belle and Sebastian, Deerhunter), and returned with the resulting Walking Like We Do in 2020. ~ Bekki Bemrose",Don’t Think,Unknown,https://www.youtube.com/watch?v=fJU3ELa7u1s&pp=ygUcVGhlIEJpZyBNb29uIC0gRG9u4oCZdCBUaGluaw%3D%3D
Walking Like We Do,https://lastfm.freetls.fastly.net/i/u/300x300/af929a648b7694e12ec9b2dba52c37f7.jpg,The Big Moon,2020-01-10,"Led by the self-assured vocals of songwriter Juliette Jackson, London indie rock outfit the Big Moon take their lead from the grunge and Brit-pop groups of the 1990s. After debuting in 2015 with EP The Road, they released their first album, Love in the 4th Dimension, in 2017.
The Big Moon formed in 2014 following Juliette Jackson's decision that a career in waitressing wasn't one she was prepared to commit to. After putting the word out, she met three other like-minded women through mutual friends, and the Big Moon was born. With Jackson leading, the rest of the band featured Soph Nathan on guitar and vocals, Celia Archer on bass and vocals, and Fern Ford on drums. The quartet headed to a rehearsal room in London's Stoke Newington and began to flesh out Jackson's material.
The group self-produced the tracks ""Sucker"" and ""Eureka Moment,"" releasing them on the fledgling Hard Up label in 2015. The latter song was an assured slice of grungy punk-pop recalling the abrasive yet melodically sweet output of groups like the Breeders and Elastica, and it brought them to the attention of the London music scene. They built on the exposure with a co-headlining tour in October 2015 alongside fellow London acts INHEAVEN and Vant. Following that tour, they found themselves supporting well-established performers like Ezra Furman and the Vaccines. These high-profile support slots brought them to the attention of Fiction, a subsidiary of Universal Music, which issued their debut EP, The Road, in March 2016. In August of that year, the group released a version of Madonna's ""Beautiful Stranger,"" a cover that they regularly played live.
Their first long-player, Love in the 4th Dimension, followed on Fiction in April of 2017. Its production team included Catherine Marks (the Wombats, Alex Lahey), Rory Attwell (Kid Wave, the Ordinary Boys), and the band. Two months later, the Big Moon appeared on singer/songwriter Marika Hackman's album I'm Not Your Man. They headed back into the studio, this time with producer Ben H. Allen III (Belle and Sebastian, Deerhunter), and returned with the resulting Walking Like We Do in 2020. ~ Bekki Bemrose",Waves,Unknown,https://www.youtube.com/watch?v=56heEyrDyAI&pp=ygUUVGhlIEJpZyBNb29uIC0gV2F2ZXM%3D
Walking Like We Do,https://lastfm.freetls.fastly.net/i/u/300x300/af929a648b7694e12ec9b2dba52c37f7.jpg,The Big Moon,2020-01-10,"Led by the self-assured vocals of songwriter Juliette Jackson, London indie rock outfit the Big Moon take their lead from the grunge and Brit-pop groups of the 1990s. After debuting in 2015 with EP The Road, they released their first album, Love in the 4th Dimension, in 2017.
The Big Moon formed in 2014 following Juliette Jackson's decision that a career in waitressing wasn't one she was prepared to commit to. After putting the word out, she met three other like-minded women through mutual friends, and the Big Moon was born. With Jackson leading, the rest of the band featured Soph Nathan on guitar and vocals, Celia Archer on bass and vocals, and Fern Ford on drums. The quartet headed to a rehearsal room in London's Stoke Newington and began to flesh out Jackson's material.
The group self-produced the tracks ""Sucker"" and ""Eureka Moment,"" releasing them on the fledgling Hard Up label in 2015. The latter song was an assured slice of grungy punk-pop recalling the abrasive yet melodically sweet output of groups like the Breeders and Elastica, and it brought them to the attention of the London music scene. They built on the exposure with a co-headlining tour in October 2015 alongside fellow London acts INHEAVEN and Vant. Following that tour, they found themselves supporting well-established performers like Ezra Furman and the Vaccines. These high-profile support slots brought them to the attention of Fiction, a subsidiary of Universal Music, which issued their debut EP, The Road, in March 2016. In August of that year, the group released a version of Madonna's ""Beautiful Stranger,"" a cover that they regularly played live.
Their first long-player, Love in the 4th Dimension, followed on Fiction in April of 2017. Its production team included Catherine Marks (the Wombats, Alex Lahey), Rory Attwell (Kid Wave, the Ordinary Boys), and the band. Two months later, the Big Moon appeared on singer/songwriter Marika Hackman's album I'm Not Your Man. They headed back into the studio, this time with producer Ben H. Allen III (Belle and Sebastian, Deerhunter), and returned with the resulting Walking Like We Do in 2020. ~ Bekki Bemrose",Holy Roller,Unknown,https://www.youtube.com/watch?v=DhOgpgliWUs&pp=ygUaVGhlIEJpZyBNb29uIC0gSG9seSBSb2xsZXI%3D
Walking Like We Do,https://lastfm.freetls.fastly.net/i/u/300x300/af929a648b7694e12ec9b2dba52c37f7.jpg,The Big Moon,2020-01-10,"Led by the self-assured vocals of songwriter Juliette Jackson, London indie rock outfit the Big Moon take their lead from the grunge and Brit-pop groups of the 1990s. After debuting in 2015 with EP The Road, they released their first album, Love in the 4th Dimension, in 2017.
The Big Moon formed in 2014 following Juliette Jackson's decision that a career in waitressing wasn't one she was prepared to commit to. After putting the word out, she met three other like-minded women through mutual friends, and the Big Moon was born. With Jackson leading, the rest of the band featured Soph Nathan on guitar and vocals, Celia Archer on bass and vocals, and Fern Ford on drums. The quartet headed to a rehearsal room in London's Stoke Newington and began to flesh out Jackson's material.
The group self-produced the tracks ""Sucker"" and ""Eureka Moment,"" releasing them on the fledgling Hard Up label in 2015. The latter song was an assured slice of grungy punk-pop recalling the abrasive yet melodically sweet output of groups like the Breeders and Elastica, and it brought them to the attention of the London music scene. They built on the exposure with a co-headlining tour in October 2015 alongside fellow London acts INHEAVEN and Vant. Following that tour, they found themselves supporting well-established performers like Ezra Furman and the Vaccines. These high-profile support slots brought them to the attention of Fiction, a subsidiary of Universal Music, which issued their debut EP, The Road, in March 2016. In August of that year, the group released a version of Madonna's ""Beautiful Stranger,"" a cover that they regularly played live.
Their first long-player, Love in the 4th Dimension, followed on Fiction in April of 2017. Its production team included Catherine Marks (the Wombats, Alex Lahey), Rory Attwell (Kid Wave, the Ordinary Boys), and the band. Two months later, the Big Moon appeared on singer/songwriter Marika Hackman's album I'm Not Your Man. They headed back into the studio, this time with producer Ben H. Allen III (Belle and Sebastian, Deerhunter), and returned with the resulting Walking Like We Do in 2020. ~ Bekki Bemrose",Take a Piece,Unknown,https://www.youtube.com/watch?v=rkKCixK8t4g&pp=ygUbVGhlIEJpZyBNb29uIC0gVGFrZSBhIFBpZWNl
Walking Like We Do,https://lastfm.freetls.fastly.net/i/u/300x300/af929a648b7694e12ec9b2dba52c37f7.jpg,The Big Moon,2020-01-10,"Led by the self-assured vocals of songwriter Juliette Jackson, London indie rock outfit the Big Moon take their lead from the grunge and Brit-pop groups of the 1990s. After debuting in 2015 with EP The Road, they released their first album, Love in the 4th Dimension, in 2017.
The Big Moon formed in 2014 following Juliette Jackson's decision that a career in waitressing wasn't one she was prepared to commit to. After putting the word out, she met three other like-minded women through mutual friends, and the Big Moon was born. With Jackson leading, the rest of the band featured Soph Nathan on guitar and vocals, Celia Archer on bass and vocals, and Fern Ford on drums. The quartet headed to a rehearsal room in London's Stoke Newington and began to flesh out Jackson's material.
The group self-produced the tracks ""Sucker"" and ""Eureka Moment,"" releasing them on the fledgling Hard Up label in 2015. The latter song was an assured slice of grungy punk-pop recalling the abrasive yet melodically sweet output of groups like the Breeders and Elastica, and it brought them to the attention of the London music scene. They built on the exposure with a co-headlining tour in October 2015 alongside fellow London acts INHEAVEN and Vant. Following that tour, they found themselves supporting well-established performers like Ezra Furman and the Vaccines. These high-profile support slots brought them to the attention of Fiction, a subsidiary of Universal Music, which issued their debut EP, The Road, in March 2016. In August of that year, the group released a version of Madonna's ""Beautiful Stranger,"" a cover that they regularly played live.
Their first long-player, Love in the 4th Dimension, followed on Fiction in April of 2017. Its production team included Catherine Marks (the Wombats, Alex Lahey), Rory Attwell (Kid Wave, the Ordinary Boys), and the band. Two months later, the Big Moon appeared on singer/songwriter Marika Hackman's album I'm Not Your Man. They headed back into the studio, this time with producer Ben H. Allen III (Belle and Sebastian, Deerhunter), and returned with the resulting Walking Like We Do in 2020. ~ Bekki Bemrose",Barcelona,Unknown,https://www.youtube.com/watch?v=XNh3cWQuRUc&pp=ygUYVGhlIEJpZyBNb29uIC0gQmFyY2Vsb25h
Walking Like We Do,https://lastfm.freetls.fastly.net/i/u/300x300/af929a648b7694e12ec9b2dba52c37f7.jpg,The Big Moon,2020-01-10,"Led by the self-assured vocals of songwriter Juliette Jackson, London indie rock outfit the Big Moon take their lead from the grunge and Brit-pop groups of the 1990s. After debuting in 2015 with EP The Road, they released their first album, Love in the 4th Dimension, in 2017.
The Big Moon formed in 2014 following Juliette Jackson's decision that a career in waitressing wasn't one she was prepared to commit to. After putting the word out, she met three other like-minded women through mutual friends, and the Big Moon was born. With Jackson leading, the rest of the band featured Soph Nathan on guitar and vocals, Celia Archer on bass and vocals, and Fern Ford on drums. The quartet headed to a rehearsal room in London's Stoke Newington and began to flesh out Jackson's material.
The group self-produced the tracks ""Sucker"" and ""Eureka Moment,"" releasing them on the fledgling Hard Up label in 2015. The latter song was an assured slice of grungy punk-pop recalling the abrasive yet melodically sweet output of groups like the Breeders and Elastica, and it brought them to the attention of the London music scene. They built on the exposure with a co-headlining tour in October 2015 alongside fellow London acts INHEAVEN and Vant. Following that tour, they found themselves supporting well-established performers like Ezra Furman and the Vaccines. These high-profile support slots brought them to the attention of Fiction, a subsidiary of Universal Music, which issued their debut EP, The Road, in March 2016. In August of that year, the group released a version of Madonna's ""Beautiful Stranger,"" a cover that they regularly played live.
Their first long-player, Love in the 4th Dimension, followed on Fiction in April of 2017. Its production team included Catherine Marks (the Wombats, Alex Lahey), Rory Attwell (Kid Wave, the Ordinary Boys), and the band. Two months later, the Big Moon appeared on singer/songwriter Marika Hackman's album I'm Not Your Man. They headed back into the studio, this time with producer Ben H. Allen III (Belle and Sebastian, Deerhunter), and returned with the resulting Walking Like We Do in 2020. ~ Bekki Bemrose",A Hundred Ways to Land,Unknown,https://www.youtube.com/watch?v=Q-G0tnPtAzM&pp=ygUjVGhlIEJpZyBNb29uIEEgSHVuZHJlZCBXYXlzIHRvIExhbmQ%3D
Walking Like We Do,https://lastfm.freetls.fastly.net/i/u/300x300/af929a648b7694e12ec9b2dba52c37f7.jpg,The Big Moon,2020-01-10,"Led by the self-assured vocals of songwriter Juliette Jackson, London indie rock outfit the Big Moon take their lead from the grunge and Brit-pop groups of the 1990s. After debuting in 2015 with EP The Road, they released their first album, Love in the 4th Dimension, in 2017.
The Big Moon formed in 2014 following Juliette Jackson's decision that a career in waitressing wasn't one she was prepared to commit to. After putting the word out, she met three other like-minded women through mutual friends, and the Big Moon was born. With Jackson leading, the rest of the band featured Soph Nathan on guitar and vocals, Celia Archer on bass and vocals, and Fern Ford on drums. The quartet headed to a rehearsal room in London's Stoke Newington and began to flesh out Jackson's material.
The group self-produced the tracks ""Sucker"" and ""Eureka Moment,"" releasing them on the fledgling Hard Up label in 2015. The latter song was an assured slice of grungy punk-pop recalling the abrasive yet melodically sweet output of groups like the Breeders and Elastica, and it brought them to the attention of the London music scene. They built on the exposure with a co-headlining tour in October 2015 alongside fellow London acts INHEAVEN and Vant. Following that tour, they found themselves supporting well-established performers like Ezra Furman and the Vaccines. These high-profile support slots brought them to the attention of Fiction, a subsidiary of Universal Music, which issued their debut EP, The Road, in March 2016. In August of that year, the group released a version of Madonna's ""Beautiful Stranger,"" a cover that they regularly played live.
Their first long-player, Love in the 4th Dimension, followed on Fiction in April of 2017. Its production team included Catherine Marks (the Wombats, Alex Lahey), Rory Attwell (Kid Wave, the Ordinary Boys), and the band. Two months later, the Big Moon appeared on singer/songwriter Marika Hackman's album I'm Not Your Man. They headed back into the studio, this time with producer Ben H. Allen III (Belle and Sebastian, Deerhunter), and returned with the resulting Walking Like We Do in 2020. ~ Bekki Bemrose",ADHD,Unknown,https://www.youtube.com/watch?v=NKnTkDAg1gY&pp=ygUTVGhlIEJpZyBNb29uIC0gQURIRA%3D%3D
Lifetimes,https://lastfm.freetls.fastly.net/i/u/300x300/dcc513564231c63f4e2f38cefdcda319.jpg,the bird and the bee,2022-01-21,"As the Bird & The Bee, vocalist Inara George and multi-instrumentalist Greg Kurstin specialized in a knowing update on swinging easy listening. Grounded equally in clever new wave pop and space age bachelor pad music, the Bird & The Bee mined the past to make music for a sophisticated present. They unveiled their hip adult alternative pop via a pair of albums of original material on Blue Note in the late 2000s, highlighted by the 2006 dance club hit ""Fucking Boyfriend,"" but it was their 2010 tribute album Interpreting the Masters, Vol. 1: A Tribute to Daryl Hall and John Oates that helped break them to a wider audience. Following its release, Kurstin's production career -- which was already quite active -- went into overdrive, which meant that he and George would reunite only occasionally in the 2010s. Whenever the pair did record, they adhered to the same witty, urbane pop that they'd debuted back in 2007.
Inara George and Greg Kurstin first crossed paths in 2004 as she was recording her debut album, All Rise. Producer Mike Andrews brought Kurstin into the studio to play piano on All Rise and George wound up hitting it off with the keyboardist. Bonding over a shared love of jazz, the pair began to collaborate together, writing and recording the material that comprised their debut EP, Again and Again and Again and Again at Kurstin's studio in Echo Park. Released on Blue Note -- the label first put it out on its hip subsidiary Metro Blue, but the duo quickly moved to Blue Note proper -- in 2006, the EP was grounded by the single ""Fucking Boyfriend,"" which reached number one on Billboard's Dance chart; it was also available as a remix featuring Peaches, who had previously worked with Kurstin on her 2006 album Impeach My Bush.
The full-length The Bird and the Bee appeared in January 2007. As the album earned placements on television, including on two episodes of Grey's Anatomy, the duo supported the album opening for Lily Allen. By the end of the year, they'd released another EP, Please Clap Your Hands, which featured a cover of the Bee Gees' ""How Deep Is Your Love,"" and contributed a version of ""Carol of the Bells"" to Stockings by the Fire, a various-artists Christmas album released by Hear Music. An EP of new material, One Too Many Hearts, arrived on February 12, 2008, and throughout that year their music continued to pop up on screens both large and small, with the EP Live at the Palms appearing in June of 2008.
Ray Guns Are Not Just the Future, the second the Bird and the Bee album, appeared in January 2009; it peaked at 78 on Billboard's Top 200. The duo supported the album with a brief concert culminating at Carnegie Hall. The Bird and the Bee closed out their Blue Note contract with the March 2010 release of Interpreting the Masters, Vol. 1: A Tribute to Daryl Hall and John Oates. Debuting at 75 on Billboard's Top 200, the album was supported by a single release of ""Private Eyes.""
Over the next few years, Kurstin kept busy with his production work, scoring big hits with Sia's 2010 album We Are Born and P!nk's 2013 LP The Truth About Love. The duo delivered some soundtrack work in 2014, contributing to the films Endless Love and Sex Tape, before returning in 2015 with Recreational Love, which was released in July on Rostrum/Polydor. Preceded by the single ""Will You Dance?,"" Recreational Love charted at 38 on Billboard's Indie Charts.
After a few years pursuing individual projects where their only group appearances amounted to soundtrack appearances (""My Love"" showed up in The Big Sick and Imposters in 2017) George and Kurstin reconvened as the Bird and the Bee in 2019 to make Interpreting the Masters, Vol. 2: A Tribute to Van Halen. The album produced two singles: ""Panama"" and ""Ain't Talking 'Bout Love."" ~ Stephen Thomas Erlewine",Lifetimes,Unknown,https://www.youtube.com/watch?v=TMy6X5cQul8&list=RDTMy6X5cQul8&start_radio=1&pp=ygUedGhlIGJpcmQgYW5kIHRoZSBiZWUgTGlmZXRpbWVzoAcB
Ray Guns Are Not Just the Future,https://lastfm.freetls.fastly.net/i/u/300x300/0785e9ab281b4a0293197e0dfe43e2b4.png,the bird and the bee,2009-01-27,"As the Bird & The Bee, vocalist Inara George and multi-instrumentalist Greg Kurstin specialized in a knowing update on swinging easy listening. Grounded equally in clever new wave pop and space age bachelor pad music, the Bird & The Bee mined the past to make music for a sophisticated present. They unveiled their hip adult alternative pop via a pair of albums of original material on Blue Note in the late 2000s, highlighted by the 2006 dance club hit ""Fucking Boyfriend,"" but it was their 2010 tribute album Interpreting the Masters, Vol. 1: A Tribute to Daryl Hall and John Oates that helped break them to a wider audience. Following its release, Kurstin's production career -- which was already quite active -- went into overdrive, which meant that he and George would reunite only occasionally in the 2010s. Whenever the pair did record, they adhered to the same witty, urbane pop that they'd debuted back in 2007.
Inara George and Greg Kurstin first crossed paths in 2004 as she was recording her debut album, All Rise. Producer Mike Andrews brought Kurstin into the studio to play piano on All Rise and George wound up hitting it off with the keyboardist. Bonding over a shared love of jazz, the pair began to collaborate together, writing and recording the material that comprised their debut EP, Again and Again and Again and Again at Kurstin's studio in Echo Park. Released on Blue Note -- the label first put it out on its hip subsidiary Metro Blue, but the duo quickly moved to Blue Note proper -- in 2006, the EP was grounded by the single ""Fucking Boyfriend,"" which reached number one on Billboard's Dance chart; it was also available as a remix featuring Peaches, who had previously worked with Kurstin on her 2006 album Impeach My Bush.
The full-length The Bird and the Bee appeared in January 2007. As the album earned placements on television, including on two episodes of Grey's Anatomy, the duo supported the album opening for Lily Allen. By the end of the year, they'd released another EP, Please Clap Your Hands, which featured a cover of the Bee Gees' ""How Deep Is Your Love,"" and contributed a version of ""Carol of the Bells"" to Stockings by the Fire, a various-artists Christmas album released by Hear Music. An EP of new material, One Too Many Hearts, arrived on February 12, 2008, and throughout that year their music continued to pop up on screens both large and small, with the EP Live at the Palms appearing in June of 2008.
Ray Guns Are Not Just the Future, the second the Bird and the Bee album, appeared in January 2009; it peaked at 78 on Billboard's Top 200. The duo supported the album with a brief concert culminating at Carnegie Hall. The Bird and the Bee closed out their Blue Note contract with the March 2010 release of Interpreting the Masters, Vol. 1: A Tribute to Daryl Hall and John Oates. Debuting at 75 on Billboard's Top 200, the album was supported by a single release of ""Private Eyes.""
Over the next few years, Kurstin kept busy with his production work, scoring big hits with Sia's 2010 album We Are Born and P!nk's 2013 LP The Truth About Love. The duo delivered some soundtrack work in 2014, contributing to the films Endless Love and Sex Tape, before returning in 2015 with Recreational Love, which was released in July on Rostrum/Polydor. Preceded by the single ""Will You Dance?,"" Recreational Love charted at 38 on Billboard's Indie Charts.
After a few years pursuing individual projects where their only group appearances amounted to soundtrack appearances (""My Love"" showed up in The Big Sick and Imposters in 2017) George and Kurstin reconvened as the Bird and the Bee in 2019 to make Interpreting the Masters, Vol. 2: A Tribute to Van Halen. The album produced two singles: ""Panama"" and ""Ain't Talking 'Bout Love."" ~ Stephen Thomas Erlewine",Polite Dance Song,Unknown,https://www.youtube.com/watch?v=HhDVSiidt_4&list=RDHhDVSiidt_4&start_radio=1&pp=ygUmdGhlIGJpcmQgYW5kIHRoZSBiZWUgUG9saXRlIERhbmNlIFNvbmegBwE%3D
The Southern Harmony and Musical Companion,https://lastfm.freetls.fastly.net/i/u/300x300/d28f51926e4116b762ff5efd9590b7e3.jpg,The Black Crowes,1992-05-11,"The Black Crowes echo classic rock without imitating their influences -- they don't replicate the insistent swagger of the Rolling Stones, the drunken boogie of the Faces, or the funky chug of the Grateful Dead so much as give the resulting brew their own flavors. The interplay between the brothers Robinson, vocalist Chris and guitarist Rich, gives the band some extra tension and they play with a fiery tightness their heroes often didn't. They hit the ground running with their first two albums -- 1990's Shake Your Money Maker, with its revved-up cover of the Otis Redding song ""Hard to Handle,"" and 1992's The Southern Harmony and Musical Companion -- scaling the upper reaches of the charts. As the years rolled on, the group loosened up a bit and embraced the jammier side of the classic rock equation, before splitting (for the first time) in 2002. They would continue to regroup and breakup over the years, playing reunion shows and making albums, including 2008's politically charged Warpaint. After half-a-decade of not speaking, they patched things up in 2020, releasing the covers EP 1972, touring, and curating reissues of their early albums. In 2024, they returned with their first studio album in 15 years, the swagging hard rock throwback Happiness Bastards.
The Robinson brothers originally formed the band, calling it Mr. Crowe's Garden, in Georgia in 1984. They started off heavily influenced by psychedelic rock and jangle pop, but gradually evolved into something more indebted to greasy, good-time rock & roll. By the time they released their debut album, 1990's Shake Your Money Maker, the lineup comprised vocalist Chris Robinson, guitarist Rich Robinson, bassist Johnny Colt, guitarist Jeff Cease, and drummer Steve Gorman. The strutting ""Jealous Again,"" the first single from Shake Your Money Maker, established the band's mix of hooks and attitude, but it was their cover of Otis Redding's ""Hard to Handle"" that made the Black Crowes a multi-platinum success. The song climbed its way into the Top 40, propelling the album into the Top Ten along the way. The acoustic ballad ""She Talks to Angels"" became their second Top 40 hit in the spring of 1991. Along the way, the group's notoriety and fame grew in equal measure as they were booted off a tour with ZZ Top (for bad mouthing the corporate sponsor) and earned an opening slot on the Monsters of Rock tour.
Guitarist Cease left the band before the recording of their second album began, he was replaced by Marc Ford. Working again with producer George Drakoulias, who had done much in the past to help the band hone their sound, their second album, The Southern Harmony and Musical Companion, was released in early 1992 and entered the charts at number one. Featuring vintage keyboard work from another new member, Eddie Harsch, the album deepened the grooves found on their debut and featured a heavier guitar attack along with even more confident vocals from Chris Robinson. The album's songs didn't have the same impact on the singles chart this time around, but the band established itself as a popular concert attraction, selling out theaters across America. Once back in the studio they commenced work on their third album, Tall, but ended up shelving it in favor of the more relaxed, jam band-adjacent Amorica, which arrived in late 1994 and debuted in the Top Ten. It was the first of their albums produced by Jack Joseph Puig, and he was back at the helm for 1996's Three Snakes and One Charm, which was recorded in Atlanta in a house the band rented and lived in during the sessions. The record had a looser feel and horns courtesy of the Dirty Dozen Brass Band. During this time, animosity between the Robinson brothers started to influence their way of operating, as they were living on separate coasts and sent their song ideas to each other instead of working together in person. The end result proved strong, though, and was hailed by many as a return to their early form.
The Crowes' lineup took a hit in late 1997 when Ford was fired and Colt left to form the Brand New Immortals. With Rich Robinson handling all guitar parts, the band recorded and released By Your Side, a tough, hard-rocking album that stripped their sound down to the basics. Next up was a collaboration with one of their heroes, Led Zeppelin's Jimmy Page. This partnership was captured on the concert album Live at the Greek, a mix of Zeppelin covers and classic blues cuts. The band took a breath in 2000 and issued Greatest Hits 1990-1999: A Tribute to a Work in Progress, a 16-track best-of that took stock of their career to date. When they got back to business, they enlisted Don Was to produce 2001's Lions, a record that reflected their kaleidoscopic vision of rock's history and sported lyrics that were influenced by Chris Robinson's relationship with actress Kate Hudson. A month-long summer tour with Oasis -- dubbed the ""Tour of Brotherly Love"" due to the prevalence of less-than-friendly siblings in both bands -- followed in June. All was apparently not well with the group, and the band announced its decision to go on hiatus in January 2002. Drummer Steve Gorman was fired, and Chris Robinson began planning a solo career. It was Rich Robinson who was first out of the gate with a solo project, though, releasing Paper in 2004. In 2005, however, the Black Crowes, including Ford on guitar, reunited for a show at San Francisco's Fillmore that was released as Freak 'N' Roll...Into the Fog in 2006. That year also saw the release of The Lost Crowes, which contained two previously unreleased albums, 1993's Tall (parts of which were heard on Amorica) and the 1997 never-before-heard Band. Following a series of lineup changes that included Harsch and Ford's departure, the retooled band hit the road for a proper tour before setting to work on its first studio effort in seven years. Joined by newcomer Luther Dickinson, guitarist and co-founder of the North Mississippi Allstars, the Black Crowes combined the rootsy appeal of their early work with a newfound political awareness on 2008's Warpaint. A live performance of the album, Warpaint Live, appeared a year later in 2009. Before the Frost...Until the Freeze, which was recorded live at Levon Helm's studio and saw the band delving into disco and cosmic folk, arrived that same year, marking the band's eighth studio effort and garnering warm reviews.
The Black Crowes continued their prolific streak with 2010's Croweology, a double-disc album that featured new acoustic recordings of the band's past work. The album's release was bittersweet, though, as it coincided with a farewell tour followed by another indefinite hiatus. Rich Robinson released his second solo album, Through a Crooked Sun, in 2011 and Chris released two albums with his new band, the Chris Robinson Brotherhood, in 2012. The Crowes returned to life in 2013, undertaking a tour and releasing the live album Wiser for the Time on vinyl. In January 2015, Rich Robinson announced the band was breaking up. Again.
The Robinson brothers spent five years apart -- during which they never spoke or saw each other -- and each released a solo album and toured before gingerly reuniting once more in 2020 with a new Black Crowes lineup (guitarist Isaiah Mitchell, bassist Tim Lefebvre, keyboardist Joel Robinow, and drummer Raj Ojha) for a tour celebrating the 30th anniversary of their debut album Shake Your Money Maker. Due to the COVID-19 pandemic, the tour was postponed until 2021, as was a deluxe reissue of Shake Your Money Maker. Things went well enough that the band decided to record again, and the following year saw the release of the EP 1972, a set of six newly recorded covers from the epochal year done in classic Crowes style. The band continued to play live shows and cycle through members, with bassist Sven Pipien returning to the fold. In 2023, the group released a live album, Shake Your Money Maker Live, and a deluxe edition of The Southern Harmony and Musical Companion that included previously unreleased live-in-the-studio tracks. During this time, they were working on an album with producer Jay Joyce, digging back into the inspirations that had launched the band and aiming for a suitably tough, swaggering sound. The resulting Happiness Bastards album was released in early 2024, and along with a batch of wall-rattling rockers it featured ""Wilted Rose,"" a country-spiked ballad featuring backing vocals by Lainey Wilson. After the album's release, the band launched a year-long world tour. ~ Stephen Thomas Erlewine & Tim Sendra",Remedy,Unknown,https://www.youtube.com/watch?v=BYyRLTveFJQ&pp=ygUXVGhlIEJsYWNrIENyb3dlcyBSZW1lZHk%3D
Fever Daydream,https://lastfm.freetls.fastly.net/i/u/300x300/65ea3e0cc90b3689afb59e131c70eddf.jpg,The Black Queen,2016-01-29,"A kind of power synth pop trio, the Black Queen began in casual fashion and developed into a full-blown band treated by its members as much more than an extracurricular project. In 2011, Greg Puciato, Dillinger Escape Plan's vocalist, and Steven Alexander, a seasoned tech (DEP, Nine Inch Nails, Ke$ha), began working on material with one another that deviated significantly from the former's main band. Later in the year, Joshua Eustis (NIN, Puscifer) was added to the fold, after Puciato crossed paths with the multi-instrumentalist, producer, and songwriter at a Puscifer gig. Puciato's interests had long involved electronic music -- his primary band had covered songs by Massive Attack, Depeche Mode, and even Aphex Twin -- and he admired Eustis' output with Telefon Tel Aviv. The two also shared a love for R&B, a genre detectable throughout Eustis' recorded history. Within a couple years, Puciato, Alexander, and Eustis were deeply involved in the Black Queen, living with one another in Los Angeles, and supporting each other through bleak personal matters. In 2015, they debuted the Black Queen with the ballad ""The End Where We Start"" and quickly followed it with the relatively uptempo ""Ice to Never,"" a pair of singles that were closer in construction to Telefon Tel Aviv's Immolate Yourself than anything by Dillinger Escape Plan. Additionally, these songs featured some of Puciato's most melodic and restrained vocal performances without sacrificing any feeling. Fever Daydream, their debut album, was released in January 2016. They went on to promote the record with an international tour later that year before Puciato returned to Dillinger to record their final album, Dissociation, which saw release in October 2016. DEP spent almost the entirety of 2017 touring in support of the record before taking a break and Puciato returned the Black Queen fold in 2018 to record their sophomore effort -- Infinite Games -- which saw release in September 2018. ~ Andy Kellman",Ice to Never,Unknown,https://www.youtube.com/watch?v=kj9-QKZVW54&pp=ygUcVGhlIEJsYWNrIFF1ZWVuIEljZSB0byBOZXZlcg%3D%3D
Friendloverplane,https://lastfm.freetls.fastly.net/i/u/300x300/0399e08a24a6d27a50e75a6d4be94272.jpg,The Blue Aeroplanes,1988-01-01,"The Blue Aeroplanes are an art rock group from Bristol, England, that has drawn comparisons to critically acclaimed rock bands like the Velvet Underground because of their eclectic style and the songwriting sensibility of group leader Gerard Langley. The original core of the band included Langley's brother John on drums, Nick Jacobs on guitar, and multi-instrumentalist Dave Chapman. However, personnel other than Langley has varied, and (on both records and in performances) they have always been augmented by a large cast of semi-regular sidemen. (By the time of their 1991 album, Beatsongs, the Aeroplanes' lineup included guitarist Angelo Bruschini, guitarist Rodney Allen, bassist Andy McCreeth, drummer Paul Mulreany, and guitarist/keyboard player Alex Lee, with another eight musicians listed in the credits.) The group released Bop Art on the Abstract Records label in April 1984, then signed to Fire Records, for which they recorded their second album, Tolerance (October 1986), and their third, Spitting Out Miracles (1987), plus several EPs. Spitting Out Miracles was their first U.S. release, followed by the compilation album Friendloverplane (1988), a double LP on Fire in the U.K. that was reduced to a single LP on Restless in the U.S. The Blue Aeroplanes then signed to the Ensign division of Chrysalis Records and charted in the U.K. with two 1989 singles, ""Jacket Hangs"" and ""...And Stones,"" as well as their 1990 and 1991 albums, Swagger and Beatsongs. ~ William Ruhlmann",Veils of Colour,Unknown,https://www.youtube.com/watch?v=oOVqUh2N344&pp=ygUlVGhlIEJsdWUgQWVyb3BsYW5lcyAtIFZlaWxzIG9mIENvbG91ctIHCQmECQGHKiGM7w%3D%3D
Friendloverplane,https://lastfm.freetls.fastly.net/i/u/300x300/0399e08a24a6d27a50e75a6d4be94272.jpg,The Blue Aeroplanes,1988-01-01,"The Blue Aeroplanes are an art rock group from Bristol, England, that has drawn comparisons to critically acclaimed rock bands like the Velvet Underground because of their eclectic style and the songwriting sensibility of group leader Gerard Langley. The original core of the band included Langley's brother John on drums, Nick Jacobs on guitar, and multi-instrumentalist Dave Chapman. However, personnel other than Langley has varied, and (on both records and in performances) they have always been augmented by a large cast of semi-regular sidemen. (By the time of their 1991 album, Beatsongs, the Aeroplanes' lineup included guitarist Angelo Bruschini, guitarist Rodney Allen, bassist Andy McCreeth, drummer Paul Mulreany, and guitarist/keyboard player Alex Lee, with another eight musicians listed in the credits.) The group released Bop Art on the Abstract Records label in April 1984, then signed to Fire Records, for which they recorded their second album, Tolerance (October 1986), and their third, Spitting Out Miracles (1987), plus several EPs. Spitting Out Miracles was their first U.S. release, followed by the compilation album Friendloverplane (1988), a double LP on Fire in the U.K. that was reduced to a single LP on Restless in the U.S. The Blue Aeroplanes then signed to the Ensign division of Chrysalis Records and charted in the U.K. with two 1989 singles, ""Jacket Hangs"" and ""...And Stones,"" as well as their 1990 and 1991 albums, Swagger and Beatsongs. ~ William Ruhlmann",Who Built This Station in the Midwest,Unknown,https://www.youtube.com/watch?v=yMJiR4cSGgg&pp=ygU7VGhlIEJsdWUgQWVyb3BsYW5lcyAtIFdobyBCdWlsdCBUaGlzIFN0YXRpb24gaW4gdGhlIE1pZHdlc3Q%3D
Friendloverplane,https://lastfm.freetls.fastly.net/i/u/300x300/0399e08a24a6d27a50e75a6d4be94272.jpg,The Blue Aeroplanes,1988-01-01,"The Blue Aeroplanes are an art rock group from Bristol, England, that has drawn comparisons to critically acclaimed rock bands like the Velvet Underground because of their eclectic style and the songwriting sensibility of group leader Gerard Langley. The original core of the band included Langley's brother John on drums, Nick Jacobs on guitar, and multi-instrumentalist Dave Chapman. However, personnel other than Langley has varied, and (on both records and in performances) they have always been augmented by a large cast of semi-regular sidemen. (By the time of their 1991 album, Beatsongs, the Aeroplanes' lineup included guitarist Angelo Bruschini, guitarist Rodney Allen, bassist Andy McCreeth, drummer Paul Mulreany, and guitarist/keyboard player Alex Lee, with another eight musicians listed in the credits.) The group released Bop Art on the Abstract Records label in April 1984, then signed to Fire Records, for which they recorded their second album, Tolerance (October 1986), and their third, Spitting Out Miracles (1987), plus several EPs. Spitting Out Miracles was their first U.S. release, followed by the compilation album Friendloverplane (1988), a double LP on Fire in the U.K. that was reduced to a single LP on Restless in the U.S. The Blue Aeroplanes then signed to the Ensign division of Chrysalis Records and charted in the U.K. with two 1989 singles, ""Jacket Hangs"" and ""...And Stones,"" as well as their 1990 and 1991 albums, Swagger and Beatsongs. ~ William Ruhlmann",King of the Soap Box,Unknown,https://www.youtube.com/watch?v=Vzl57D5Xm3Q&pp=ygUoVGhlIEJsdWUgQWVyb3BsYW5lcyBLaW5nIG9mIHRoZSBTb2FwIEJveA%3D%3D
Friendloverplane,https://lastfm.freetls.fastly.net/i/u/300x300/0399e08a24a6d27a50e75a6d4be94272.jpg,The Blue Aeroplanes,1988-01-01,"The Blue Aeroplanes are an art rock group from Bristol, England, that has drawn comparisons to critically acclaimed rock bands like the Velvet Underground because of their eclectic style and the songwriting sensibility of group leader Gerard Langley. The original core of the band included Langley's brother John on drums, Nick Jacobs on guitar, and multi-instrumentalist Dave Chapman. However, personnel other than Langley has varied, and (on both records and in performances) they have always been augmented by a large cast of semi-regular sidemen. (By the time of their 1991 album, Beatsongs, the Aeroplanes' lineup included guitarist Angelo Bruschini, guitarist Rodney Allen, bassist Andy McCreeth, drummer Paul Mulreany, and guitarist/keyboard player Alex Lee, with another eight musicians listed in the credits.) The group released Bop Art on the Abstract Records label in April 1984, then signed to Fire Records, for which they recorded their second album, Tolerance (October 1986), and their third, Spitting Out Miracles (1987), plus several EPs. Spitting Out Miracles was their first U.S. release, followed by the compilation album Friendloverplane (1988), a double LP on Fire in the U.K. that was reduced to a single LP on Restless in the U.S. The Blue Aeroplanes then signed to the Ensign division of Chrysalis Records and charted in the U.K. with two 1989 singles, ""Jacket Hangs"" and ""...And Stones,"" as well as their 1990 and 1991 albums, Swagger and Beatsongs. ~ William Ruhlmann",Tolerance,Unknown,https://www.youtube.com/watch?v=Tbb2z6ICYvM&pp=ygUdVGhlIEJsdWUgQWVyb3BsYW5lcyBUb2xlcmFuY2U%3D
Friendloverplane,https://lastfm.freetls.fastly.net/i/u/300x300/0399e08a24a6d27a50e75a6d4be94272.jpg,The Blue Aeroplanes,1988-01-01,"The Blue Aeroplanes are an art rock group from Bristol, England, that has drawn comparisons to critically acclaimed rock bands like the Velvet Underground because of their eclectic style and the songwriting sensibility of group leader Gerard Langley. The original core of the band included Langley's brother John on drums, Nick Jacobs on guitar, and multi-instrumentalist Dave Chapman. However, personnel other than Langley has varied, and (on both records and in performances) they have always been augmented by a large cast of semi-regular sidemen. (By the time of their 1991 album, Beatsongs, the Aeroplanes' lineup included guitarist Angelo Bruschini, guitarist Rodney Allen, bassist Andy McCreeth, drummer Paul Mulreany, and guitarist/keyboard player Alex Lee, with another eight musicians listed in the credits.) The group released Bop Art on the Abstract Records label in April 1984, then signed to Fire Records, for which they recorded their second album, Tolerance (October 1986), and their third, Spitting Out Miracles (1987), plus several EPs. Spitting Out Miracles was their first U.S. release, followed by the compilation album Friendloverplane (1988), a double LP on Fire in the U.K. that was reduced to a single LP on Restless in the U.S. The Blue Aeroplanes then signed to the Ensign division of Chrysalis Records and charted in the U.K. with two 1989 singles, ""Jacket Hangs"" and ""...And Stones,"" as well as their 1990 and 1991 albums, Swagger and Beatsongs. ~ William Ruhlmann",Severn Beach,Unknown,https://www.youtube.com/watch?v=4dtYiGim7IU&pp=ygUiVGhlIEJsdWUgQWVyb3BsYW5lcyAtIFNldmVybiBCZWFjaA%3D%3D
Friendloverplane,https://lastfm.freetls.fastly.net/i/u/300x300/0399e08a24a6d27a50e75a6d4be94272.jpg,The Blue Aeroplanes,1988-01-01,"The Blue Aeroplanes are an art rock group from Bristol, England, that has drawn comparisons to critically acclaimed rock bands like the Velvet Underground because of their eclectic style and the songwriting sensibility of group leader Gerard Langley. The original core of the band included Langley's brother John on drums, Nick Jacobs on guitar, and multi-instrumentalist Dave Chapman. However, personnel other than Langley has varied, and (on both records and in performances) they have always been augmented by a large cast of semi-regular sidemen. (By the time of their 1991 album, Beatsongs, the Aeroplanes' lineup included guitarist Angelo Bruschini, guitarist Rodney Allen, bassist Andy McCreeth, drummer Paul Mulreany, and guitarist/keyboard player Alex Lee, with another eight musicians listed in the credits.) The group released Bop Art on the Abstract Records label in April 1984, then signed to Fire Records, for which they recorded their second album, Tolerance (October 1986), and their third, Spitting Out Miracles (1987), plus several EPs. Spitting Out Miracles was their first U.S. release, followed by the compilation album Friendloverplane (1988), a double LP on Fire in the U.K. that was reduced to a single LP on Restless in the U.S. The Blue Aeroplanes then signed to the Ensign division of Chrysalis Records and charted in the U.K. with two 1989 singles, ""Jacket Hangs"" and ""...And Stones,"" as well as their 1990 and 1991 albums, Swagger and Beatsongs. ~ William Ruhlmann",Warhol’s Fifteen,Unknown,https://www.youtube.com/watch?v=aPz0LH_fseE&pp=ygUjVGhlIEJsdWUgQWVyb3BsYW5lcyBXYXJob2xzIEZpZnRlZW4%3D
Friendloverplane,https://lastfm.freetls.fastly.net/i/u/300x300/0399e08a24a6d27a50e75a6d4be94272.jpg,The Blue Aeroplanes,1988-01-01,"The Blue Aeroplanes are an art rock group from Bristol, England, that has drawn comparisons to critically acclaimed rock bands like the Velvet Underground because of their eclectic style and the songwriting sensibility of group leader Gerard Langley. The original core of the band included Langley's brother John on drums, Nick Jacobs on guitar, and multi-instrumentalist Dave Chapman. However, personnel other than Langley has varied, and (on both records and in performances) they have always been augmented by a large cast of semi-regular sidemen. (By the time of their 1991 album, Beatsongs, the Aeroplanes' lineup included guitarist Angelo Bruschini, guitarist Rodney Allen, bassist Andy McCreeth, drummer Paul Mulreany, and guitarist/keyboard player Alex Lee, with another eight musicians listed in the credits.) The group released Bop Art on the Abstract Records label in April 1984, then signed to Fire Records, for which they recorded their second album, Tolerance (October 1986), and their third, Spitting Out Miracles (1987), plus several EPs. Spitting Out Miracles was their first U.S. release, followed by the compilation album Friendloverplane (1988), a double LP on Fire in the U.K. that was reduced to a single LP on Restless in the U.S. The Blue Aeroplanes then signed to the Ensign division of Chrysalis Records and charted in the U.K. with two 1989 singles, ""Jacket Hangs"" and ""...And Stones,"" as well as their 1990 and 1991 albums, Swagger and Beatsongs. ~ William Ruhlmann",Gunning the Works,Unknown,https://www.youtube.com/watch?v=X2GEitDjD80&pp=ygUlVGhlIEJsdWUgQWVyb3BsYW5lcyBHdW5uaW5nIHRoZSBXb3Jrcw%3D%3D
Friendloverplane,https://lastfm.freetls.fastly.net/i/u/300x300/0399e08a24a6d27a50e75a6d4be94272.jpg,The Blue Aeroplanes,1988-01-01,"The Blue Aeroplanes are an art rock group from Bristol, England, that has drawn comparisons to critically acclaimed rock bands like the Velvet Underground because of their eclectic style and the songwriting sensibility of group leader Gerard Langley. The original core of the band included Langley's brother John on drums, Nick Jacobs on guitar, and multi-instrumentalist Dave Chapman. However, personnel other than Langley has varied, and (on both records and in performances) they have always been augmented by a large cast of semi-regular sidemen. (By the time of their 1991 album, Beatsongs, the Aeroplanes' lineup included guitarist Angelo Bruschini, guitarist Rodney Allen, bassist Andy McCreeth, drummer Paul Mulreany, and guitarist/keyboard player Alex Lee, with another eight musicians listed in the credits.) The group released Bop Art on the Abstract Records label in April 1984, then signed to Fire Records, for which they recorded their second album, Tolerance (October 1986), and their third, Spitting Out Miracles (1987), plus several EPs. Spitting Out Miracles was their first U.S. release, followed by the compilation album Friendloverplane (1988), a double LP on Fire in the U.K. that was reduced to a single LP on Restless in the U.S. The Blue Aeroplanes then signed to the Ensign division of Chrysalis Records and charted in the U.K. with two 1989 singles, ""Jacket Hangs"" and ""...And Stones,"" as well as their 1990 and 1991 albums, Swagger and Beatsongs. ~ William Ruhlmann",Old Men Sleeping in the Bowery,Unknown,https://www.youtube.com/watch?v=UTBV03w8-2A&pp=ygUyVGhlIEJsdWUgQWVyb3BsYW5lcyBPbGQgTWVuIFNsZWVwaW5nIGluIHRoZSBCb3dlcnnSBwkJfgkBhyohjO8%3D
Swagger,https://lastfm.freetls.fastly.net/i/u/300x300/ae8dda3b2968a146d98d09c30ff152fa.jpg,The Blue Aeroplanes,1990-02-12,"The Blue Aeroplanes are an art rock group from Bristol, England, that has drawn comparisons to critically acclaimed rock bands like the Velvet Underground because of their eclectic style and the songwriting sensibility of group leader Gerard Langley. The original core of the band included Langley's brother John on drums, Nick Jacobs on guitar, and multi-instrumentalist Dave Chapman. However, personnel other than Langley has varied, and (on both records and in performances) they have always been augmented by a large cast of semi-regular sidemen. (By the time of their 1991 album, Beatsongs, the Aeroplanes' lineup included guitarist Angelo Bruschini, guitarist Rodney Allen, bassist Andy McCreeth, drummer Paul Mulreany, and guitarist/keyboard player Alex Lee, with another eight musicians listed in the credits.) The group released Bop Art on the Abstract Records label in April 1984, then signed to Fire Records, for which they recorded their second album, Tolerance (October 1986), and their third, Spitting Out Miracles (1987), plus several EPs. Spitting Out Miracles was their first U.S. release, followed by the compilation album Friendloverplane (1988), a double LP on Fire in the U.K. that was reduced to a single LP on Restless in the U.S. The Blue Aeroplanes then signed to the Ensign division of Chrysalis Records and charted in the U.K. with two 1989 singles, ""Jacket Hangs"" and ""...And Stones,"" as well as their 1990 and 1991 albums, Swagger and Beatsongs. ~ William Ruhlmann",Love Come Round (hurdy‐gurdy version),Unknown,https://www.youtube.com/watch?v=9mCDHD0BW8s&pp=ygU3VGhlIEJsdWUgQWVyb3BsYW5lcyBMb3ZlIENvbWUgUm91bmQgaHVyZHktZ3VyZHkgdmVyc2lvbg%3D%3D
Swagger,https://lastfm.freetls.fastly.net/i/u/300x300/ae8dda3b2968a146d98d09c30ff152fa.jpg,The Blue Aeroplanes,1990-02-12,"The Blue Aeroplanes are an art rock group from Bristol, England, that has drawn comparisons to critically acclaimed rock bands like the Velvet Underground because of their eclectic style and the songwriting sensibility of group leader Gerard Langley. The original core of the band included Langley's brother John on drums, Nick Jacobs on guitar, and multi-instrumentalist Dave Chapman. However, personnel other than Langley has varied, and (on both records and in performances) they have always been augmented by a large cast of semi-regular sidemen. (By the time of their 1991 album, Beatsongs, the Aeroplanes' lineup included guitarist Angelo Bruschini, guitarist Rodney Allen, bassist Andy McCreeth, drummer Paul Mulreany, and guitarist/keyboard player Alex Lee, with another eight musicians listed in the credits.) The group released Bop Art on the Abstract Records label in April 1984, then signed to Fire Records, for which they recorded their second album, Tolerance (October 1986), and their third, Spitting Out Miracles (1987), plus several EPs. Spitting Out Miracles was their first U.S. release, followed by the compilation album Friendloverplane (1988), a double LP on Fire in the U.K. that was reduced to a single LP on Restless in the U.S. The Blue Aeroplanes then signed to the Ensign division of Chrysalis Records and charted in the U.K. with two 1989 singles, ""Jacket Hangs"" and ""...And Stones,"" as well as their 1990 and 1991 albums, Swagger and Beatsongs. ~ William Ruhlmann",Razorwalk,Unknown,https://www.youtube.com/watch?v=vqTtIvXAd7k&pp=ygUdVGhlIEJsdWUgQWVyb3BsYW5lcyBSYXpvcndhbGs%3D
Swagger,https://lastfm.freetls.fastly.net/i/u/300x300/ae8dda3b2968a146d98d09c30ff152fa.jpg,The Blue Aeroplanes,1990-02-12,"The Blue Aeroplanes are an art rock group from Bristol, England, that has drawn comparisons to critically acclaimed rock bands like the Velvet Underground because of their eclectic style and the songwriting sensibility of group leader Gerard Langley. The original core of the band included Langley's brother John on drums, Nick Jacobs on guitar, and multi-instrumentalist Dave Chapman. However, personnel other than Langley has varied, and (on both records and in performances) they have always been augmented by a large cast of semi-regular sidemen. (By the time of their 1991 album, Beatsongs, the Aeroplanes' lineup included guitarist Angelo Bruschini, guitarist Rodney Allen, bassist Andy McCreeth, drummer Paul Mulreany, and guitarist/keyboard player Alex Lee, with another eight musicians listed in the credits.) The group released Bop Art on the Abstract Records label in April 1984, then signed to Fire Records, for which they recorded their second album, Tolerance (October 1986), and their third, Spitting Out Miracles (1987), plus several EPs. Spitting Out Miracles was their first U.S. release, followed by the compilation album Friendloverplane (1988), a double LP on Fire in the U.K. that was reduced to a single LP on Restless in the U.S. The Blue Aeroplanes then signed to the Ensign division of Chrysalis Records and charted in the U.K. with two 1989 singles, ""Jacket Hangs"" and ""...And Stones,"" as well as their 1990 and 1991 albums, Swagger and Beatsongs. ~ William Ruhlmann",Different Now,Unknown,https://www.youtube.com/watch?v=9bdvIW-zR88&pp=ygUjVGhlIEJsdWUgQWVyb3BsYW5lcyAtIERpZmZlcmVudCBOb3c%3D
Swagger,https://lastfm.freetls.fastly.net/i/u/300x300/ae8dda3b2968a146d98d09c30ff152fa.jpg,The Blue Aeroplanes,1990-02-12,"The Blue Aeroplanes are an art rock group from Bristol, England, that has drawn comparisons to critically acclaimed rock bands like the Velvet Underground because of their eclectic style and the songwriting sensibility of group leader Gerard Langley. The original core of the band included Langley's brother John on drums, Nick Jacobs on guitar, and multi-instrumentalist Dave Chapman. However, personnel other than Langley has varied, and (on both records and in performances) they have always been augmented by a large cast of semi-regular sidemen. (By the time of their 1991 album, Beatsongs, the Aeroplanes' lineup included guitarist Angelo Bruschini, guitarist Rodney Allen, bassist Andy McCreeth, drummer Paul Mulreany, and guitarist/keyboard player Alex Lee, with another eight musicians listed in the credits.) The group released Bop Art on the Abstract Records label in April 1984, then signed to Fire Records, for which they recorded their second album, Tolerance (October 1986), and their third, Spitting Out Miracles (1987), plus several EPs. Spitting Out Miracles was their first U.S. release, followed by the compilation album Friendloverplane (1988), a double LP on Fire in the U.K. that was reduced to a single LP on Restless in the U.S. The Blue Aeroplanes then signed to the Ensign division of Chrysalis Records and charted in the U.K. with two 1989 singles, ""Jacket Hangs"" and ""...And Stones,"" as well as their 1990 and 1991 albums, Swagger and Beatsongs. ~ William Ruhlmann",Big Sky,Unknown,https://www.youtube.com/watch?v=dwJFse2ZK-U&pp=ygUbVGhlIEJsdWUgQWVyb3BsYW5lcyBCaWcgU2t5
Swagger,https://lastfm.freetls.fastly.net/i/u/300x300/ae8dda3b2968a146d98d09c30ff152fa.jpg,The Blue Aeroplanes,1990-02-12,"The Blue Aeroplanes are an art rock group from Bristol, England, that has drawn comparisons to critically acclaimed rock bands like the Velvet Underground because of their eclectic style and the songwriting sensibility of group leader Gerard Langley. The original core of the band included Langley's brother John on drums, Nick Jacobs on guitar, and multi-instrumentalist Dave Chapman. However, personnel other than Langley has varied, and (on both records and in performances) they have always been augmented by a large cast of semi-regular sidemen. (By the time of their 1991 album, Beatsongs, the Aeroplanes' lineup included guitarist Angelo Bruschini, guitarist Rodney Allen, bassist Andy McCreeth, drummer Paul Mulreany, and guitarist/keyboard player Alex Lee, with another eight musicians listed in the credits.) The group released Bop Art on the Abstract Records label in April 1984, then signed to Fire Records, for which they recorded their second album, Tolerance (October 1986), and their third, Spitting Out Miracles (1987), plus several EPs. Spitting Out Miracles was their first U.S. release, followed by the compilation album Friendloverplane (1988), a double LP on Fire in the U.K. that was reduced to a single LP on Restless in the U.S. The Blue Aeroplanes then signed to the Ensign division of Chrysalis Records and charted in the U.K. with two 1989 singles, ""Jacket Hangs"" and ""...And Stones,"" as well as their 1990 and 1991 albums, Swagger and Beatsongs. ~ William Ruhlmann",88 Out (alternate version),Unknown,https://www.youtube.com/watch?v=S48RyFL3Nv4&pp=ygUsVGhlIEJsdWUgQWVyb3BsYW5lcyA4OCBPdXQgYWx0ZXJuYXRlIHZlcnNpb24%3D
Swagger,https://lastfm.freetls.fastly.net/i/u/300x300/ae8dda3b2968a146d98d09c30ff152fa.jpg,The Blue Aeroplanes,1990-02-12,"The Blue Aeroplanes are an art rock group from Bristol, England, that has drawn comparisons to critically acclaimed rock bands like the Velvet Underground because of their eclectic style and the songwriting sensibility of group leader Gerard Langley. The original core of the band included Langley's brother John on drums, Nick Jacobs on guitar, and multi-instrumentalist Dave Chapman. However, personnel other than Langley has varied, and (on both records and in performances) they have always been augmented by a large cast of semi-regular sidemen. (By the time of their 1991 album, Beatsongs, the Aeroplanes' lineup included guitarist Angelo Bruschini, guitarist Rodney Allen, bassist Andy McCreeth, drummer Paul Mulreany, and guitarist/keyboard player Alex Lee, with another eight musicians listed in the credits.) The group released Bop Art on the Abstract Records label in April 1984, then signed to Fire Records, for which they recorded their second album, Tolerance (October 1986), and their third, Spitting Out Miracles (1987), plus several EPs. Spitting Out Miracles was their first U.S. release, followed by the compilation album Friendloverplane (1988), a double LP on Fire in the U.K. that was reduced to a single LP on Restless in the U.S. The Blue Aeroplanes then signed to the Ensign division of Chrysalis Records and charted in the U.K. with two 1989 singles, ""Jacket Hangs"" and ""...And Stones,"" as well as their 1990 and 1991 albums, Swagger and Beatsongs. ~ William Ruhlmann",I Wanna Be Your Lover (alternate version),Unknown,https://www.youtube.com/watch?v=GSTe3xUwWr0&pp=ygU_VGhlIEJsdWUgQWVyb3BsYW5lcyAtIEkgV2FubmEgQmUgWW91ciBMb3ZlciAoYWx0ZXJuYXRlIHZlcnNpb24p
Swagger,https://lastfm.freetls.fastly.net/i/u/300x300/ae8dda3b2968a146d98d09c30ff152fa.jpg,The Blue Aeroplanes,1990-02-12,"The Blue Aeroplanes are an art rock group from Bristol, England, that has drawn comparisons to critically acclaimed rock bands like the Velvet Underground because of their eclectic style and the songwriting sensibility of group leader Gerard Langley. The original core of the band included Langley's brother John on drums, Nick Jacobs on guitar, and multi-instrumentalist Dave Chapman. However, personnel other than Langley has varied, and (on both records and in performances) they have always been augmented by a large cast of semi-regular sidemen. (By the time of their 1991 album, Beatsongs, the Aeroplanes' lineup included guitarist Angelo Bruschini, guitarist Rodney Allen, bassist Andy McCreeth, drummer Paul Mulreany, and guitarist/keyboard player Alex Lee, with another eight musicians listed in the credits.) The group released Bop Art on the Abstract Records label in April 1984, then signed to Fire Records, for which they recorded their second album, Tolerance (October 1986), and their third, Spitting Out Miracles (1987), plus several EPs. Spitting Out Miracles was their first U.S. release, followed by the compilation album Friendloverplane (1988), a double LP on Fire in the U.K. that was reduced to a single LP on Restless in the U.S. The Blue Aeroplanes then signed to the Ensign division of Chrysalis Records and charted in the U.K. with two 1989 singles, ""Jacket Hangs"" and ""...And Stones,"" as well as their 1990 and 1991 albums, Swagger and Beatsongs. ~ William Ruhlmann",…And Stones (Lovers All Around mix),Unknown,https://www.youtube.com/watch?v=GXmVn3oqthE&pp=ygU0VGhlIEJsdWUgQWVyb3BsYW5lcyBBbmQgU3RvbmVzIExvdmVycyBBbGwgQXJvdW5kIG1peA%3D%3D
Swagger,https://lastfm.freetls.fastly.net/i/u/300x300/ae8dda3b2968a146d98d09c30ff152fa.jpg,The Blue Aeroplanes,1990-02-12,"The Blue Aeroplanes are an art rock group from Bristol, England, that has drawn comparisons to critically acclaimed rock bands like the Velvet Underground because of their eclectic style and the songwriting sensibility of group leader Gerard Langley. The original core of the band included Langley's brother John on drums, Nick Jacobs on guitar, and multi-instrumentalist Dave Chapman. However, personnel other than Langley has varied, and (on both records and in performances) they have always been augmented by a large cast of semi-regular sidemen. (By the time of their 1991 album, Beatsongs, the Aeroplanes' lineup included guitarist Angelo Bruschini, guitarist Rodney Allen, bassist Andy McCreeth, drummer Paul Mulreany, and guitarist/keyboard player Alex Lee, with another eight musicians listed in the credits.) The group released Bop Art on the Abstract Records label in April 1984, then signed to Fire Records, for which they recorded their second album, Tolerance (October 1986), and their third, Spitting Out Miracles (1987), plus several EPs. Spitting Out Miracles was their first U.S. release, followed by the compilation album Friendloverplane (1988), a double LP on Fire in the U.K. that was reduced to a single LP on Restless in the U.S. The Blue Aeroplanes then signed to the Ensign division of Chrysalis Records and charted in the U.K. with two 1989 singles, ""Jacket Hangs"" and ""...And Stones,"" as well as their 1990 and 1991 albums, Swagger and Beatsongs. ~ William Ruhlmann",You Are Loved,Unknown,https://www.youtube.com/watch?v=c8UJ1HkYy1E&pp=ygUhVGhlIEJsdWUgQWVyb3BsYW5lcyBZb3UgQXJlIExvdmVk0gcJCX4JAYcqIYzv
Swagger,https://lastfm.freetls.fastly.net/i/u/300x300/ae8dda3b2968a146d98d09c30ff152fa.jpg,The Blue Aeroplanes,1990-02-12,"The Blue Aeroplanes are an art rock group from Bristol, England, that has drawn comparisons to critically acclaimed rock bands like the Velvet Underground because of their eclectic style and the songwriting sensibility of group leader Gerard Langley. The original core of the band included Langley's brother John on drums, Nick Jacobs on guitar, and multi-instrumentalist Dave Chapman. However, personnel other than Langley has varied, and (on both records and in performances) they have always been augmented by a large cast of semi-regular sidemen. (By the time of their 1991 album, Beatsongs, the Aeroplanes' lineup included guitarist Angelo Bruschini, guitarist Rodney Allen, bassist Andy McCreeth, drummer Paul Mulreany, and guitarist/keyboard player Alex Lee, with another eight musicians listed in the credits.) The group released Bop Art on the Abstract Records label in April 1984, then signed to Fire Records, for which they recorded their second album, Tolerance (October 1986), and their third, Spitting Out Miracles (1987), plus several EPs. Spitting Out Miracles was their first U.S. release, followed by the compilation album Friendloverplane (1988), a double LP on Fire in the U.K. that was reduced to a single LP on Restless in the U.S. The Blue Aeroplanes then signed to the Ensign division of Chrysalis Records and charted in the U.K. with two 1989 singles, ""Jacket Hangs"" and ""...And Stones,"" as well as their 1990 and 1991 albums, Swagger and Beatsongs. ~ William Ruhlmann",You’re Going to Need Somebody,Unknown,https://www.youtube.com/watch?v=2mdsxpuJYIE&pp=ygU1VGhlIEJsdWUgQWVyb3BsYW5lcyAtIFlvdeKAmXJlIEdvaW5nIHRvIE5lZWQgU29tZWJvZHk%3D
Swagger,https://lastfm.freetls.fastly.net/i/u/300x300/ae8dda3b2968a146d98d09c30ff152fa.jpg,The Blue Aeroplanes,1990-02-12,"The Blue Aeroplanes are an art rock group from Bristol, England, that has drawn comparisons to critically acclaimed rock bands like the Velvet Underground because of their eclectic style and the songwriting sensibility of group leader Gerard Langley. The original core of the band included Langley's brother John on drums, Nick Jacobs on guitar, and multi-instrumentalist Dave Chapman. However, personnel other than Langley has varied, and (on both records and in performances) they have always been augmented by a large cast of semi-regular sidemen. (By the time of their 1991 album, Beatsongs, the Aeroplanes' lineup included guitarist Angelo Bruschini, guitarist Rodney Allen, bassist Andy McCreeth, drummer Paul Mulreany, and guitarist/keyboard player Alex Lee, with another eight musicians listed in the credits.) The group released Bop Art on the Abstract Records label in April 1984, then signed to Fire Records, for which they recorded their second album, Tolerance (October 1986), and their third, Spitting Out Miracles (1987), plus several EPs. Spitting Out Miracles was their first U.S. release, followed by the compilation album Friendloverplane (1988), a double LP on Fire in the U.K. that was reduced to a single LP on Restless in the U.S. The Blue Aeroplanes then signed to the Ensign division of Chrysalis Records and charted in the U.K. with two 1989 singles, ""Jacket Hangs"" and ""...And Stones,"" as well as their 1990 and 1991 albums, Swagger and Beatsongs. ~ William Ruhlmann",Sweet Jane,Unknown,https://www.youtube.com/watch?v=Fa9nN3G2CSg&pp=ygUeVGhlIEJsdWUgQWVyb3BsYW5lcyBTd2VldCBKYW5l
Swagger,https://lastfm.freetls.fastly.net/i/u/300x300/ae8dda3b2968a146d98d09c30ff152fa.jpg,The Blue Aeroplanes,1990-02-12,"The Blue Aeroplanes are an art rock group from Bristol, England, that has drawn comparisons to critically acclaimed rock bands like the Velvet Underground because of their eclectic style and the songwriting sensibility of group leader Gerard Langley. The original core of the band included Langley's brother John on drums, Nick Jacobs on guitar, and multi-instrumentalist Dave Chapman. However, personnel other than Langley has varied, and (on both records and in performances) they have always been augmented by a large cast of semi-regular sidemen. (By the time of their 1991 album, Beatsongs, the Aeroplanes' lineup included guitarist Angelo Bruschini, guitarist Rodney Allen, bassist Andy McCreeth, drummer Paul Mulreany, and guitarist/keyboard player Alex Lee, with another eight musicians listed in the credits.) The group released Bop Art on the Abstract Records label in April 1984, then signed to Fire Records, for which they recorded their second album, Tolerance (October 1986), and their third, Spitting Out Miracles (1987), plus several EPs. Spitting Out Miracles was their first U.S. release, followed by the compilation album Friendloverplane (1988), a double LP on Fire in the U.K. that was reduced to a single LP on Restless in the U.S. The Blue Aeroplanes then signed to the Ensign division of Chrysalis Records and charted in the U.K. with two 1989 singles, ""Jacket Hangs"" and ""...And Stones,"" as well as their 1990 and 1991 albums, Swagger and Beatsongs. ~ William Ruhlmann",World View Blue (acoustic version),Unknown,https://www.youtube.com/watch?v=S7VSQ1LsjTM&pp=ygU4VGhlIEJsdWUgQWVyb3BsYW5lcyAtIFdvcmxkIFZpZXcgQmx1ZSAoYWNvdXN0aWMgdmVyc2lvbik%3D
Living Is Easy,https://lastfm.freetls.fastly.net/i/u/300x300/52dd6c1f9866facfd91cb5cf3f63afb2.jpg,The Boo Radleys,2026-01-30,"During their early- to mid-'90s heyday, the Boo Radleys walked a crooked line between overdriven shoegaze and breezy dream pop; they were just as likely to record dubby, noise-damaged epics as they were to explode out of radio speakers, a chief example being 1995's hit single ""Wake Up Boo!"" Combining Martin Carr's off-the-beam songwriting and Sice's choirboy-pure vocals, the band started making blown-out noise rock on 1990's grungily lo-fi Ichabod and I, and gradually dialed back the noise and folded in influences as wide-ranging as hip-hop, dub, Love, orchestral pop, psychedelia, the Beatles, and electronica on a series of singles, EPs, and albums that came together perfectly on 1993's Giant Steps. They then hit the mainstream with 1995's U.K. chart-topping Wake Up! After that brush with fame, they retreated into avant-garde pop that challenged their newfound fans (1996's C'Mon Kids) and searched for a new direction (1998's Kingsize). The effort to carve a new path proved too much and the band split, not playing again until 2020, when they reconvened without Carr to record new music. The results, rapidly realized on new albums like 2022's Keep on with Falling and 2023's Eight, proved that the band's mix of classic melodies, crafty hooks, and uplifting choruses still sounds as good decades later.
Formed in Merseyside in 1988, the Boo Radleys originally consisted of guitarist/songwriter Martin Carr, vocalist/guitarist Sice, bassist Timothy Brown, and drummer Steve Hewitt. The band released their first album, the Dinosaur Jr.-inspired noisefest Ichabod and I, on a local independent record label, Action, in 1990. Hewitt left soon after and was replaced by Rob Cieka. With the support of John Peel, the band signed with Rough Trade. The group released the Every Heaven EP in 1991, which made it into the lower regions of the U.K. charts.
Rough Trade folded shortly after the release of the EP, and the Boo Radleys moved to Creation, releasing the pedal and effects laden Everything's Alright Forever in 1992. The record placed them in the dead center of the shoegaze wave and thanks to Creation's association with Columbia, earned them a U.S. release. The band weren't satisfied being pigeonholed as a shoegaze band -- few bands who were given that tag seemed to want it -- and expanded their outlook greatly on 1993's Giant Steps. Produced by the band themselves, the album added some new sonic textures like dub, Beach Boys-style vocal harmonies and, thanks to the trumpet work of Steve Kitchen, some Miles Davis-inspired jazz. Topping several Best-of-the-Year lists, including Melody Maker's, the album was a critical success in England, sold respectably, and led to a second-stage spot on the Lollapalooza '94 tour.
When the band returned to the studio to record again, they had undergone something of a transformation, chucking out many of their more esoteric influences in favor of more straightforward arrangements that focused on the song, more than the sound of the record. The bright, horn-driven single ""Wake Up Boo"" was released in February of 1995 and entered in the Top Ten of the U.K. singles chart. Its success paved the way for the more clean-sounding, pop-oriented Wake Up!, which was issued in March. The record was the band's commercial breakthrough, debuting at number one on the U.K. album charts and pushing the band out of the indie cocoon they had been comfortably ensconced in since the beginning. Their reaction to this was to change direction yet again and 1996's album C'Mon Kids was a self-consciously loud and arty album designed to shake off the band's newfound pop fans. It worked -- the album debuted in the Top Ten but it soon fell off the charts, despite mostly positive reviews. The group were shaken up by the reaction to the album as well, and 1998's Kingsize seemed stuck between delivering dream pop hooks and indulging experimental impulses. Soon after the record's release, the band decided to split up.
Carr went on to release six genre-hopping albums as Brave Captain before beginning to issue material under his own name. After guesting on recordings by both Brave Captain and Ryo Matsui, Sice formed the short-lived Paperlung (his second solo outing after his mid-'90s Eggman project), while Cieka subsequently performed in two Manchester-based acts: Bez's Domino Bones and Matt Grayson's Big Star-inspired the Swells. Brown, meanwhile, took an entirely different path, completing a teacher training course and ultimately moving to work in a school in Kilkeel, Northern Ireland.
In 2005, Find the Way Out -- an extensive two-disc Boo Radleys retrospective -- was issued complete with exhaustive liner notes and memories from the band. Despite the release of a further collection -- 2007's The Best of the Boo Radleys -- the bandmembers continued with their own disparate projects for more than another decade, without any apparent sign of them re-forming. However, when Brown attended Sice's 50th birthday party in June 2019, it sparked a conversation about new Boo Radleys material, subsequently leading to a period of demo swapping between the pair. Without any involvement from Carr, the band effectively regrouped as a trio, with Brown inviting Sice and Cieka to Northern Ireland, to complete recordings that they had begun to put together remotely. The sessions resulted in their first single in 23 years, July 2021's melodic ""A Full Syringe and Memories of You."" An EP of the same name appeared later in the year, as did a U.K. tour, before the March 2022 appearance of a seventh Boo Radleys album, Keep on with Falling, released on their own freshly minted independent label Boostr. It sounded a lot like one might expect a Boos album without Martin Carr to sound, without too much sonic playfulness but with loads of soaring choruses and shimmering dream pop. From there, the band started making up for lost time, booking tours and working on new music at a steady clip. In 2023, they released Eight, their energetic and brightly busy eighth studio album, again issued on their Boostr label. 2023 also found the band embarking on multiple tours and celebrating the 30th anniversary of their 1993 album Giant Steps with a much-needed reissue. ~ Tim Sendra & James Wilkinson",Living Is Easy - single edit,Unknown,https://www.youtube.com/watch?v=FrTl5BXn7cI&list=RDFrTl5BXn7cI&start_radio=1&pp=ygUsVGhlIEJvbyBSYWRsZXlzIExpdmluZyBJcyBFYXN5IC0gc2luZ2xlIGVkaXSgBwE%3D
"All the Time, All the Time, All the Time...",https://lastfm.freetls.fastly.net/i/u/300x300/74ec45dd629b4c00cc418f38b0fad2d6.jpg,The Box,1985-01-01,"Guitarist Claude Thibeault, bassist Jean-Pierre Brie, drummer Phillipe Bernard and keyboard player Guy Pisapia asked vocalist Jean-Marc Pisapia to join them as the Box in 1982. He agreed, and the band released their first album (self-titled) two years later. Although all the members were French Canadian, they mostly sang in English. All the Time, All the Time, All the Time followed in 1985, but the band didn't make it in Canada until 1987's Closer Together. Their last album was The Pleasure and the Pain in 1990; after Bernand and Guy Pisapia left in 1992, the greatest hits compilation A Decade of the Box was released in 1993. ~ John Bush",To What We Shall Believe,Unknown,https://www.youtube.com/watch?v=k7VW0mTj2BE&pp=ygUiVGhlIEJveCAtIFRvIFdoYXQgV2UgU2hhbGwgQmVsaWV2ZdIHCQmECQGHKiGM7w%3D%3D
"All the Time, All the Time, All the Time...",https://lastfm.freetls.fastly.net/i/u/300x300/74ec45dd629b4c00cc418f38b0fad2d6.jpg,The Box,1985-01-01,"Guitarist Claude Thibeault, bassist Jean-Pierre Brie, drummer Phillipe Bernard and keyboard player Guy Pisapia asked vocalist Jean-Marc Pisapia to join them as the Box in 1982. He agreed, and the band released their first album (self-titled) two years later. Although all the members were French Canadian, they mostly sang in English. All the Time, All the Time, All the Time followed in 1985, but the band didn't make it in Canada until 1987's Closer Together. Their last album was The Pleasure and the Pain in 1990; after Bernand and Guy Pisapia left in 1992, the greatest hits compilation A Decade of the Box was released in 1993. ~ John Bush",L'Affaire Dumoutier (Say To Me),Unknown,https://www.youtube.com/watch?v=4A3gcDg5M3M&pp=ygUkVGhlIEJveCBMQWZmYWlyZSBEdW1vdXRpZXIgU2F5IFRvIE1l
Brother Sister,https://lastfm.freetls.fastly.net/i/u/300x300/007a77070a22427bc2d30247062e56e8.png,The Brand New Heavies,1994-01-01,"The leading band of London's acid jazz scene, the Brand New Heavies have translated their love of sophisticated '70s funk grooves into an evolving danceable sound that has endured for over 30 years. The Brand New Heavies made their recorded debut near the end of the 1980s and thrived throughout the '90s, powered by vocalists N'Dea Davenport, Siedah Garrett, and Carleen Anderson. The band's first full decade was marked by the platinum U.K. Top Ten albums Brother Sister (1994) and Shelter (1997) and 15 U.K. Top 40 singles, ranging from originals like ""Stay This Way,"" ""Dream On Dreamer,"" and ""Sometimes,"" to covers of '70s classics such as ""Don't Let It Go to Your Head,"" ""Midnight at the Oasis,"" and ""You've Got a Friend."" Although a knowing throwback approach is an outstanding aspect of their appeal, and they emerged during an era when hip-hop started to overtake R&B, the Heavies have remained contemporary and aren't purists, having frequently collaborated with rappers and younger producers. Since their most prolific decade, they've kept that mentality while more than doubling the length of their discography. Among their later highlights are Allabouthefunk (2004), their fifth charting album, along with Get Used to It (2016) and TBNH (2019), LPs graced by Davenport that respectively saw them return to early U.S. and U.K. label homes Delicious Vinyl and Acid Jazz.
Formed in 1985 by drummer/vocalist Jan Kincaid, guitarist Simon Bartholomew, and bassist/keyboardist Andrew Levy -- school friends from the London suburb of Ealing -- the Brand New Heavies were originally an instrumental unit inspired by the James Brown and Meters records the musicians heard while clubbing in the rare groove scene that gave rise to acid jazz. The trio soon began recording their own music, gaining enormous exposure when their demo tracks were spun at the influential Cat in the Hat club. The Brand New Heavies added a horn section and built a cult following throughout the London club circuit. After a recording deal with Cooltempo yielded the single ""Got to Give,"" the Heavies -- now including vocalist Jay Ella Ruth -- signed with the fledgling indie label Acid Jazz and were subsequently boosted by an affiliation with the larger FFRR. Recorded on a budget of just 8,000 pounds, the group's self-titled LP appeared in 1990 to strong critical acclaim, landed at number 25 on the U.K. album chart, and was powered by three Top 40 singles. Ruth left the band, and Delicious Vinyl, their new label for the U.S., hand-picked N'Dea Davenport as the successor. The Heavies subsequently re-recorded tracks from the debut for their first Stateside effort, also an eponymous release, which appeared in 1992. ""Never Stop,"" which had narrowly missed the Top 40 in the U.K., reached number three on Billboard's R\&B/hip-hop chart. A New York performance augmented by rappers Q-Tip and MC Serch inspired the group to cut another '92 release, Heavy Rhyme Experience, Vol. 1, which featured collaborations with Gang Starr, Main Source, and the Pharcyde, among other hip-hop acts that enhanced their credibility overseas.
The 1994 effort Brother Sister hit number four in the U.K. and went platinum thanks to four Top 40 hits, including ""Dream On Dreamer."" Davenport left for a solo career and was replaced by Siedah Garrett, a veteran R\&B singer/songwriter known most as the co-writer of Michael Jackson's ""Man in the Mirror."" The Heavies didn't miss a beat with Shelter, a 1997 LP that also contained four Top 40 singles and was certified platinum. Two years later, the group reappeared with a U.K. anthology entitled Trunk Funk: The Best of the Brand New Heavies, a set that also included new material fronted by Carleen Anderson, previously of Talkin' Loud signees Young Disciples. The title was recycled the following year for a U.S. compilation, Trunk Funk Classics: 1991-2000, which also featured a new song recorded with Davenport. After 2003's We Won't Stop, fronted primarily by Sy Smith, and 2004's Allabouthefunk, a self-issued collaboration with Nicole Russo, Davenport returned for a longer period that saw the Heavies through numerous projects well into the 2010s. Among these were 2006's Get Used to It, 2013's Forward, and the intermediary date Live in London. The musicians during this period also recorded an LP of library-style funk instrumentals titled Dunk Your Trunk.
Dawn Joseph, who had contributed to Forward, took the spotlight on Sweet Freaks, the band's 2014 offering, but she left afterward, as did Jan Kincaid. The band, guided still by founding members Simon Bartholomew and Andrew Levy, continued performing over the next few years with different vocalists, and in 2019 returned to the Acid Jazz label for TBNH. Co-produced by longtime superfan Mark Ronson, its lead vocals were exchanged by past and current members N'Dea Davenport, Siedah Garrett, and Angela Ricci and guests including Beverley Knight and Angie Stone. Shibuya 357, a live set originally released only in Japan, was given wide digital release in 2021, almost 25 years after its first edition. ~ Andy Kellman",Brother Sister,Unknown,https://www.youtube.com/watch?v=B_SoEH9kW4o&list=RDB_SoEH9kW4o&start_radio=1&pp=ygUkVGhlIEJyYW5kIE5ldyBIZWF2aWVzIEJyb3RoZXIgU2lzdGVyoAcB
Brother Sister,https://lastfm.freetls.fastly.net/i/u/300x300/007a77070a22427bc2d30247062e56e8.png,The Brand New Heavies,1994-01-01,"The leading band of London's acid jazz scene, the Brand New Heavies have translated their love of sophisticated '70s funk grooves into an evolving danceable sound that has endured for over 30 years. The Brand New Heavies made their recorded debut near the end of the 1980s and thrived throughout the '90s, powered by vocalists N'Dea Davenport, Siedah Garrett, and Carleen Anderson. The band's first full decade was marked by the platinum U.K. Top Ten albums Brother Sister (1994) and Shelter (1997) and 15 U.K. Top 40 singles, ranging from originals like ""Stay This Way,"" ""Dream On Dreamer,"" and ""Sometimes,"" to covers of '70s classics such as ""Don't Let It Go to Your Head,"" ""Midnight at the Oasis,"" and ""You've Got a Friend."" Although a knowing throwback approach is an outstanding aspect of their appeal, and they emerged during an era when hip-hop started to overtake R&B, the Heavies have remained contemporary and aren't purists, having frequently collaborated with rappers and younger producers. Since their most prolific decade, they've kept that mentality while more than doubling the length of their discography. Among their later highlights are Allabouthefunk (2004), their fifth charting album, along with Get Used to It (2016) and TBNH (2019), LPs graced by Davenport that respectively saw them return to early U.S. and U.K. label homes Delicious Vinyl and Acid Jazz.
Formed in 1985 by drummer/vocalist Jan Kincaid, guitarist Simon Bartholomew, and bassist/keyboardist Andrew Levy -- school friends from the London suburb of Ealing -- the Brand New Heavies were originally an instrumental unit inspired by the James Brown and Meters records the musicians heard while clubbing in the rare groove scene that gave rise to acid jazz. The trio soon began recording their own music, gaining enormous exposure when their demo tracks were spun at the influential Cat in the Hat club. The Brand New Heavies added a horn section and built a cult following throughout the London club circuit. After a recording deal with Cooltempo yielded the single ""Got to Give,"" the Heavies -- now including vocalist Jay Ella Ruth -- signed with the fledgling indie label Acid Jazz and were subsequently boosted by an affiliation with the larger FFRR. Recorded on a budget of just 8,000 pounds, the group's self-titled LP appeared in 1990 to strong critical acclaim, landed at number 25 on the U.K. album chart, and was powered by three Top 40 singles. Ruth left the band, and Delicious Vinyl, their new label for the U.S., hand-picked N'Dea Davenport as the successor. The Heavies subsequently re-recorded tracks from the debut for their first Stateside effort, also an eponymous release, which appeared in 1992. ""Never Stop,"" which had narrowly missed the Top 40 in the U.K., reached number three on Billboard's R\&B/hip-hop chart. A New York performance augmented by rappers Q-Tip and MC Serch inspired the group to cut another '92 release, Heavy Rhyme Experience, Vol. 1, which featured collaborations with Gang Starr, Main Source, and the Pharcyde, among other hip-hop acts that enhanced their credibility overseas.
The 1994 effort Brother Sister hit number four in the U.K. and went platinum thanks to four Top 40 hits, including ""Dream On Dreamer."" Davenport left for a solo career and was replaced by Siedah Garrett, a veteran R\&B singer/songwriter known most as the co-writer of Michael Jackson's ""Man in the Mirror."" The Heavies didn't miss a beat with Shelter, a 1997 LP that also contained four Top 40 singles and was certified platinum. Two years later, the group reappeared with a U.K. anthology entitled Trunk Funk: The Best of the Brand New Heavies, a set that also included new material fronted by Carleen Anderson, previously of Talkin' Loud signees Young Disciples. The title was recycled the following year for a U.S. compilation, Trunk Funk Classics: 1991-2000, which also featured a new song recorded with Davenport. After 2003's We Won't Stop, fronted primarily by Sy Smith, and 2004's Allabouthefunk, a self-issued collaboration with Nicole Russo, Davenport returned for a longer period that saw the Heavies through numerous projects well into the 2010s. Among these were 2006's Get Used to It, 2013's Forward, and the intermediary date Live in London. The musicians during this period also recorded an LP of library-style funk instrumentals titled Dunk Your Trunk.
Dawn Joseph, who had contributed to Forward, took the spotlight on Sweet Freaks, the band's 2014 offering, but she left afterward, as did Jan Kincaid. The band, guided still by founding members Simon Bartholomew and Andrew Levy, continued performing over the next few years with different vocalists, and in 2019 returned to the Acid Jazz label for TBNH. Co-produced by longtime superfan Mark Ronson, its lead vocals were exchanged by past and current members N'Dea Davenport, Siedah Garrett, and Angela Ricci and guests including Beverley Knight and Angie Stone. Shibuya 357, a live set originally released only in Japan, was given wide digital release in 2021, almost 25 years after its first edition. ~ Andy Kellman",Midnight at the Oasis,Unknown,https://www.youtube.com/watch?v=CkeTEkmFUaI&list=RDCkeTEkmFUaI&start_radio=1&pp=ygUrVGhlIEJyYW5kIE5ldyBIZWF2aWVzIE1pZG5pZ2h0IGF0IHRoZSBPYXNpc6AHAQ%3D%3D
Brother Sister,https://lastfm.freetls.fastly.net/i/u/300x300/007a77070a22427bc2d30247062e56e8.png,The Brand New Heavies,1994-01-01,"The leading band of London's acid jazz scene, the Brand New Heavies have translated their love of sophisticated '70s funk grooves into an evolving danceable sound that has endured for over 30 years. The Brand New Heavies made their recorded debut near the end of the 1980s and thrived throughout the '90s, powered by vocalists N'Dea Davenport, Siedah Garrett, and Carleen Anderson. The band's first full decade was marked by the platinum U.K. Top Ten albums Brother Sister (1994) and Shelter (1997) and 15 U.K. Top 40 singles, ranging from originals like ""Stay This Way,"" ""Dream On Dreamer,"" and ""Sometimes,"" to covers of '70s classics such as ""Don't Let It Go to Your Head,"" ""Midnight at the Oasis,"" and ""You've Got a Friend."" Although a knowing throwback approach is an outstanding aspect of their appeal, and they emerged during an era when hip-hop started to overtake R&B, the Heavies have remained contemporary and aren't purists, having frequently collaborated with rappers and younger producers. Since their most prolific decade, they've kept that mentality while more than doubling the length of their discography. Among their later highlights are Allabouthefunk (2004), their fifth charting album, along with Get Used to It (2016) and TBNH (2019), LPs graced by Davenport that respectively saw them return to early U.S. and U.K. label homes Delicious Vinyl and Acid Jazz.
Formed in 1985 by drummer/vocalist Jan Kincaid, guitarist Simon Bartholomew, and bassist/keyboardist Andrew Levy -- school friends from the London suburb of Ealing -- the Brand New Heavies were originally an instrumental unit inspired by the James Brown and Meters records the musicians heard while clubbing in the rare groove scene that gave rise to acid jazz. The trio soon began recording their own music, gaining enormous exposure when their demo tracks were spun at the influential Cat in the Hat club. The Brand New Heavies added a horn section and built a cult following throughout the London club circuit. After a recording deal with Cooltempo yielded the single ""Got to Give,"" the Heavies -- now including vocalist Jay Ella Ruth -- signed with the fledgling indie label Acid Jazz and were subsequently boosted by an affiliation with the larger FFRR. Recorded on a budget of just 8,000 pounds, the group's self-titled LP appeared in 1990 to strong critical acclaim, landed at number 25 on the U.K. album chart, and was powered by three Top 40 singles. Ruth left the band, and Delicious Vinyl, their new label for the U.S., hand-picked N'Dea Davenport as the successor. The Heavies subsequently re-recorded tracks from the debut for their first Stateside effort, also an eponymous release, which appeared in 1992. ""Never Stop,"" which had narrowly missed the Top 40 in the U.K., reached number three on Billboard's R\&B/hip-hop chart. A New York performance augmented by rappers Q-Tip and MC Serch inspired the group to cut another '92 release, Heavy Rhyme Experience, Vol. 1, which featured collaborations with Gang Starr, Main Source, and the Pharcyde, among other hip-hop acts that enhanced their credibility overseas.
The 1994 effort Brother Sister hit number four in the U.K. and went platinum thanks to four Top 40 hits, including ""Dream On Dreamer."" Davenport left for a solo career and was replaced by Siedah Garrett, a veteran R\&B singer/songwriter known most as the co-writer of Michael Jackson's ""Man in the Mirror."" The Heavies didn't miss a beat with Shelter, a 1997 LP that also contained four Top 40 singles and was certified platinum. Two years later, the group reappeared with a U.K. anthology entitled Trunk Funk: The Best of the Brand New Heavies, a set that also included new material fronted by Carleen Anderson, previously of Talkin' Loud signees Young Disciples. The title was recycled the following year for a U.S. compilation, Trunk Funk Classics: 1991-2000, which also featured a new song recorded with Davenport. After 2003's We Won't Stop, fronted primarily by Sy Smith, and 2004's Allabouthefunk, a self-issued collaboration with Nicole Russo, Davenport returned for a longer period that saw the Heavies through numerous projects well into the 2010s. Among these were 2006's Get Used to It, 2013's Forward, and the intermediary date Live in London. The musicians during this period also recorded an LP of library-style funk instrumentals titled Dunk Your Trunk.
Dawn Joseph, who had contributed to Forward, took the spotlight on Sweet Freaks, the band's 2014 offering, but she left afterward, as did Jan Kincaid. The band, guided still by founding members Simon Bartholomew and Andrew Levy, continued performing over the next few years with different vocalists, and in 2019 returned to the Acid Jazz label for TBNH. Co-produced by longtime superfan Mark Ronson, its lead vocals were exchanged by past and current members N'Dea Davenport, Siedah Garrett, and Angela Ricci and guests including Beverley Knight and Angie Stone. Shibuya 357, a live set originally released only in Japan, was given wide digital release in 2021, almost 25 years after its first edition. ~ Andy Kellman",Spend Some Time,Unknown,https://www.youtube.com/watch?v=SbPby_i3aE8&list=RDSbPby_i3aE8&start_radio=1&pp=ygUlVGhlIEJyYW5kIE5ldyBIZWF2aWVzIFNwZW5kIFNvbWUgVGltZaAHAQ%3D%3D
Brother Sister,https://lastfm.freetls.fastly.net/i/u/300x300/007a77070a22427bc2d30247062e56e8.png,The Brand New Heavies,1994-01-01,"The leading band of London's acid jazz scene, the Brand New Heavies have translated their love of sophisticated '70s funk grooves into an evolving danceable sound that has endured for over 30 years. The Brand New Heavies made their recorded debut near the end of the 1980s and thrived throughout the '90s, powered by vocalists N'Dea Davenport, Siedah Garrett, and Carleen Anderson. The band's first full decade was marked by the platinum U.K. Top Ten albums Brother Sister (1994) and Shelter (1997) and 15 U.K. Top 40 singles, ranging from originals like ""Stay This Way,"" ""Dream On Dreamer,"" and ""Sometimes,"" to covers of '70s classics such as ""Don't Let It Go to Your Head,"" ""Midnight at the Oasis,"" and ""You've Got a Friend."" Although a knowing throwback approach is an outstanding aspect of their appeal, and they emerged during an era when hip-hop started to overtake R&B, the Heavies have remained contemporary and aren't purists, having frequently collaborated with rappers and younger producers. Since their most prolific decade, they've kept that mentality while more than doubling the length of their discography. Among their later highlights are Allabouthefunk (2004), their fifth charting album, along with Get Used to It (2016) and TBNH (2019), LPs graced by Davenport that respectively saw them return to early U.S. and U.K. label homes Delicious Vinyl and Acid Jazz.
Formed in 1985 by drummer/vocalist Jan Kincaid, guitarist Simon Bartholomew, and bassist/keyboardist Andrew Levy -- school friends from the London suburb of Ealing -- the Brand New Heavies were originally an instrumental unit inspired by the James Brown and Meters records the musicians heard while clubbing in the rare groove scene that gave rise to acid jazz. The trio soon began recording their own music, gaining enormous exposure when their demo tracks were spun at the influential Cat in the Hat club. The Brand New Heavies added a horn section and built a cult following throughout the London club circuit. After a recording deal with Cooltempo yielded the single ""Got to Give,"" the Heavies -- now including vocalist Jay Ella Ruth -- signed with the fledgling indie label Acid Jazz and were subsequently boosted by an affiliation with the larger FFRR. Recorded on a budget of just 8,000 pounds, the group's self-titled LP appeared in 1990 to strong critical acclaim, landed at number 25 on the U.K. album chart, and was powered by three Top 40 singles. Ruth left the band, and Delicious Vinyl, their new label for the U.S., hand-picked N'Dea Davenport as the successor. The Heavies subsequently re-recorded tracks from the debut for their first Stateside effort, also an eponymous release, which appeared in 1992. ""Never Stop,"" which had narrowly missed the Top 40 in the U.K., reached number three on Billboard's R\&B/hip-hop chart. A New York performance augmented by rappers Q-Tip and MC Serch inspired the group to cut another '92 release, Heavy Rhyme Experience, Vol. 1, which featured collaborations with Gang Starr, Main Source, and the Pharcyde, among other hip-hop acts that enhanced their credibility overseas.
The 1994 effort Brother Sister hit number four in the U.K. and went platinum thanks to four Top 40 hits, including ""Dream On Dreamer."" Davenport left for a solo career and was replaced by Siedah Garrett, a veteran R\&B singer/songwriter known most as the co-writer of Michael Jackson's ""Man in the Mirror."" The Heavies didn't miss a beat with Shelter, a 1997 LP that also contained four Top 40 singles and was certified platinum. Two years later, the group reappeared with a U.K. anthology entitled Trunk Funk: The Best of the Brand New Heavies, a set that also included new material fronted by Carleen Anderson, previously of Talkin' Loud signees Young Disciples. The title was recycled the following year for a U.S. compilation, Trunk Funk Classics: 1991-2000, which also featured a new song recorded with Davenport. After 2003's We Won't Stop, fronted primarily by Sy Smith, and 2004's Allabouthefunk, a self-issued collaboration with Nicole Russo, Davenport returned for a longer period that saw the Heavies through numerous projects well into the 2010s. Among these were 2006's Get Used to It, 2013's Forward, and the intermediary date Live in London. The musicians during this period also recorded an LP of library-style funk instrumentals titled Dunk Your Trunk.
Dawn Joseph, who had contributed to Forward, took the spotlight on Sweet Freaks, the band's 2014 offering, but she left afterward, as did Jan Kincaid. The band, guided still by founding members Simon Bartholomew and Andrew Levy, continued performing over the next few years with different vocalists, and in 2019 returned to the Acid Jazz label for TBNH. Co-produced by longtime superfan Mark Ronson, its lead vocals were exchanged by past and current members N'Dea Davenport, Siedah Garrett, and Angela Ricci and guests including Beverley Knight and Angie Stone. Shibuya 357, a live set originally released only in Japan, was given wide digital release in 2021, almost 25 years after its first edition. ~ Andy Kellman",Keep Together,Unknown,https://www.youtube.com/watch?v=X6mQxnR7xlQ&list=RDX6mQxnR7xlQ&start_radio=1&pp=ygUlVGhlIEJyYW5kIE5ldyBIZWF2aWVzIC0gS2VlcCBUb2dldGhlcqAHAQ%3D%3D
Brother Sister,https://lastfm.freetls.fastly.net/i/u/300x300/007a77070a22427bc2d30247062e56e8.png,The Brand New Heavies,1994-01-01,"The leading band of London's acid jazz scene, the Brand New Heavies have translated their love of sophisticated '70s funk grooves into an evolving danceable sound that has endured for over 30 years. The Brand New Heavies made their recorded debut near the end of the 1980s and thrived throughout the '90s, powered by vocalists N'Dea Davenport, Siedah Garrett, and Carleen Anderson. The band's first full decade was marked by the platinum U.K. Top Ten albums Brother Sister (1994) and Shelter (1997) and 15 U.K. Top 40 singles, ranging from originals like ""Stay This Way,"" ""Dream On Dreamer,"" and ""Sometimes,"" to covers of '70s classics such as ""Don't Let It Go to Your Head,"" ""Midnight at the Oasis,"" and ""You've Got a Friend."" Although a knowing throwback approach is an outstanding aspect of their appeal, and they emerged during an era when hip-hop started to overtake R&B, the Heavies have remained contemporary and aren't purists, having frequently collaborated with rappers and younger producers. Since their most prolific decade, they've kept that mentality while more than doubling the length of their discography. Among their later highlights are Allabouthefunk (2004), their fifth charting album, along with Get Used to It (2016) and TBNH (2019), LPs graced by Davenport that respectively saw them return to early U.S. and U.K. label homes Delicious Vinyl and Acid Jazz.
Formed in 1985 by drummer/vocalist Jan Kincaid, guitarist Simon Bartholomew, and bassist/keyboardist Andrew Levy -- school friends from the London suburb of Ealing -- the Brand New Heavies were originally an instrumental unit inspired by the James Brown and Meters records the musicians heard while clubbing in the rare groove scene that gave rise to acid jazz. The trio soon began recording their own music, gaining enormous exposure when their demo tracks were spun at the influential Cat in the Hat club. The Brand New Heavies added a horn section and built a cult following throughout the London club circuit. After a recording deal with Cooltempo yielded the single ""Got to Give,"" the Heavies -- now including vocalist Jay Ella Ruth -- signed with the fledgling indie label Acid Jazz and were subsequently boosted by an affiliation with the larger FFRR. Recorded on a budget of just 8,000 pounds, the group's self-titled LP appeared in 1990 to strong critical acclaim, landed at number 25 on the U.K. album chart, and was powered by three Top 40 singles. Ruth left the band, and Delicious Vinyl, their new label for the U.S., hand-picked N'Dea Davenport as the successor. The Heavies subsequently re-recorded tracks from the debut for their first Stateside effort, also an eponymous release, which appeared in 1992. ""Never Stop,"" which had narrowly missed the Top 40 in the U.K., reached number three on Billboard's R\&B/hip-hop chart. A New York performance augmented by rappers Q-Tip and MC Serch inspired the group to cut another '92 release, Heavy Rhyme Experience, Vol. 1, which featured collaborations with Gang Starr, Main Source, and the Pharcyde, among other hip-hop acts that enhanced their credibility overseas.
The 1994 effort Brother Sister hit number four in the U.K. and went platinum thanks to four Top 40 hits, including ""Dream On Dreamer."" Davenport left for a solo career and was replaced by Siedah Garrett, a veteran R\&B singer/songwriter known most as the co-writer of Michael Jackson's ""Man in the Mirror."" The Heavies didn't miss a beat with Shelter, a 1997 LP that also contained four Top 40 singles and was certified platinum. Two years later, the group reappeared with a U.K. anthology entitled Trunk Funk: The Best of the Brand New Heavies, a set that also included new material fronted by Carleen Anderson, previously of Talkin' Loud signees Young Disciples. The title was recycled the following year for a U.S. compilation, Trunk Funk Classics: 1991-2000, which also featured a new song recorded with Davenport. After 2003's We Won't Stop, fronted primarily by Sy Smith, and 2004's Allabouthefunk, a self-issued collaboration with Nicole Russo, Davenport returned for a longer period that saw the Heavies through numerous projects well into the 2010s. Among these were 2006's Get Used to It, 2013's Forward, and the intermediary date Live in London. The musicians during this period also recorded an LP of library-style funk instrumentals titled Dunk Your Trunk.
Dawn Joseph, who had contributed to Forward, took the spotlight on Sweet Freaks, the band's 2014 offering, but she left afterward, as did Jan Kincaid. The band, guided still by founding members Simon Bartholomew and Andrew Levy, continued performing over the next few years with different vocalists, and in 2019 returned to the Acid Jazz label for TBNH. Co-produced by longtime superfan Mark Ronson, its lead vocals were exchanged by past and current members N'Dea Davenport, Siedah Garrett, and Angela Ricci and guests including Beverley Knight and Angie Stone. Shibuya 357, a live set originally released only in Japan, was given wide digital release in 2021, almost 25 years after its first edition. ~ Andy Kellman",Worlds Keep Spinning,Unknown,https://www.youtube.com/watch?v=LtbdT7LVhOg&list=RDLtbdT7LVhOg&start_radio=1&pp=ygUqVGhlIEJyYW5kIE5ldyBIZWF2aWVzIFdvcmxkcyBLZWVwIFNwaW5uaW5noAcB
Brother Sister,https://lastfm.freetls.fastly.net/i/u/300x300/007a77070a22427bc2d30247062e56e8.png,The Brand New Heavies,1994-01-01,"The leading band of London's acid jazz scene, the Brand New Heavies have translated their love of sophisticated '70s funk grooves into an evolving danceable sound that has endured for over 30 years. The Brand New Heavies made their recorded debut near the end of the 1980s and thrived throughout the '90s, powered by vocalists N'Dea Davenport, Siedah Garrett, and Carleen Anderson. The band's first full decade was marked by the platinum U.K. Top Ten albums Brother Sister (1994) and Shelter (1997) and 15 U.K. Top 40 singles, ranging from originals like ""Stay This Way,"" ""Dream On Dreamer,"" and ""Sometimes,"" to covers of '70s classics such as ""Don't Let It Go to Your Head,"" ""Midnight at the Oasis,"" and ""You've Got a Friend."" Although a knowing throwback approach is an outstanding aspect of their appeal, and they emerged during an era when hip-hop started to overtake R&B, the Heavies have remained contemporary and aren't purists, having frequently collaborated with rappers and younger producers. Since their most prolific decade, they've kept that mentality while more than doubling the length of their discography. Among their later highlights are Allabouthefunk (2004), their fifth charting album, along with Get Used to It (2016) and TBNH (2019), LPs graced by Davenport that respectively saw them return to early U.S. and U.K. label homes Delicious Vinyl and Acid Jazz.
Formed in 1985 by drummer/vocalist Jan Kincaid, guitarist Simon Bartholomew, and bassist/keyboardist Andrew Levy -- school friends from the London suburb of Ealing -- the Brand New Heavies were originally an instrumental unit inspired by the James Brown and Meters records the musicians heard while clubbing in the rare groove scene that gave rise to acid jazz. The trio soon began recording their own music, gaining enormous exposure when their demo tracks were spun at the influential Cat in the Hat club. The Brand New Heavies added a horn section and built a cult following throughout the London club circuit. After a recording deal with Cooltempo yielded the single ""Got to Give,"" the Heavies -- now including vocalist Jay Ella Ruth -- signed with the fledgling indie label Acid Jazz and were subsequently boosted by an affiliation with the larger FFRR. Recorded on a budget of just 8,000 pounds, the group's self-titled LP appeared in 1990 to strong critical acclaim, landed at number 25 on the U.K. album chart, and was powered by three Top 40 singles. Ruth left the band, and Delicious Vinyl, their new label for the U.S., hand-picked N'Dea Davenport as the successor. The Heavies subsequently re-recorded tracks from the debut for their first Stateside effort, also an eponymous release, which appeared in 1992. ""Never Stop,"" which had narrowly missed the Top 40 in the U.K., reached number three on Billboard's R\&B/hip-hop chart. A New York performance augmented by rappers Q-Tip and MC Serch inspired the group to cut another '92 release, Heavy Rhyme Experience, Vol. 1, which featured collaborations with Gang Starr, Main Source, and the Pharcyde, among other hip-hop acts that enhanced their credibility overseas.
The 1994 effort Brother Sister hit number four in the U.K. and went platinum thanks to four Top 40 hits, including ""Dream On Dreamer."" Davenport left for a solo career and was replaced by Siedah Garrett, a veteran R\&B singer/songwriter known most as the co-writer of Michael Jackson's ""Man in the Mirror."" The Heavies didn't miss a beat with Shelter, a 1997 LP that also contained four Top 40 singles and was certified platinum. Two years later, the group reappeared with a U.K. anthology entitled Trunk Funk: The Best of the Brand New Heavies, a set that also included new material fronted by Carleen Anderson, previously of Talkin' Loud signees Young Disciples. The title was recycled the following year for a U.S. compilation, Trunk Funk Classics: 1991-2000, which also featured a new song recorded with Davenport. After 2003's We Won't Stop, fronted primarily by Sy Smith, and 2004's Allabouthefunk, a self-issued collaboration with Nicole Russo, Davenport returned for a longer period that saw the Heavies through numerous projects well into the 2010s. Among these were 2006's Get Used to It, 2013's Forward, and the intermediary date Live in London. The musicians during this period also recorded an LP of library-style funk instrumentals titled Dunk Your Trunk.
Dawn Joseph, who had contributed to Forward, took the spotlight on Sweet Freaks, the band's 2014 offering, but she left afterward, as did Jan Kincaid. The band, guided still by founding members Simon Bartholomew and Andrew Levy, continued performing over the next few years with different vocalists, and in 2019 returned to the Acid Jazz label for TBNH. Co-produced by longtime superfan Mark Ronson, its lead vocals were exchanged by past and current members N'Dea Davenport, Siedah Garrett, and Angela Ricci and guests including Beverley Knight and Angie Stone. Shibuya 357, a live set originally released only in Japan, was given wide digital release in 2021, almost 25 years after its first edition. ~ Andy Kellman",Day Break,Unknown,https://www.youtube.com/watch?v=2mG-39ouxwk&list=RD2mG-39ouxwk&start_radio=1&pp=ygUfVGhlIEJyYW5kIE5ldyBIZWF2aWVzIERheSBCcmVha6AHAQ%3D%3D
The Sun and the Moon,https://lastfm.freetls.fastly.net/i/u/300x300/d3f3ef39da33879f3f3a49d754aab8be.jpg,The Bravery,2007-05-22,"Formed during the height of New York City's post-punk revival in 2003, the Bravery took equal influence from dance music and stylish indie rock. Comprising Sam Endicott (vocals/guitar), John Conway (keyboards), Anthony Burulcich (drums), Michael Zakarin (guitar), and Mike H. (bass), the band got its start in early 2003, several years after Vassar College classmates Conway and Endicott (formerly of the Pasties) performed in the collegiate ska outfit Skabba the Hut. After relocating to the Big Apple, the two assembled the Bravery and began performing stylish dance rock. An introductory gig at Brooklyn's Stinger Club gave way to a residency at Arlene's Grocery, and whispers on the street eventually led the Bravery to a recording contract with Island Def Jam in the States. They also signed with Loog in the U.K.
After the Unconditional EP appeared in early 2005, critics quickly pounced on the band, with the Village Voice proclaiming the Bravery as ""New York's Official Next Big Thing"" while MTV and Rolling Stone deemed them an artist to watch. A co-headlining tour with Ash in spring 2005 coincided the release of the Bravery's self-titled album, which produced two moderately successful singles in ""An Honest Mistake"" and ""Unconditional."" After more rounds of touring, the Bravery eventually decamped to the studio with producer Brendan O'Brien (Rage Against the Machine, Neil Young) to work on their next album. Splitting their recording time between Atlanta and N.Y.C., the group's resulting The Sun and the Moon, which explored added textures and new instrumentation, surfaced in May 2007. For 2009's Stir the Blood, the band returned to the new wave-tinged sounds of its debut and worked with producer John Hill. During the time Hill was working with the Bravery, he was also working with Shakira, and offered her a song he and Endicott had written that became her hit single ""She Wolf."" ~ MacKenzie Wilson",Bad Sun,Unknown,https://www.youtube.com/watch?v=YyBPmzejNrs&pp=ygUVVGhlIEJyYXZlcnkgLSBCYWQgU3Vu
First Band On the Moon,https://lastfm.freetls.fastly.net/i/u/300x300/77e3006d4dadf39309660b4ead44bb3a.jpg,The Cardigans,1996-08-12,"One of the most pleasing pop groups of the alternative era, the Cardigans specialized in sugary confections that would grow annoying very quickly if they weren't backed by solid musicianship and clever arrangements. The band's 1995 breakout album, Life, reflected the Cardigans at their most saccharine -- the sunny disposition of vocalist Nina Persson being the major argument in favor -- and critics inserted the group into the space age pop revivalist camp. The Cardigans later proved that they were more difficult to pigeonhole, however.
Even the band's origins showed that their later appearance was quite misleading; two heavy metal fanatics formed the group in October 1992 in Jonkoping, Sweden. Guitarist Peter Svensson met bassist Magnus Sveningsson in a hardcore group, though he had previously trained in music theory and jazz arranging. The two later grew tired of metal and decided to form a pop band with vocalist Nina Persson -- an art-school friend who had never sung professionally -- plus keyboard player Lars-Olof Johansson and drummer Bengt Lagerberg.
All five Cardigans moved into a small apartment in 1993 and began recording a demo tape that entered the hands of producer Tore Johansson later that year. He liked what he heard and invited the group to record at his Malmö studio. Signed to the dance-oriented Stockholm label, the Cardigans released Emmerdale in May 1994. The single ""Rise & Shine"" became a hit on Swedish radio soon after the release of the LP, and a readers' poll in Sweden's Slitz magazine voted Emmerdale the best album of 1994.
The Cardigans spent the last half of 1994 touring Europe and recording their second album. A satirical response to their moody debut, Life showed the band at their most upbeat, including an angelic picture of Persson in an ice-skating outfit for the cover. Released in March 1995 -- with several re-recordings of songs from Emmerdale -- the album eventually sold one and a half million copies worldwide and became especially popular in Japan, where it achieved platinum status.
A deal with Minty Fresh gave the Cardigans an American release of Life in spring 1996, and the group played eight sold-out shows in the U.S. that summer. The American major labels began to notice the attention, and Mercury signed them soon after. First Band on the Moon, released in September 1996, de-emphasized the pure pop in favor of abstract arrangements and some rather violent themes. Nevertheless, the infectious single ""Lovefool"" became a radio hit by early 1997, and First Band on the Moon eventually reached gold status in America, as well as platinum certification in Japan (just three weeks after its release).
Gran Turismo followed in 1998, though it lacked an obvious hit and led to a long hiatus for the band. Finally, the Cardigans returned in 2003 with Long Gone Before Daylight, marking a clear transition with confessional material closer to the singer/songwriter tradition. Super Extra Gravity followed in 2005, which hit number one in Sweden. By 2006, the band had gone on hiatus. Persson worked on solo material, releasing songs as A Camp and under her own name, while Svensson and Lagerberg issued music as Paus. (Lagerberg also worked with Johansson under the name Brothers of End.) The group reunited for occasional live shows during the 2010s, although without Svensson, who by this time was spending more time on pop music, writing and playing for an array of pop stars produced by Max Martin (One Direction, Avril Lavigne, Ellie Goulding, Ariana Grande, and Meghan Trainor). ~ John Bush",Lovefool,Unknown,https://www.youtube.com/watch?v=NI6aOFI7hms&pp=ygUWVGhlIENhcmRpZ2FucyBMb3ZlZm9vbA%3D%3D
Script of the Bridge,https://lastfm.freetls.fastly.net/i/u/300x300/d8f3f2527a1a4aa6413676bb10aee246.jpg,The Chameleons,1983-08-08,"The atmospheric pop band the Chameleons formed in Manchester, England, in 1981 from the ashes of a number of local groups: vocalist/bassist Mark Burgess began with the Cliches, guitarists Reg Smithies and Dave Fielding arrived from the Years, and drummer John Lever (who quickly replaced founding member Brian Schofield) originated with the Politicians. After establishing themselves with a series of high-profile BBC sessions, the Chameleons signed to Epic and debuted with the tense, moody single ""In Shreds,"" produced by Steve Lillywhite and released in March 1982.
The quartet was soon released from its contract with Epic, but then signed to Statik and returned in 1983 with the band's first full-length effort, Script of the Bridge. What Does Anything Mean? Basically followed in 1985, and with it came a new reliance on stylish production; following its release, the Chameleons signed to Geffen and emerged the following year with Strange Times. The dark, complex record proved to be the Chameleons' finale, however, when they split following the sudden death of manager Tony Fletcher; while Burgess and Lever continued on in the Sun & the Moon, Smithies and Fielding later reunited in the Reegs. In 1993, Burgess surfaced with his proper solo album Zima Junction. He and his band the Sons of God toured America the following year.
As the '90s came and went, the four members of the Chameleons UK continued to work on music and see one another on a personal basis. While their own musical projects kept them busy, a reunion was practically inevitable. The Chameleons reconnected in January 2000 to prep for three May dates in England. The acoustic-based, self-released Strip was available by showtime and for a limited time only. Additional European dates followed throughout the summer, and by fall the Chameleons UK played their first American shows in nearly 15 years. Several live efforts appeared shortly thereafter. Why Call It Anything? (2001) marked the Chameleons' first studio album since 1986's Strange Times. This Never Ending Now appeared two years later. ~ Jason Ankeny",Don’t Fall,Unknown,https://www.youtube.com/watch?v=c6ititYu7Dk&pp=ygUYVGhlIENoYW1lbGVvbnMgRG9udCBGYWxs
Strange Times,https://lastfm.freetls.fastly.net/i/u/300x300/3742472cc5a16ac14b96ae691a4acc6a.jpg,The Chameleons,1986-09-15,"The atmospheric pop band the Chameleons formed in Manchester, England, in 1981 from the ashes of a number of local groups: vocalist/bassist Mark Burgess began with the Cliches, guitarists Reg Smithies and Dave Fielding arrived from the Years, and drummer John Lever (who quickly replaced founding member Brian Schofield) originated with the Politicians. After establishing themselves with a series of high-profile BBC sessions, the Chameleons signed to Epic and debuted with the tense, moody single ""In Shreds,"" produced by Steve Lillywhite and released in March 1982.
The quartet was soon released from its contract with Epic, but then signed to Statik and returned in 1983 with the band's first full-length effort, Script of the Bridge. What Does Anything Mean? Basically followed in 1985, and with it came a new reliance on stylish production; following its release, the Chameleons signed to Geffen and emerged the following year with Strange Times. The dark, complex record proved to be the Chameleons' finale, however, when they split following the sudden death of manager Tony Fletcher; while Burgess and Lever continued on in the Sun & the Moon, Smithies and Fielding later reunited in the Reegs. In 1993, Burgess surfaced with his proper solo album Zima Junction. He and his band the Sons of God toured America the following year.
As the '90s came and went, the four members of the Chameleons UK continued to work on music and see one another on a personal basis. While their own musical projects kept them busy, a reunion was practically inevitable. The Chameleons reconnected in January 2000 to prep for three May dates in England. The acoustic-based, self-released Strip was available by showtime and for a limited time only. Additional European dates followed throughout the summer, and by fall the Chameleons UK played their first American shows in nearly 15 years. Several live efforts appeared shortly thereafter. Why Call It Anything? (2001) marked the Chameleons' first studio album since 1986's Strange Times. This Never Ending Now appeared two years later. ~ Jason Ankeny",Mad Jack,Unknown,https://www.youtube.com/watch?v=k6DsBFZNJug&pp=ygUXVGhlIENoYW1lbGVvbnMgTWFkIEphY2s%3D
Strange Times,https://lastfm.freetls.fastly.net/i/u/300x300/3742472cc5a16ac14b96ae691a4acc6a.jpg,The Chameleons,1986-09-15,"The atmospheric pop band the Chameleons formed in Manchester, England, in 1981 from the ashes of a number of local groups: vocalist/bassist Mark Burgess began with the Cliches, guitarists Reg Smithies and Dave Fielding arrived from the Years, and drummer John Lever (who quickly replaced founding member Brian Schofield) originated with the Politicians. After establishing themselves with a series of high-profile BBC sessions, the Chameleons signed to Epic and debuted with the tense, moody single ""In Shreds,"" produced by Steve Lillywhite and released in March 1982.
The quartet was soon released from its contract with Epic, but then signed to Statik and returned in 1983 with the band's first full-length effort, Script of the Bridge. What Does Anything Mean? Basically followed in 1985, and with it came a new reliance on stylish production; following its release, the Chameleons signed to Geffen and emerged the following year with Strange Times. The dark, complex record proved to be the Chameleons' finale, however, when they split following the sudden death of manager Tony Fletcher; while Burgess and Lever continued on in the Sun & the Moon, Smithies and Fielding later reunited in the Reegs. In 1993, Burgess surfaced with his proper solo album Zima Junction. He and his band the Sons of God toured America the following year.
As the '90s came and went, the four members of the Chameleons UK continued to work on music and see one another on a personal basis. While their own musical projects kept them busy, a reunion was practically inevitable. The Chameleons reconnected in January 2000 to prep for three May dates in England. The acoustic-based, self-released Strip was available by showtime and for a limited time only. Additional European dates followed throughout the summer, and by fall the Chameleons UK played their first American shows in nearly 15 years. Several live efforts appeared shortly thereafter. Why Call It Anything? (2001) marked the Chameleons' first studio album since 1986's Strange Times. This Never Ending Now appeared two years later. ~ Jason Ankeny",Soul in Isolation,Unknown,https://www.youtube.com/watch?v=PmXhxAK-000&pp=ygUgVGhlIENoYW1lbGVvbnMgU291bCBpbiBJc29sYXRpb24%3D
Strange Times,https://lastfm.freetls.fastly.net/i/u/300x300/3742472cc5a16ac14b96ae691a4acc6a.jpg,The Chameleons,1986-09-15,"The atmospheric pop band the Chameleons formed in Manchester, England, in 1981 from the ashes of a number of local groups: vocalist/bassist Mark Burgess began with the Cliches, guitarists Reg Smithies and Dave Fielding arrived from the Years, and drummer John Lever (who quickly replaced founding member Brian Schofield) originated with the Politicians. After establishing themselves with a series of high-profile BBC sessions, the Chameleons signed to Epic and debuted with the tense, moody single ""In Shreds,"" produced by Steve Lillywhite and released in March 1982.
The quartet was soon released from its contract with Epic, but then signed to Statik and returned in 1983 with the band's first full-length effort, Script of the Bridge. What Does Anything Mean? Basically followed in 1985, and with it came a new reliance on stylish production; following its release, the Chameleons signed to Geffen and emerged the following year with Strange Times. The dark, complex record proved to be the Chameleons' finale, however, when they split following the sudden death of manager Tony Fletcher; while Burgess and Lever continued on in the Sun & the Moon, Smithies and Fielding later reunited in the Reegs. In 1993, Burgess surfaced with his proper solo album Zima Junction. He and his band the Sons of God toured America the following year.
As the '90s came and went, the four members of the Chameleons UK continued to work on music and see one another on a personal basis. While their own musical projects kept them busy, a reunion was practically inevitable. The Chameleons reconnected in January 2000 to prep for three May dates in England. The acoustic-based, self-released Strip was available by showtime and for a limited time only. Additional European dates followed throughout the summer, and by fall the Chameleons UK played their first American shows in nearly 15 years. Several live efforts appeared shortly thereafter. Why Call It Anything? (2001) marked the Chameleons' first studio album since 1986's Strange Times. This Never Ending Now appeared two years later. ~ Jason Ankeny",Seriocity,Unknown,https://www.youtube.com/watch?v=u-GfHSYeXpY&pp=ygUYVGhlIENoYW1lbGVvbnMgU2VyaW9jaXR50gcJCX4JAYcqIYzv
Strange Times,https://lastfm.freetls.fastly.net/i/u/300x300/3742472cc5a16ac14b96ae691a4acc6a.jpg,The Chameleons,1986-09-15,"The atmospheric pop band the Chameleons formed in Manchester, England, in 1981 from the ashes of a number of local groups: vocalist/bassist Mark Burgess began with the Cliches, guitarists Reg Smithies and Dave Fielding arrived from the Years, and drummer John Lever (who quickly replaced founding member Brian Schofield) originated with the Politicians. After establishing themselves with a series of high-profile BBC sessions, the Chameleons signed to Epic and debuted with the tense, moody single ""In Shreds,"" produced by Steve Lillywhite and released in March 1982.
The quartet was soon released from its contract with Epic, but then signed to Statik and returned in 1983 with the band's first full-length effort, Script of the Bridge. What Does Anything Mean? Basically followed in 1985, and with it came a new reliance on stylish production; following its release, the Chameleons signed to Geffen and emerged the following year with Strange Times. The dark, complex record proved to be the Chameleons' finale, however, when they split following the sudden death of manager Tony Fletcher; while Burgess and Lever continued on in the Sun & the Moon, Smithies and Fielding later reunited in the Reegs. In 1993, Burgess surfaced with his proper solo album Zima Junction. He and his band the Sons of God toured America the following year.
As the '90s came and went, the four members of the Chameleons UK continued to work on music and see one another on a personal basis. While their own musical projects kept them busy, a reunion was practically inevitable. The Chameleons reconnected in January 2000 to prep for three May dates in England. The acoustic-based, self-released Strip was available by showtime and for a limited time only. Additional European dates followed throughout the summer, and by fall the Chameleons UK played their first American shows in nearly 15 years. Several live efforts appeared shortly thereafter. Why Call It Anything? (2001) marked the Chameleons' first studio album since 1986's Strange Times. This Never Ending Now appeared two years later. ~ Jason Ankeny",In Answer,Unknown,https://www.youtube.com/watch?v=DdCzV96AJuE&pp=ygUYVGhlIENoYW1lbGVvbnMgSW4gQW5zd2Vy
