Album,AlbumArtLink,Artist,ReleaseDate,Summary,Title,Year,YouTubeLink
Rocanroles sin destino,https://lastfm.freetls.fastly.net/i/u/300x300/627c55d2035e94b11194194ab4b673fd.jpg,Callejeros,2004-01-01,"Latin rock band from Argentina Callejeros started playing covers of Credence Clearwater Revival and the Rolling Stones under the name of Rio Verde, changing its name in January 1997. The band self-produced their first album in October 1998. They soon became an opening act for Ratones Paranoicos and Viejas Locas, performing along with la Renga and Divididos in 2000. That same year, Callejeros recorded Adelantos. ~ Drago Bonacich",Tratando de olvidar,Unknown,https://www.youtube.com/watch?v=VJ6qakz-LXI&pp=ygUeQ2FsbGVqZXJvcyBUcmF0YW5kbyBkZSBvbHZpZGFy
Rocanroles sin destino,https://lastfm.freetls.fastly.net/i/u/300x300/627c55d2035e94b11194194ab4b673fd.jpg,Callejeros,2004-01-01,"Latin rock band from Argentina Callejeros started playing covers of Credence Clearwater Revival and the Rolling Stones under the name of Rio Verde, changing its name in January 1997. The band self-produced their first album in October 1998. They soon became an opening act for Ratones Paranoicos and Viejas Locas, performing along with la Renga and Divididos in 2000. That same year, Callejeros recorded Adelantos. ~ Drago Bonacich",Rocanroles sin destino,Unknown,https://www.youtube.com/watch?v=MWwaih5U710&pp=ygUhQ2FsbGVqZXJvcyBSb2NhbnJvbGVzIHNpbiBkZXN0aW5v
Rocanroles sin destino,https://lastfm.freetls.fastly.net/i/u/300x300/627c55d2035e94b11194194ab4b673fd.jpg,Callejeros,2004-01-01,"Latin rock band from Argentina Callejeros started playing covers of Credence Clearwater Revival and the Rolling Stones under the name of Rio Verde, changing its name in January 1997. The band self-produced their first album in October 1998. They soon became an opening act for Ratones Paranoicos and Viejas Locas, performing along with la Renga and Divididos in 2000. That same year, Callejeros recorded Adelantos. ~ Drago Bonacich",La llave,Unknown,https://www.youtube.com/watch?v=PDkxLGd9rjg&pp=ygUTQ2FsbGVqZXJvcyBMYSBsbGF2ZQ%3D%3D
Rocanroles sin destino,https://lastfm.freetls.fastly.net/i/u/300x300/627c55d2035e94b11194194ab4b673fd.jpg,Callejeros,2004-01-01,"Latin rock band from Argentina Callejeros started playing covers of Credence Clearwater Revival and the Rolling Stones under the name of Rio Verde, changing its name in January 1997. The band self-produced their first album in October 1998. They soon became an opening act for Ratones Paranoicos and Viejas Locas, performing along with la Renga and Divididos in 2000. That same year, Callejeros recorded Adelantos. ~ Drago Bonacich",Parte menor,Unknown,https://www.youtube.com/watch?v=jLWqhZs9SEM&pp=ygUWQ2FsbGVqZXJvcyBQYXJ0ZSBtZW5vcg%3D%3D
For Whom the Beat Tolls,https://lastfm.freetls.fastly.net/i/u/300x300/0637449c7ff7e4f05b6ac17a1382923c.jpg,Canibus,2007-06-12,"In the late '90s, Jamaican-American battle rapper Canibus seemed poised to make a mark in the game with his aggressive, snarling rhymes and hardcore posturing. Following some underground work and cameo appearances -- most notably on Wyclef Jean's ""Gone Till November"" remix in 1997 -- he issued his debut, Can-I-Bus, in 1998. While the set was a hit, his sophomore follow-up, 2000 B.C. (Before Can-I-Bus), and high-profile feuds distracted attention from his music, while label issues left him without a home into the 21st century. Although 2003's Rip the Jacker and 2010's C of Tranquility briefly returned Canibus to the rap chart, his dozen subsequent albums and mixtapes were delivered to a devoted cult following.
Born Germaine Williams in 1974 in Kingston, Jamaica, Canibus moved to the United States with his mother at a young age. Because his mother's career required constant relocation, the family moved frequently, and the soon-to-be rapper found solace within himself. His rhetorical abilities blossomed later, once hip-hop became the guiding force in his life. He began rhyming and in the mid-'90s joined a group called T.H.E.M. (The Heralds of Extreme Metaphors), which also consisted of his partner Webb. Following a fallout with Webb, Canibus pursued a solo career and began infiltrating the mixtape circuit. By 1997, he had approached the brink of the major-label rap game, guesting regularly on high-profile releases: he contributed to ""Uni-4-orm,"" an inclusion on the Rhyme & Reason soundtrack also featuring Heltah Skeltah and Ras Kass; ""Love, Peace & Nappiness,"" an inclusion on the Lost Boyz's Love, Peace & Nappiness also featuring Redman and A+; ""Making a Name for Ourselves,"" an inclusion on Common's One Day It'll All Make Sense; the non-album remix of Wyclef Jean's ""Gone Til November,"" and most famously, ""4, 3, 2, 1,"" an inclusion on LL Cool J's Phenomenon also featuring Redman, DMX, and Method Man.
Of the several guest appearances, ""4, 3, 2, 1"" certainly meant the most, as it brought together many of New York's preeminent hardcore rappers and thus ushered Canibus into that same elite class. At the same time, however, Canibus lashed out shortly afterward with the Mike Tyson-featuring ""Second Round K.O.,"" where he rhymed, ""So I'ma let the world know the truth, you don't want me to shine/You studied my rhyme, then you laid your vocals after mine."" In fact, the entirety of the song directed barbed rhymes at LL: ""You walk around showin' off your body cause it sells/Plus to avoid the fact that you ain't got skills/Mad at me 'cause I kick that shit real niggaz feel/While 99 percent of your fans wear high heels,"" and so on. Shortly thereafter, LL sought his revenge, releasing ""The Ripper Strikes Back"" on the 1998 soundtrack Survival of the Illest soundtrack and thus channeling even more attention toward Canibus. From the track's chorus to practically every line of the verses, LL unleashed a fury of insults and threats. The media elevated the battle to grand heights, and even MTV gave the story headlines. In the aftermath of 2Pac's and Biggie's deaths, such confrontations fascinated the rap community, and Canibus certainly capitalized on his newfound publicity.
As for his 1998 debut full-length, Can-I-Bus, though, the response was mixed. Critics expressed little support, while it sold over half a million copies. Negative reviews targeted Canibus' delivery (more than his lyrics or themes), as well as Wyclef's productions. The momentum that ""Second Round K.O."" had generated simmered almost immediately, and it didn't help that LL's ""Ripper Strikes Back"" found substantial acceptance at the time. In the two years following the release of Can-I-Bus, the rapper maintained a low profile in contrast to the regular guest appearances he had made leading up to his debut. As a result, when he finally did return with his 2000 follow-up album, 2000 B.C., he didn't have the same level of mainstream clout, and the album was not promoted heavily; Canibus subsequently returned to the underground after parting ways with Universal.
He continued to record albums and release them on the independent circuit. These discs included 2002's Mic Club (the first release on his own Mic Club Music label), 2003's Rip the Jacker, and 2005's Mind Control. During this period, Canibus also served in the U.S. Army. He was just as productive following his discharge and released several additional sets in the following years. On 2010's Melatonin Magik, his confrontational nature led to swipes at D12 and Eminem, but he was no lone wolf. The 2011 release Lyrical Warfare saw him working beside the likes of Killah Priest, Ras Kass, and Chino XL. Fait Accompli, produced strictly by J.P. Beats, was released in 2014 with a guest verse from Tragedy Khadafi. The following year brought Time Flys, Life Dies...Phoenix Rise, an album-length collaboration with producer/rapper Bronze Nazareth. The gravel-throated rapper returned in 2018 with Full Spectrum Dominance, a short album that featured Nappi Music, Thanos Beats, and more. ~ Jason Birchmeier",Harbinger of Light,Unknown,https://www.youtube.com/watch?v=B8ZmXDdFWAs&list=RDB8ZmXDdFWAs&start_radio=1&pp=ygUcQ2FuaWJ1cyAtIEhhcmJpbmdlciBvZiBMaWdodKAHAQ%3D%3D
For Whom the Beat Tolls,https://lastfm.freetls.fastly.net/i/u/300x300/0637449c7ff7e4f05b6ac17a1382923c.jpg,Canibus,2007-06-12,"In the late '90s, Jamaican-American battle rapper Canibus seemed poised to make a mark in the game with his aggressive, snarling rhymes and hardcore posturing. Following some underground work and cameo appearances -- most notably on Wyclef Jean's ""Gone Till November"" remix in 1997 -- he issued his debut, Can-I-Bus, in 1998. While the set was a hit, his sophomore follow-up, 2000 B.C. (Before Can-I-Bus), and high-profile feuds distracted attention from his music, while label issues left him without a home into the 21st century. Although 2003's Rip the Jacker and 2010's C of Tranquility briefly returned Canibus to the rap chart, his dozen subsequent albums and mixtapes were delivered to a devoted cult following.
Born Germaine Williams in 1974 in Kingston, Jamaica, Canibus moved to the United States with his mother at a young age. Because his mother's career required constant relocation, the family moved frequently, and the soon-to-be rapper found solace within himself. His rhetorical abilities blossomed later, once hip-hop became the guiding force in his life. He began rhyming and in the mid-'90s joined a group called T.H.E.M. (The Heralds of Extreme Metaphors), which also consisted of his partner Webb. Following a fallout with Webb, Canibus pursued a solo career and began infiltrating the mixtape circuit. By 1997, he had approached the brink of the major-label rap game, guesting regularly on high-profile releases: he contributed to ""Uni-4-orm,"" an inclusion on the Rhyme & Reason soundtrack also featuring Heltah Skeltah and Ras Kass; ""Love, Peace & Nappiness,"" an inclusion on the Lost Boyz's Love, Peace & Nappiness also featuring Redman and A+; ""Making a Name for Ourselves,"" an inclusion on Common's One Day It'll All Make Sense; the non-album remix of Wyclef Jean's ""Gone Til November,"" and most famously, ""4, 3, 2, 1,"" an inclusion on LL Cool J's Phenomenon also featuring Redman, DMX, and Method Man.
Of the several guest appearances, ""4, 3, 2, 1"" certainly meant the most, as it brought together many of New York's preeminent hardcore rappers and thus ushered Canibus into that same elite class. At the same time, however, Canibus lashed out shortly afterward with the Mike Tyson-featuring ""Second Round K.O.,"" where he rhymed, ""So I'ma let the world know the truth, you don't want me to shine/You studied my rhyme, then you laid your vocals after mine."" In fact, the entirety of the song directed barbed rhymes at LL: ""You walk around showin' off your body cause it sells/Plus to avoid the fact that you ain't got skills/Mad at me 'cause I kick that shit real niggaz feel/While 99 percent of your fans wear high heels,"" and so on. Shortly thereafter, LL sought his revenge, releasing ""The Ripper Strikes Back"" on the 1998 soundtrack Survival of the Illest soundtrack and thus channeling even more attention toward Canibus. From the track's chorus to practically every line of the verses, LL unleashed a fury of insults and threats. The media elevated the battle to grand heights, and even MTV gave the story headlines. In the aftermath of 2Pac's and Biggie's deaths, such confrontations fascinated the rap community, and Canibus certainly capitalized on his newfound publicity.
As for his 1998 debut full-length, Can-I-Bus, though, the response was mixed. Critics expressed little support, while it sold over half a million copies. Negative reviews targeted Canibus' delivery (more than his lyrics or themes), as well as Wyclef's productions. The momentum that ""Second Round K.O."" had generated simmered almost immediately, and it didn't help that LL's ""Ripper Strikes Back"" found substantial acceptance at the time. In the two years following the release of Can-I-Bus, the rapper maintained a low profile in contrast to the regular guest appearances he had made leading up to his debut. As a result, when he finally did return with his 2000 follow-up album, 2000 B.C., he didn't have the same level of mainstream clout, and the album was not promoted heavily; Canibus subsequently returned to the underground after parting ways with Universal.
He continued to record albums and release them on the independent circuit. These discs included 2002's Mic Club (the first release on his own Mic Club Music label), 2003's Rip the Jacker, and 2005's Mind Control. During this period, Canibus also served in the U.S. Army. He was just as productive following his discharge and released several additional sets in the following years. On 2010's Melatonin Magik, his confrontational nature led to swipes at D12 and Eminem, but he was no lone wolf. The 2011 release Lyrical Warfare saw him working beside the likes of Killah Priest, Ras Kass, and Chino XL. Fait Accompli, produced strictly by J.P. Beats, was released in 2014 with a guest verse from Tragedy Khadafi. The following year brought Time Flys, Life Dies...Phoenix Rise, an album-length collaboration with producer/rapper Bronze Nazareth. The gravel-throated rapper returned in 2018 with Full Spectrum Dominance, a short album that featured Nappi Music, Thanos Beats, and more. ~ Jason Birchmeier",Secrets Amongst Cosmonauts,Unknown,https://www.youtube.com/watch?v=Ty7jH57hT_I&list=RDTy7jH57hT_I&start_radio=1&pp=ygUkQ2FuaWJ1cyAtIFNlY3JldHMgQW1vbmdzdCBDb3Ntb25hdXRzoAcB
Martin,https://lastfm.freetls.fastly.net/i/u/300x300/631968de43a175eaaf5300ec3b7db5c4.png,Car Seat Headrest,2020-03-23,"Crafting moody and introspective lo-fi pop tunes that are melodic but structurally ambitious at the same time, Car Seat Headrest is the moniker used by musician and songwriter Will Toledo. Cutting his teeth creating D.I.Y. recordings on inexpensive home equipment, Toledo's songwriting -- deeply personal, sometimes dramatic, frequently witty, and dotted with unexpected social and cultural references -- was what stood out as he gained confidence and strength on self-released early projects such as 2010's Little Pieces of Paper with ""No"" Written on Them. 2011's Twin Fantasy was Car Seat Headrest's breakthrough work, a song cycle that was a major step forward for the young songwriter. 2015's Teens of Style was the group's first album for Matador Records, and though the LP earned positive reviews, it was 2016's Teens of Denial that seriously wowed critics and established him as an artist to watch in indie rock. 2020's Making a Door Less Open was an effort to expand the boundaries of Car Seat Headrest's music, with lo-fi indie sounds giving way to a more expert approach dominated by electronic instrumentation. It was a process they continued on the 2021 companion EP's MADLO: Influences and MADLO: Remixes, and the 2022 tour which reflected their new sound was documented on the live album Faces from the Masquerade, issued in December 2023.
Will Toledo grew up in Leesburg, Virginia, where he learned about music theory while playing in the student symphony band in junior high and high school. He majored in English in college but was fascinated with music, embracing an eclectic variety of artists from Radiohead, Modest Mouse, and R.E.M. to Animal Collective and Swans, and he began writing songs on his computer, using its built-in microphone and the recording software that was bundled with the machine. While Toledo's recording setup became more advanced with time, he continued to prefer simpler solutions to recording problems, and his project became known as Car Seat Headrest when Toledo found he was more comfortable recording vocals in his car than in his home. As he began playing live shows with a rotating team of musicians (when a reporter asked Toledo about being a fixture on the local scene, he replied, ""All that amounts to is being able to play at the local pizza place""), the vast majority of his recordings were cut at home with Toledo handling all the vocals and instruments himself.
In May 2010, he issued his first Car Seat Headrest album, titled 1, with 2, 3, and 4 all appearing within the next three months. Although Toledo would continue to make his first four LPs available through his online store, he sheepishly included a warning to potential customers that they were ""not very good."" December 2010 brought Little Pieces of Paper with ""No"" Written on Them, which Toledo described as ""B-sides and rarities and generally just awful shit,"" but with March 2011's My Back Is Killing Me Baby, Toledo finally made an album he felt didn't require a warning about its inferior quality, and Car Seat Headrest began winning the attention of critics and lo-fi fans around the world with Twin Fantasy, released in November 2011.
The year 2012 brought two more albums, Monomania and Starving While Living, and in August 2013, Toledo released Nervous Young Man. Deciding he needed to break away from the places where he grew up and studied, Toledo left Virginia and moved to Seattle, where he assembled a new lineup of Car Seat Headrest and continued to busy himself with home recording. October 2014 brought another particularly personal project, How to Leave Town, which earned enthusiastic reviews on the music blogosphere and led to Toledo signing a deal with Matador Records. The label issued Teens of Style, featuring new versions of several of Car Seat Headrest's older tunes, in October 2015.
In May 2016, Toledo released an album of new Car Seat Headrest material, Teens of Denial. The record, which melded lo-fi noisemaking with a clean and ambitious production, made music news headlines shortly before its release. One of the album's tracks, ""Just What I Needed/Not What I Needed,"" interpolated a few bars of the Cars' classic ""Just What I Needed."" At the last minute, Cars frontman and songwriter Ric Ocasek rescinded his permission for Car Seat Headrest to use the excerpt from his song. The initial run of Teens of Denial on vinyl and CD had to be destroyed, but the digital version of the album was released as scheduled, with the problematic track replaced with a reworked version of ""Not What I Needed."" The album received widespread acclaim, serving as a breakout for Toledo.
Curiously, he returned in early 2018 not with a new LP but with an entirely re-recorded version of Car Seat Headrest's fan-favorite 2011 album Twin Fantasy. The following year saw the release of the group's first concert LP, Commit Yourself Completely. 2020's Making a Door Less Open found Toledo shifting stylistic gears, with electronics dominating the arrangements and giving the music a smoother, more refined sound. Two companion EPs, MADLO: Influences (a covers album) and MADLO: Remixes, arrived in June 2021. While the COVID-19 pandemic prevented Car Seat Headrest from touring extensively in support of the album, in 2022 they were back to performing live, and they played a three-night stand at New York's Brooklyn Steel in March of that year. The shows were recorded, and a collection of highlights from the concerts was released in December 2023, Faces from the Masquerade. ~ Mark Deming",Martin,Unknown,https://www.youtube.com/watch?v=ve1yeirllcY&pp=ygUYQ2FyIFNlYXQgSGVhZHJlc3QgTWFydGlu0gcJCX4JAYcqIYzv
Teens of Denial,https://lastfm.freetls.fastly.net/i/u/300x300/d604c0010c0c839da18d8c51b708df48.png,Car Seat Headrest,2016-05-20,"Crafting moody and introspective lo-fi pop tunes that are melodic but structurally ambitious at the same time, Car Seat Headrest is the moniker used by musician and songwriter Will Toledo. Cutting his teeth creating D.I.Y. recordings on inexpensive home equipment, Toledo's songwriting -- deeply personal, sometimes dramatic, frequently witty, and dotted with unexpected social and cultural references -- was what stood out as he gained confidence and strength on self-released early projects such as 2010's Little Pieces of Paper with ""No"" Written on Them. 2011's Twin Fantasy was Car Seat Headrest's breakthrough work, a song cycle that was a major step forward for the young songwriter. 2015's Teens of Style was the group's first album for Matador Records, and though the LP earned positive reviews, it was 2016's Teens of Denial that seriously wowed critics and established him as an artist to watch in indie rock. 2020's Making a Door Less Open was an effort to expand the boundaries of Car Seat Headrest's music, with lo-fi indie sounds giving way to a more expert approach dominated by electronic instrumentation. It was a process they continued on the 2021 companion EP's MADLO: Influences and MADLO: Remixes, and the 2022 tour which reflected their new sound was documented on the live album Faces from the Masquerade, issued in December 2023.
Will Toledo grew up in Leesburg, Virginia, where he learned about music theory while playing in the student symphony band in junior high and high school. He majored in English in college but was fascinated with music, embracing an eclectic variety of artists from Radiohead, Modest Mouse, and R.E.M. to Animal Collective and Swans, and he began writing songs on his computer, using its built-in microphone and the recording software that was bundled with the machine. While Toledo's recording setup became more advanced with time, he continued to prefer simpler solutions to recording problems, and his project became known as Car Seat Headrest when Toledo found he was more comfortable recording vocals in his car than in his home. As he began playing live shows with a rotating team of musicians (when a reporter asked Toledo about being a fixture on the local scene, he replied, ""All that amounts to is being able to play at the local pizza place""), the vast majority of his recordings were cut at home with Toledo handling all the vocals and instruments himself.
In May 2010, he issued his first Car Seat Headrest album, titled 1, with 2, 3, and 4 all appearing within the next three months. Although Toledo would continue to make his first four LPs available through his online store, he sheepishly included a warning to potential customers that they were ""not very good."" December 2010 brought Little Pieces of Paper with ""No"" Written on Them, which Toledo described as ""B-sides and rarities and generally just awful shit,"" but with March 2011's My Back Is Killing Me Baby, Toledo finally made an album he felt didn't require a warning about its inferior quality, and Car Seat Headrest began winning the attention of critics and lo-fi fans around the world with Twin Fantasy, released in November 2011.
The year 2012 brought two more albums, Monomania and Starving While Living, and in August 2013, Toledo released Nervous Young Man. Deciding he needed to break away from the places where he grew up and studied, Toledo left Virginia and moved to Seattle, where he assembled a new lineup of Car Seat Headrest and continued to busy himself with home recording. October 2014 brought another particularly personal project, How to Leave Town, which earned enthusiastic reviews on the music blogosphere and led to Toledo signing a deal with Matador Records. The label issued Teens of Style, featuring new versions of several of Car Seat Headrest's older tunes, in October 2015.
In May 2016, Toledo released an album of new Car Seat Headrest material, Teens of Denial. The record, which melded lo-fi noisemaking with a clean and ambitious production, made music news headlines shortly before its release. One of the album's tracks, ""Just What I Needed/Not What I Needed,"" interpolated a few bars of the Cars' classic ""Just What I Needed."" At the last minute, Cars frontman and songwriter Ric Ocasek rescinded his permission for Car Seat Headrest to use the excerpt from his song. The initial run of Teens of Denial on vinyl and CD had to be destroyed, but the digital version of the album was released as scheduled, with the problematic track replaced with a reworked version of ""Not What I Needed."" The album received widespread acclaim, serving as a breakout for Toledo.
Curiously, he returned in early 2018 not with a new LP but with an entirely re-recorded version of Car Seat Headrest's fan-favorite 2011 album Twin Fantasy. The following year saw the release of the group's first concert LP, Commit Yourself Completely. 2020's Making a Door Less Open found Toledo shifting stylistic gears, with electronics dominating the arrangements and giving the music a smoother, more refined sound. Two companion EPs, MADLO: Influences (a covers album) and MADLO: Remixes, arrived in June 2021. While the COVID-19 pandemic prevented Car Seat Headrest from touring extensively in support of the album, in 2022 they were back to performing live, and they played a three-night stand at New York's Brooklyn Steel in March of that year. The shows were recorded, and a collection of highlights from the concerts was released in December 2023, Faces from the Masquerade. ~ Mark Deming",Vincent,Unknown,https://www.youtube.com/watch?v=bEsItsZphwQ&pp=ygUZQ2FyIFNlYXQgSGVhZHJlc3QgVmluY2VudA%3D%3D
Scholars: Early Hack,https://lastfm.freetls.fastly.net/i/u/300x300/dbf2fd8a0715f873994210842f6ea0dd.png,Car Seat Headrest,2025-01-01,"Crafting moody and introspective lo-fi pop tunes that are melodic but structurally ambitious at the same time, Car Seat Headrest is the moniker used by musician and songwriter Will Toledo. Cutting his teeth creating D.I.Y. recordings on inexpensive home equipment, Toledo's songwriting -- deeply personal, sometimes dramatic, frequently witty, and dotted with unexpected social and cultural references -- was what stood out as he gained confidence and strength on self-released early projects such as 2010's Little Pieces of Paper with ""No"" Written on Them. 2011's Twin Fantasy was Car Seat Headrest's breakthrough work, a song cycle that was a major step forward for the young songwriter. 2015's Teens of Style was the group's first album for Matador Records, and though the LP earned positive reviews, it was 2016's Teens of Denial that seriously wowed critics and established him as an artist to watch in indie rock. 2020's Making a Door Less Open was an effort to expand the boundaries of Car Seat Headrest's music, with lo-fi indie sounds giving way to a more expert approach dominated by electronic instrumentation. It was a process they continued on the 2021 companion EP's MADLO: Influences and MADLO: Remixes, and the 2022 tour which reflected their new sound was documented on the live album Faces from the Masquerade, issued in December 2023.
Will Toledo grew up in Leesburg, Virginia, where he learned about music theory while playing in the student symphony band in junior high and high school. He majored in English in college but was fascinated with music, embracing an eclectic variety of artists from Radiohead, Modest Mouse, and R.E.M. to Animal Collective and Swans, and he began writing songs on his computer, using its built-in microphone and the recording software that was bundled with the machine. While Toledo's recording setup became more advanced with time, he continued to prefer simpler solutions to recording problems, and his project became known as Car Seat Headrest when Toledo found he was more comfortable recording vocals in his car than in his home. As he began playing live shows with a rotating team of musicians (when a reporter asked Toledo about being a fixture on the local scene, he replied, ""All that amounts to is being able to play at the local pizza place""), the vast majority of his recordings were cut at home with Toledo handling all the vocals and instruments himself.
In May 2010, he issued his first Car Seat Headrest album, titled 1, with 2, 3, and 4 all appearing within the next three months. Although Toledo would continue to make his first four LPs available through his online store, he sheepishly included a warning to potential customers that they were ""not very good."" December 2010 brought Little Pieces of Paper with ""No"" Written on Them, which Toledo described as ""B-sides and rarities and generally just awful shit,"" but with March 2011's My Back Is Killing Me Baby, Toledo finally made an album he felt didn't require a warning about its inferior quality, and Car Seat Headrest began winning the attention of critics and lo-fi fans around the world with Twin Fantasy, released in November 2011.
The year 2012 brought two more albums, Monomania and Starving While Living, and in August 2013, Toledo released Nervous Young Man. Deciding he needed to break away from the places where he grew up and studied, Toledo left Virginia and moved to Seattle, where he assembled a new lineup of Car Seat Headrest and continued to busy himself with home recording. October 2014 brought another particularly personal project, How to Leave Town, which earned enthusiastic reviews on the music blogosphere and led to Toledo signing a deal with Matador Records. The label issued Teens of Style, featuring new versions of several of Car Seat Headrest's older tunes, in October 2015.
In May 2016, Toledo released an album of new Car Seat Headrest material, Teens of Denial. The record, which melded lo-fi noisemaking with a clean and ambitious production, made music news headlines shortly before its release. One of the album's tracks, ""Just What I Needed/Not What I Needed,"" interpolated a few bars of the Cars' classic ""Just What I Needed."" At the last minute, Cars frontman and songwriter Ric Ocasek rescinded his permission for Car Seat Headrest to use the excerpt from his song. The initial run of Teens of Denial on vinyl and CD had to be destroyed, but the digital version of the album was released as scheduled, with the problematic track replaced with a reworked version of ""Not What I Needed."" The album received widespread acclaim, serving as a breakout for Toledo.
Curiously, he returned in early 2018 not with a new LP but with an entirely re-recorded version of Car Seat Headrest's fan-favorite 2011 album Twin Fantasy. The following year saw the release of the group's first concert LP, Commit Yourself Completely. 2020's Making a Door Less Open found Toledo shifting stylistic gears, with electronics dominating the arrangements and giving the music a smoother, more refined sound. Two companion EPs, MADLO: Influences (a covers album) and MADLO: Remixes, arrived in June 2021. While the COVID-19 pandemic prevented Car Seat Headrest from touring extensively in support of the album, in 2022 they were back to performing live, and they played a three-night stand at New York's Brooklyn Steel in March of that year. The shows were recorded, and a collection of highlights from the concerts was released in December 2023, Faces from the Masquerade. ~ Mark Deming",TOTT1,Unknown,https://www.youtube.com/watch?v=0Grbj1S73Jk&pp=ygUZQ2FyIFNlYXQgSGVhZHJlc3QgLSBUT1RUMQ%3D%3D
Scholars: Early Hack,https://lastfm.freetls.fastly.net/i/u/300x300/dbf2fd8a0715f873994210842f6ea0dd.png,Car Seat Headrest,2025-01-01,"Crafting moody and introspective lo-fi pop tunes that are melodic but structurally ambitious at the same time, Car Seat Headrest is the moniker used by musician and songwriter Will Toledo. Cutting his teeth creating D.I.Y. recordings on inexpensive home equipment, Toledo's songwriting -- deeply personal, sometimes dramatic, frequently witty, and dotted with unexpected social and cultural references -- was what stood out as he gained confidence and strength on self-released early projects such as 2010's Little Pieces of Paper with ""No"" Written on Them. 2011's Twin Fantasy was Car Seat Headrest's breakthrough work, a song cycle that was a major step forward for the young songwriter. 2015's Teens of Style was the group's first album for Matador Records, and though the LP earned positive reviews, it was 2016's Teens of Denial that seriously wowed critics and established him as an artist to watch in indie rock. 2020's Making a Door Less Open was an effort to expand the boundaries of Car Seat Headrest's music, with lo-fi indie sounds giving way to a more expert approach dominated by electronic instrumentation. It was a process they continued on the 2021 companion EP's MADLO: Influences and MADLO: Remixes, and the 2022 tour which reflected their new sound was documented on the live album Faces from the Masquerade, issued in December 2023.
Will Toledo grew up in Leesburg, Virginia, where he learned about music theory while playing in the student symphony band in junior high and high school. He majored in English in college but was fascinated with music, embracing an eclectic variety of artists from Radiohead, Modest Mouse, and R.E.M. to Animal Collective and Swans, and he began writing songs on his computer, using its built-in microphone and the recording software that was bundled with the machine. While Toledo's recording setup became more advanced with time, he continued to prefer simpler solutions to recording problems, and his project became known as Car Seat Headrest when Toledo found he was more comfortable recording vocals in his car than in his home. As he began playing live shows with a rotating team of musicians (when a reporter asked Toledo about being a fixture on the local scene, he replied, ""All that amounts to is being able to play at the local pizza place""), the vast majority of his recordings were cut at home with Toledo handling all the vocals and instruments himself.
In May 2010, he issued his first Car Seat Headrest album, titled 1, with 2, 3, and 4 all appearing within the next three months. Although Toledo would continue to make his first four LPs available through his online store, he sheepishly included a warning to potential customers that they were ""not very good."" December 2010 brought Little Pieces of Paper with ""No"" Written on Them, which Toledo described as ""B-sides and rarities and generally just awful shit,"" but with March 2011's My Back Is Killing Me Baby, Toledo finally made an album he felt didn't require a warning about its inferior quality, and Car Seat Headrest began winning the attention of critics and lo-fi fans around the world with Twin Fantasy, released in November 2011.
The year 2012 brought two more albums, Monomania and Starving While Living, and in August 2013, Toledo released Nervous Young Man. Deciding he needed to break away from the places where he grew up and studied, Toledo left Virginia and moved to Seattle, where he assembled a new lineup of Car Seat Headrest and continued to busy himself with home recording. October 2014 brought another particularly personal project, How to Leave Town, which earned enthusiastic reviews on the music blogosphere and led to Toledo signing a deal with Matador Records. The label issued Teens of Style, featuring new versions of several of Car Seat Headrest's older tunes, in October 2015.
In May 2016, Toledo released an album of new Car Seat Headrest material, Teens of Denial. The record, which melded lo-fi noisemaking with a clean and ambitious production, made music news headlines shortly before its release. One of the album's tracks, ""Just What I Needed/Not What I Needed,"" interpolated a few bars of the Cars' classic ""Just What I Needed."" At the last minute, Cars frontman and songwriter Ric Ocasek rescinded his permission for Car Seat Headrest to use the excerpt from his song. The initial run of Teens of Denial on vinyl and CD had to be destroyed, but the digital version of the album was released as scheduled, with the problematic track replaced with a reworked version of ""Not What I Needed."" The album received widespread acclaim, serving as a breakout for Toledo.
Curiously, he returned in early 2018 not with a new LP but with an entirely re-recorded version of Car Seat Headrest's fan-favorite 2011 album Twin Fantasy. The following year saw the release of the group's first concert LP, Commit Yourself Completely. 2020's Making a Door Less Open found Toledo shifting stylistic gears, with electronics dominating the arrangements and giving the music a smoother, more refined sound. Two companion EPs, MADLO: Influences (a covers album) and MADLO: Remixes, arrived in June 2021. While the COVID-19 pandemic prevented Car Seat Headrest from touring extensively in support of the album, in 2022 they were back to performing live, and they played a three-night stand at New York's Brooklyn Steel in March of that year. The shows were recorded, and a collection of highlights from the concerts was released in December 2023, Faces from the Masquerade. ~ Mark Deming",TOTT2,Unknown,https://www.youtube.com/watch?v=Zl2HpPLgTOA&pp=ygUZQ2FyIFNlYXQgSGVhZHJlc3QgLSBUT1RUMg%3D%3D
Scholars: Early Hack,https://lastfm.freetls.fastly.net/i/u/300x300/dbf2fd8a0715f873994210842f6ea0dd.png,Car Seat Headrest,2025-01-01,"Crafting moody and introspective lo-fi pop tunes that are melodic but structurally ambitious at the same time, Car Seat Headrest is the moniker used by musician and songwriter Will Toledo. Cutting his teeth creating D.I.Y. recordings on inexpensive home equipment, Toledo's songwriting -- deeply personal, sometimes dramatic, frequently witty, and dotted with unexpected social and cultural references -- was what stood out as he gained confidence and strength on self-released early projects such as 2010's Little Pieces of Paper with ""No"" Written on Them. 2011's Twin Fantasy was Car Seat Headrest's breakthrough work, a song cycle that was a major step forward for the young songwriter. 2015's Teens of Style was the group's first album for Matador Records, and though the LP earned positive reviews, it was 2016's Teens of Denial that seriously wowed critics and established him as an artist to watch in indie rock. 2020's Making a Door Less Open was an effort to expand the boundaries of Car Seat Headrest's music, with lo-fi indie sounds giving way to a more expert approach dominated by electronic instrumentation. It was a process they continued on the 2021 companion EP's MADLO: Influences and MADLO: Remixes, and the 2022 tour which reflected their new sound was documented on the live album Faces from the Masquerade, issued in December 2023.
Will Toledo grew up in Leesburg, Virginia, where he learned about music theory while playing in the student symphony band in junior high and high school. He majored in English in college but was fascinated with music, embracing an eclectic variety of artists from Radiohead, Modest Mouse, and R.E.M. to Animal Collective and Swans, and he began writing songs on his computer, using its built-in microphone and the recording software that was bundled with the machine. While Toledo's recording setup became more advanced with time, he continued to prefer simpler solutions to recording problems, and his project became known as Car Seat Headrest when Toledo found he was more comfortable recording vocals in his car than in his home. As he began playing live shows with a rotating team of musicians (when a reporter asked Toledo about being a fixture on the local scene, he replied, ""All that amounts to is being able to play at the local pizza place""), the vast majority of his recordings were cut at home with Toledo handling all the vocals and instruments himself.
In May 2010, he issued his first Car Seat Headrest album, titled 1, with 2, 3, and 4 all appearing within the next three months. Although Toledo would continue to make his first four LPs available through his online store, he sheepishly included a warning to potential customers that they were ""not very good."" December 2010 brought Little Pieces of Paper with ""No"" Written on Them, which Toledo described as ""B-sides and rarities and generally just awful shit,"" but with March 2011's My Back Is Killing Me Baby, Toledo finally made an album he felt didn't require a warning about its inferior quality, and Car Seat Headrest began winning the attention of critics and lo-fi fans around the world with Twin Fantasy, released in November 2011.
The year 2012 brought two more albums, Monomania and Starving While Living, and in August 2013, Toledo released Nervous Young Man. Deciding he needed to break away from the places where he grew up and studied, Toledo left Virginia and moved to Seattle, where he assembled a new lineup of Car Seat Headrest and continued to busy himself with home recording. October 2014 brought another particularly personal project, How to Leave Town, which earned enthusiastic reviews on the music blogosphere and led to Toledo signing a deal with Matador Records. The label issued Teens of Style, featuring new versions of several of Car Seat Headrest's older tunes, in October 2015.
In May 2016, Toledo released an album of new Car Seat Headrest material, Teens of Denial. The record, which melded lo-fi noisemaking with a clean and ambitious production, made music news headlines shortly before its release. One of the album's tracks, ""Just What I Needed/Not What I Needed,"" interpolated a few bars of the Cars' classic ""Just What I Needed."" At the last minute, Cars frontman and songwriter Ric Ocasek rescinded his permission for Car Seat Headrest to use the excerpt from his song. The initial run of Teens of Denial on vinyl and CD had to be destroyed, but the digital version of the album was released as scheduled, with the problematic track replaced with a reworked version of ""Not What I Needed."" The album received widespread acclaim, serving as a breakout for Toledo.
Curiously, he returned in early 2018 not with a new LP but with an entirely re-recorded version of Car Seat Headrest's fan-favorite 2011 album Twin Fantasy. The following year saw the release of the group's first concert LP, Commit Yourself Completely. 2020's Making a Door Less Open found Toledo shifting stylistic gears, with electronics dominating the arrangements and giving the music a smoother, more refined sound. Two companion EPs, MADLO: Influences (a covers album) and MADLO: Remixes, arrived in June 2021. While the COVID-19 pandemic prevented Car Seat Headrest from touring extensively in support of the album, in 2022 they were back to performing live, and they played a three-night stand at New York's Brooklyn Steel in March of that year. The shows were recorded, and a collection of highlights from the concerts was released in December 2023, Faces from the Masquerade. ~ Mark Deming",World War,Unknown,https://www.youtube.com/watch?v=gjvlKvisHhs&pp=ygUdQ2FyIFNlYXQgSGVhZHJlc3QgLSBXb3JsZCBXYXI%3D
Scholars: Early Hack,https://lastfm.freetls.fastly.net/i/u/300x300/dbf2fd8a0715f873994210842f6ea0dd.png,Car Seat Headrest,2025-01-01,"Crafting moody and introspective lo-fi pop tunes that are melodic but structurally ambitious at the same time, Car Seat Headrest is the moniker used by musician and songwriter Will Toledo. Cutting his teeth creating D.I.Y. recordings on inexpensive home equipment, Toledo's songwriting -- deeply personal, sometimes dramatic, frequently witty, and dotted with unexpected social and cultural references -- was what stood out as he gained confidence and strength on self-released early projects such as 2010's Little Pieces of Paper with ""No"" Written on Them. 2011's Twin Fantasy was Car Seat Headrest's breakthrough work, a song cycle that was a major step forward for the young songwriter. 2015's Teens of Style was the group's first album for Matador Records, and though the LP earned positive reviews, it was 2016's Teens of Denial that seriously wowed critics and established him as an artist to watch in indie rock. 2020's Making a Door Less Open was an effort to expand the boundaries of Car Seat Headrest's music, with lo-fi indie sounds giving way to a more expert approach dominated by electronic instrumentation. It was a process they continued on the 2021 companion EP's MADLO: Influences and MADLO: Remixes, and the 2022 tour which reflected their new sound was documented on the live album Faces from the Masquerade, issued in December 2023.
Will Toledo grew up in Leesburg, Virginia, where he learned about music theory while playing in the student symphony band in junior high and high school. He majored in English in college but was fascinated with music, embracing an eclectic variety of artists from Radiohead, Modest Mouse, and R.E.M. to Animal Collective and Swans, and he began writing songs on his computer, using its built-in microphone and the recording software that was bundled with the machine. While Toledo's recording setup became more advanced with time, he continued to prefer simpler solutions to recording problems, and his project became known as Car Seat Headrest when Toledo found he was more comfortable recording vocals in his car than in his home. As he began playing live shows with a rotating team of musicians (when a reporter asked Toledo about being a fixture on the local scene, he replied, ""All that amounts to is being able to play at the local pizza place""), the vast majority of his recordings were cut at home with Toledo handling all the vocals and instruments himself.
In May 2010, he issued his first Car Seat Headrest album, titled 1, with 2, 3, and 4 all appearing within the next three months. Although Toledo would continue to make his first four LPs available through his online store, he sheepishly included a warning to potential customers that they were ""not very good."" December 2010 brought Little Pieces of Paper with ""No"" Written on Them, which Toledo described as ""B-sides and rarities and generally just awful shit,"" but with March 2011's My Back Is Killing Me Baby, Toledo finally made an album he felt didn't require a warning about its inferior quality, and Car Seat Headrest began winning the attention of critics and lo-fi fans around the world with Twin Fantasy, released in November 2011.
The year 2012 brought two more albums, Monomania and Starving While Living, and in August 2013, Toledo released Nervous Young Man. Deciding he needed to break away from the places where he grew up and studied, Toledo left Virginia and moved to Seattle, where he assembled a new lineup of Car Seat Headrest and continued to busy himself with home recording. October 2014 brought another particularly personal project, How to Leave Town, which earned enthusiastic reviews on the music blogosphere and led to Toledo signing a deal with Matador Records. The label issued Teens of Style, featuring new versions of several of Car Seat Headrest's older tunes, in October 2015.
In May 2016, Toledo released an album of new Car Seat Headrest material, Teens of Denial. The record, which melded lo-fi noisemaking with a clean and ambitious production, made music news headlines shortly before its release. One of the album's tracks, ""Just What I Needed/Not What I Needed,"" interpolated a few bars of the Cars' classic ""Just What I Needed."" At the last minute, Cars frontman and songwriter Ric Ocasek rescinded his permission for Car Seat Headrest to use the excerpt from his song. The initial run of Teens of Denial on vinyl and CD had to be destroyed, but the digital version of the album was released as scheduled, with the problematic track replaced with a reworked version of ""Not What I Needed."" The album received widespread acclaim, serving as a breakout for Toledo.
Curiously, he returned in early 2018 not with a new LP but with an entirely re-recorded version of Car Seat Headrest's fan-favorite 2011 album Twin Fantasy. The following year saw the release of the group's first concert LP, Commit Yourself Completely. 2020's Making a Door Less Open found Toledo shifting stylistic gears, with electronics dominating the arrangements and giving the music a smoother, more refined sound. Two companion EPs, MADLO: Influences (a covers album) and MADLO: Remixes, arrived in June 2021. While the COVID-19 pandemic prevented Car Seat Headrest from touring extensively in support of the album, in 2022 they were back to performing live, and they played a three-night stand at New York's Brooklyn Steel in March of that year. The shows were recorded, and a collection of highlights from the concerts was released in December 2023, Faces from the Masquerade. ~ Mark Deming",World War TV,Unknown,https://www.youtube.com/watch?v=z3KAyngEGL0&pp=ygUgQ2FyIFNlYXQgSGVhZHJlc3QgLSBXb3JsZCBXYXIgVFY%3D
Scholars: Early Hack,https://lastfm.freetls.fastly.net/i/u/300x300/dbf2fd8a0715f873994210842f6ea0dd.png,Car Seat Headrest,2025-01-01,"Crafting moody and introspective lo-fi pop tunes that are melodic but structurally ambitious at the same time, Car Seat Headrest is the moniker used by musician and songwriter Will Toledo. Cutting his teeth creating D.I.Y. recordings on inexpensive home equipment, Toledo's songwriting -- deeply personal, sometimes dramatic, frequently witty, and dotted with unexpected social and cultural references -- was what stood out as he gained confidence and strength on self-released early projects such as 2010's Little Pieces of Paper with ""No"" Written on Them. 2011's Twin Fantasy was Car Seat Headrest's breakthrough work, a song cycle that was a major step forward for the young songwriter. 2015's Teens of Style was the group's first album for Matador Records, and though the LP earned positive reviews, it was 2016's Teens of Denial that seriously wowed critics and established him as an artist to watch in indie rock. 2020's Making a Door Less Open was an effort to expand the boundaries of Car Seat Headrest's music, with lo-fi indie sounds giving way to a more expert approach dominated by electronic instrumentation. It was a process they continued on the 2021 companion EP's MADLO: Influences and MADLO: Remixes, and the 2022 tour which reflected their new sound was documented on the live album Faces from the Masquerade, issued in December 2023.
Will Toledo grew up in Leesburg, Virginia, where he learned about music theory while playing in the student symphony band in junior high and high school. He majored in English in college but was fascinated with music, embracing an eclectic variety of artists from Radiohead, Modest Mouse, and R.E.M. to Animal Collective and Swans, and he began writing songs on his computer, using its built-in microphone and the recording software that was bundled with the machine. While Toledo's recording setup became more advanced with time, he continued to prefer simpler solutions to recording problems, and his project became known as Car Seat Headrest when Toledo found he was more comfortable recording vocals in his car than in his home. As he began playing live shows with a rotating team of musicians (when a reporter asked Toledo about being a fixture on the local scene, he replied, ""All that amounts to is being able to play at the local pizza place""), the vast majority of his recordings were cut at home with Toledo handling all the vocals and instruments himself.
In May 2010, he issued his first Car Seat Headrest album, titled 1, with 2, 3, and 4 all appearing within the next three months. Although Toledo would continue to make his first four LPs available through his online store, he sheepishly included a warning to potential customers that they were ""not very good."" December 2010 brought Little Pieces of Paper with ""No"" Written on Them, which Toledo described as ""B-sides and rarities and generally just awful shit,"" but with March 2011's My Back Is Killing Me Baby, Toledo finally made an album he felt didn't require a warning about its inferior quality, and Car Seat Headrest began winning the attention of critics and lo-fi fans around the world with Twin Fantasy, released in November 2011.
The year 2012 brought two more albums, Monomania and Starving While Living, and in August 2013, Toledo released Nervous Young Man. Deciding he needed to break away from the places where he grew up and studied, Toledo left Virginia and moved to Seattle, where he assembled a new lineup of Car Seat Headrest and continued to busy himself with home recording. October 2014 brought another particularly personal project, How to Leave Town, which earned enthusiastic reviews on the music blogosphere and led to Toledo signing a deal with Matador Records. The label issued Teens of Style, featuring new versions of several of Car Seat Headrest's older tunes, in October 2015.
In May 2016, Toledo released an album of new Car Seat Headrest material, Teens of Denial. The record, which melded lo-fi noisemaking with a clean and ambitious production, made music news headlines shortly before its release. One of the album's tracks, ""Just What I Needed/Not What I Needed,"" interpolated a few bars of the Cars' classic ""Just What I Needed."" At the last minute, Cars frontman and songwriter Ric Ocasek rescinded his permission for Car Seat Headrest to use the excerpt from his song. The initial run of Teens of Denial on vinyl and CD had to be destroyed, but the digital version of the album was released as scheduled, with the problematic track replaced with a reworked version of ""Not What I Needed."" The album received widespread acclaim, serving as a breakout for Toledo.
Curiously, he returned in early 2018 not with a new LP but with an entirely re-recorded version of Car Seat Headrest's fan-favorite 2011 album Twin Fantasy. The following year saw the release of the group's first concert LP, Commit Yourself Completely. 2020's Making a Door Less Open found Toledo shifting stylistic gears, with electronics dominating the arrangements and giving the music a smoother, more refined sound. Two companion EPs, MADLO: Influences (a covers album) and MADLO: Remixes, arrived in June 2021. While the COVID-19 pandemic prevented Car Seat Headrest from touring extensively in support of the album, in 2022 they were back to performing live, and they played a three-night stand at New York's Brooklyn Steel in March of that year. The shows were recorded, and a collection of highlights from the concerts was released in December 2023, Faces from the Masquerade. ~ Mark Deming",Zebedee Dirt,Unknown,https://www.youtube.com/watch?v=XxaFaw-IXHM&pp=ygUgQ2FyIFNlYXQgSGVhZHJlc3QgLSBaZWJlZGVlIERpcnQ%3D
Scholars: Early Hack,https://lastfm.freetls.fastly.net/i/u/300x300/dbf2fd8a0715f873994210842f6ea0dd.png,Car Seat Headrest,2025-01-01,"Crafting moody and introspective lo-fi pop tunes that are melodic but structurally ambitious at the same time, Car Seat Headrest is the moniker used by musician and songwriter Will Toledo. Cutting his teeth creating D.I.Y. recordings on inexpensive home equipment, Toledo's songwriting -- deeply personal, sometimes dramatic, frequently witty, and dotted with unexpected social and cultural references -- was what stood out as he gained confidence and strength on self-released early projects such as 2010's Little Pieces of Paper with ""No"" Written on Them. 2011's Twin Fantasy was Car Seat Headrest's breakthrough work, a song cycle that was a major step forward for the young songwriter. 2015's Teens of Style was the group's first album for Matador Records, and though the LP earned positive reviews, it was 2016's Teens of Denial that seriously wowed critics and established him as an artist to watch in indie rock. 2020's Making a Door Less Open was an effort to expand the boundaries of Car Seat Headrest's music, with lo-fi indie sounds giving way to a more expert approach dominated by electronic instrumentation. It was a process they continued on the 2021 companion EP's MADLO: Influences and MADLO: Remixes, and the 2022 tour which reflected their new sound was documented on the live album Faces from the Masquerade, issued in December 2023.
Will Toledo grew up in Leesburg, Virginia, where he learned about music theory while playing in the student symphony band in junior high and high school. He majored in English in college but was fascinated with music, embracing an eclectic variety of artists from Radiohead, Modest Mouse, and R.E.M. to Animal Collective and Swans, and he began writing songs on his computer, using its built-in microphone and the recording software that was bundled with the machine. While Toledo's recording setup became more advanced with time, he continued to prefer simpler solutions to recording problems, and his project became known as Car Seat Headrest when Toledo found he was more comfortable recording vocals in his car than in his home. As he began playing live shows with a rotating team of musicians (when a reporter asked Toledo about being a fixture on the local scene, he replied, ""All that amounts to is being able to play at the local pizza place""), the vast majority of his recordings were cut at home with Toledo handling all the vocals and instruments himself.
In May 2010, he issued his first Car Seat Headrest album, titled 1, with 2, 3, and 4 all appearing within the next three months. Although Toledo would continue to make his first four LPs available through his online store, he sheepishly included a warning to potential customers that they were ""not very good."" December 2010 brought Little Pieces of Paper with ""No"" Written on Them, which Toledo described as ""B-sides and rarities and generally just awful shit,"" but with March 2011's My Back Is Killing Me Baby, Toledo finally made an album he felt didn't require a warning about its inferior quality, and Car Seat Headrest began winning the attention of critics and lo-fi fans around the world with Twin Fantasy, released in November 2011.
The year 2012 brought two more albums, Monomania and Starving While Living, and in August 2013, Toledo released Nervous Young Man. Deciding he needed to break away from the places where he grew up and studied, Toledo left Virginia and moved to Seattle, where he assembled a new lineup of Car Seat Headrest and continued to busy himself with home recording. October 2014 brought another particularly personal project, How to Leave Town, which earned enthusiastic reviews on the music blogosphere and led to Toledo signing a deal with Matador Records. The label issued Teens of Style, featuring new versions of several of Car Seat Headrest's older tunes, in October 2015.
In May 2016, Toledo released an album of new Car Seat Headrest material, Teens of Denial. The record, which melded lo-fi noisemaking with a clean and ambitious production, made music news headlines shortly before its release. One of the album's tracks, ""Just What I Needed/Not What I Needed,"" interpolated a few bars of the Cars' classic ""Just What I Needed."" At the last minute, Cars frontman and songwriter Ric Ocasek rescinded his permission for Car Seat Headrest to use the excerpt from his song. The initial run of Teens of Denial on vinyl and CD had to be destroyed, but the digital version of the album was released as scheduled, with the problematic track replaced with a reworked version of ""Not What I Needed."" The album received widespread acclaim, serving as a breakout for Toledo.
Curiously, he returned in early 2018 not with a new LP but with an entirely re-recorded version of Car Seat Headrest's fan-favorite 2011 album Twin Fantasy. The following year saw the release of the group's first concert LP, Commit Yourself Completely. 2020's Making a Door Less Open found Toledo shifting stylistic gears, with electronics dominating the arrangements and giving the music a smoother, more refined sound. Two companion EPs, MADLO: Influences (a covers album) and MADLO: Remixes, arrived in June 2021. While the COVID-19 pandemic prevented Car Seat Headrest from touring extensively in support of the album, in 2022 they were back to performing live, and they played a three-night stand at New York's Brooklyn Steel in March of that year. The shows were recorded, and a collection of highlights from the concerts was released in December 2023, Faces from the Masquerade. ~ Mark Deming",Fallen in the Mud,Unknown,https://www.youtube.com/watch?v=NvsQPCbgJOA&pp=ygUlQ2FyIFNlYXQgSGVhZHJlc3QgLSBGYWxsZW4gaW4gdGhlIE11ZNIHCQmECQGHKiGM7w%3D%3D
Scholars: Early Hack,https://lastfm.freetls.fastly.net/i/u/300x300/dbf2fd8a0715f873994210842f6ea0dd.png,Car Seat Headrest,2025-01-01,"Crafting moody and introspective lo-fi pop tunes that are melodic but structurally ambitious at the same time, Car Seat Headrest is the moniker used by musician and songwriter Will Toledo. Cutting his teeth creating D.I.Y. recordings on inexpensive home equipment, Toledo's songwriting -- deeply personal, sometimes dramatic, frequently witty, and dotted with unexpected social and cultural references -- was what stood out as he gained confidence and strength on self-released early projects such as 2010's Little Pieces of Paper with ""No"" Written on Them. 2011's Twin Fantasy was Car Seat Headrest's breakthrough work, a song cycle that was a major step forward for the young songwriter. 2015's Teens of Style was the group's first album for Matador Records, and though the LP earned positive reviews, it was 2016's Teens of Denial that seriously wowed critics and established him as an artist to watch in indie rock. 2020's Making a Door Less Open was an effort to expand the boundaries of Car Seat Headrest's music, with lo-fi indie sounds giving way to a more expert approach dominated by electronic instrumentation. It was a process they continued on the 2021 companion EP's MADLO: Influences and MADLO: Remixes, and the 2022 tour which reflected their new sound was documented on the live album Faces from the Masquerade, issued in December 2023.
Will Toledo grew up in Leesburg, Virginia, where he learned about music theory while playing in the student symphony band in junior high and high school. He majored in English in college but was fascinated with music, embracing an eclectic variety of artists from Radiohead, Modest Mouse, and R.E.M. to Animal Collective and Swans, and he began writing songs on his computer, using its built-in microphone and the recording software that was bundled with the machine. While Toledo's recording setup became more advanced with time, he continued to prefer simpler solutions to recording problems, and his project became known as Car Seat Headrest when Toledo found he was more comfortable recording vocals in his car than in his home. As he began playing live shows with a rotating team of musicians (when a reporter asked Toledo about being a fixture on the local scene, he replied, ""All that amounts to is being able to play at the local pizza place""), the vast majority of his recordings were cut at home with Toledo handling all the vocals and instruments himself.
In May 2010, he issued his first Car Seat Headrest album, titled 1, with 2, 3, and 4 all appearing within the next three months. Although Toledo would continue to make his first four LPs available through his online store, he sheepishly included a warning to potential customers that they were ""not very good."" December 2010 brought Little Pieces of Paper with ""No"" Written on Them, which Toledo described as ""B-sides and rarities and generally just awful shit,"" but with March 2011's My Back Is Killing Me Baby, Toledo finally made an album he felt didn't require a warning about its inferior quality, and Car Seat Headrest began winning the attention of critics and lo-fi fans around the world with Twin Fantasy, released in November 2011.
The year 2012 brought two more albums, Monomania and Starving While Living, and in August 2013, Toledo released Nervous Young Man. Deciding he needed to break away from the places where he grew up and studied, Toledo left Virginia and moved to Seattle, where he assembled a new lineup of Car Seat Headrest and continued to busy himself with home recording. October 2014 brought another particularly personal project, How to Leave Town, which earned enthusiastic reviews on the music blogosphere and led to Toledo signing a deal with Matador Records. The label issued Teens of Style, featuring new versions of several of Car Seat Headrest's older tunes, in October 2015.
In May 2016, Toledo released an album of new Car Seat Headrest material, Teens of Denial. The record, which melded lo-fi noisemaking with a clean and ambitious production, made music news headlines shortly before its release. One of the album's tracks, ""Just What I Needed/Not What I Needed,"" interpolated a few bars of the Cars' classic ""Just What I Needed."" At the last minute, Cars frontman and songwriter Ric Ocasek rescinded his permission for Car Seat Headrest to use the excerpt from his song. The initial run of Teens of Denial on vinyl and CD had to be destroyed, but the digital version of the album was released as scheduled, with the problematic track replaced with a reworked version of ""Not What I Needed."" The album received widespread acclaim, serving as a breakout for Toledo.
Curiously, he returned in early 2018 not with a new LP but with an entirely re-recorded version of Car Seat Headrest's fan-favorite 2011 album Twin Fantasy. The following year saw the release of the group's first concert LP, Commit Yourself Completely. 2020's Making a Door Less Open found Toledo shifting stylistic gears, with electronics dominating the arrangements and giving the music a smoother, more refined sound. Two companion EPs, MADLO: Influences (a covers album) and MADLO: Remixes, arrived in June 2021. While the COVID-19 pandemic prevented Car Seat Headrest from touring extensively in support of the album, in 2022 they were back to performing live, and they played a three-night stand at New York's Brooklyn Steel in March of that year. The shows were recorded, and a collection of highlights from the concerts was released in December 2023, Faces from the Masquerade. ~ Mark Deming",Old Encino,Unknown,https://www.youtube.com/watch?v=z3KAyngEGL0&pp=ygUeQ2FyIFNlYXQgSGVhZHJlc3QgLSBPbGQgRW5jaW5v
A Little Man and a House and the Whole World Window,https://lastfm.freetls.fastly.net/i/u/300x300/8520796e290cbb4061dd9e14c825e234.png,Cardiacs,1988-03-21,"Combining the D.I.Y. attitude of the early punk years with an affection for progressive rock acts such as Gong and Gentle Giant, the U.K. act the Cardiacs was formed in late 1977 by Tim Smith, who quickly enlisted brother Jim Smith to join the fledgling outfit. The alleged fact that Jim couldn't play an instrument mattered little, and the band took on the moniker Cardiac Arrest. Their first actual release was a single, ""A Bus for a Bus on the Bus,"" in 1979, which they followed with a full-length cassette release the next year, The Obvious, under the truncated name the Cardiacs.
The group sporadically self-released material throughout the '80s, including Toy World in 1981. They landed a high-profile slot opening for Marillion in 1985, which, although they had been selected by Marillion lead singer Fish, proved to be a pairing that did not go down well with the headliner's fan base. In 1988, the band released the LP A Little Man and a House and the Whole World Window, which proved to be their biggest success, spawning the Top Ten indie chart track ""Is This a Life."" The success was short-lived, and the Cardiacs found themselves embroiled in a brief stir when the factions of the media mistook the relationship between Tim Smith and saxophonist Sarah Smith as siblings instead of man and wife. Although their audience has never been widespread, self-proclaimed admirers of the Cardiacs include Mike Patton and Damon Albarn, who arranged for them to open shows for Blur in 1995.
The Cardiacs have toured regularly since their inception, even if their recorded output has been a bit more erratic. Frontman Tim Smith suffered a heart attack and a stroke in 2008, leading to years of poor health, and he was later diagnosed with dystonia, a neurological disease that adversely effects muscle control. He died on July 22, 2020, at the age of 59. Cardiacs percussionist Tim Quy died on February 2, 2023, at the age of 61. ~ Tom Demalon",Is This the Life?,Unknown,https://www.youtube.com/watch?v=s31eL8Y_pBM&pp=ygUZQ2FyZGlhY3MgSXMgVGhpcyB0aGUgTGlmZQ%3D%3D
The Bestiary,https://lastfm.freetls.fastly.net/i/u/300x300/da518b2b7314ab294582f6cabb2d9386.jpg,Castle Rat,2025-09-19,"Castle Rat is a Medieval Fantasy Doom Metal band hailing from Brooklyn, NY, led by Riley Pinkerton — ‘The Rat Queen’ on rhythm guitar and lead vocals. On her mission to expand and defend ‘The Realm’ from those who seek to destroy it, The Rat Queen is joined by Henry Black — ‘The Count’ on lead guitar and backing vocals, Ronnie Lanzilotta — ‘The Plague Doctor’ on bass, and Joshua Strmic — ‘The Druid’ on drums. Together they face the relentless wrath of their arch nemesis: Death Herself — ‘The Rat Reaperess.”   Along their journey Castle Rat has played in support of Monolord (SE), Firebreather (SE), Stonefield (AU), & Tower (NYC) with plans to set forth the release of two powerful singles into the natural world, ahead of their debut LP Into The Realm. Since the band’s pre-plague inception in October 2019, Castle Rat has forged an album and curated a live performance to satisfy those who crave swords & sorcery; stoner & doom; battle-babes & beasts; Frazetta & Sabbath. Read more on Last.fm. User-contributed text is available under the Creative Commons By-SA License; additional terms may apply.",Phoenix I,Unknown,https://www.youtube.com/watch?v=T1_-sbLXb4s&list=RDT1_-sbLXb4s&start_radio=1&pp=ygUWQ2FzdGxlIFJhdCAtIFBob2VuaXggSaAHAQ%3D%3D
The Bestiary,https://lastfm.freetls.fastly.net/i/u/300x300/da518b2b7314ab294582f6cabb2d9386.jpg,Castle Rat,2025-09-19,"Castle Rat is a Medieval Fantasy Doom Metal band hailing from Brooklyn, NY, led by Riley Pinkerton — ‘The Rat Queen’ on rhythm guitar and lead vocals. On her mission to expand and defend ‘The Realm’ from those who seek to destroy it, The Rat Queen is joined by Henry Black — ‘The Count’ on lead guitar and backing vocals, Ronnie Lanzilotta — ‘The Plague Doctor’ on bass, and Joshua Strmic — ‘The Druid’ on drums. Together they face the relentless wrath of their arch nemesis: Death Herself — ‘The Rat Reaperess.”   Along their journey Castle Rat has played in support of Monolord (SE), Firebreather (SE), Stonefield (AU), & Tower (NYC) with plans to set forth the release of two powerful singles into the natural world, ahead of their debut LP Into The Realm. Since the band’s pre-plague inception in October 2019, Castle Rat has forged an album and curated a live performance to satisfy those who crave swords & sorcery; stoner & doom; battle-babes & beasts; Frazetta & Sabbath. Read more on Last.fm. User-contributed text is available under the Creative Commons By-SA License; additional terms may apply.",Wolf I,Unknown,https://www.youtube.com/watch?v=rWRmjkPgZkY&list=RDrWRmjkPgZkY&start_radio=1&pp=ygURQ2FzdGxlIFJhdCBXb2xmIEmgBwE%3D
The Bestiary,https://lastfm.freetls.fastly.net/i/u/300x300/da518b2b7314ab294582f6cabb2d9386.jpg,Castle Rat,2025-09-19,"Castle Rat is a Medieval Fantasy Doom Metal band hailing from Brooklyn, NY, led by Riley Pinkerton — ‘The Rat Queen’ on rhythm guitar and lead vocals. On her mission to expand and defend ‘The Realm’ from those who seek to destroy it, The Rat Queen is joined by Henry Black — ‘The Count’ on lead guitar and backing vocals, Ronnie Lanzilotta — ‘The Plague Doctor’ on bass, and Joshua Strmic — ‘The Druid’ on drums. Together they face the relentless wrath of their arch nemesis: Death Herself — ‘The Rat Reaperess.”   Along their journey Castle Rat has played in support of Monolord (SE), Firebreather (SE), Stonefield (AU), & Tower (NYC) with plans to set forth the release of two powerful singles into the natural world, ahead of their debut LP Into The Realm. Since the band’s pre-plague inception in October 2019, Castle Rat has forged an album and curated a live performance to satisfy those who crave swords & sorcery; stoner & doom; battle-babes & beasts; Frazetta & Sabbath. Read more on Last.fm. User-contributed text is available under the Creative Commons By-SA License; additional terms may apply.",Wizard,Unknown,https://www.youtube.com/watch?v=iWKmiTwjjHA&list=RDiWKmiTwjjHA&start_radio=1&pp=ygURQ2FzdGxlIFJhdCBXaXphcmSgBwE%3D
The Bestiary,https://lastfm.freetls.fastly.net/i/u/300x300/da518b2b7314ab294582f6cabb2d9386.jpg,Castle Rat,2025-09-19,"Castle Rat is a Medieval Fantasy Doom Metal band hailing from Brooklyn, NY, led by Riley Pinkerton — ‘The Rat Queen’ on rhythm guitar and lead vocals. On her mission to expand and defend ‘The Realm’ from those who seek to destroy it, The Rat Queen is joined by Henry Black — ‘The Count’ on lead guitar and backing vocals, Ronnie Lanzilotta — ‘The Plague Doctor’ on bass, and Joshua Strmic — ‘The Druid’ on drums. Together they face the relentless wrath of their arch nemesis: Death Herself — ‘The Rat Reaperess.”   Along their journey Castle Rat has played in support of Monolord (SE), Firebreather (SE), Stonefield (AU), & Tower (NYC) with plans to set forth the release of two powerful singles into the natural world, ahead of their debut LP Into The Realm. Since the band’s pre-plague inception in October 2019, Castle Rat has forged an album and curated a live performance to satisfy those who crave swords & sorcery; stoner & doom; battle-babes & beasts; Frazetta & Sabbath. Read more on Last.fm. User-contributed text is available under the Creative Commons By-SA License; additional terms may apply.",Siren,Unknown,https://www.youtube.com/watch?v=3GVz-UqWRdY&list=RD3GVz-UqWRdY&start_radio=1&pp=ygUSQ2FzdGxlIFJhdCAtIFNpcmVuoAcB
The Bestiary,https://lastfm.freetls.fastly.net/i/u/300x300/da518b2b7314ab294582f6cabb2d9386.jpg,Castle Rat,2025-09-19,"Castle Rat is a Medieval Fantasy Doom Metal band hailing from Brooklyn, NY, led by Riley Pinkerton — ‘The Rat Queen’ on rhythm guitar and lead vocals. On her mission to expand and defend ‘The Realm’ from those who seek to destroy it, The Rat Queen is joined by Henry Black — ‘The Count’ on lead guitar and backing vocals, Ronnie Lanzilotta — ‘The Plague Doctor’ on bass, and Joshua Strmic — ‘The Druid’ on drums. Together they face the relentless wrath of their arch nemesis: Death Herself — ‘The Rat Reaperess.”   Along their journey Castle Rat has played in support of Monolord (SE), Firebreather (SE), Stonefield (AU), & Tower (NYC) with plans to set forth the release of two powerful singles into the natural world, ahead of their debut LP Into The Realm. Since the band’s pre-plague inception in October 2019, Castle Rat has forged an album and curated a live performance to satisfy those who crave swords & sorcery; stoner & doom; battle-babes & beasts; Frazetta & Sabbath. Read more on Last.fm. User-contributed text is available under the Creative Commons By-SA License; additional terms may apply.",Unicorn,Unknown,https://www.youtube.com/watch?v=RoJCWxycFDw&list=RDRoJCWxycFDw&start_radio=1&pp=ygUUQ2FzdGxlIFJhdCAtIFVuaWNvcm6gBwE%3D
The Bestiary,https://lastfm.freetls.fastly.net/i/u/300x300/da518b2b7314ab294582f6cabb2d9386.jpg,Castle Rat,2025-09-19,"Castle Rat is a Medieval Fantasy Doom Metal band hailing from Brooklyn, NY, led by Riley Pinkerton — ‘The Rat Queen’ on rhythm guitar and lead vocals. On her mission to expand and defend ‘The Realm’ from those who seek to destroy it, The Rat Queen is joined by Henry Black — ‘The Count’ on lead guitar and backing vocals, Ronnie Lanzilotta — ‘The Plague Doctor’ on bass, and Joshua Strmic — ‘The Druid’ on drums. Together they face the relentless wrath of their arch nemesis: Death Herself — ‘The Rat Reaperess.”   Along their journey Castle Rat has played in support of Monolord (SE), Firebreather (SE), Stonefield (AU), & Tower (NYC) with plans to set forth the release of two powerful singles into the natural world, ahead of their debut LP Into The Realm. Since the band’s pre-plague inception in October 2019, Castle Rat has forged an album and curated a live performance to satisfy those who crave swords & sorcery; stoner & doom; battle-babes & beasts; Frazetta & Sabbath. Read more on Last.fm. User-contributed text is available under the Creative Commons By-SA License; additional terms may apply.",Path of Moss,Unknown,https://www.youtube.com/watch?v=LFue_S6TsHw&list=RDLFue_S6TsHw&start_radio=1&pp=ygUZQ2FzdGxlIFJhdCAtIFBhdGggb2YgTW9zc6AHAQ%3D%3D
The Bestiary,https://lastfm.freetls.fastly.net/i/u/300x300/da518b2b7314ab294582f6cabb2d9386.jpg,Castle Rat,2025-09-19,"Castle Rat is a Medieval Fantasy Doom Metal band hailing from Brooklyn, NY, led by Riley Pinkerton — ‘The Rat Queen’ on rhythm guitar and lead vocals. On her mission to expand and defend ‘The Realm’ from those who seek to destroy it, The Rat Queen is joined by Henry Black — ‘The Count’ on lead guitar and backing vocals, Ronnie Lanzilotta — ‘The Plague Doctor’ on bass, and Joshua Strmic — ‘The Druid’ on drums. Together they face the relentless wrath of their arch nemesis: Death Herself — ‘The Rat Reaperess.”   Along their journey Castle Rat has played in support of Monolord (SE), Firebreather (SE), Stonefield (AU), & Tower (NYC) with plans to set forth the release of two powerful singles into the natural world, ahead of their debut LP Into The Realm. Since the band’s pre-plague inception in October 2019, Castle Rat has forged an album and curated a live performance to satisfy those who crave swords & sorcery; stoner & doom; battle-babes & beasts; Frazetta & Sabbath. Read more on Last.fm. User-contributed text is available under the Creative Commons By-SA License; additional terms may apply.",Crystal Cave,Unknown,https://www.youtube.com/watch?v=nIR79VgChIQ&list=RDnIR79VgChIQ&start_radio=1&pp=ygUZQ2FzdGxlIFJhdCAtIENyeXN0YWwgQ2F2ZaAHAQ%3D%3D
The Bestiary,https://lastfm.freetls.fastly.net/i/u/300x300/da518b2b7314ab294582f6cabb2d9386.jpg,Castle Rat,2025-09-19,"Castle Rat is a Medieval Fantasy Doom Metal band hailing from Brooklyn, NY, led by Riley Pinkerton — ‘The Rat Queen’ on rhythm guitar and lead vocals. On her mission to expand and defend ‘The Realm’ from those who seek to destroy it, The Rat Queen is joined by Henry Black — ‘The Count’ on lead guitar and backing vocals, Ronnie Lanzilotta — ‘The Plague Doctor’ on bass, and Joshua Strmic — ‘The Druid’ on drums. Together they face the relentless wrath of their arch nemesis: Death Herself — ‘The Rat Reaperess.”   Along their journey Castle Rat has played in support of Monolord (SE), Firebreather (SE), Stonefield (AU), & Tower (NYC) with plans to set forth the release of two powerful singles into the natural world, ahead of their debut LP Into The Realm. Since the band’s pre-plague inception in October 2019, Castle Rat has forged an album and curated a live performance to satisfy those who crave swords & sorcery; stoner & doom; battle-babes & beasts; Frazetta & Sabbath. Read more on Last.fm. User-contributed text is available under the Creative Commons By-SA License; additional terms may apply.",Serpent,Unknown,https://www.youtube.com/watch?v=LQwtZohqCRs&list=RDLQwtZohqCRs&start_radio=1&pp=ygUUQ2FzdGxlIFJhdCAtIFNlcnBlbnSgBwE%3D
Palm Mall Mars [Remastered],,Cat System Corp.,2018-06-17,"Jornt Elzinga (born 1989) is a Dutch music producer that has released over 70 projects under the alias 猫 シ Corp. (sometimes stylized as Cats Corp or Cat Corp). Elzinga has released projects across a variety of mediums including cassette, VHS, CD, and vinyl under various labels such as My Pet Flamingo, Needlejuice Records, and his own personal label, Hiraeth Records.

Stylistically these projects experiment with commercialism, consumerism, news media, adult contemporary, muzak, and plunderphonics. Each project has its own particular theme or concept and the entire sound gets wrapped around this. 猫 シ Corp.'s Style has been described by one journalist as ""Background crowd sounds combined with adult contemporary music that sounds less jazzy and more mellow than ever before...contributing to the more futuristic vibe of the album and adds to the big budget feeling of the album; it makes you feel like you’re there, like this is actually happening in some alternate reality.""

His albums Class of ’84 (described by Elzinga as ""an image of a [past] world that we love to escape to because our old world died in 2001"") and News At 11 are both concept albums on the contrast between the idyllic 1980s and 1990s and surrealism in a post-9/11 world. His album Palm Mall has been described as the definitive Mallsoft Project. His 2014 album Hiraeth is named after a Welsh word ‘hiraeth’ which means to have memories of a place that does not exist; about nostalgic feelings of the past. The word was reused as a part of his non-sampling vaporwave record label Hiraeth Records. Read more on Last.fm. User-contributed text is available under the Creative Commons By-SA License; additional terms may apply.",スキポール空港Plaza,Unknown,https://www.youtube.com/watch?v=OjIFLXUBNck&list=RDOjIFLXUBNck&start_radio=1&pp=ygUqQ2F0IFN5c3RlbSBDb3JwIOOCueOCreODneODvOODq-epuua4r1BsYXphoAcB
Palm Mall Mars [Remastered],,Cat System Corp.,2018-06-17,"Jornt Elzinga (born 1989) is a Dutch music producer that has released over 70 projects under the alias 猫 シ Corp. (sometimes stylized as Cats Corp or Cat Corp). Elzinga has released projects across a variety of mediums including cassette, VHS, CD, and vinyl under various labels such as My Pet Flamingo, Needlejuice Records, and his own personal label, Hiraeth Records.

Stylistically these projects experiment with commercialism, consumerism, news media, adult contemporary, muzak, and plunderphonics. Each project has its own particular theme or concept and the entire sound gets wrapped around this. 猫 シ Corp.'s Style has been described by one journalist as ""Background crowd sounds combined with adult contemporary music that sounds less jazzy and more mellow than ever before...contributing to the more futuristic vibe of the album and adds to the big budget feeling of the album; it makes you feel like you’re there, like this is actually happening in some alternate reality.""

His albums Class of ’84 (described by Elzinga as ""an image of a [past] world that we love to escape to because our old world died in 2001"") and News At 11 are both concept albums on the contrast between the idyllic 1980s and 1990s and surrealism in a post-9/11 world. His album Palm Mall has been described as the definitive Mallsoft Project. His 2014 album Hiraeth is named after a Welsh word ‘hiraeth’ which means to have memories of a place that does not exist; about nostalgic feelings of the past. The word was reused as a part of his non-sampling vaporwave record label Hiraeth Records. Read more on Last.fm. User-contributed text is available under the Creative Commons By-SA License; additional terms may apply.",Palm Mall Mars: Central Boulevard,Unknown,https://www.youtube.com/watch?v=2cvEgiqQg54&list=RD2cvEgiqQg54&start_radio=1&pp=ygUwQ2F0IFN5c3RlbSBDb3JwIFBhbG0gTWFsbCBNYXJzIENlbnRyYWwgQm91bGV2YXJkoAcB
Palm Mall Mars [Remastered],,Cat System Corp.,2018-06-17,"Jornt Elzinga (born 1989) is a Dutch music producer that has released over 70 projects under the alias 猫 シ Corp. (sometimes stylized as Cats Corp or Cat Corp). Elzinga has released projects across a variety of mediums including cassette, VHS, CD, and vinyl under various labels such as My Pet Flamingo, Needlejuice Records, and his own personal label, Hiraeth Records.

Stylistically these projects experiment with commercialism, consumerism, news media, adult contemporary, muzak, and plunderphonics. Each project has its own particular theme or concept and the entire sound gets wrapped around this. 猫 シ Corp.'s Style has been described by one journalist as ""Background crowd sounds combined with adult contemporary music that sounds less jazzy and more mellow than ever before...contributing to the more futuristic vibe of the album and adds to the big budget feeling of the album; it makes you feel like you’re there, like this is actually happening in some alternate reality.""

His albums Class of ’84 (described by Elzinga as ""an image of a [past] world that we love to escape to because our old world died in 2001"") and News At 11 are both concept albums on the contrast between the idyllic 1980s and 1990s and surrealism in a post-9/11 world. His album Palm Mall has been described as the definitive Mallsoft Project. His 2014 album Hiraeth is named after a Welsh word ‘hiraeth’ which means to have memories of a place that does not exist; about nostalgic feelings of the past. The word was reused as a part of his non-sampling vaporwave record label Hiraeth Records. Read more on Last.fm. User-contributed text is available under the Creative Commons By-SA License; additional terms may apply.",Indoor 園芸 Climate Control,Unknown,https://www.youtube.com/watch?v=azH4A0kl3Us&list=RDazH4A0kl3Us&start_radio=1&pp=ygUtQ2F0IFN5c3RlbSBDb3JwIEluZG9vciDlnJLoirggQ2xpbWF0ZSBDb250cm9soAcB
Palm Mall Mars [Remastered],,Cat System Corp.,2018-06-17,"Jornt Elzinga (born 1989) is a Dutch music producer that has released over 70 projects under the alias 猫 シ Corp. (sometimes stylized as Cats Corp or Cat Corp). Elzinga has released projects across a variety of mediums including cassette, VHS, CD, and vinyl under various labels such as My Pet Flamingo, Needlejuice Records, and his own personal label, Hiraeth Records.

Stylistically these projects experiment with commercialism, consumerism, news media, adult contemporary, muzak, and plunderphonics. Each project has its own particular theme or concept and the entire sound gets wrapped around this. 猫 シ Corp.'s Style has been described by one journalist as ""Background crowd sounds combined with adult contemporary music that sounds less jazzy and more mellow than ever before...contributing to the more futuristic vibe of the album and adds to the big budget feeling of the album; it makes you feel like you’re there, like this is actually happening in some alternate reality.""

His albums Class of ’84 (described by Elzinga as ""an image of a [past] world that we love to escape to because our old world died in 2001"") and News At 11 are both concept albums on the contrast between the idyllic 1980s and 1990s and surrealism in a post-9/11 world. His album Palm Mall has been described as the definitive Mallsoft Project. His 2014 album Hiraeth is named after a Welsh word ‘hiraeth’ which means to have memories of a place that does not exist; about nostalgic feelings of the past. The word was reused as a part of his non-sampling vaporwave record label Hiraeth Records. Read more on Last.fm. User-contributed text is available under the Creative Commons By-SA License; additional terms may apply.",Second floor: 환대 & 음악,Unknown,https://www.youtube.com/watch?v=uJJXrS3drUw&list=RDuJJXrS3drUw&start_radio=1&pp=ygUqQ2F0IFN5c3RlbSBDb3JwIFNlY29uZCBmbG9vciDtmZjrjIAg7J2M7JWFoAcB
Palm Mall Mars [Remastered],,Cat System Corp.,2018-06-17,"Jornt Elzinga (born 1989) is a Dutch music producer that has released over 70 projects under the alias 猫 シ Corp. (sometimes stylized as Cats Corp or Cat Corp). Elzinga has released projects across a variety of mediums including cassette, VHS, CD, and vinyl under various labels such as My Pet Flamingo, Needlejuice Records, and his own personal label, Hiraeth Records.

Stylistically these projects experiment with commercialism, consumerism, news media, adult contemporary, muzak, and plunderphonics. Each project has its own particular theme or concept and the entire sound gets wrapped around this. 猫 シ Corp.'s Style has been described by one journalist as ""Background crowd sounds combined with adult contemporary music that sounds less jazzy and more mellow than ever before...contributing to the more futuristic vibe of the album and adds to the big budget feeling of the album; it makes you feel like you’re there, like this is actually happening in some alternate reality.""

His albums Class of ’84 (described by Elzinga as ""an image of a [past] world that we love to escape to because our old world died in 2001"") and News At 11 are both concept albums on the contrast between the idyllic 1980s and 1990s and surrealism in a post-9/11 world. His album Palm Mall has been described as the definitive Mallsoft Project. His 2014 album Hiraeth is named after a Welsh word ‘hiraeth’ which means to have memories of a place that does not exist; about nostalgic feelings of the past. The word was reused as a part of his non-sampling vaporwave record label Hiraeth Records. Read more on Last.fm. User-contributed text is available under the Creative Commons By-SA License; additional terms may apply.",Poulsen Treatment Studio,Unknown,https://www.youtube.com/watch?v=vyFYMR9ihTo&list=RDvyFYMR9ihTo&start_radio=1&pp=ygUoQ2F0IFN5c3RlbSBDb3JwIFBvdWxzZW4gVHJlYXRtZW50IFN0dWRpb6AHAQ%3D%3D
Palm Mall Mars [Remastered],,Cat System Corp.,2018-06-17,"Jornt Elzinga (born 1989) is a Dutch music producer that has released over 70 projects under the alias 猫 シ Corp. (sometimes stylized as Cats Corp or Cat Corp). Elzinga has released projects across a variety of mediums including cassette, VHS, CD, and vinyl under various labels such as My Pet Flamingo, Needlejuice Records, and his own personal label, Hiraeth Records.

Stylistically these projects experiment with commercialism, consumerism, news media, adult contemporary, muzak, and plunderphonics. Each project has its own particular theme or concept and the entire sound gets wrapped around this. 猫 シ Corp.'s Style has been described by one journalist as ""Background crowd sounds combined with adult contemporary music that sounds less jazzy and more mellow than ever before...contributing to the more futuristic vibe of the album and adds to the big budget feeling of the album; it makes you feel like you’re there, like this is actually happening in some alternate reality.""

His albums Class of ’84 (described by Elzinga as ""an image of a [past] world that we love to escape to because our old world died in 2001"") and News At 11 are both concept albums on the contrast between the idyllic 1980s and 1990s and surrealism in a post-9/11 world. His album Palm Mall has been described as the definitive Mallsoft Project. His 2014 album Hiraeth is named after a Welsh word ‘hiraeth’ which means to have memories of a place that does not exist; about nostalgic feelings of the past. The word was reused as a part of his non-sampling vaporwave record label Hiraeth Records. Read more on Last.fm. User-contributed text is available under the Creative Commons By-SA License; additional terms may apply.",Ring World Information System,Unknown,https://www.youtube.com/watch?v=t5Ni-XyEhA0&list=RDt5Ni-XyEhA0&start_radio=1&pp=ygUtQ2F0IFN5c3RlbSBDb3JwIFJpbmcgV29ybGQgSW5mb3JtYXRpb24gU3lzdGVtoAcB
Palm Mall Mars [Remastered],,Cat System Corp.,2018-06-17,"Jornt Elzinga (born 1989) is a Dutch music producer that has released over 70 projects under the alias 猫 シ Corp. (sometimes stylized as Cats Corp or Cat Corp). Elzinga has released projects across a variety of mediums including cassette, VHS, CD, and vinyl under various labels such as My Pet Flamingo, Needlejuice Records, and his own personal label, Hiraeth Records.

Stylistically these projects experiment with commercialism, consumerism, news media, adult contemporary, muzak, and plunderphonics. Each project has its own particular theme or concept and the entire sound gets wrapped around this. 猫 シ Corp.'s Style has been described by one journalist as ""Background crowd sounds combined with adult contemporary music that sounds less jazzy and more mellow than ever before...contributing to the more futuristic vibe of the album and adds to the big budget feeling of the album; it makes you feel like you’re there, like this is actually happening in some alternate reality.""

His albums Class of ’84 (described by Elzinga as ""an image of a [past] world that we love to escape to because our old world died in 2001"") and News At 11 are both concept albums on the contrast between the idyllic 1980s and 1990s and surrealism in a post-9/11 world. His album Palm Mall has been described as the definitive Mallsoft Project. His 2014 album Hiraeth is named after a Welsh word ‘hiraeth’ which means to have memories of a place that does not exist; about nostalgic feelings of the past. The word was reused as a part of his non-sampling vaporwave record label Hiraeth Records. Read more on Last.fm. User-contributed text is available under the Creative Commons By-SA License; additional terms may apply.",Sembikiya Restaurant,Unknown,https://www.youtube.com/watch?v=AwH9BW3nsM0&list=RDAwH9BW3nsM0&start_radio=1&pp=ygUkQ2F0IFN5c3RlbSBDb3JwIFNlbWJpa2l5YSBSZXN0YXVyYW50oAcB
Palm Mall Mars [Remastered],,Cat System Corp.,2018-06-17,"Jornt Elzinga (born 1989) is a Dutch music producer that has released over 70 projects under the alias 猫 シ Corp. (sometimes stylized as Cats Corp or Cat Corp). Elzinga has released projects across a variety of mediums including cassette, VHS, CD, and vinyl under various labels such as My Pet Flamingo, Needlejuice Records, and his own personal label, Hiraeth Records.

Stylistically these projects experiment with commercialism, consumerism, news media, adult contemporary, muzak, and plunderphonics. Each project has its own particular theme or concept and the entire sound gets wrapped around this. 猫 シ Corp.'s Style has been described by one journalist as ""Background crowd sounds combined with adult contemporary music that sounds less jazzy and more mellow than ever before...contributing to the more futuristic vibe of the album and adds to the big budget feeling of the album; it makes you feel like you’re there, like this is actually happening in some alternate reality.""

His albums Class of ’84 (described by Elzinga as ""an image of a [past] world that we love to escape to because our old world died in 2001"") and News At 11 are both concept albums on the contrast between the idyllic 1980s and 1990s and surrealism in a post-9/11 world. His album Palm Mall has been described as the definitive Mallsoft Project. His 2014 album Hiraeth is named after a Welsh word ‘hiraeth’ which means to have memories of a place that does not exist; about nostalgic feelings of the past. The word was reused as a part of his non-sampling vaporwave record label Hiraeth Records. Read more on Last.fm. User-contributed text is available under the Creative Commons By-SA License; additional terms may apply.",홀로 그래픽 컴패니언 ARPE,Unknown,https://www.youtube.com/watch?v=3M3A-2LRJKU&list=RD3M3A-2LRJKU&start_radio=1&pp=ygUyQ2F0IFN5c3RlbSBDb3JwIO2ZgOuhnCDqt7jrnpjtlL0g7Lu07Yyo64uI7Ja4IEFSUEWgBwE%3D
Palm Mall Mars [Remastered],,Cat System Corp.,2018-06-17,"Jornt Elzinga (born 1989) is a Dutch music producer that has released over 70 projects under the alias 猫 シ Corp. (sometimes stylized as Cats Corp or Cat Corp). Elzinga has released projects across a variety of mediums including cassette, VHS, CD, and vinyl under various labels such as My Pet Flamingo, Needlejuice Records, and his own personal label, Hiraeth Records.

Stylistically these projects experiment with commercialism, consumerism, news media, adult contemporary, muzak, and plunderphonics. Each project has its own particular theme or concept and the entire sound gets wrapped around this. 猫 シ Corp.'s Style has been described by one journalist as ""Background crowd sounds combined with adult contemporary music that sounds less jazzy and more mellow than ever before...contributing to the more futuristic vibe of the album and adds to the big budget feeling of the album; it makes you feel like you’re there, like this is actually happening in some alternate reality.""

His albums Class of ’84 (described by Elzinga as ""an image of a [past] world that we love to escape to because our old world died in 2001"") and News At 11 are both concept albums on the contrast between the idyllic 1980s and 1990s and surrealism in a post-9/11 world. His album Palm Mall has been described as the definitive Mallsoft Project. His 2014 album Hiraeth is named after a Welsh word ‘hiraeth’ which means to have memories of a place that does not exist; about nostalgic feelings of the past. The word was reused as a part of his non-sampling vaporwave record label Hiraeth Records. Read more on Last.fm. User-contributed text is available under the Creative Commons By-SA License; additional terms may apply.",SmartLife K2049i,Unknown,https://www.youtube.com/watch?v=sO9SjXWsJDA&list=RDsO9SjXWsJDA&start_radio=1&pp=ygUgQ2F0IFN5c3RlbSBDb3JwIFNtYXJ0TGlmZSBLMjA0OWmgBwE%3D
Palm Mall Mars [Remastered],,Cat System Corp.,2018-06-17,"Jornt Elzinga (born 1989) is a Dutch music producer that has released over 70 projects under the alias 猫 シ Corp. (sometimes stylized as Cats Corp or Cat Corp). Elzinga has released projects across a variety of mediums including cassette, VHS, CD, and vinyl under various labels such as My Pet Flamingo, Needlejuice Records, and his own personal label, Hiraeth Records.

Stylistically these projects experiment with commercialism, consumerism, news media, adult contemporary, muzak, and plunderphonics. Each project has its own particular theme or concept and the entire sound gets wrapped around this. 猫 シ Corp.'s Style has been described by one journalist as ""Background crowd sounds combined with adult contemporary music that sounds less jazzy and more mellow than ever before...contributing to the more futuristic vibe of the album and adds to the big budget feeling of the album; it makes you feel like you’re there, like this is actually happening in some alternate reality.""

His albums Class of ’84 (described by Elzinga as ""an image of a [past] world that we love to escape to because our old world died in 2001"") and News At 11 are both concept albums on the contrast between the idyllic 1980s and 1990s and surrealism in a post-9/11 world. His album Palm Mall has been described as the definitive Mallsoft Project. His 2014 album Hiraeth is named after a Welsh word ‘hiraeth’ which means to have memories of a place that does not exist; about nostalgic feelings of the past. The word was reused as a part of his non-sampling vaporwave record label Hiraeth Records. Read more on Last.fm. User-contributed text is available under the Creative Commons By-SA License; additional terms may apply.",Palm Mall Mars: Farcaster Station,Unknown,https://www.youtube.com/watch?v=JAuHmbnB_BE&list=RDJAuHmbnB_BE&start_radio=1&pp=ygUwQ2F0IFN5c3RlbSBDb3JwIFBhbG0gTWFsbCBNYXJzIEZhcmNhc3RlciBTdGF0aW9uoAcB
HIRAETH,https://lastfm.freetls.fastly.net/i/u/300x300/65d455f6f429e94d75d2aaa78c0945dd.jpg,Cat System Corp.,2014-04-15,"Jornt Elzinga (born 1989) is a Dutch music producer that has released over 70 projects under the alias 猫 シ Corp. (sometimes stylized as Cats Corp or Cat Corp). Elzinga has released projects across a variety of mediums including cassette, VHS, CD, and vinyl under various labels such as My Pet Flamingo, Needlejuice Records, and his own personal label, Hiraeth Records.

Stylistically these projects experiment with commercialism, consumerism, news media, adult contemporary, muzak, and plunderphonics. Each project has its own particular theme or concept and the entire sound gets wrapped around this. 猫 シ Corp.'s Style has been described by one journalist as ""Background crowd sounds combined with adult contemporary music that sounds less jazzy and more mellow than ever before...contributing to the more futuristic vibe of the album and adds to the big budget feeling of the album; it makes you feel like you’re there, like this is actually happening in some alternate reality.""

His albums Class of ’84 (described by Elzinga as ""an image of a [past] world that we love to escape to because our old world died in 2001"") and News At 11 are both concept albums on the contrast between the idyllic 1980s and 1990s and surrealism in a post-9/11 world. His album Palm Mall has been described as the definitive Mallsoft Project. His 2014 album Hiraeth is named after a Welsh word ‘hiraeth’ which means to have memories of a place that does not exist; about nostalgic feelings of the past. The word was reused as a part of his non-sampling vaporwave record label Hiraeth Records. Read more on Last.fm. User-contributed text is available under the Creative Commons By-SA License; additional terms may apply.",猫 シ corp. - a500〔緑死〕gensys,Unknown,https://www.youtube.com/watch?v=qyDFWhxT7Pk&list=RDqyDFWhxT7Pk&start_radio=1&pp=ygUvQ2F0IFN5c3RlbSBDb3JwIOeMqyDjgrcgY29ycCAtIGE1MDDnt5HmrbtnZW5zeXOgBwE%3D
The Seventh Coming,https://lastfm.freetls.fastly.net/i/u/300x300/0bb824ee036b46dda51f6bd46c55a34f.jpg,Cathedral,2002-10-21,"It's universally agreed that the originators of the doom metal genre are Black Sabbath, but there were several bands of the '80s/early '90s that kept the style alive (during Sabbath's ""lean years""), such as Saint Vitus, Trouble, Candlemass, and, especially, the U.K.-based Cathedral. When singer Lee Dorrian jumped ship from grindcore godfathers Napalm Death during the late '80s, he sought to form a new outfit that would focus on the plodding sounds of Sabbath, rather than the all-out assault of his former band. As a result, Cathedral was formed in 1989, with a lineup consisting of Dorrian, guitarists Mark Griffiths and Gary Jennings, plus drummer Andy Baker. Almost immediately, however, the new group experienced some personnel fluctuation (a sign of things to come). Baker was replaced by Ben Mochrie after only several rehearsals, Griffiths switched over to the bass, and a second guitarist was added, Adam Lehan. 1991 saw the release of a self-produced demo, In Memoriam, issued via Dorrian's own label, Rise Above Records (the album would be reissued on CD almost ten years later, with an expanded track listing).
Cathedral were signed by renowned U.K. metal label Earache shortly thereafter, resulting in the release of their full-length debut, Forest of Equilibrium, in 1991. With many figuring that grindcore would become the next globally preferred sub-genre of heavy metal, U.S. major labels began signing such outfits as Entombed, Carcass, and Napalm Death. As a result of their ties to the genre, Cathedral signed on with Columbia Records, even though they displayed little resemblance musically to the aforementioned acts. Lineup instability failed to derail Cathedral, as they delivered arguably the finest album of their career, The Ethereal Mirror, in 1993. A year later, Cathedral got to open a European tour for their heroes, Black Sabbath (albeit the Tony Martin-fronted version).
By this time, Dorrian and Jennings were the only members left in attendance from their early days, but more importantly, the group was dropped by Columbia after only a single album. The group has persevered nonetheless -- returning back to the Earache label, and throughout the remainder of the '90s and early 21st century issued such strong releases as 1995's The Carnival Bizarre, 1996's Supernatural Birth Machine, 1998's Caravan Beyond Redemption, and 2001's Endtyme. In 2002 Cathedral signed on with Spitfire in time for the release of their seventh full-length overall, The VIIth Coming. The band signed to Nuclear Blast in 2004, and two years later released The Garden of Unearthly Delights. In 2010 the band released its ninth album (and first double album), The Guessing Game. Despite all of their ups and downs, Cathedral can be credited with opening the door for other subsequent doom bands, as countless groups (who had obviously studied Dorrian and company) cropped up during the mid- to late '90s: Orange Goblin, Electric Wizard, Spiritual Beggars, and more. ~ Greg Prato",Nocturnal Fist,Unknown,https://www.youtube.com/watch?v=3yIaSih6HuA&pp=ygUYQ2F0aGVkcmFsIE5vY3R1cm5hbCBGaXN0
The Seventh Coming,https://lastfm.freetls.fastly.net/i/u/300x300/0bb824ee036b46dda51f6bd46c55a34f.jpg,Cathedral,2002-10-21,"It's universally agreed that the originators of the doom metal genre are Black Sabbath, but there were several bands of the '80s/early '90s that kept the style alive (during Sabbath's ""lean years""), such as Saint Vitus, Trouble, Candlemass, and, especially, the U.K.-based Cathedral. When singer Lee Dorrian jumped ship from grindcore godfathers Napalm Death during the late '80s, he sought to form a new outfit that would focus on the plodding sounds of Sabbath, rather than the all-out assault of his former band. As a result, Cathedral was formed in 1989, with a lineup consisting of Dorrian, guitarists Mark Griffiths and Gary Jennings, plus drummer Andy Baker. Almost immediately, however, the new group experienced some personnel fluctuation (a sign of things to come). Baker was replaced by Ben Mochrie after only several rehearsals, Griffiths switched over to the bass, and a second guitarist was added, Adam Lehan. 1991 saw the release of a self-produced demo, In Memoriam, issued via Dorrian's own label, Rise Above Records (the album would be reissued on CD almost ten years later, with an expanded track listing).
Cathedral were signed by renowned U.K. metal label Earache shortly thereafter, resulting in the release of their full-length debut, Forest of Equilibrium, in 1991. With many figuring that grindcore would become the next globally preferred sub-genre of heavy metal, U.S. major labels began signing such outfits as Entombed, Carcass, and Napalm Death. As a result of their ties to the genre, Cathedral signed on with Columbia Records, even though they displayed little resemblance musically to the aforementioned acts. Lineup instability failed to derail Cathedral, as they delivered arguably the finest album of their career, The Ethereal Mirror, in 1993. A year later, Cathedral got to open a European tour for their heroes, Black Sabbath (albeit the Tony Martin-fronted version).
By this time, Dorrian and Jennings were the only members left in attendance from their early days, but more importantly, the group was dropped by Columbia after only a single album. The group has persevered nonetheless -- returning back to the Earache label, and throughout the remainder of the '90s and early 21st century issued such strong releases as 1995's The Carnival Bizarre, 1996's Supernatural Birth Machine, 1998's Caravan Beyond Redemption, and 2001's Endtyme. In 2002 Cathedral signed on with Spitfire in time for the release of their seventh full-length overall, The VIIth Coming. The band signed to Nuclear Blast in 2004, and two years later released The Garden of Unearthly Delights. In 2010 the band released its ninth album (and first double album), The Guessing Game. Despite all of their ups and downs, Cathedral can be credited with opening the door for other subsequent doom bands, as countless groups (who had obviously studied Dorrian and company) cropped up during the mid- to late '90s: Orange Goblin, Electric Wizard, Spiritual Beggars, and more. ~ Greg Prato",Iconoclast,Unknown,https://www.youtube.com/watch?v=-b38tAdvCuI&pp=ygUWQ2F0aGVkcmFsIC0gSWNvbm9jbGFzdA%3D%3D
Ferment,https://lastfm.freetls.fastly.net/i/u/300x300/f7d8617f3d60af5d03bab6d0b0a5b08c.jpg,Catherine Wheel,1992-02-17,"Like many other British guitar bands of the early '90s, Catherine Wheel relied heavily on distortion as a way of creating texture and using their airy vocals as atmosphere. While their melodies are actually quite straight-forward, they are submerged in layers of guitar effects and droning chords. Like Lush and Ride, Catherine Wheel's blend of hooks and white noise are pop songs, not free-form explorations with a floating melody. It is that quality that created a buzz in Britain around their first EP, She's My Friend, in 1991. Their subsequent two albums, 1992's Ferment and 1993's Chrome, earned them a solid fan base in England. The heavy rock attack of 1995's Happy Days increased their following in America; Like Cats and Dogs, a collection of B-sides and unreleased tracks, followed in 1996, and a year later, Catherine Wheel issued their fourth studio LP, Adam and Eve. After a four-year hiatus, the band resurfaced with Wishville, their first album for new label Columbia. ~ Stephen Thomas Erlewine",Black Metallic,Unknown,https://www.youtube.com/watch?v=mtTqR9oZX6Q&pp=ygUeQ2F0aGVyaW5lIFdoZWVsIEJsYWNrIE1ldGFsbGlj
Antenna,https://lastfm.freetls.fastly.net/i/u/300x300/ee62316de50abc995809a4ca2652e728.jpg,Cave In,2003-03-03,"Massachusetts-based rock band Cave In is known for music that's as sophisticated as it is hard hitting. Built from parts scavenged from heavy metal, indie rock, and progressive rock, early albums like 1998's Until Your Heart Stops documented Cave In's style featuring a strong thrash-metal accent along with a noisy undercurrent, but a greater sense of adventure came into focus on 2000's Jupiter, whose sound was likened to a cross between metalcore and Radiohead. The band adopted a more accessible attack, adding pop flavors to the edgy metal guitars for their major-label debut 2003's Antenna, but they dialed up the heaviness when they returned to the indies with releases like 2011's White Silence. The band was only sporadically active through the 2010s, but they returned to duty to honor a fallen comrade on 2019's Final Transmission. Three years later, they issued the punitive Heavy Pendulum.
Hailing from Methuen, Massachusetts, Cave In was formed in 1995 by guitarist Stephen Brodsky and vocalist Jay Frechette. Taking their name from a song on the album Frigid Stars by influential heavy alternative band Codeine, Brodsky and Frechette filled out the initial lineup with guitarist Adam McGrath, bassist Justin Matthes, and drummer John-Robert Conners. The group began playing out and shared split singles with Piebald, Gambit, and Early Grace in 1996 before bringing out the ""Crossbearer"" b/w ""Chameleon"" single via Hydra Head in 1997. The band set out on an East Coast tour after the single appeared, but the tour ended early when Frechette dropped out and joined Ten Yard Fight. Dave Scrod took over as lead singer, but he parted company with Cave In shortly before they began work on their first full length album, and Steven Brodsky began serving double duty as vocalist and guitarist, while Caleb Scofield signed on as their bassist. Until Your Heart Stops was released in 1998, and the band set out on a long and far-reaching tour in support. In 1999, Cave In added new wrinkles to their approach on the EP Creative Eclipses, where they began experimenting with prog rock structures, and 2000's Jupiter dove even deeper into progressive sounds. The album was hailed in the music press, and major labels began scouting the band. After another EP for Hydra Head, 2002's Tides of Tomorrow, they struck a deal with RCA for their next release.
Cave In's first album for RCA, Antenna, was issued in 2003, and the band hit the road hard to promote it, appearing on the second stage of that year's Lollapalooza Festival and touring Europe as the Foo Fighters' opening act. The album was more accessible but still decisively hard and was well-regarded by reviewers, but when the group began reaching back to their metal roots on their next batch of songs, RCA was not pleased and the label parted ways with the band. They renewed their association with Hydra Head and returned with Perfect Pitch Black in 2005. After the album hit stores, John-Robert Conners left the group, and Ben Koller (ex-Converge) became Cave In's drummer. The job didn't last long for Koller, as Cave In issued a statement in November 2006 that they were going on hiatus, and Adam McGrath formed another group, Clouds.
In July 2009, Cave In were back in action, playing a reunion show at Great Scott in Allston, Massachusetts, and issuing a four-song EP, Planets of Old; this lineup featured Brodsky and McGrath on guitars, Scofield on bass, and Conners on drums. The Great Scott show was recorded in audio and video, and a DVD of the concert was included in an expanded edition of Planets of Old. While Cave In were back together, the group took on a less-demanding touring schedule, and it wasn't until 2011 that they unveiled their first full-length album since getting back together, White Silence. After a tour following the release of White Silence, Cave In once again became inactive as the members pursued other projects, though they played a one-off show in 2014 opening for Doomriders. In late 2017 and early 2018, Cave In began rehearsing and writing material with an eye toward releasing new music. The project took an abrupt turn on March 28, 2018, when Caleb Scofield died in an auto accident. Devastated by the loss of their longtime bassist, Cave In staged a handful of memorial benefit shows to raise money for Scofield's family, with his sibling Kyle Scofield and Nate Newton of the band Converge sitting in. Recordings from the 2017 and 2018 songwriting sessions were reworked for a release to honor Scofield's memory; the subsequent album, Final Transmission, was issued by Hydra Head in June 2019. The band officially added Newton to its roster ahead of the release of 2022's punishing and aptly named Heavy Pendulum, which marked their debut outing for Relapse Records. The concert EP Heavy Pendulum: The Singles [Live at BBC's Maida Vale Studios] appeared the following year. ~ Mark Deming",Joy Opposites,Unknown,https://www.youtube.com/watch?v=v9ukSx2782M&pp=ygUVQ2F2ZSBJbiBKb3kgT3Bwb3NpdGVz
Antenna,https://lastfm.freetls.fastly.net/i/u/300x300/ee62316de50abc995809a4ca2652e728.jpg,Cave In,2003-03-03,"Massachusetts-based rock band Cave In is known for music that's as sophisticated as it is hard hitting. Built from parts scavenged from heavy metal, indie rock, and progressive rock, early albums like 1998's Until Your Heart Stops documented Cave In's style featuring a strong thrash-metal accent along with a noisy undercurrent, but a greater sense of adventure came into focus on 2000's Jupiter, whose sound was likened to a cross between metalcore and Radiohead. The band adopted a more accessible attack, adding pop flavors to the edgy metal guitars for their major-label debut 2003's Antenna, but they dialed up the heaviness when they returned to the indies with releases like 2011's White Silence. The band was only sporadically active through the 2010s, but they returned to duty to honor a fallen comrade on 2019's Final Transmission. Three years later, they issued the punitive Heavy Pendulum.
Hailing from Methuen, Massachusetts, Cave In was formed in 1995 by guitarist Stephen Brodsky and vocalist Jay Frechette. Taking their name from a song on the album Frigid Stars by influential heavy alternative band Codeine, Brodsky and Frechette filled out the initial lineup with guitarist Adam McGrath, bassist Justin Matthes, and drummer John-Robert Conners. The group began playing out and shared split singles with Piebald, Gambit, and Early Grace in 1996 before bringing out the ""Crossbearer"" b/w ""Chameleon"" single via Hydra Head in 1997. The band set out on an East Coast tour after the single appeared, but the tour ended early when Frechette dropped out and joined Ten Yard Fight. Dave Scrod took over as lead singer, but he parted company with Cave In shortly before they began work on their first full length album, and Steven Brodsky began serving double duty as vocalist and guitarist, while Caleb Scofield signed on as their bassist. Until Your Heart Stops was released in 1998, and the band set out on a long and far-reaching tour in support. In 1999, Cave In added new wrinkles to their approach on the EP Creative Eclipses, where they began experimenting with prog rock structures, and 2000's Jupiter dove even deeper into progressive sounds. The album was hailed in the music press, and major labels began scouting the band. After another EP for Hydra Head, 2002's Tides of Tomorrow, they struck a deal with RCA for their next release.
Cave In's first album for RCA, Antenna, was issued in 2003, and the band hit the road hard to promote it, appearing on the second stage of that year's Lollapalooza Festival and touring Europe as the Foo Fighters' opening act. The album was more accessible but still decisively hard and was well-regarded by reviewers, but when the group began reaching back to their metal roots on their next batch of songs, RCA was not pleased and the label parted ways with the band. They renewed their association with Hydra Head and returned with Perfect Pitch Black in 2005. After the album hit stores, John-Robert Conners left the group, and Ben Koller (ex-Converge) became Cave In's drummer. The job didn't last long for Koller, as Cave In issued a statement in November 2006 that they were going on hiatus, and Adam McGrath formed another group, Clouds.
In July 2009, Cave In were back in action, playing a reunion show at Great Scott in Allston, Massachusetts, and issuing a four-song EP, Planets of Old; this lineup featured Brodsky and McGrath on guitars, Scofield on bass, and Conners on drums. The Great Scott show was recorded in audio and video, and a DVD of the concert was included in an expanded edition of Planets of Old. While Cave In were back together, the group took on a less-demanding touring schedule, and it wasn't until 2011 that they unveiled their first full-length album since getting back together, White Silence. After a tour following the release of White Silence, Cave In once again became inactive as the members pursued other projects, though they played a one-off show in 2014 opening for Doomriders. In late 2017 and early 2018, Cave In began rehearsing and writing material with an eye toward releasing new music. The project took an abrupt turn on March 28, 2018, when Caleb Scofield died in an auto accident. Devastated by the loss of their longtime bassist, Cave In staged a handful of memorial benefit shows to raise money for Scofield's family, with his sibling Kyle Scofield and Nate Newton of the band Converge sitting in. Recordings from the 2017 and 2018 songwriting sessions were reworked for a release to honor Scofield's memory; the subsequent album, Final Transmission, was issued by Hydra Head in June 2019. The band officially added Newton to its roster ahead of the release of 2022's punishing and aptly named Heavy Pendulum, which marked their debut outing for Relapse Records. The concert EP Heavy Pendulum: The Singles [Live at BBC's Maida Vale Studios] appeared the following year. ~ Mark Deming",Youth Overrided,Unknown,https://www.youtube.com/watch?v=OQI3xJi-ux0&pp=ygUXQ2F2ZSBJbiBZb3V0aCBPdmVycmlkZWQ%3D
Antenna,https://lastfm.freetls.fastly.net/i/u/300x300/ee62316de50abc995809a4ca2652e728.jpg,Cave In,2003-03-03,"Massachusetts-based rock band Cave In is known for music that's as sophisticated as it is hard hitting. Built from parts scavenged from heavy metal, indie rock, and progressive rock, early albums like 1998's Until Your Heart Stops documented Cave In's style featuring a strong thrash-metal accent along with a noisy undercurrent, but a greater sense of adventure came into focus on 2000's Jupiter, whose sound was likened to a cross between metalcore and Radiohead. The band adopted a more accessible attack, adding pop flavors to the edgy metal guitars for their major-label debut 2003's Antenna, but they dialed up the heaviness when they returned to the indies with releases like 2011's White Silence. The band was only sporadically active through the 2010s, but they returned to duty to honor a fallen comrade on 2019's Final Transmission. Three years later, they issued the punitive Heavy Pendulum.
Hailing from Methuen, Massachusetts, Cave In was formed in 1995 by guitarist Stephen Brodsky and vocalist Jay Frechette. Taking their name from a song on the album Frigid Stars by influential heavy alternative band Codeine, Brodsky and Frechette filled out the initial lineup with guitarist Adam McGrath, bassist Justin Matthes, and drummer John-Robert Conners. The group began playing out and shared split singles with Piebald, Gambit, and Early Grace in 1996 before bringing out the ""Crossbearer"" b/w ""Chameleon"" single via Hydra Head in 1997. The band set out on an East Coast tour after the single appeared, but the tour ended early when Frechette dropped out and joined Ten Yard Fight. Dave Scrod took over as lead singer, but he parted company with Cave In shortly before they began work on their first full length album, and Steven Brodsky began serving double duty as vocalist and guitarist, while Caleb Scofield signed on as their bassist. Until Your Heart Stops was released in 1998, and the band set out on a long and far-reaching tour in support. In 1999, Cave In added new wrinkles to their approach on the EP Creative Eclipses, where they began experimenting with prog rock structures, and 2000's Jupiter dove even deeper into progressive sounds. The album was hailed in the music press, and major labels began scouting the band. After another EP for Hydra Head, 2002's Tides of Tomorrow, they struck a deal with RCA for their next release.
Cave In's first album for RCA, Antenna, was issued in 2003, and the band hit the road hard to promote it, appearing on the second stage of that year's Lollapalooza Festival and touring Europe as the Foo Fighters' opening act. The album was more accessible but still decisively hard and was well-regarded by reviewers, but when the group began reaching back to their metal roots on their next batch of songs, RCA was not pleased and the label parted ways with the band. They renewed their association with Hydra Head and returned with Perfect Pitch Black in 2005. After the album hit stores, John-Robert Conners left the group, and Ben Koller (ex-Converge) became Cave In's drummer. The job didn't last long for Koller, as Cave In issued a statement in November 2006 that they were going on hiatus, and Adam McGrath formed another group, Clouds.
In July 2009, Cave In were back in action, playing a reunion show at Great Scott in Allston, Massachusetts, and issuing a four-song EP, Planets of Old; this lineup featured Brodsky and McGrath on guitars, Scofield on bass, and Conners on drums. The Great Scott show was recorded in audio and video, and a DVD of the concert was included in an expanded edition of Planets of Old. While Cave In were back together, the group took on a less-demanding touring schedule, and it wasn't until 2011 that they unveiled their first full-length album since getting back together, White Silence. After a tour following the release of White Silence, Cave In once again became inactive as the members pursued other projects, though they played a one-off show in 2014 opening for Doomriders. In late 2017 and early 2018, Cave In began rehearsing and writing material with an eye toward releasing new music. The project took an abrupt turn on March 28, 2018, when Caleb Scofield died in an auto accident. Devastated by the loss of their longtime bassist, Cave In staged a handful of memorial benefit shows to raise money for Scofield's family, with his sibling Kyle Scofield and Nate Newton of the band Converge sitting in. Recordings from the 2017 and 2018 songwriting sessions were reworked for a release to honor Scofield's memory; the subsequent album, Final Transmission, was issued by Hydra Head in June 2019. The band officially added Newton to its roster ahead of the release of 2022's punishing and aptly named Heavy Pendulum, which marked their debut outing for Relapse Records. The concert EP Heavy Pendulum: The Singles [Live at BBC's Maida Vale Studios] appeared the following year. ~ Mark Deming",Lost in the Air,Unknown,https://www.youtube.com/watch?v=nOIBVn2pLvM&pp=ygUXQ2F2ZSBJbiBMb3N0IGluIHRoZSBBaXI%3D
Antenna,https://lastfm.freetls.fastly.net/i/u/300x300/ee62316de50abc995809a4ca2652e728.jpg,Cave In,2003-03-03,"Massachusetts-based rock band Cave In is known for music that's as sophisticated as it is hard hitting. Built from parts scavenged from heavy metal, indie rock, and progressive rock, early albums like 1998's Until Your Heart Stops documented Cave In's style featuring a strong thrash-metal accent along with a noisy undercurrent, but a greater sense of adventure came into focus on 2000's Jupiter, whose sound was likened to a cross between metalcore and Radiohead. The band adopted a more accessible attack, adding pop flavors to the edgy metal guitars for their major-label debut 2003's Antenna, but they dialed up the heaviness when they returned to the indies with releases like 2011's White Silence. The band was only sporadically active through the 2010s, but they returned to duty to honor a fallen comrade on 2019's Final Transmission. Three years later, they issued the punitive Heavy Pendulum.
Hailing from Methuen, Massachusetts, Cave In was formed in 1995 by guitarist Stephen Brodsky and vocalist Jay Frechette. Taking their name from a song on the album Frigid Stars by influential heavy alternative band Codeine, Brodsky and Frechette filled out the initial lineup with guitarist Adam McGrath, bassist Justin Matthes, and drummer John-Robert Conners. The group began playing out and shared split singles with Piebald, Gambit, and Early Grace in 1996 before bringing out the ""Crossbearer"" b/w ""Chameleon"" single via Hydra Head in 1997. The band set out on an East Coast tour after the single appeared, but the tour ended early when Frechette dropped out and joined Ten Yard Fight. Dave Scrod took over as lead singer, but he parted company with Cave In shortly before they began work on their first full length album, and Steven Brodsky began serving double duty as vocalist and guitarist, while Caleb Scofield signed on as their bassist. Until Your Heart Stops was released in 1998, and the band set out on a long and far-reaching tour in support. In 1999, Cave In added new wrinkles to their approach on the EP Creative Eclipses, where they began experimenting with prog rock structures, and 2000's Jupiter dove even deeper into progressive sounds. The album was hailed in the music press, and major labels began scouting the band. After another EP for Hydra Head, 2002's Tides of Tomorrow, they struck a deal with RCA for their next release.
Cave In's first album for RCA, Antenna, was issued in 2003, and the band hit the road hard to promote it, appearing on the second stage of that year's Lollapalooza Festival and touring Europe as the Foo Fighters' opening act. The album was more accessible but still decisively hard and was well-regarded by reviewers, but when the group began reaching back to their metal roots on their next batch of songs, RCA was not pleased and the label parted ways with the band. They renewed their association with Hydra Head and returned with Perfect Pitch Black in 2005. After the album hit stores, John-Robert Conners left the group, and Ben Koller (ex-Converge) became Cave In's drummer. The job didn't last long for Koller, as Cave In issued a statement in November 2006 that they were going on hiatus, and Adam McGrath formed another group, Clouds.
In July 2009, Cave In were back in action, playing a reunion show at Great Scott in Allston, Massachusetts, and issuing a four-song EP, Planets of Old; this lineup featured Brodsky and McGrath on guitars, Scofield on bass, and Conners on drums. The Great Scott show was recorded in audio and video, and a DVD of the concert was included in an expanded edition of Planets of Old. While Cave In were back together, the group took on a less-demanding touring schedule, and it wasn't until 2011 that they unveiled their first full-length album since getting back together, White Silence. After a tour following the release of White Silence, Cave In once again became inactive as the members pursued other projects, though they played a one-off show in 2014 opening for Doomriders. In late 2017 and early 2018, Cave In began rehearsing and writing material with an eye toward releasing new music. The project took an abrupt turn on March 28, 2018, when Caleb Scofield died in an auto accident. Devastated by the loss of their longtime bassist, Cave In staged a handful of memorial benefit shows to raise money for Scofield's family, with his sibling Kyle Scofield and Nate Newton of the band Converge sitting in. Recordings from the 2017 and 2018 songwriting sessions were reworked for a release to honor Scofield's memory; the subsequent album, Final Transmission, was issued by Hydra Head in June 2019. The band officially added Newton to its roster ahead of the release of 2022's punishing and aptly named Heavy Pendulum, which marked their debut outing for Relapse Records. The concert EP Heavy Pendulum: The Singles [Live at BBC's Maida Vale Studios] appeared the following year. ~ Mark Deming",Woodwork,Unknown,https://www.youtube.com/watch?v=2ZsmsJ1FnUY&pp=ygUQQ2F2ZSBJbiBXb29kd29ya9IHCQl-CQGHKiGM7w%3D%3D
Blind Lead the Blind (Toronto Is Broken remix),https://lastfm.freetls.fastly.net/i/u/300x300/e2f2d2a00b7b5afa8f3224456af40f59.jpg,Celldweller,2022-01-07,"The most successful moniker of Detroit-based musician and sound designer Klayton, Celldweller is an ambitious, genre-traversing project which fuses various styles of rock and electronic music as well as orchestral elements. Rooted in the industrial metal scene, Klayton incorporated styles such as drum'n'bass and trance into the sound of early Celldweller releases such as its 2003 debut. He later began fusing metal with dubstep and EDM on subsequent albums like 2012's Wish Upon a Blackstar, while 2017's Offworld was influenced by shoegaze. Often exploring themes and concepts inspired by sci-fi and cyberpunk, his music is highly cinematic, and has been featured in countless films and television programs as well as video games. He's garnered a passionate cult following for his ambitious albums as well as his YouTube channel, where he regularly posts videos documenting his recording process. Aside from Celldweller, Klayton is also active with other projects such as the synthwave alias Scandroid and the modular synth explorations of FreqGen.
Originally from New York City, Klayton participated in several metal and industrial bands beginning in the late 1980s. Following the dissolution of his previous bands Circle of Dust, Angeldust, and Argyle Park, Klayton began recording solo material as Celldweller in 1999. Celldweller's self-titled debut album, an ambitious fusion of trance, drum'n'bass, metal, and alternative rock, appeared in 2003 on Position Music/Esion Media after four years of production and delays. The album was well received by various online music communities, and eventually every song from the album was licensed to television shows, motion pictures, or video games. The Beta Cessions, a double CD of remixes, demo versions, and instrumentals, followed in 2004.
In 2006, Klayton started the independent label FiXT Music, which would release all of his subsequent recordings, as well as releases by other artists. While working on Celldweller's second proper full-length, Wish Upon a Blackstar, Klayton began Take It and Break It, a competition in which fans could remix Celldweller songs. The competition spawned several volumes of remix collections, which were released on FiXT. Soundtrack for the Voices in My Head, Vol. 1, an instrumental album intended for further media licensing, was released in 2008. Klayton began digitally releasing tracks from Wish Upon a Blackstar in 2009 in the form of two-song ""chapters."" He also began recording Soundtrack for the Voices in My Head, Vol. 2, releasing the first chapter in 2010. The remix album The Complete Cellout, Vol. 1 appeared in 2011. Both Wish Upon a Blackstar and Soundtrack for the Voices in My Head, Vol. 2 finally saw full release in 2012, as well as the concert recording Live Upon a Blackstar, also released as a Blu-ray/DVD. By this time, Celldweller's sound had evolved to include elements of dubstep, and was referred to as ""metalstep.""
Celldweller's self-titled debut was given a tenth anniversary deluxe reissue in 2013, and Klayton began working on the next proper Celldweller album, End of an Empire, as well as Soundtrack for the Voices in My Head, Vol. 3. The first two chapters of End of an Empire, both full-length compilations with numerous remixes and instrumentals, were released in 2014, as well as the compilation Transmissions, Vol. 1. The chart-topping third chapter of End of an Empire appeared in 2015, along with Transmissions, Vol. 2. The following year, Celldweller joined with video game composer Atlas Plug for the soundtrack to Killer Instinct: Season Three, a reboot of the '90s fighting game. Space and Time (Expansion), a collection of remixes of tracks from his 2012 album, arrived that same year. Offworld, his seventh official LP, was issued in 2017. The album placed more of a focus on emotional songwriting rather than aggressive sonics, and was influenced by shoegaze and dream pop. Remixed Upon a Blackstar appeared in 2018, and studio album Satellites followed in 2019. ~ Paul Simpson",Blind Lead the Blind (Toronto Is Broken remix),Unknown,https://www.youtube.com/watch?v=QTWi0M2m3_A&pp=ygU4Q2VsbGR3ZWxsZXIgQmxpbmQgTGVhZCB0aGUgQmxpbmQgVG9yb250byBJcyBCcm9rZW4gcmVtaXg%3D
Fadeaway (Void Chapter Remix),https://lastfm.freetls.fastly.net/i/u/300x300/f4825e4bd3a9ee697d6eddb09675eb65.png,Celldweller,2023-10-06,"The most successful moniker of Detroit-based musician and sound designer Klayton, Celldweller is an ambitious, genre-traversing project which fuses various styles of rock and electronic music as well as orchestral elements. Rooted in the industrial metal scene, Klayton incorporated styles such as drum'n'bass and trance into the sound of early Celldweller releases such as its 2003 debut. He later began fusing metal with dubstep and EDM on subsequent albums like 2012's Wish Upon a Blackstar, while 2017's Offworld was influenced by shoegaze. Often exploring themes and concepts inspired by sci-fi and cyberpunk, his music is highly cinematic, and has been featured in countless films and television programs as well as video games. He's garnered a passionate cult following for his ambitious albums as well as his YouTube channel, where he regularly posts videos documenting his recording process. Aside from Celldweller, Klayton is also active with other projects such as the synthwave alias Scandroid and the modular synth explorations of FreqGen.
Originally from New York City, Klayton participated in several metal and industrial bands beginning in the late 1980s. Following the dissolution of his previous bands Circle of Dust, Angeldust, and Argyle Park, Klayton began recording solo material as Celldweller in 1999. Celldweller's self-titled debut album, an ambitious fusion of trance, drum'n'bass, metal, and alternative rock, appeared in 2003 on Position Music/Esion Media after four years of production and delays. The album was well received by various online music communities, and eventually every song from the album was licensed to television shows, motion pictures, or video games. The Beta Cessions, a double CD of remixes, demo versions, and instrumentals, followed in 2004.
In 2006, Klayton started the independent label FiXT Music, which would release all of his subsequent recordings, as well as releases by other artists. While working on Celldweller's second proper full-length, Wish Upon a Blackstar, Klayton began Take It and Break It, a competition in which fans could remix Celldweller songs. The competition spawned several volumes of remix collections, which were released on FiXT. Soundtrack for the Voices in My Head, Vol. 1, an instrumental album intended for further media licensing, was released in 2008. Klayton began digitally releasing tracks from Wish Upon a Blackstar in 2009 in the form of two-song ""chapters."" He also began recording Soundtrack for the Voices in My Head, Vol. 2, releasing the first chapter in 2010. The remix album The Complete Cellout, Vol. 1 appeared in 2011. Both Wish Upon a Blackstar and Soundtrack for the Voices in My Head, Vol. 2 finally saw full release in 2012, as well as the concert recording Live Upon a Blackstar, also released as a Blu-ray/DVD. By this time, Celldweller's sound had evolved to include elements of dubstep, and was referred to as ""metalstep.""
Celldweller's self-titled debut was given a tenth anniversary deluxe reissue in 2013, and Klayton began working on the next proper Celldweller album, End of an Empire, as well as Soundtrack for the Voices in My Head, Vol. 3. The first two chapters of End of an Empire, both full-length compilations with numerous remixes and instrumentals, were released in 2014, as well as the compilation Transmissions, Vol. 1. The chart-topping third chapter of End of an Empire appeared in 2015, along with Transmissions, Vol. 2. The following year, Celldweller joined with video game composer Atlas Plug for the soundtrack to Killer Instinct: Season Three, a reboot of the '90s fighting game. Space and Time (Expansion), a collection of remixes of tracks from his 2012 album, arrived that same year. Offworld, his seventh official LP, was issued in 2017. The album placed more of a focus on emotional songwriting rather than aggressive sonics, and was influenced by shoegaze and dream pop. Remixed Upon a Blackstar appeared in 2018, and studio album Satellites followed in 2019. ~ Paul Simpson",Fadeaway (Void Chapter Remix),Unknown,https://www.youtube.com/watch?v=sBBDe_FF5UE&pp=ygUnQ2VsbGR3ZWxsZXIgRmFkZWF3YXkgVm9pZCBDaGFwdGVyIFJlbWl4
My Disintegration,https://lastfm.freetls.fastly.net/i/u/300x300/ced4cf3f289213b5f15339263bde792f.jpg,Celldweller,2019-03-08,"The most successful moniker of Detroit-based musician and sound designer Klayton, Celldweller is an ambitious, genre-traversing project which fuses various styles of rock and electronic music as well as orchestral elements. Rooted in the industrial metal scene, Klayton incorporated styles such as drum'n'bass and trance into the sound of early Celldweller releases such as its 2003 debut. He later began fusing metal with dubstep and EDM on subsequent albums like 2012's Wish Upon a Blackstar, while 2017's Offworld was influenced by shoegaze. Often exploring themes and concepts inspired by sci-fi and cyberpunk, his music is highly cinematic, and has been featured in countless films and television programs as well as video games. He's garnered a passionate cult following for his ambitious albums as well as his YouTube channel, where he regularly posts videos documenting his recording process. Aside from Celldweller, Klayton is also active with other projects such as the synthwave alias Scandroid and the modular synth explorations of FreqGen.
Originally from New York City, Klayton participated in several metal and industrial bands beginning in the late 1980s. Following the dissolution of his previous bands Circle of Dust, Angeldust, and Argyle Park, Klayton began recording solo material as Celldweller in 1999. Celldweller's self-titled debut album, an ambitious fusion of trance, drum'n'bass, metal, and alternative rock, appeared in 2003 on Position Music/Esion Media after four years of production and delays. The album was well received by various online music communities, and eventually every song from the album was licensed to television shows, motion pictures, or video games. The Beta Cessions, a double CD of remixes, demo versions, and instrumentals, followed in 2004.
In 2006, Klayton started the independent label FiXT Music, which would release all of his subsequent recordings, as well as releases by other artists. While working on Celldweller's second proper full-length, Wish Upon a Blackstar, Klayton began Take It and Break It, a competition in which fans could remix Celldweller songs. The competition spawned several volumes of remix collections, which were released on FiXT. Soundtrack for the Voices in My Head, Vol. 1, an instrumental album intended for further media licensing, was released in 2008. Klayton began digitally releasing tracks from Wish Upon a Blackstar in 2009 in the form of two-song ""chapters."" He also began recording Soundtrack for the Voices in My Head, Vol. 2, releasing the first chapter in 2010. The remix album The Complete Cellout, Vol. 1 appeared in 2011. Both Wish Upon a Blackstar and Soundtrack for the Voices in My Head, Vol. 2 finally saw full release in 2012, as well as the concert recording Live Upon a Blackstar, also released as a Blu-ray/DVD. By this time, Celldweller's sound had evolved to include elements of dubstep, and was referred to as ""metalstep.""
Celldweller's self-titled debut was given a tenth anniversary deluxe reissue in 2013, and Klayton began working on the next proper Celldweller album, End of an Empire, as well as Soundtrack for the Voices in My Head, Vol. 3. The first two chapters of End of an Empire, both full-length compilations with numerous remixes and instrumentals, were released in 2014, as well as the compilation Transmissions, Vol. 1. The chart-topping third chapter of End of an Empire appeared in 2015, along with Transmissions, Vol. 2. The following year, Celldweller joined with video game composer Atlas Plug for the soundtrack to Killer Instinct: Season Three, a reboot of the '90s fighting game. Space and Time (Expansion), a collection of remixes of tracks from his 2012 album, arrived that same year. Offworld, his seventh official LP, was issued in 2017. The album placed more of a focus on emotional songwriting rather than aggressive sonics, and was influenced by shoegaze and dream pop. Remixed Upon a Blackstar appeared in 2018, and studio album Satellites followed in 2019. ~ Paul Simpson",My Disintegration,Unknown,https://www.youtube.com/watch?v=BgPNyEGIiCM&pp=ygUdQ2VsbGR3ZWxsZXIgTXkgRGlzaW50ZWdyYXRpb24%3D
Legacy of Kain: Soul Reaver - The Dead Shall Rise: Official Soundtrack,,Celldweller,2025-10-29,"The most successful moniker of Detroit-based musician and sound designer Klayton, Celldweller is an ambitious, genre-traversing project which fuses various styles of rock and electronic music as well as orchestral elements. Rooted in the industrial metal scene, Klayton incorporated styles such as drum'n'bass and trance into the sound of early Celldweller releases such as its 2003 debut. He later began fusing metal with dubstep and EDM on subsequent albums like 2012's Wish Upon a Blackstar, while 2017's Offworld was influenced by shoegaze. Often exploring themes and concepts inspired by sci-fi and cyberpunk, his music is highly cinematic, and has been featured in countless films and television programs as well as video games. He's garnered a passionate cult following for his ambitious albums as well as his YouTube channel, where he regularly posts videos documenting his recording process. Aside from Celldweller, Klayton is also active with other projects such as the synthwave alias Scandroid and the modular synth explorations of FreqGen.
Originally from New York City, Klayton participated in several metal and industrial bands beginning in the late 1980s. Following the dissolution of his previous bands Circle of Dust, Angeldust, and Argyle Park, Klayton began recording solo material as Celldweller in 1999. Celldweller's self-titled debut album, an ambitious fusion of trance, drum'n'bass, metal, and alternative rock, appeared in 2003 on Position Music/Esion Media after four years of production and delays. The album was well received by various online music communities, and eventually every song from the album was licensed to television shows, motion pictures, or video games. The Beta Cessions, a double CD of remixes, demo versions, and instrumentals, followed in 2004.
In 2006, Klayton started the independent label FiXT Music, which would release all of his subsequent recordings, as well as releases by other artists. While working on Celldweller's second proper full-length, Wish Upon a Blackstar, Klayton began Take It and Break It, a competition in which fans could remix Celldweller songs. The competition spawned several volumes of remix collections, which were released on FiXT. Soundtrack for the Voices in My Head, Vol. 1, an instrumental album intended for further media licensing, was released in 2008. Klayton began digitally releasing tracks from Wish Upon a Blackstar in 2009 in the form of two-song ""chapters."" He also began recording Soundtrack for the Voices in My Head, Vol. 2, releasing the first chapter in 2010. The remix album The Complete Cellout, Vol. 1 appeared in 2011. Both Wish Upon a Blackstar and Soundtrack for the Voices in My Head, Vol. 2 finally saw full release in 2012, as well as the concert recording Live Upon a Blackstar, also released as a Blu-ray/DVD. By this time, Celldweller's sound had evolved to include elements of dubstep, and was referred to as ""metalstep.""
Celldweller's self-titled debut was given a tenth anniversary deluxe reissue in 2013, and Klayton began working on the next proper Celldweller album, End of an Empire, as well as Soundtrack for the Voices in My Head, Vol. 3. The first two chapters of End of an Empire, both full-length compilations with numerous remixes and instrumentals, were released in 2014, as well as the compilation Transmissions, Vol. 1. The chart-topping third chapter of End of an Empire appeared in 2015, along with Transmissions, Vol. 2. The following year, Celldweller joined with video game composer Atlas Plug for the soundtrack to Killer Instinct: Season Three, a reboot of the '90s fighting game. Space and Time (Expansion), a collection of remixes of tracks from his 2012 album, arrived that same year. Offworld, his seventh official LP, was issued in 2017. The album placed more of a focus on emotional songwriting rather than aggressive sonics, and was influenced by shoegaze and dream pop. Remixed Upon a Blackstar appeared in 2018, and studio album Satellites followed in 2019. ~ Paul Simpson",Ozar Midrashim,Unknown,https://www.youtube.com/watch?v=I8n4alAeThY&list=RDI8n4alAeThY&start_radio=1&pp=ygUcQ2VsbGR3ZWxsZXIgLSBPemFyIE1pZHJhc2hpbaAHAQ%3D%3D
Conditions II,https://lastfm.freetls.fastly.net/i/u/300x300/96dcb11485a45dd1193de782932408c3.jpg,Chalk,2024-03-01,"There are at least six artists with the name Chalk 1. Chalk is an artist from Brighton, UK . Bio: “Chalk” is the sound of a thousand cigarettes in an empty room. Raw, stark, devastating – it is less a simple collection of doubts and disappointments than a full-blown window to purgatory. At its core is a question: is this it?"" Chalk's first album was released through Sonic Anhedonic Recording Company on the 2nd September 2013 and Second Album Via Kissability and Sonic Anhedonic Recording Company on the 27th October 2014. www.stalkchalk.co.uk 2. Chalk are a 4-piece rock band from Minneapolis. www.thisischalk.xxx 3. Chalk were an electro rock band active in Cincinnati, OH from 1996-2005. They released two albums on Deary Me Records and one on Tokyo Rose Records. Jim & Greg now play in Eat Sugar 4. Chalk are a 5 piece alternative rock band from Lake Geneva, WI. Chalk's debut album, ""Before The Rain"" was released on the 8th January 2014. www.chalktheband.com 5. CHALK is a slowcore artist, releasing their debut album in 2023. 6. Chalk are a noise rock/post-punk band from Belfast, Northern Ireland. Read more on Last.fm. User-contributed text is available under the Creative Commons By-SA License; additional terms may apply.",The Gate,Unknown,https://www.youtube.com/watch?v=PSMfgtOl4WU&pp=ygUOQ2hhbGsgVGhlIEdhdGU%3D
Conditions II,https://lastfm.freetls.fastly.net/i/u/300x300/96dcb11485a45dd1193de782932408c3.jpg,Chalk,2024-03-01,"There are at least six artists with the name Chalk 1. Chalk is an artist from Brighton, UK . Bio: “Chalk” is the sound of a thousand cigarettes in an empty room. Raw, stark, devastating – it is less a simple collection of doubts and disappointments than a full-blown window to purgatory. At its core is a question: is this it?"" Chalk's first album was released through Sonic Anhedonic Recording Company on the 2nd September 2013 and Second Album Via Kissability and Sonic Anhedonic Recording Company on the 27th October 2014. www.stalkchalk.co.uk 2. Chalk are a 4-piece rock band from Minneapolis. www.thisischalk.xxx 3. Chalk were an electro rock band active in Cincinnati, OH from 1996-2005. They released two albums on Deary Me Records and one on Tokyo Rose Records. Jim & Greg now play in Eat Sugar 4. Chalk are a 5 piece alternative rock band from Lake Geneva, WI. Chalk's debut album, ""Before The Rain"" was released on the 8th January 2014. www.chalktheband.com 5. CHALK is a slowcore artist, releasing their debut album in 2023. 6. Chalk are a noise rock/post-punk band from Belfast, Northern Ireland. Read more on Last.fm. User-contributed text is available under the Creative Commons By-SA License; additional terms may apply.",Claw,Unknown,https://www.youtube.com/watch?v=kECB1ETY4ik&pp=ygUKQ2hhbGsgQ2xhdw%3D%3D
Conditions II,https://lastfm.freetls.fastly.net/i/u/300x300/96dcb11485a45dd1193de782932408c3.jpg,Chalk,2024-03-01,"There are at least six artists with the name Chalk 1. Chalk is an artist from Brighton, UK . Bio: “Chalk” is the sound of a thousand cigarettes in an empty room. Raw, stark, devastating – it is less a simple collection of doubts and disappointments than a full-blown window to purgatory. At its core is a question: is this it?"" Chalk's first album was released through Sonic Anhedonic Recording Company on the 2nd September 2013 and Second Album Via Kissability and Sonic Anhedonic Recording Company on the 27th October 2014. www.stalkchalk.co.uk 2. Chalk are a 4-piece rock band from Minneapolis. www.thisischalk.xxx 3. Chalk were an electro rock band active in Cincinnati, OH from 1996-2005. They released two albums on Deary Me Records and one on Tokyo Rose Records. Jim & Greg now play in Eat Sugar 4. Chalk are a 5 piece alternative rock band from Lake Geneva, WI. Chalk's debut album, ""Before The Rain"" was released on the 8th January 2014. www.chalktheband.com 5. CHALK is a slowcore artist, releasing their debut album in 2023. 6. Chalk are a noise rock/post-punk band from Belfast, Northern Ireland. Read more on Last.fm. User-contributed text is available under the Creative Commons By-SA License; additional terms may apply.",Bliss,Unknown,https://www.youtube.com/watch?v=iPwdrIu6W9Y&pp=ygULQ2hhbGsgQmxpc3M%3D
Conditions III,https://lastfm.freetls.fastly.net/i/u/300x300/766093c7a444be15f66d76d8d40108c2.jpg,Chalk,2025-02-21,"There are at least six artists with the name Chalk 1. Chalk is an artist from Brighton, UK . Bio: “Chalk” is the sound of a thousand cigarettes in an empty room. Raw, stark, devastating – it is less a simple collection of doubts and disappointments than a full-blown window to purgatory. At its core is a question: is this it?"" Chalk's first album was released through Sonic Anhedonic Recording Company on the 2nd September 2013 and Second Album Via Kissability and Sonic Anhedonic Recording Company on the 27th October 2014. www.stalkchalk.co.uk 2. Chalk are a 4-piece rock band from Minneapolis. www.thisischalk.xxx 3. Chalk were an electro rock band active in Cincinnati, OH from 1996-2005. They released two albums on Deary Me Records and one on Tokyo Rose Records. Jim & Greg now play in Eat Sugar 4. Chalk are a 5 piece alternative rock band from Lake Geneva, WI. Chalk's debut album, ""Before The Rain"" was released on the 8th January 2014. www.chalktheband.com 5. CHALK is a slowcore artist, releasing their debut album in 2023. 6. Chalk are a noise rock/post-punk band from Belfast, Northern Ireland. Read more on Last.fm. User-contributed text is available under the Creative Commons By-SA License; additional terms may apply.",Afraid ,Unknown,https://www.youtube.com/watch?v=kCk1PbNJETY&pp=ygUMQ2hhbGsgQWZyYWlk
Blood Music,https://lastfm.freetls.fastly.net/i/u/300x300/e9b789e13389619505393cd9e7968e77.jpg,Chapterhouse,1993-11-09,"Reading, England-based group Chapterhouse went through several phases in their brief initial existence. They started out as a drony space rock band who played shows with Spacemen 3 before slowly morphing into one of the earliest examples of shoegaze in the late '80s, and on their 1991 debut album Whirlpool. They dabbled with psychedelic rave-rock styles borrowed from the Madchester scene on their second album Blood Music, but broke up just a year after its 1993 release. Chapterhouse's creative drive kept them from sticking with a single sound or being easy to fit into any single genre, and their short and fascinating lifespan was still being explored long after they stopped making new music on compilation releases like 2023's Chronology.
The band formed in 1987. Drummer Ashley Bates, bassist Jon Curtis, guitarist Simon Rowe, and vocalists/guitarists Stephen Patman and Andrew Sherriff allegedly called themselves Incest early on but made a smart decision to change the name. Long before they laid down their first demos, they rehearsed and honed their live show. One 1988 gig, performed in their home base of Reading, won a supporter in Sonic Boom. The Spacemen 3 member wanted to release the band's music on his Bop-a-Sonic label, but that never materialized. Instead, the band signed with BMG's Dedicated subsidiary -- home of Cranes, Global Communication, and other heavy rockers of the time. By the end of 1990, the band had replaced the exited Curtis with Russell Barrett and had a pair of four-song EPs -- Freefall and Sunburst -- released and reviewed with mostly favorable results. A third single, early 1991's Pearl, earned them even more attention, featuring an oft-used John Bonham sample and background vocals from Slowdive's Rachel Goswell. This set the stage for the full-length debut Whirlpool, also released in 1991. While it didn't capitalize on the band's building popularity quite as hoped, they were able to stir up a couple low-charting singles and a sizeable fan base in England.
After the Mesmerise single closed out 1991, the band went silent for over a year before reappearing with 1993's less shoegazey and more dancefloor-ready Blood Music. While singles ""She's a Vision"" and ""We Are the Beautiful"" were successful, the album itself failed to chart. It was accompanied by a slew of remixes, many of which came from Global Communication. The band broke up in 1994 and in 1996 the double-disc Rownderbout compilation collected singles as well as B-sides and unreleased demos. Sherriff continued to work with electronic music with the Bio.com and Bionic projects; Barrett later became part of Inner Sleeve; Rowe joined former Slowdive members in Mojave 3; Bates went trip-hop for 4AD's Cuba (aka Air Cuba). In 2007, a Best Of compilation surfaced, and the following year, Chapterhouse reunited for a handful of reunion shows. The band's return to the stage would be short-lived, and by 2010 live performances had halted again.
In 2023, Cherry Red Records released the massive compilation Chronology. The six-disc compilation was curated by the band themselves and included more than 20 unreleased demos and other miscellaneous tracks from their run in the early '90s. ~ Andy Kellman",We Are the Beautiful,Unknown,https://www.youtube.com/watch?v=g3T9AT8FBtc&pp=ygUhQ2hhcHRlcmhvdXNlIFdlIEFyZSB0aGUgQmVhdXRpZnVs0gcJCX4JAYcqIYzv
Whirlpool,https://lastfm.freetls.fastly.net/i/u/300x300/fd3c48190e82d5b039bb55ca61207d46.jpg,Chapterhouse,1991-04-01,"Reading, England-based group Chapterhouse went through several phases in their brief initial existence. They started out as a drony space rock band who played shows with Spacemen 3 before slowly morphing into one of the earliest examples of shoegaze in the late '80s, and on their 1991 debut album Whirlpool. They dabbled with psychedelic rave-rock styles borrowed from the Madchester scene on their second album Blood Music, but broke up just a year after its 1993 release. Chapterhouse's creative drive kept them from sticking with a single sound or being easy to fit into any single genre, and their short and fascinating lifespan was still being explored long after they stopped making new music on compilation releases like 2023's Chronology.
The band formed in 1987. Drummer Ashley Bates, bassist Jon Curtis, guitarist Simon Rowe, and vocalists/guitarists Stephen Patman and Andrew Sherriff allegedly called themselves Incest early on but made a smart decision to change the name. Long before they laid down their first demos, they rehearsed and honed their live show. One 1988 gig, performed in their home base of Reading, won a supporter in Sonic Boom. The Spacemen 3 member wanted to release the band's music on his Bop-a-Sonic label, but that never materialized. Instead, the band signed with BMG's Dedicated subsidiary -- home of Cranes, Global Communication, and other heavy rockers of the time. By the end of 1990, the band had replaced the exited Curtis with Russell Barrett and had a pair of four-song EPs -- Freefall and Sunburst -- released and reviewed with mostly favorable results. A third single, early 1991's Pearl, earned them even more attention, featuring an oft-used John Bonham sample and background vocals from Slowdive's Rachel Goswell. This set the stage for the full-length debut Whirlpool, also released in 1991. While it didn't capitalize on the band's building popularity quite as hoped, they were able to stir up a couple low-charting singles and a sizeable fan base in England.
After the Mesmerise single closed out 1991, the band went silent for over a year before reappearing with 1993's less shoegazey and more dancefloor-ready Blood Music. While singles ""She's a Vision"" and ""We Are the Beautiful"" were successful, the album itself failed to chart. It was accompanied by a slew of remixes, many of which came from Global Communication. The band broke up in 1994 and in 1996 the double-disc Rownderbout compilation collected singles as well as B-sides and unreleased demos. Sherriff continued to work with electronic music with the Bio.com and Bionic projects; Barrett later became part of Inner Sleeve; Rowe joined former Slowdive members in Mojave 3; Bates went trip-hop for 4AD's Cuba (aka Air Cuba). In 2007, a Best Of compilation surfaced, and the following year, Chapterhouse reunited for a handful of reunion shows. The band's return to the stage would be short-lived, and by 2010 live performances had halted again.
In 2023, Cherry Red Records released the massive compilation Chronology. The six-disc compilation was curated by the band themselves and included more than 20 unreleased demos and other miscellaneous tracks from their run in the early '90s. ~ Andy Kellman",Breather,Unknown,https://www.youtube.com/watch?v=TFLFJM5-ll0&pp=ygUVQ2hhcHRlcmhvdXNlIEJyZWF0aGVy
Whirlpool,https://lastfm.freetls.fastly.net/i/u/300x300/fd3c48190e82d5b039bb55ca61207d46.jpg,Chapterhouse,1991-04-01,"Reading, England-based group Chapterhouse went through several phases in their brief initial existence. They started out as a drony space rock band who played shows with Spacemen 3 before slowly morphing into one of the earliest examples of shoegaze in the late '80s, and on their 1991 debut album Whirlpool. They dabbled with psychedelic rave-rock styles borrowed from the Madchester scene on their second album Blood Music, but broke up just a year after its 1993 release. Chapterhouse's creative drive kept them from sticking with a single sound or being easy to fit into any single genre, and their short and fascinating lifespan was still being explored long after they stopped making new music on compilation releases like 2023's Chronology.
The band formed in 1987. Drummer Ashley Bates, bassist Jon Curtis, guitarist Simon Rowe, and vocalists/guitarists Stephen Patman and Andrew Sherriff allegedly called themselves Incest early on but made a smart decision to change the name. Long before they laid down their first demos, they rehearsed and honed their live show. One 1988 gig, performed in their home base of Reading, won a supporter in Sonic Boom. The Spacemen 3 member wanted to release the band's music on his Bop-a-Sonic label, but that never materialized. Instead, the band signed with BMG's Dedicated subsidiary -- home of Cranes, Global Communication, and other heavy rockers of the time. By the end of 1990, the band had replaced the exited Curtis with Russell Barrett and had a pair of four-song EPs -- Freefall and Sunburst -- released and reviewed with mostly favorable results. A third single, early 1991's Pearl, earned them even more attention, featuring an oft-used John Bonham sample and background vocals from Slowdive's Rachel Goswell. This set the stage for the full-length debut Whirlpool, also released in 1991. While it didn't capitalize on the band's building popularity quite as hoped, they were able to stir up a couple low-charting singles and a sizeable fan base in England.
After the Mesmerise single closed out 1991, the band went silent for over a year before reappearing with 1993's less shoegazey and more dancefloor-ready Blood Music. While singles ""She's a Vision"" and ""We Are the Beautiful"" were successful, the album itself failed to chart. It was accompanied by a slew of remixes, many of which came from Global Communication. The band broke up in 1994 and in 1996 the double-disc Rownderbout compilation collected singles as well as B-sides and unreleased demos. Sherriff continued to work with electronic music with the Bio.com and Bionic projects; Barrett later became part of Inner Sleeve; Rowe joined former Slowdive members in Mojave 3; Bates went trip-hop for 4AD's Cuba (aka Air Cuba). In 2007, a Best Of compilation surfaced, and the following year, Chapterhouse reunited for a handful of reunion shows. The band's return to the stage would be short-lived, and by 2010 live performances had halted again.
In 2023, Cherry Red Records released the massive compilation Chronology. The six-disc compilation was curated by the band themselves and included more than 20 unreleased demos and other miscellaneous tracks from their run in the early '90s. ~ Andy Kellman",Pearl,Unknown,https://www.youtube.com/watch?v=JEIAaWQfxMY&pp=ygUSQ2hhcHRlcmhvdXNlIFBlYXJs
Whirlpool,https://lastfm.freetls.fastly.net/i/u/300x300/fd3c48190e82d5b039bb55ca61207d46.jpg,Chapterhouse,1991-04-01,"Reading, England-based group Chapterhouse went through several phases in their brief initial existence. They started out as a drony space rock band who played shows with Spacemen 3 before slowly morphing into one of the earliest examples of shoegaze in the late '80s, and on their 1991 debut album Whirlpool. They dabbled with psychedelic rave-rock styles borrowed from the Madchester scene on their second album Blood Music, but broke up just a year after its 1993 release. Chapterhouse's creative drive kept them from sticking with a single sound or being easy to fit into any single genre, and their short and fascinating lifespan was still being explored long after they stopped making new music on compilation releases like 2023's Chronology.
The band formed in 1987. Drummer Ashley Bates, bassist Jon Curtis, guitarist Simon Rowe, and vocalists/guitarists Stephen Patman and Andrew Sherriff allegedly called themselves Incest early on but made a smart decision to change the name. Long before they laid down their first demos, they rehearsed and honed their live show. One 1988 gig, performed in their home base of Reading, won a supporter in Sonic Boom. The Spacemen 3 member wanted to release the band's music on his Bop-a-Sonic label, but that never materialized. Instead, the band signed with BMG's Dedicated subsidiary -- home of Cranes, Global Communication, and other heavy rockers of the time. By the end of 1990, the band had replaced the exited Curtis with Russell Barrett and had a pair of four-song EPs -- Freefall and Sunburst -- released and reviewed with mostly favorable results. A third single, early 1991's Pearl, earned them even more attention, featuring an oft-used John Bonham sample and background vocals from Slowdive's Rachel Goswell. This set the stage for the full-length debut Whirlpool, also released in 1991. While it didn't capitalize on the band's building popularity quite as hoped, they were able to stir up a couple low-charting singles and a sizeable fan base in England.
After the Mesmerise single closed out 1991, the band went silent for over a year before reappearing with 1993's less shoegazey and more dancefloor-ready Blood Music. While singles ""She's a Vision"" and ""We Are the Beautiful"" were successful, the album itself failed to chart. It was accompanied by a slew of remixes, many of which came from Global Communication. The band broke up in 1994 and in 1996 the double-disc Rownderbout compilation collected singles as well as B-sides and unreleased demos. Sherriff continued to work with electronic music with the Bio.com and Bionic projects; Barrett later became part of Inner Sleeve; Rowe joined former Slowdive members in Mojave 3; Bates went trip-hop for 4AD's Cuba (aka Air Cuba). In 2007, a Best Of compilation surfaced, and the following year, Chapterhouse reunited for a handful of reunion shows. The band's return to the stage would be short-lived, and by 2010 live performances had halted again.
In 2023, Cherry Red Records released the massive compilation Chronology. The six-disc compilation was curated by the band themselves and included more than 20 unreleased demos and other miscellaneous tracks from their run in the early '90s. ~ Andy Kellman",Autosleeper,Unknown,https://www.youtube.com/watch?v=iNPeQGzHgig&pp=ygUYQ2hhcHRlcmhvdXNlIEF1dG9zbGVlcGVy
Whirlpool,https://lastfm.freetls.fastly.net/i/u/300x300/fd3c48190e82d5b039bb55ca61207d46.jpg,Chapterhouse,1991-04-01,"Reading, England-based group Chapterhouse went through several phases in their brief initial existence. They started out as a drony space rock band who played shows with Spacemen 3 before slowly morphing into one of the earliest examples of shoegaze in the late '80s, and on their 1991 debut album Whirlpool. They dabbled with psychedelic rave-rock styles borrowed from the Madchester scene on their second album Blood Music, but broke up just a year after its 1993 release. Chapterhouse's creative drive kept them from sticking with a single sound or being easy to fit into any single genre, and their short and fascinating lifespan was still being explored long after they stopped making new music on compilation releases like 2023's Chronology.
The band formed in 1987. Drummer Ashley Bates, bassist Jon Curtis, guitarist Simon Rowe, and vocalists/guitarists Stephen Patman and Andrew Sherriff allegedly called themselves Incest early on but made a smart decision to change the name. Long before they laid down their first demos, they rehearsed and honed their live show. One 1988 gig, performed in their home base of Reading, won a supporter in Sonic Boom. The Spacemen 3 member wanted to release the band's music on his Bop-a-Sonic label, but that never materialized. Instead, the band signed with BMG's Dedicated subsidiary -- home of Cranes, Global Communication, and other heavy rockers of the time. By the end of 1990, the band had replaced the exited Curtis with Russell Barrett and had a pair of four-song EPs -- Freefall and Sunburst -- released and reviewed with mostly favorable results. A third single, early 1991's Pearl, earned them even more attention, featuring an oft-used John Bonham sample and background vocals from Slowdive's Rachel Goswell. This set the stage for the full-length debut Whirlpool, also released in 1991. While it didn't capitalize on the band's building popularity quite as hoped, they were able to stir up a couple low-charting singles and a sizeable fan base in England.
After the Mesmerise single closed out 1991, the band went silent for over a year before reappearing with 1993's less shoegazey and more dancefloor-ready Blood Music. While singles ""She's a Vision"" and ""We Are the Beautiful"" were successful, the album itself failed to chart. It was accompanied by a slew of remixes, many of which came from Global Communication. The band broke up in 1994 and in 1996 the double-disc Rownderbout compilation collected singles as well as B-sides and unreleased demos. Sherriff continued to work with electronic music with the Bio.com and Bionic projects; Barrett later became part of Inner Sleeve; Rowe joined former Slowdive members in Mojave 3; Bates went trip-hop for 4AD's Cuba (aka Air Cuba). In 2007, a Best Of compilation surfaced, and the following year, Chapterhouse reunited for a handful of reunion shows. The band's return to the stage would be short-lived, and by 2010 live performances had halted again.
In 2023, Cherry Red Records released the massive compilation Chronology. The six-disc compilation was curated by the band themselves and included more than 20 unreleased demos and other miscellaneous tracks from their run in the early '90s. ~ Andy Kellman",Treasure,Unknown,https://www.youtube.com/watch?v=6H2Pq0ZLllc&pp=ygUXQ2hhcHRlcmhvdXNlIC0gVHJlYXN1cmU%3D
Whirlpool,https://lastfm.freetls.fastly.net/i/u/300x300/fd3c48190e82d5b039bb55ca61207d46.jpg,Chapterhouse,1991-04-01,"Reading, England-based group Chapterhouse went through several phases in their brief initial existence. They started out as a drony space rock band who played shows with Spacemen 3 before slowly morphing into one of the earliest examples of shoegaze in the late '80s, and on their 1991 debut album Whirlpool. They dabbled with psychedelic rave-rock styles borrowed from the Madchester scene on their second album Blood Music, but broke up just a year after its 1993 release. Chapterhouse's creative drive kept them from sticking with a single sound or being easy to fit into any single genre, and their short and fascinating lifespan was still being explored long after they stopped making new music on compilation releases like 2023's Chronology.
The band formed in 1987. Drummer Ashley Bates, bassist Jon Curtis, guitarist Simon Rowe, and vocalists/guitarists Stephen Patman and Andrew Sherriff allegedly called themselves Incest early on but made a smart decision to change the name. Long before they laid down their first demos, they rehearsed and honed their live show. One 1988 gig, performed in their home base of Reading, won a supporter in Sonic Boom. The Spacemen 3 member wanted to release the band's music on his Bop-a-Sonic label, but that never materialized. Instead, the band signed with BMG's Dedicated subsidiary -- home of Cranes, Global Communication, and other heavy rockers of the time. By the end of 1990, the band had replaced the exited Curtis with Russell Barrett and had a pair of four-song EPs -- Freefall and Sunburst -- released and reviewed with mostly favorable results. A third single, early 1991's Pearl, earned them even more attention, featuring an oft-used John Bonham sample and background vocals from Slowdive's Rachel Goswell. This set the stage for the full-length debut Whirlpool, also released in 1991. While it didn't capitalize on the band's building popularity quite as hoped, they were able to stir up a couple low-charting singles and a sizeable fan base in England.
After the Mesmerise single closed out 1991, the band went silent for over a year before reappearing with 1993's less shoegazey and more dancefloor-ready Blood Music. While singles ""She's a Vision"" and ""We Are the Beautiful"" were successful, the album itself failed to chart. It was accompanied by a slew of remixes, many of which came from Global Communication. The band broke up in 1994 and in 1996 the double-disc Rownderbout compilation collected singles as well as B-sides and unreleased demos. Sherriff continued to work with electronic music with the Bio.com and Bionic projects; Barrett later became part of Inner Sleeve; Rowe joined former Slowdive members in Mojave 3; Bates went trip-hop for 4AD's Cuba (aka Air Cuba). In 2007, a Best Of compilation surfaced, and the following year, Chapterhouse reunited for a handful of reunion shows. The band's return to the stage would be short-lived, and by 2010 live performances had halted again.
In 2023, Cherry Red Records released the massive compilation Chronology. The six-disc compilation was curated by the band themselves and included more than 20 unreleased demos and other miscellaneous tracks from their run in the early '90s. ~ Andy Kellman",Falling Down,Unknown,https://www.youtube.com/watch?v=Fh_EWqIFpQQ&pp=ygUZQ2hhcHRlcmhvdXNlIEZhbGxpbmcgRG93bg%3D%3D
Whirlpool,https://lastfm.freetls.fastly.net/i/u/300x300/fd3c48190e82d5b039bb55ca61207d46.jpg,Chapterhouse,1991-04-01,"Reading, England-based group Chapterhouse went through several phases in their brief initial existence. They started out as a drony space rock band who played shows with Spacemen 3 before slowly morphing into one of the earliest examples of shoegaze in the late '80s, and on their 1991 debut album Whirlpool. They dabbled with psychedelic rave-rock styles borrowed from the Madchester scene on their second album Blood Music, but broke up just a year after its 1993 release. Chapterhouse's creative drive kept them from sticking with a single sound or being easy to fit into any single genre, and their short and fascinating lifespan was still being explored long after they stopped making new music on compilation releases like 2023's Chronology.
The band formed in 1987. Drummer Ashley Bates, bassist Jon Curtis, guitarist Simon Rowe, and vocalists/guitarists Stephen Patman and Andrew Sherriff allegedly called themselves Incest early on but made a smart decision to change the name. Long before they laid down their first demos, they rehearsed and honed their live show. One 1988 gig, performed in their home base of Reading, won a supporter in Sonic Boom. The Spacemen 3 member wanted to release the band's music on his Bop-a-Sonic label, but that never materialized. Instead, the band signed with BMG's Dedicated subsidiary -- home of Cranes, Global Communication, and other heavy rockers of the time. By the end of 1990, the band had replaced the exited Curtis with Russell Barrett and had a pair of four-song EPs -- Freefall and Sunburst -- released and reviewed with mostly favorable results. A third single, early 1991's Pearl, earned them even more attention, featuring an oft-used John Bonham sample and background vocals from Slowdive's Rachel Goswell. This set the stage for the full-length debut Whirlpool, also released in 1991. While it didn't capitalize on the band's building popularity quite as hoped, they were able to stir up a couple low-charting singles and a sizeable fan base in England.
After the Mesmerise single closed out 1991, the band went silent for over a year before reappearing with 1993's less shoegazey and more dancefloor-ready Blood Music. While singles ""She's a Vision"" and ""We Are the Beautiful"" were successful, the album itself failed to chart. It was accompanied by a slew of remixes, many of which came from Global Communication. The band broke up in 1994 and in 1996 the double-disc Rownderbout compilation collected singles as well as B-sides and unreleased demos. Sherriff continued to work with electronic music with the Bio.com and Bionic projects; Barrett later became part of Inner Sleeve; Rowe joined former Slowdive members in Mojave 3; Bates went trip-hop for 4AD's Cuba (aka Air Cuba). In 2007, a Best Of compilation surfaced, and the following year, Chapterhouse reunited for a handful of reunion shows. The band's return to the stage would be short-lived, and by 2010 live performances had halted again.
In 2023, Cherry Red Records released the massive compilation Chronology. The six-disc compilation was curated by the band themselves and included more than 20 unreleased demos and other miscellaneous tracks from their run in the early '90s. ~ Andy Kellman",April,Unknown,https://www.youtube.com/watch?v=24wwEQPf26A&pp=ygUUQ2hhcHRlcmhvdXNlIC0gQXByaWw%3D
Whirlpool,https://lastfm.freetls.fastly.net/i/u/300x300/fd3c48190e82d5b039bb55ca61207d46.jpg,Chapterhouse,1991-04-01,"Reading, England-based group Chapterhouse went through several phases in their brief initial existence. They started out as a drony space rock band who played shows with Spacemen 3 before slowly morphing into one of the earliest examples of shoegaze in the late '80s, and on their 1991 debut album Whirlpool. They dabbled with psychedelic rave-rock styles borrowed from the Madchester scene on their second album Blood Music, but broke up just a year after its 1993 release. Chapterhouse's creative drive kept them from sticking with a single sound or being easy to fit into any single genre, and their short and fascinating lifespan was still being explored long after they stopped making new music on compilation releases like 2023's Chronology.
The band formed in 1987. Drummer Ashley Bates, bassist Jon Curtis, guitarist Simon Rowe, and vocalists/guitarists Stephen Patman and Andrew Sherriff allegedly called themselves Incest early on but made a smart decision to change the name. Long before they laid down their first demos, they rehearsed and honed their live show. One 1988 gig, performed in their home base of Reading, won a supporter in Sonic Boom. The Spacemen 3 member wanted to release the band's music on his Bop-a-Sonic label, but that never materialized. Instead, the band signed with BMG's Dedicated subsidiary -- home of Cranes, Global Communication, and other heavy rockers of the time. By the end of 1990, the band had replaced the exited Curtis with Russell Barrett and had a pair of four-song EPs -- Freefall and Sunburst -- released and reviewed with mostly favorable results. A third single, early 1991's Pearl, earned them even more attention, featuring an oft-used John Bonham sample and background vocals from Slowdive's Rachel Goswell. This set the stage for the full-length debut Whirlpool, also released in 1991. While it didn't capitalize on the band's building popularity quite as hoped, they were able to stir up a couple low-charting singles and a sizeable fan base in England.
After the Mesmerise single closed out 1991, the band went silent for over a year before reappearing with 1993's less shoegazey and more dancefloor-ready Blood Music. While singles ""She's a Vision"" and ""We Are the Beautiful"" were successful, the album itself failed to chart. It was accompanied by a slew of remixes, many of which came from Global Communication. The band broke up in 1994 and in 1996 the double-disc Rownderbout compilation collected singles as well as B-sides and unreleased demos. Sherriff continued to work with electronic music with the Bio.com and Bionic projects; Barrett later became part of Inner Sleeve; Rowe joined former Slowdive members in Mojave 3; Bates went trip-hop for 4AD's Cuba (aka Air Cuba). In 2007, a Best Of compilation surfaced, and the following year, Chapterhouse reunited for a handful of reunion shows. The band's return to the stage would be short-lived, and by 2010 live performances had halted again.
In 2023, Cherry Red Records released the massive compilation Chronology. The six-disc compilation was curated by the band themselves and included more than 20 unreleased demos and other miscellaneous tracks from their run in the early '90s. ~ Andy Kellman",Guilt,Unknown,https://www.youtube.com/watch?v=nZY8Hky8Cok&pp=ygUUQ2hhcHRlcmhvdXNlIC0gR3VpbHTSBwkJhAkBhyohjO8%3D
Whirlpool,https://lastfm.freetls.fastly.net/i/u/300x300/fd3c48190e82d5b039bb55ca61207d46.jpg,Chapterhouse,1991-04-01,"Reading, England-based group Chapterhouse went through several phases in their brief initial existence. They started out as a drony space rock band who played shows with Spacemen 3 before slowly morphing into one of the earliest examples of shoegaze in the late '80s, and on their 1991 debut album Whirlpool. They dabbled with psychedelic rave-rock styles borrowed from the Madchester scene on their second album Blood Music, but broke up just a year after its 1993 release. Chapterhouse's creative drive kept them from sticking with a single sound or being easy to fit into any single genre, and their short and fascinating lifespan was still being explored long after they stopped making new music on compilation releases like 2023's Chronology.
The band formed in 1987. Drummer Ashley Bates, bassist Jon Curtis, guitarist Simon Rowe, and vocalists/guitarists Stephen Patman and Andrew Sherriff allegedly called themselves Incest early on but made a smart decision to change the name. Long before they laid down their first demos, they rehearsed and honed their live show. One 1988 gig, performed in their home base of Reading, won a supporter in Sonic Boom. The Spacemen 3 member wanted to release the band's music on his Bop-a-Sonic label, but that never materialized. Instead, the band signed with BMG's Dedicated subsidiary -- home of Cranes, Global Communication, and other heavy rockers of the time. By the end of 1990, the band had replaced the exited Curtis with Russell Barrett and had a pair of four-song EPs -- Freefall and Sunburst -- released and reviewed with mostly favorable results. A third single, early 1991's Pearl, earned them even more attention, featuring an oft-used John Bonham sample and background vocals from Slowdive's Rachel Goswell. This set the stage for the full-length debut Whirlpool, also released in 1991. While it didn't capitalize on the band's building popularity quite as hoped, they were able to stir up a couple low-charting singles and a sizeable fan base in England.
After the Mesmerise single closed out 1991, the band went silent for over a year before reappearing with 1993's less shoegazey and more dancefloor-ready Blood Music. While singles ""She's a Vision"" and ""We Are the Beautiful"" were successful, the album itself failed to chart. It was accompanied by a slew of remixes, many of which came from Global Communication. The band broke up in 1994 and in 1996 the double-disc Rownderbout compilation collected singles as well as B-sides and unreleased demos. Sherriff continued to work with electronic music with the Bio.com and Bionic projects; Barrett later became part of Inner Sleeve; Rowe joined former Slowdive members in Mojave 3; Bates went trip-hop for 4AD's Cuba (aka Air Cuba). In 2007, a Best Of compilation surfaced, and the following year, Chapterhouse reunited for a handful of reunion shows. The band's return to the stage would be short-lived, and by 2010 live performances had halted again.
In 2023, Cherry Red Records released the massive compilation Chronology. The six-disc compilation was curated by the band themselves and included more than 20 unreleased demos and other miscellaneous tracks from their run in the early '90s. ~ Andy Kellman",If You Want Me,Unknown,https://www.youtube.com/watch?v=nlr4f0kjlMo&pp=ygUdQ2hhcHRlcmhvdXNlIC0gSWYgWW91IFdhbnQgTWU%3D
Whirlpool,https://lastfm.freetls.fastly.net/i/u/300x300/fd3c48190e82d5b039bb55ca61207d46.jpg,Chapterhouse,1991-04-01,"Reading, England-based group Chapterhouse went through several phases in their brief initial existence. They started out as a drony space rock band who played shows with Spacemen 3 before slowly morphing into one of the earliest examples of shoegaze in the late '80s, and on their 1991 debut album Whirlpool. They dabbled with psychedelic rave-rock styles borrowed from the Madchester scene on their second album Blood Music, but broke up just a year after its 1993 release. Chapterhouse's creative drive kept them from sticking with a single sound or being easy to fit into any single genre, and their short and fascinating lifespan was still being explored long after they stopped making new music on compilation releases like 2023's Chronology.
The band formed in 1987. Drummer Ashley Bates, bassist Jon Curtis, guitarist Simon Rowe, and vocalists/guitarists Stephen Patman and Andrew Sherriff allegedly called themselves Incest early on but made a smart decision to change the name. Long before they laid down their first demos, they rehearsed and honed their live show. One 1988 gig, performed in their home base of Reading, won a supporter in Sonic Boom. The Spacemen 3 member wanted to release the band's music on his Bop-a-Sonic label, but that never materialized. Instead, the band signed with BMG's Dedicated subsidiary -- home of Cranes, Global Communication, and other heavy rockers of the time. By the end of 1990, the band had replaced the exited Curtis with Russell Barrett and had a pair of four-song EPs -- Freefall and Sunburst -- released and reviewed with mostly favorable results. A third single, early 1991's Pearl, earned them even more attention, featuring an oft-used John Bonham sample and background vocals from Slowdive's Rachel Goswell. This set the stage for the full-length debut Whirlpool, also released in 1991. While it didn't capitalize on the band's building popularity quite as hoped, they were able to stir up a couple low-charting singles and a sizeable fan base in England.
After the Mesmerise single closed out 1991, the band went silent for over a year before reappearing with 1993's less shoegazey and more dancefloor-ready Blood Music. While singles ""She's a Vision"" and ""We Are the Beautiful"" were successful, the album itself failed to chart. It was accompanied by a slew of remixes, many of which came from Global Communication. The band broke up in 1994 and in 1996 the double-disc Rownderbout compilation collected singles as well as B-sides and unreleased demos. Sherriff continued to work with electronic music with the Bio.com and Bionic projects; Barrett later became part of Inner Sleeve; Rowe joined former Slowdive members in Mojave 3; Bates went trip-hop for 4AD's Cuba (aka Air Cuba). In 2007, a Best Of compilation surfaced, and the following year, Chapterhouse reunited for a handful of reunion shows. The band's return to the stage would be short-lived, and by 2010 live performances had halted again.
In 2023, Cherry Red Records released the massive compilation Chronology. The six-disc compilation was curated by the band themselves and included more than 20 unreleased demos and other miscellaneous tracks from their run in the early '90s. ~ Andy Kellman",Something More,Unknown,https://www.youtube.com/watch?v=ibfvXbMspM0&pp=ygUbQ2hhcHRlcmhvdXNlIFNvbWV0aGluZyBNb3Jl
Whirlpool,https://lastfm.freetls.fastly.net/i/u/300x300/fd3c48190e82d5b039bb55ca61207d46.jpg,Chapterhouse,1991-04-01,"Reading, England-based group Chapterhouse went through several phases in their brief initial existence. They started out as a drony space rock band who played shows with Spacemen 3 before slowly morphing into one of the earliest examples of shoegaze in the late '80s, and on their 1991 debut album Whirlpool. They dabbled with psychedelic rave-rock styles borrowed from the Madchester scene on their second album Blood Music, but broke up just a year after its 1993 release. Chapterhouse's creative drive kept them from sticking with a single sound or being easy to fit into any single genre, and their short and fascinating lifespan was still being explored long after they stopped making new music on compilation releases like 2023's Chronology.
The band formed in 1987. Drummer Ashley Bates, bassist Jon Curtis, guitarist Simon Rowe, and vocalists/guitarists Stephen Patman and Andrew Sherriff allegedly called themselves Incest early on but made a smart decision to change the name. Long before they laid down their first demos, they rehearsed and honed their live show. One 1988 gig, performed in their home base of Reading, won a supporter in Sonic Boom. The Spacemen 3 member wanted to release the band's music on his Bop-a-Sonic label, but that never materialized. Instead, the band signed with BMG's Dedicated subsidiary -- home of Cranes, Global Communication, and other heavy rockers of the time. By the end of 1990, the band had replaced the exited Curtis with Russell Barrett and had a pair of four-song EPs -- Freefall and Sunburst -- released and reviewed with mostly favorable results. A third single, early 1991's Pearl, earned them even more attention, featuring an oft-used John Bonham sample and background vocals from Slowdive's Rachel Goswell. This set the stage for the full-length debut Whirlpool, also released in 1991. While it didn't capitalize on the band's building popularity quite as hoped, they were able to stir up a couple low-charting singles and a sizeable fan base in England.
After the Mesmerise single closed out 1991, the band went silent for over a year before reappearing with 1993's less shoegazey and more dancefloor-ready Blood Music. While singles ""She's a Vision"" and ""We Are the Beautiful"" were successful, the album itself failed to chart. It was accompanied by a slew of remixes, many of which came from Global Communication. The band broke up in 1994 and in 1996 the double-disc Rownderbout compilation collected singles as well as B-sides and unreleased demos. Sherriff continued to work with electronic music with the Bio.com and Bionic projects; Barrett later became part of Inner Sleeve; Rowe joined former Slowdive members in Mojave 3; Bates went trip-hop for 4AD's Cuba (aka Air Cuba). In 2007, a Best Of compilation surfaced, and the following year, Chapterhouse reunited for a handful of reunion shows. The band's return to the stage would be short-lived, and by 2010 live performances had halted again.
In 2023, Cherry Red Records released the massive compilation Chronology. The six-disc compilation was curated by the band themselves and included more than 20 unreleased demos and other miscellaneous tracks from their run in the early '90s. ~ Andy Kellman",Need (Somebody),Unknown,https://www.youtube.com/watch?v=JbkAv3yKFWE&pp=ygUeQ2hhcHRlcmhvdXNlIC0gTmVlZCAoU29tZWJvZHkp
Whirlpool,https://lastfm.freetls.fastly.net/i/u/300x300/fd3c48190e82d5b039bb55ca61207d46.jpg,Chapterhouse,1991-04-01,"Reading, England-based group Chapterhouse went through several phases in their brief initial existence. They started out as a drony space rock band who played shows with Spacemen 3 before slowly morphing into one of the earliest examples of shoegaze in the late '80s, and on their 1991 debut album Whirlpool. They dabbled with psychedelic rave-rock styles borrowed from the Madchester scene on their second album Blood Music, but broke up just a year after its 1993 release. Chapterhouse's creative drive kept them from sticking with a single sound or being easy to fit into any single genre, and their short and fascinating lifespan was still being explored long after they stopped making new music on compilation releases like 2023's Chronology.
The band formed in 1987. Drummer Ashley Bates, bassist Jon Curtis, guitarist Simon Rowe, and vocalists/guitarists Stephen Patman and Andrew Sherriff allegedly called themselves Incest early on but made a smart decision to change the name. Long before they laid down their first demos, they rehearsed and honed their live show. One 1988 gig, performed in their home base of Reading, won a supporter in Sonic Boom. The Spacemen 3 member wanted to release the band's music on his Bop-a-Sonic label, but that never materialized. Instead, the band signed with BMG's Dedicated subsidiary -- home of Cranes, Global Communication, and other heavy rockers of the time. By the end of 1990, the band had replaced the exited Curtis with Russell Barrett and had a pair of four-song EPs -- Freefall and Sunburst -- released and reviewed with mostly favorable results. A third single, early 1991's Pearl, earned them even more attention, featuring an oft-used John Bonham sample and background vocals from Slowdive's Rachel Goswell. This set the stage for the full-length debut Whirlpool, also released in 1991. While it didn't capitalize on the band's building popularity quite as hoped, they were able to stir up a couple low-charting singles and a sizeable fan base in England.
After the Mesmerise single closed out 1991, the band went silent for over a year before reappearing with 1993's less shoegazey and more dancefloor-ready Blood Music. While singles ""She's a Vision"" and ""We Are the Beautiful"" were successful, the album itself failed to chart. It was accompanied by a slew of remixes, many of which came from Global Communication. The band broke up in 1994 and in 1996 the double-disc Rownderbout compilation collected singles as well as B-sides and unreleased demos. Sherriff continued to work with electronic music with the Bio.com and Bionic projects; Barrett later became part of Inner Sleeve; Rowe joined former Slowdive members in Mojave 3; Bates went trip-hop for 4AD's Cuba (aka Air Cuba). In 2007, a Best Of compilation surfaced, and the following year, Chapterhouse reunited for a handful of reunion shows. The band's return to the stage would be short-lived, and by 2010 live performances had halted again.
In 2023, Cherry Red Records released the massive compilation Chronology. The six-disc compilation was curated by the band themselves and included more than 20 unreleased demos and other miscellaneous tracks from their run in the early '90s. ~ Andy Kellman",Inside of Me,Unknown,https://www.youtube.com/watch?v=nXaw0zjkRa8&pp=ygUbQ2hhcHRlcmhvdXNlIC0gSW5zaWRlIG9mIE1l
Whirlpool,https://lastfm.freetls.fastly.net/i/u/300x300/fd3c48190e82d5b039bb55ca61207d46.jpg,Chapterhouse,1991-04-01,"Reading, England-based group Chapterhouse went through several phases in their brief initial existence. They started out as a drony space rock band who played shows with Spacemen 3 before slowly morphing into one of the earliest examples of shoegaze in the late '80s, and on their 1991 debut album Whirlpool. They dabbled with psychedelic rave-rock styles borrowed from the Madchester scene on their second album Blood Music, but broke up just a year after its 1993 release. Chapterhouse's creative drive kept them from sticking with a single sound or being easy to fit into any single genre, and their short and fascinating lifespan was still being explored long after they stopped making new music on compilation releases like 2023's Chronology.
The band formed in 1987. Drummer Ashley Bates, bassist Jon Curtis, guitarist Simon Rowe, and vocalists/guitarists Stephen Patman and Andrew Sherriff allegedly called themselves Incest early on but made a smart decision to change the name. Long before they laid down their first demos, they rehearsed and honed their live show. One 1988 gig, performed in their home base of Reading, won a supporter in Sonic Boom. The Spacemen 3 member wanted to release the band's music on his Bop-a-Sonic label, but that never materialized. Instead, the band signed with BMG's Dedicated subsidiary -- home of Cranes, Global Communication, and other heavy rockers of the time. By the end of 1990, the band had replaced the exited Curtis with Russell Barrett and had a pair of four-song EPs -- Freefall and Sunburst -- released and reviewed with mostly favorable results. A third single, early 1991's Pearl, earned them even more attention, featuring an oft-used John Bonham sample and background vocals from Slowdive's Rachel Goswell. This set the stage for the full-length debut Whirlpool, also released in 1991. While it didn't capitalize on the band's building popularity quite as hoped, they were able to stir up a couple low-charting singles and a sizeable fan base in England.
After the Mesmerise single closed out 1991, the band went silent for over a year before reappearing with 1993's less shoegazey and more dancefloor-ready Blood Music. While singles ""She's a Vision"" and ""We Are the Beautiful"" were successful, the album itself failed to chart. It was accompanied by a slew of remixes, many of which came from Global Communication. The band broke up in 1994 and in 1996 the double-disc Rownderbout compilation collected singles as well as B-sides and unreleased demos. Sherriff continued to work with electronic music with the Bio.com and Bionic projects; Barrett later became part of Inner Sleeve; Rowe joined former Slowdive members in Mojave 3; Bates went trip-hop for 4AD's Cuba (aka Air Cuba). In 2007, a Best Of compilation surfaced, and the following year, Chapterhouse reunited for a handful of reunion shows. The band's return to the stage would be short-lived, and by 2010 live performances had halted again.
In 2023, Cherry Red Records released the massive compilation Chronology. The six-disc compilation was curated by the band themselves and included more than 20 unreleased demos and other miscellaneous tracks from their run in the early '90s. ~ Andy Kellman",Sixteen Years,Unknown,https://www.youtube.com/watch?v=IZjJ1UFZoAc&pp=ygUaQ2hhcHRlcmhvdXNlIFNpeHRlZW4gWWVhcnM%3D
Whirlpool,https://lastfm.freetls.fastly.net/i/u/300x300/fd3c48190e82d5b039bb55ca61207d46.jpg,Chapterhouse,1991-04-01,"Reading, England-based group Chapterhouse went through several phases in their brief initial existence. They started out as a drony space rock band who played shows with Spacemen 3 before slowly morphing into one of the earliest examples of shoegaze in the late '80s, and on their 1991 debut album Whirlpool. They dabbled with psychedelic rave-rock styles borrowed from the Madchester scene on their second album Blood Music, but broke up just a year after its 1993 release. Chapterhouse's creative drive kept them from sticking with a single sound or being easy to fit into any single genre, and their short and fascinating lifespan was still being explored long after they stopped making new music on compilation releases like 2023's Chronology.
The band formed in 1987. Drummer Ashley Bates, bassist Jon Curtis, guitarist Simon Rowe, and vocalists/guitarists Stephen Patman and Andrew Sherriff allegedly called themselves Incest early on but made a smart decision to change the name. Long before they laid down their first demos, they rehearsed and honed their live show. One 1988 gig, performed in their home base of Reading, won a supporter in Sonic Boom. The Spacemen 3 member wanted to release the band's music on his Bop-a-Sonic label, but that never materialized. Instead, the band signed with BMG's Dedicated subsidiary -- home of Cranes, Global Communication, and other heavy rockers of the time. By the end of 1990, the band had replaced the exited Curtis with Russell Barrett and had a pair of four-song EPs -- Freefall and Sunburst -- released and reviewed with mostly favorable results. A third single, early 1991's Pearl, earned them even more attention, featuring an oft-used John Bonham sample and background vocals from Slowdive's Rachel Goswell. This set the stage for the full-length debut Whirlpool, also released in 1991. While it didn't capitalize on the band's building popularity quite as hoped, they were able to stir up a couple low-charting singles and a sizeable fan base in England.
After the Mesmerise single closed out 1991, the band went silent for over a year before reappearing with 1993's less shoegazey and more dancefloor-ready Blood Music. While singles ""She's a Vision"" and ""We Are the Beautiful"" were successful, the album itself failed to chart. It was accompanied by a slew of remixes, many of which came from Global Communication. The band broke up in 1994 and in 1996 the double-disc Rownderbout compilation collected singles as well as B-sides and unreleased demos. Sherriff continued to work with electronic music with the Bio.com and Bionic projects; Barrett later became part of Inner Sleeve; Rowe joined former Slowdive members in Mojave 3; Bates went trip-hop for 4AD's Cuba (aka Air Cuba). In 2007, a Best Of compilation surfaced, and the following year, Chapterhouse reunited for a handful of reunion shows. The band's return to the stage would be short-lived, and by 2010 live performances had halted again.
In 2023, Cherry Red Records released the massive compilation Chronology. The six-disc compilation was curated by the band themselves and included more than 20 unreleased demos and other miscellaneous tracks from their run in the early '90s. ~ Andy Kellman",Satin Safe,Unknown,https://www.youtube.com/watch?v=z0SiT_RG-qg&pp=ygUZQ2hhcHRlcmhvdXNlIC0gU2F0aW4gU2FmZQ%3D%3D
Whirlpool,https://lastfm.freetls.fastly.net/i/u/300x300/fd3c48190e82d5b039bb55ca61207d46.jpg,Chapterhouse,1991-04-01,"Reading, England-based group Chapterhouse went through several phases in their brief initial existence. They started out as a drony space rock band who played shows with Spacemen 3 before slowly morphing into one of the earliest examples of shoegaze in the late '80s, and on their 1991 debut album Whirlpool. They dabbled with psychedelic rave-rock styles borrowed from the Madchester scene on their second album Blood Music, but broke up just a year after its 1993 release. Chapterhouse's creative drive kept them from sticking with a single sound or being easy to fit into any single genre, and their short and fascinating lifespan was still being explored long after they stopped making new music on compilation releases like 2023's Chronology.
The band formed in 1987. Drummer Ashley Bates, bassist Jon Curtis, guitarist Simon Rowe, and vocalists/guitarists Stephen Patman and Andrew Sherriff allegedly called themselves Incest early on but made a smart decision to change the name. Long before they laid down their first demos, they rehearsed and honed their live show. One 1988 gig, performed in their home base of Reading, won a supporter in Sonic Boom. The Spacemen 3 member wanted to release the band's music on his Bop-a-Sonic label, but that never materialized. Instead, the band signed with BMG's Dedicated subsidiary -- home of Cranes, Global Communication, and other heavy rockers of the time. By the end of 1990, the band had replaced the exited Curtis with Russell Barrett and had a pair of four-song EPs -- Freefall and Sunburst -- released and reviewed with mostly favorable results. A third single, early 1991's Pearl, earned them even more attention, featuring an oft-used John Bonham sample and background vocals from Slowdive's Rachel Goswell. This set the stage for the full-length debut Whirlpool, also released in 1991. While it didn't capitalize on the band's building popularity quite as hoped, they were able to stir up a couple low-charting singles and a sizeable fan base in England.
After the Mesmerise single closed out 1991, the band went silent for over a year before reappearing with 1993's less shoegazey and more dancefloor-ready Blood Music. While singles ""She's a Vision"" and ""We Are the Beautiful"" were successful, the album itself failed to chart. It was accompanied by a slew of remixes, many of which came from Global Communication. The band broke up in 1994 and in 1996 the double-disc Rownderbout compilation collected singles as well as B-sides and unreleased demos. Sherriff continued to work with electronic music with the Bio.com and Bionic projects; Barrett later became part of Inner Sleeve; Rowe joined former Slowdive members in Mojave 3; Bates went trip-hop for 4AD's Cuba (aka Air Cuba). In 2007, a Best Of compilation surfaced, and the following year, Chapterhouse reunited for a handful of reunion shows. The band's return to the stage would be short-lived, and by 2010 live performances had halted again.
In 2023, Cherry Red Records released the massive compilation Chronology. The six-disc compilation was curated by the band themselves and included more than 20 unreleased demos and other miscellaneous tracks from their run in the early '90s. ~ Andy Kellman",Feel the Same,Unknown,https://www.youtube.com/watch?v=oxKoBG7Q15g&pp=ygUcQ2hhcHRlcmhvdXNlIC0gRmVlbCB0aGUgU2FtZQ%3D%3D
Whirlpool,https://lastfm.freetls.fastly.net/i/u/300x300/fd3c48190e82d5b039bb55ca61207d46.jpg,Chapterhouse,1991-04-01,"Reading, England-based group Chapterhouse went through several phases in their brief initial existence. They started out as a drony space rock band who played shows with Spacemen 3 before slowly morphing into one of the earliest examples of shoegaze in the late '80s, and on their 1991 debut album Whirlpool. They dabbled with psychedelic rave-rock styles borrowed from the Madchester scene on their second album Blood Music, but broke up just a year after its 1993 release. Chapterhouse's creative drive kept them from sticking with a single sound or being easy to fit into any single genre, and their short and fascinating lifespan was still being explored long after they stopped making new music on compilation releases like 2023's Chronology.
The band formed in 1987. Drummer Ashley Bates, bassist Jon Curtis, guitarist Simon Rowe, and vocalists/guitarists Stephen Patman and Andrew Sherriff allegedly called themselves Incest early on but made a smart decision to change the name. Long before they laid down their first demos, they rehearsed and honed their live show. One 1988 gig, performed in their home base of Reading, won a supporter in Sonic Boom. The Spacemen 3 member wanted to release the band's music on his Bop-a-Sonic label, but that never materialized. Instead, the band signed with BMG's Dedicated subsidiary -- home of Cranes, Global Communication, and other heavy rockers of the time. By the end of 1990, the band had replaced the exited Curtis with Russell Barrett and had a pair of four-song EPs -- Freefall and Sunburst -- released and reviewed with mostly favorable results. A third single, early 1991's Pearl, earned them even more attention, featuring an oft-used John Bonham sample and background vocals from Slowdive's Rachel Goswell. This set the stage for the full-length debut Whirlpool, also released in 1991. While it didn't capitalize on the band's building popularity quite as hoped, they were able to stir up a couple low-charting singles and a sizeable fan base in England.
After the Mesmerise single closed out 1991, the band went silent for over a year before reappearing with 1993's less shoegazey and more dancefloor-ready Blood Music. While singles ""She's a Vision"" and ""We Are the Beautiful"" were successful, the album itself failed to chart. It was accompanied by a slew of remixes, many of which came from Global Communication. The band broke up in 1994 and in 1996 the double-disc Rownderbout compilation collected singles as well as B-sides and unreleased demos. Sherriff continued to work with electronic music with the Bio.com and Bionic projects; Barrett later became part of Inner Sleeve; Rowe joined former Slowdive members in Mojave 3; Bates went trip-hop for 4AD's Cuba (aka Air Cuba). In 2007, a Best Of compilation surfaced, and the following year, Chapterhouse reunited for a handful of reunion shows. The band's return to the stage would be short-lived, and by 2010 live performances had halted again.
In 2023, Cherry Red Records released the massive compilation Chronology. The six-disc compilation was curated by the band themselves and included more than 20 unreleased demos and other miscellaneous tracks from their run in the early '90s. ~ Andy Kellman",Come Heaven,Unknown,https://www.youtube.com/watch?v=NnPLbv2mlas&pp=ygUYQ2hhcHRlcmhvdXNlIENvbWUgSGVhdmVu
Whirlpool,https://lastfm.freetls.fastly.net/i/u/300x300/fd3c48190e82d5b039bb55ca61207d46.jpg,Chapterhouse,1991-04-01,"Reading, England-based group Chapterhouse went through several phases in their brief initial existence. They started out as a drony space rock band who played shows with Spacemen 3 before slowly morphing into one of the earliest examples of shoegaze in the late '80s, and on their 1991 debut album Whirlpool. They dabbled with psychedelic rave-rock styles borrowed from the Madchester scene on their second album Blood Music, but broke up just a year after its 1993 release. Chapterhouse's creative drive kept them from sticking with a single sound or being easy to fit into any single genre, and their short and fascinating lifespan was still being explored long after they stopped making new music on compilation releases like 2023's Chronology.
The band formed in 1987. Drummer Ashley Bates, bassist Jon Curtis, guitarist Simon Rowe, and vocalists/guitarists Stephen Patman and Andrew Sherriff allegedly called themselves Incest early on but made a smart decision to change the name. Long before they laid down their first demos, they rehearsed and honed their live show. One 1988 gig, performed in their home base of Reading, won a supporter in Sonic Boom. The Spacemen 3 member wanted to release the band's music on his Bop-a-Sonic label, but that never materialized. Instead, the band signed with BMG's Dedicated subsidiary -- home of Cranes, Global Communication, and other heavy rockers of the time. By the end of 1990, the band had replaced the exited Curtis with Russell Barrett and had a pair of four-song EPs -- Freefall and Sunburst -- released and reviewed with mostly favorable results. A third single, early 1991's Pearl, earned them even more attention, featuring an oft-used John Bonham sample and background vocals from Slowdive's Rachel Goswell. This set the stage for the full-length debut Whirlpool, also released in 1991. While it didn't capitalize on the band's building popularity quite as hoped, they were able to stir up a couple low-charting singles and a sizeable fan base in England.
After the Mesmerise single closed out 1991, the band went silent for over a year before reappearing with 1993's less shoegazey and more dancefloor-ready Blood Music. While singles ""She's a Vision"" and ""We Are the Beautiful"" were successful, the album itself failed to chart. It was accompanied by a slew of remixes, many of which came from Global Communication. The band broke up in 1994 and in 1996 the double-disc Rownderbout compilation collected singles as well as B-sides and unreleased demos. Sherriff continued to work with electronic music with the Bio.com and Bionic projects; Barrett later became part of Inner Sleeve; Rowe joined former Slowdive members in Mojave 3; Bates went trip-hop for 4AD's Cuba (aka Air Cuba). In 2007, a Best Of compilation surfaced, and the following year, Chapterhouse reunited for a handful of reunion shows. The band's return to the stage would be short-lived, and by 2010 live performances had halted again.
In 2023, Cherry Red Records released the massive compilation Chronology. The six-disc compilation was curated by the band themselves and included more than 20 unreleased demos and other miscellaneous tracks from their run in the early '90s. ~ Andy Kellman",In My Arms,Unknown,https://www.youtube.com/watch?v=Ue8AYtegVe8&pp=ygUZQ2hhcHRlcmhvdXNlIC0gSW4gTXkgQXJtcw%3D%3D
Barbie: The Album,https://lastfm.freetls.fastly.net/i/u/300x300/4e9be87120e340dd413edea1802d9b09.jpg,Charli xcx,2023-07-21,"Straddling the most experimental and mainstream sides of pop with ease, Charli xcx is just as comfortable working with cutting-edge producers like A.G. Cook as she is touring with Taylor Swift. As a songwriter and collaborator, she helped create some of the biggest pop singles of the 2010s, including Icona Pop's 2012 smash ""I Love It"" and Iggy Azalea's 2014 chart-topping hit ""Fancy."" As an artist in her own right, her work spanned the edgy sounds of her 2013 debut album, True Romance, to the more straightforward territory of 2014's follow-up Sucker, which featured the U.S. Top Ten single ""Boom Clap."" As the decade unfolded, she only became more prolific and eclectic. Along with founding her own label, Vroom Vroom, she issued EPs and mixtapes, including 2017's Pop 2, that combined the different sides of her music in a fittingly freewheeling way -- a direction she continued on '90s and 2000s pop flirtations of 2022's Crash and 2024's acclaimed Brat, a blend of indie sleaze hedonism and confessional songwriting that took her popularity to new heights.
Born in Cambridge, England, to a Scottish father and a Gujarati Indian mother, Charlotte Aitchison began writing songs when she was 14. By 2008, she was posting her tracks online and performing at raves, taking her MSN Messenger username as her alias. That year, she released a pair of singles, ""Emelline/Art Bitch"" and ""!Franchesckaar!,"" and recorded her first album, which she sold at concerts but was never released officially. She returned in 2011 with the singles ""Stay Away"" and ""Nuclear Seasons,"" both of which were produced by Ariel Rechtshaid, and appeared on Starkey's ""Lost in Space"" and Alex Metric's ""End of the World."" She also issued the mixtapes Super Girls, Super Love, and I Like Boys Who Cry, which respectively gathered the female and male artists who shaped her music.
Charli xcx's first original mixtape, Heartbreaks and Earthquakes, arrived in May 2012 and was followed by her U.S. debut EP, You're the One, and another mixtape, November's Super Ultra. Later that year, she scored her biggest hit to date when she appeared on Icona Pop's single ""I Love It,"" which she co-wrote. It became one of the year's biggest songs, hitting number seven on the Billboard Hot 100 and topping the U.K. singles chart. Her debut album, True Romance, arrived in April 2013. Featuring production by Rechtshaid, Joakim Åhlund, and Blood Diamonds, the album reached number 85 on the U.K. Albums chart, was a top 20 hit in Australia, and reached number five on Billboard's Heatseekers chart.
Though True Romance earned critical acclaim, Charli xcx was already working on her next album later that year, with collaborators as diverse as Weezer, Stargate, and Vampire Weekend's Rostam Batmanglij; she issued the single ""Superlove"" in December. Her big break came in 2014, when she collaborated with Iggy Azalea on the single ""Fancy."" The song became both artists' first number one on Billboard's Hot 100 that May (Aitchison also co-wrote ""Beg for It,"" which appeared on Azalea's Reclassified and featured Danish singer/songwriter MØ). Also that month, XCX released the single ""Boom Clap,"" which introduced a more straightforward pop sound. Featured on the soundtrack to the film adaptation of the young adult novel The Fault in Our Stars, it charted in the Top Ten in the U.S., the U.K., and Australia, becoming her biggest solo hit to date. The single also appeared on the pop-punk influenced full-length Sucker, which arrived that December. Along with ""Boom Clap,"" the album spawned several more singles, including ""Break the Rules,"" ""Famous,"" and 'Doing It,"" featuring Rita Ora. Sucker reached the Top 30 on the U.S. Billboard 200, and peaked at number 15 on the U.K. albums chart.
During this time, Charli xcx further established herself as a songwriter and collaborator, penning the Iggy Azalea/MØ track ""Beg for It,"" as well as songs for Gwen Stefani and Rihanna. In 2015, she appeared on Ty Dolla $ign's single ""Drop That Kitty"" alongside Tinashe and collaborated with Mr. Oizo on his Hand in the Fire EP. Early in 2016, XCX launched her boutique label, Vroom Vroom, releasing an EP by the same name that featured Hannah Diamond and SOPHIE, and singles by RIVRS and Cuckoolander. That year, PC Music's A.G. Cook became Charli XCX's creative director. In October 2016, she released the single ""After the Afterparty,"" the lead track from her scheduled third album; peaking at number 29 on the U.K. Singles Chart, it received silver certification from the BPI. Along with writing two tracks for Blondie's album Pollinator (""Gravity"" and ""Tonight""), in 2017 XCX released the Number 1 Angel mixtape, which featured contributions by MØ and CupcakKe that March. Around that time, she also appeared on Mura Masa's single ""1 Night."" Later in the year, the songs from her upcoming third album leaked, leading XCX to cancel the project entirely. A second mixtape, Pop 2, followed that December, and included the single ""Out of My Head,"" featuring Alma and Tove Lo.
In 2018, Charli xcx joined the star-studded single ""Girls"" with Rita Ora, Cardi B, and Bebe Rexha, later releasing her own singles ""5 in the Morning,"" ""Focus,"" and ""Girls Night Out."" She also joined Taylor Swift's Reputation Stadium Tour as an opener. To close out her year, she issued the single ""1999,"" a collaboration with Troye Sivan that became a Top 40 hit in the U.S. and climbed into the Top 20 around the globe. The song appeared on Charli XCX's third album, which also featured Lizzo, Christine and the Queens, Sky Ferreira, and Yaeji as well as producers including PC Music's A.G. Cook, Easyfun, and Stargate. The simply named Charli arrived in September 2019, and debuted at number 14 on the U.K. charts; in the U.S., it appeared in the Top 50 of the Billboard 200. In addition, she collaborated with BTS' Jin, Jimin, and Jungkook on ""Dream Glow,"" a song from the soundtrack to the group's mobile game BTS World.
Early in 2020, Charli xcx collaborated with Galantis and 100 gecs and was working on her next album, but when the global COVID-19 pandemic required her -- and much of the world -- to shelter in place starting in March 2020, she changed gears. Along with conducting live chats with artists including Orville Peck and Rina Sawayama on her social media platforms, she used her fans' input to test out a new set of songs for an album she completed during quarantine. With production assists from Cook, BJ Burton and 100 gecs' Dylan Brady among others, how i'm feeling now arrived in May 2020 and evoked the spontaneous feel of her mixtapes. The album reached number 33 in the U.K. and was shortlisted for the Mercury Prize.
In 2021 she collaborated on the track ""Spinning"" with No Rome and the 1975 before releasing her own stand-alone song, ""Good Ones."" For her fifth album, March 2022's Crash, Aitchison updated dance-pop from the '80s, '90s, and 2000s with the help of collaborators including A.G. Cook, Caroline Polachek, Christine and the Queens, and Oneohtrix Point Never. The album was her most successful yet, topping charts in the U.K. and Australia, reaching number seven in the U.S., and appearing on the Mercury Prize shortlist. Shortly after the album's release, she worked with Tiësto on the single ""Hot in It."" She then concentrated on music for films, first contributing the single ""Hot Girl"" to 2022's Bodies Bodies Bodies. xcx teamed with Pop 2 producer Easyfun on ""Speed Drive,"" which appeared on the hit soundtrack to 2023's Barbie; the song reached number nine in the U.K. and 73 in the U.S., marking her first showing on the charts there since 2014. She also scored 2023's Bottoms with co-composer Leo Birenberg. xcx rounded out the year by featuring on Addison Rae's ""2 Die 4"" and collaborating with Sam Smith on the Top 40 U.K. hit ""In the City.""
Early in 2024, Charli xcx performed at Brooklyn's Boiler Room backed by musicians including Cook and the 1975's George Daniel. The show set the tone for her February single ""Von Dutch,"" a brash, dancefloor-oriented track that appeared on that June's full-length Brat. The album paired raw, stripped-down productions from Cook, Easyfun, Gesaffelstein, and xcx with some of her most candid songwriting. Reaching number two in the U.K. and number three in the U.S., Brat garnered her highest first-week sales in both countries. The album's distinctive artwork of plain black text on a neon green background went viral on social media, and was adopted for campaigns for the Green Party of England and Wales and by presidential candidate Kamala Harris in the U.S. Shortly after the album's release, the deluxe version Brat and It's the Same but There's Three More Songs So It's Not arrived, featuring the Billie Eilish collaboration ""Guess"" among its bonus tracks. A remix of ""Guess"" topped the U.K. Singles Chart, making it xcx's first appearance on the chart since 2012's ""I Love It."" Brat was nominated for the Mercury Prize that July, and in October the remix album brat and it's completely different but also still brat appeared while xcx was on tour with Troye Sivan. The album's list of collaborators included Sivan, Eilish, Polachek, Cook, Ariana Grande, Robyn, Lorde, and less-expected artists such as the Strokes' Julian Casablancas and Bon Iver. ~ Heather Phares",Speed Drive,Unknown,https://www.youtube.com/watch?v=y7jzzvKxgZ8&pp=ygUWQ2hhcmxpIHhjeCBTcGVlZCBEcml2ZQ%3D%3D
Barbie: The Album,https://lastfm.freetls.fastly.net/i/u/300x300/4e9be87120e340dd413edea1802d9b09.jpg,Charli xcx,2023-07-21,"Straddling the most experimental and mainstream sides of pop with ease, Charli xcx is just as comfortable working with cutting-edge producers like A.G. Cook as she is touring with Taylor Swift. As a songwriter and collaborator, she helped create some of the biggest pop singles of the 2010s, including Icona Pop's 2012 smash ""I Love It"" and Iggy Azalea's 2014 chart-topping hit ""Fancy."" As an artist in her own right, her work spanned the edgy sounds of her 2013 debut album, True Romance, to the more straightforward territory of 2014's follow-up Sucker, which featured the U.S. Top Ten single ""Boom Clap."" As the decade unfolded, she only became more prolific and eclectic. Along with founding her own label, Vroom Vroom, she issued EPs and mixtapes, including 2017's Pop 2, that combined the different sides of her music in a fittingly freewheeling way -- a direction she continued on '90s and 2000s pop flirtations of 2022's Crash and 2024's acclaimed Brat, a blend of indie sleaze hedonism and confessional songwriting that took her popularity to new heights.
Born in Cambridge, England, to a Scottish father and a Gujarati Indian mother, Charlotte Aitchison began writing songs when she was 14. By 2008, she was posting her tracks online and performing at raves, taking her MSN Messenger username as her alias. That year, she released a pair of singles, ""Emelline/Art Bitch"" and ""!Franchesckaar!,"" and recorded her first album, which she sold at concerts but was never released officially. She returned in 2011 with the singles ""Stay Away"" and ""Nuclear Seasons,"" both of which were produced by Ariel Rechtshaid, and appeared on Starkey's ""Lost in Space"" and Alex Metric's ""End of the World."" She also issued the mixtapes Super Girls, Super Love, and I Like Boys Who Cry, which respectively gathered the female and male artists who shaped her music.
Charli xcx's first original mixtape, Heartbreaks and Earthquakes, arrived in May 2012 and was followed by her U.S. debut EP, You're the One, and another mixtape, November's Super Ultra. Later that year, she scored her biggest hit to date when she appeared on Icona Pop's single ""I Love It,"" which she co-wrote. It became one of the year's biggest songs, hitting number seven on the Billboard Hot 100 and topping the U.K. singles chart. Her debut album, True Romance, arrived in April 2013. Featuring production by Rechtshaid, Joakim Åhlund, and Blood Diamonds, the album reached number 85 on the U.K. Albums chart, was a top 20 hit in Australia, and reached number five on Billboard's Heatseekers chart.
Though True Romance earned critical acclaim, Charli xcx was already working on her next album later that year, with collaborators as diverse as Weezer, Stargate, and Vampire Weekend's Rostam Batmanglij; she issued the single ""Superlove"" in December. Her big break came in 2014, when she collaborated with Iggy Azalea on the single ""Fancy."" The song became both artists' first number one on Billboard's Hot 100 that May (Aitchison also co-wrote ""Beg for It,"" which appeared on Azalea's Reclassified and featured Danish singer/songwriter MØ). Also that month, XCX released the single ""Boom Clap,"" which introduced a more straightforward pop sound. Featured on the soundtrack to the film adaptation of the young adult novel The Fault in Our Stars, it charted in the Top Ten in the U.S., the U.K., and Australia, becoming her biggest solo hit to date. The single also appeared on the pop-punk influenced full-length Sucker, which arrived that December. Along with ""Boom Clap,"" the album spawned several more singles, including ""Break the Rules,"" ""Famous,"" and 'Doing It,"" featuring Rita Ora. Sucker reached the Top 30 on the U.S. Billboard 200, and peaked at number 15 on the U.K. albums chart.
During this time, Charli xcx further established herself as a songwriter and collaborator, penning the Iggy Azalea/MØ track ""Beg for It,"" as well as songs for Gwen Stefani and Rihanna. In 2015, she appeared on Ty Dolla $ign's single ""Drop That Kitty"" alongside Tinashe and collaborated with Mr. Oizo on his Hand in the Fire EP. Early in 2016, XCX launched her boutique label, Vroom Vroom, releasing an EP by the same name that featured Hannah Diamond and SOPHIE, and singles by RIVRS and Cuckoolander. That year, PC Music's A.G. Cook became Charli XCX's creative director. In October 2016, she released the single ""After the Afterparty,"" the lead track from her scheduled third album; peaking at number 29 on the U.K. Singles Chart, it received silver certification from the BPI. Along with writing two tracks for Blondie's album Pollinator (""Gravity"" and ""Tonight""), in 2017 XCX released the Number 1 Angel mixtape, which featured contributions by MØ and CupcakKe that March. Around that time, she also appeared on Mura Masa's single ""1 Night."" Later in the year, the songs from her upcoming third album leaked, leading XCX to cancel the project entirely. A second mixtape, Pop 2, followed that December, and included the single ""Out of My Head,"" featuring Alma and Tove Lo.
In 2018, Charli xcx joined the star-studded single ""Girls"" with Rita Ora, Cardi B, and Bebe Rexha, later releasing her own singles ""5 in the Morning,"" ""Focus,"" and ""Girls Night Out."" She also joined Taylor Swift's Reputation Stadium Tour as an opener. To close out her year, she issued the single ""1999,"" a collaboration with Troye Sivan that became a Top 40 hit in the U.S. and climbed into the Top 20 around the globe. The song appeared on Charli XCX's third album, which also featured Lizzo, Christine and the Queens, Sky Ferreira, and Yaeji as well as producers including PC Music's A.G. Cook, Easyfun, and Stargate. The simply named Charli arrived in September 2019, and debuted at number 14 on the U.K. charts; in the U.S., it appeared in the Top 50 of the Billboard 200. In addition, she collaborated with BTS' Jin, Jimin, and Jungkook on ""Dream Glow,"" a song from the soundtrack to the group's mobile game BTS World.
Early in 2020, Charli xcx collaborated with Galantis and 100 gecs and was working on her next album, but when the global COVID-19 pandemic required her -- and much of the world -- to shelter in place starting in March 2020, she changed gears. Along with conducting live chats with artists including Orville Peck and Rina Sawayama on her social media platforms, she used her fans' input to test out a new set of songs for an album she completed during quarantine. With production assists from Cook, BJ Burton and 100 gecs' Dylan Brady among others, how i'm feeling now arrived in May 2020 and evoked the spontaneous feel of her mixtapes. The album reached number 33 in the U.K. and was shortlisted for the Mercury Prize.
In 2021 she collaborated on the track ""Spinning"" with No Rome and the 1975 before releasing her own stand-alone song, ""Good Ones."" For her fifth album, March 2022's Crash, Aitchison updated dance-pop from the '80s, '90s, and 2000s with the help of collaborators including A.G. Cook, Caroline Polachek, Christine and the Queens, and Oneohtrix Point Never. The album was her most successful yet, topping charts in the U.K. and Australia, reaching number seven in the U.S., and appearing on the Mercury Prize shortlist. Shortly after the album's release, she worked with Tiësto on the single ""Hot in It."" She then concentrated on music for films, first contributing the single ""Hot Girl"" to 2022's Bodies Bodies Bodies. xcx teamed with Pop 2 producer Easyfun on ""Speed Drive,"" which appeared on the hit soundtrack to 2023's Barbie; the song reached number nine in the U.K. and 73 in the U.S., marking her first showing on the charts there since 2014. She also scored 2023's Bottoms with co-composer Leo Birenberg. xcx rounded out the year by featuring on Addison Rae's ""2 Die 4"" and collaborating with Sam Smith on the Top 40 U.K. hit ""In the City.""
Early in 2024, Charli xcx performed at Brooklyn's Boiler Room backed by musicians including Cook and the 1975's George Daniel. The show set the tone for her February single ""Von Dutch,"" a brash, dancefloor-oriented track that appeared on that June's full-length Brat. The album paired raw, stripped-down productions from Cook, Easyfun, Gesaffelstein, and xcx with some of her most candid songwriting. Reaching number two in the U.K. and number three in the U.S., Brat garnered her highest first-week sales in both countries. The album's distinctive artwork of plain black text on a neon green background went viral on social media, and was adopted for campaigns for the Green Party of England and Wales and by presidential candidate Kamala Harris in the U.S. Shortly after the album's release, the deluxe version Brat and It's the Same but There's Three More Songs So It's Not arrived, featuring the Billie Eilish collaboration ""Guess"" among its bonus tracks. A remix of ""Guess"" topped the U.K. Singles Chart, making it xcx's first appearance on the chart since 2012's ""I Love It."" Brat was nominated for the Mercury Prize that July, and in October the remix album brat and it's completely different but also still brat appeared while xcx was on tour with Troye Sivan. The album's list of collaborators included Sivan, Eilish, Polachek, Cook, Ariana Grande, Robyn, Lorde, and less-expected artists such as the Strokes' Julian Casablancas and Bon Iver. ~ Heather Phares",I’m Just Ken,Unknown,https://www.youtube.com/watch?v=wwux9KiBMjE&pp=ygUWQ2hhcmxpIHhjeCBJbSBKdXN0IEtlbg%3D%3D
Boom Clap,https://lastfm.freetls.fastly.net/i/u/300x300/e45f3b87004b4116c1f4cba15fdbdddf.png,Charli xcx,2014-04-16,"Straddling the most experimental and mainstream sides of pop with ease, Charli xcx is just as comfortable working with cutting-edge producers like A.G. Cook as she is touring with Taylor Swift. As a songwriter and collaborator, she helped create some of the biggest pop singles of the 2010s, including Icona Pop's 2012 smash ""I Love It"" and Iggy Azalea's 2014 chart-topping hit ""Fancy."" As an artist in her own right, her work spanned the edgy sounds of her 2013 debut album, True Romance, to the more straightforward territory of 2014's follow-up Sucker, which featured the U.S. Top Ten single ""Boom Clap."" As the decade unfolded, she only became more prolific and eclectic. Along with founding her own label, Vroom Vroom, she issued EPs and mixtapes, including 2017's Pop 2, that combined the different sides of her music in a fittingly freewheeling way -- a direction she continued on '90s and 2000s pop flirtations of 2022's Crash and 2024's acclaimed Brat, a blend of indie sleaze hedonism and confessional songwriting that took her popularity to new heights.
Born in Cambridge, England, to a Scottish father and a Gujarati Indian mother, Charlotte Aitchison began writing songs when she was 14. By 2008, she was posting her tracks online and performing at raves, taking her MSN Messenger username as her alias. That year, she released a pair of singles, ""Emelline/Art Bitch"" and ""!Franchesckaar!,"" and recorded her first album, which she sold at concerts but was never released officially. She returned in 2011 with the singles ""Stay Away"" and ""Nuclear Seasons,"" both of which were produced by Ariel Rechtshaid, and appeared on Starkey's ""Lost in Space"" and Alex Metric's ""End of the World."" She also issued the mixtapes Super Girls, Super Love, and I Like Boys Who Cry, which respectively gathered the female and male artists who shaped her music.
Charli xcx's first original mixtape, Heartbreaks and Earthquakes, arrived in May 2012 and was followed by her U.S. debut EP, You're the One, and another mixtape, November's Super Ultra. Later that year, she scored her biggest hit to date when she appeared on Icona Pop's single ""I Love It,"" which she co-wrote. It became one of the year's biggest songs, hitting number seven on the Billboard Hot 100 and topping the U.K. singles chart. Her debut album, True Romance, arrived in April 2013. Featuring production by Rechtshaid, Joakim Åhlund, and Blood Diamonds, the album reached number 85 on the U.K. Albums chart, was a top 20 hit in Australia, and reached number five on Billboard's Heatseekers chart.
Though True Romance earned critical acclaim, Charli xcx was already working on her next album later that year, with collaborators as diverse as Weezer, Stargate, and Vampire Weekend's Rostam Batmanglij; she issued the single ""Superlove"" in December. Her big break came in 2014, when she collaborated with Iggy Azalea on the single ""Fancy."" The song became both artists' first number one on Billboard's Hot 100 that May (Aitchison also co-wrote ""Beg for It,"" which appeared on Azalea's Reclassified and featured Danish singer/songwriter MØ). Also that month, XCX released the single ""Boom Clap,"" which introduced a more straightforward pop sound. Featured on the soundtrack to the film adaptation of the young adult novel The Fault in Our Stars, it charted in the Top Ten in the U.S., the U.K., and Australia, becoming her biggest solo hit to date. The single also appeared on the pop-punk influenced full-length Sucker, which arrived that December. Along with ""Boom Clap,"" the album spawned several more singles, including ""Break the Rules,"" ""Famous,"" and 'Doing It,"" featuring Rita Ora. Sucker reached the Top 30 on the U.S. Billboard 200, and peaked at number 15 on the U.K. albums chart.
During this time, Charli xcx further established herself as a songwriter and collaborator, penning the Iggy Azalea/MØ track ""Beg for It,"" as well as songs for Gwen Stefani and Rihanna. In 2015, she appeared on Ty Dolla $ign's single ""Drop That Kitty"" alongside Tinashe and collaborated with Mr. Oizo on his Hand in the Fire EP. Early in 2016, XCX launched her boutique label, Vroom Vroom, releasing an EP by the same name that featured Hannah Diamond and SOPHIE, and singles by RIVRS and Cuckoolander. That year, PC Music's A.G. Cook became Charli XCX's creative director. In October 2016, she released the single ""After the Afterparty,"" the lead track from her scheduled third album; peaking at number 29 on the U.K. Singles Chart, it received silver certification from the BPI. Along with writing two tracks for Blondie's album Pollinator (""Gravity"" and ""Tonight""), in 2017 XCX released the Number 1 Angel mixtape, which featured contributions by MØ and CupcakKe that March. Around that time, she also appeared on Mura Masa's single ""1 Night."" Later in the year, the songs from her upcoming third album leaked, leading XCX to cancel the project entirely. A second mixtape, Pop 2, followed that December, and included the single ""Out of My Head,"" featuring Alma and Tove Lo.
In 2018, Charli xcx joined the star-studded single ""Girls"" with Rita Ora, Cardi B, and Bebe Rexha, later releasing her own singles ""5 in the Morning,"" ""Focus,"" and ""Girls Night Out."" She also joined Taylor Swift's Reputation Stadium Tour as an opener. To close out her year, she issued the single ""1999,"" a collaboration with Troye Sivan that became a Top 40 hit in the U.S. and climbed into the Top 20 around the globe. The song appeared on Charli XCX's third album, which also featured Lizzo, Christine and the Queens, Sky Ferreira, and Yaeji as well as producers including PC Music's A.G. Cook, Easyfun, and Stargate. The simply named Charli arrived in September 2019, and debuted at number 14 on the U.K. charts; in the U.S., it appeared in the Top 50 of the Billboard 200. In addition, she collaborated with BTS' Jin, Jimin, and Jungkook on ""Dream Glow,"" a song from the soundtrack to the group's mobile game BTS World.
Early in 2020, Charli xcx collaborated with Galantis and 100 gecs and was working on her next album, but when the global COVID-19 pandemic required her -- and much of the world -- to shelter in place starting in March 2020, she changed gears. Along with conducting live chats with artists including Orville Peck and Rina Sawayama on her social media platforms, she used her fans' input to test out a new set of songs for an album she completed during quarantine. With production assists from Cook, BJ Burton and 100 gecs' Dylan Brady among others, how i'm feeling now arrived in May 2020 and evoked the spontaneous feel of her mixtapes. The album reached number 33 in the U.K. and was shortlisted for the Mercury Prize.
In 2021 she collaborated on the track ""Spinning"" with No Rome and the 1975 before releasing her own stand-alone song, ""Good Ones."" For her fifth album, March 2022's Crash, Aitchison updated dance-pop from the '80s, '90s, and 2000s with the help of collaborators including A.G. Cook, Caroline Polachek, Christine and the Queens, and Oneohtrix Point Never. The album was her most successful yet, topping charts in the U.K. and Australia, reaching number seven in the U.S., and appearing on the Mercury Prize shortlist. Shortly after the album's release, she worked with Tiësto on the single ""Hot in It."" She then concentrated on music for films, first contributing the single ""Hot Girl"" to 2022's Bodies Bodies Bodies. xcx teamed with Pop 2 producer Easyfun on ""Speed Drive,"" which appeared on the hit soundtrack to 2023's Barbie; the song reached number nine in the U.K. and 73 in the U.S., marking her first showing on the charts there since 2014. She also scored 2023's Bottoms with co-composer Leo Birenberg. xcx rounded out the year by featuring on Addison Rae's ""2 Die 4"" and collaborating with Sam Smith on the Top 40 U.K. hit ""In the City.""
Early in 2024, Charli xcx performed at Brooklyn's Boiler Room backed by musicians including Cook and the 1975's George Daniel. The show set the tone for her February single ""Von Dutch,"" a brash, dancefloor-oriented track that appeared on that June's full-length Brat. The album paired raw, stripped-down productions from Cook, Easyfun, Gesaffelstein, and xcx with some of her most candid songwriting. Reaching number two in the U.K. and number three in the U.S., Brat garnered her highest first-week sales in both countries. The album's distinctive artwork of plain black text on a neon green background went viral on social media, and was adopted for campaigns for the Green Party of England and Wales and by presidential candidate Kamala Harris in the U.S. Shortly after the album's release, the deluxe version Brat and It's the Same but There's Three More Songs So It's Not arrived, featuring the Billie Eilish collaboration ""Guess"" among its bonus tracks. A remix of ""Guess"" topped the U.K. Singles Chart, making it xcx's first appearance on the chart since 2012's ""I Love It."" Brat was nominated for the Mercury Prize that July, and in October the remix album brat and it's completely different but also still brat appeared while xcx was on tour with Troye Sivan. The album's list of collaborators included Sivan, Eilish, Polachek, Cook, Ariana Grande, Robyn, Lorde, and less-expected artists such as the Strokes' Julian Casablancas and Bon Iver. ~ Heather Phares",Boom Clap,Unknown,https://www.youtube.com/watch?v=AOPMlIIg_38&pp=ygUUQ2hhcmxpIHhjeCBCb29tIENsYXA%3D
In the Earth Again,https://lastfm.freetls.fastly.net/i/u/300x300/2c29b311331730dd94cf2afac50281bd.jpg,Chat Pile,2025-10-31,"Taking their name from the mining byproducts that litter their home state of Oklahoma, American four-piece Chat Pile attempt to make sense of a crumbling world through their sludgy strain of noise rock. After finding online viral success with their 2019 debut EP, This Dungeon Earth, the group built their tense sound across the 2020s with acclaimed albums like God's Country (2022) and Cool World (2024).
Finding their paths connecting in the state capital of Oklahoma City, noise rock outfit Chat Pile is comprised of Ponca City's Raygun Busch (vocals), Moore's Luther Manhole (guitar), and Asher-based brothers Cap'n Ron (drums) and Stin (bass). Debuting in 2019 with the EP This Dungeon Earth, the band found underground buzz via online music rating sites, triggering them to release a second EP, Remove Your Skin Please, just a few months later. Signing to The Flenser in 2020, the group released the Sepultura cover ""Roots Bloody Roots"" and the split EP Portrayal of Guilt/Chat Pile Split (with Portrayal of Guilt) in 2021. They made their full-length debut in 2022 with God's Country. With lyrics retelling horrific real-world acts and protesting social injustice, the independently recorded album received a wave of critical acclaim online, including from Touché Amoré's Jeremy Bolm, who named it his favorite of the year. After soundtracking the film Tenkiller -- starring lead vocalist Busch -- the band issued the split EP Brothers in Christ with Kansas City's Nerver, then embarked on their first European tour. In 2024, the group issued their second album, Cool World; taking more influence from sludge metal, the melancholic project continued to process the band's frustrations with the world in a cathartic and troubled set. ~ David Crone",Radioactive Dreams,Unknown,https://www.youtube.com/watch?v=YICxWU5chG4&list=RDYICxWU5chG4&start_radio=1&pp=ygUcQ2hhdCBQaWxlIFJhZGlvYWN0aXZlIERyZWFtc6AHAQ%3D%3D
In Color,https://lastfm.freetls.fastly.net/i/u/300x300/d59b3c788b0d34e9c1c710d073dd269f.png,Cheap Trick,1977-09-01,"Combining a love for British guitar pop songcraft with crunching power chords and a flair for the absurd, Cheap Trick provided the necessary links between '60s pop, heavy metal, and punk. Their sound provided a blueprint for both power pop and arena rock; it also had a long-lived effect on both alternative and heavy metal bands of the '80s and '90s (and beyond), who often relied on the same combination of loud riffs and catchy melodies. The band's early albums were filled with highly melodic, well-written songs that drew equally from the crafted pop of the Beatles, the sonic assault of the Who, and the tongue-in-cheek musical eclecticism and humor of the Move. After developing a cult following after three outstanding albums -- 1977's Cheap Trick and In Color and 1978's Heaven Tonight -- and relentless touring, Cheap Trick scored an unexpected hit with 1978's At Budokan, a live album  that became their international breakthrough. Glossy production and at times confused creative direction were roadblocks for the band throughout much of the '80s, though they did find commercial success with 1988's Lap of Luxury and its hit single ""The Flame."" However, after leaving the major labels behind with 1997's Cheap Trick, the band enjoyed a creative second wind, reaffirming the strength of their formula on-stage and in the studio as evidenced on 2006's Rockford and 2016's Bang, Zoom, Crazy... Hello. Soon after being elected to the Rock & Roll Hall of Fame, they kicked off a productive streak that saw them release three albums within 18 months, and while they were mostly dedicated to touring after that, they did return to the studio to produce 2021's In Another World, yet another example of how their timeless sound failed to dim no matter how many years they employed it.
Cheap Trick's roots lie in Fuse, a late-'60s band formed by Rick Nielsen and bassist Tom Petersson in Rockford, Illinois. The group released an album on Epic in 1969; after it failed to gain any attention, the band relocated to Philadelphia and changed their name to Sick Man of Europe. The group toured Europe unsuccessfully in 1972 and returned to Illinois in 1973. Not long after their return to Rockford, Nielsen and Petersson changed their band's name once more -- this time to Cheap Trick -- and added drummer Bun E. Carlos and vocalist Randy ""Xeno"" Hogan to the lineup. Hogan was fired the following year, making room for ex-folksinger Robin Zander to join the group. Between 1975 and the band's first album in 1977, Cheap Trick toured constantly, playing over 200 concerts a year while occasionally opening for the likes of the Kinks, Kiss, Santana, AC/DC, and Queen. During this time, the band built up a solid catalog of original songs that would eventually comprise their first three albums; they also perfected their kinetic live show.
Cheap Trick signed with Epic in 1976 and released their self-titled debut early the following year. The record sold well in America, yet it failed to chart. However, the group became a massive success in Japan, and the album went gold upon release. Later that year, the band released their second album, In Color. It backed away from the harder-rocking side of Cheap Trick, featuring slicker production and quieter arrangements that spotlighted the band's melodic skills instead. Due to their constant touring, the record made it into the U.S. charts, peaking at number 73. It became another gold-seller in Japan, however, where the musicians had become virtual superstars. Their Japanese concerts began selling out within two hours, and they packed the sizable Budokan Arena.
Cheap Trick's concerts at Budokan were recorded for possible release, although the live album didn't appear until the band's third album, 1978's Heaven Tonight. That third album captured both the loud, raucous energy of Cheap Trick's debut and the hook-laden songcraft of In Color, leading to their first Top 100 single, ""Surrender,"" which peaked at number 62. However, the live performances on At Budokan (1979) captured the band's energetic, infectious live show, resulting in their commercial breakthrough in America. The album stayed on the charts for over a year, peaking at number four and eventually selling over three million copies. Meanwhile, a live version of ""I Want You to Want Me"" became their first Top Ten hit. Later that year, the group released their fourth studio album, Dream Police, which followed the same stylistic approach as Heaven Tonight. It also followed At Budokan into the Top Ten, selling over a million copies and launching the Top 40 hit singles ""Voices"" and ""Dream Police."" In the summer of 1980, the group released an EP of tracks recorded between 1976-1979 called Found All the Parts.
Following the recording of the George Martin-produced All Shook Up, Petersson left the group in the summer of 1980 to form a group with his wife, Dagmar. He was replaced by Jon Brant. Released toward the end of 1980, All Shook Up performed respectably, peaking at number 24 and going gold, yet the single ""Stop This Game"" failed to crack the Top 40. One on One, the group's seventh album and the first recorded with Brant, appeared in 1982. Although it peaked at number 39, the record was more successful than All Shook Up, eventually going platinum. Nevertheless, the group was entering a downhill commercial slide, despite the fact that its music was becoming increasingly polished. Next Position Please, released in 1983, failed to launch a hit single and spent only 11 weeks on the charts. Standing on the Edge (1985) and The Doctor (1986) suffered similar fates, as the group were slowly losing their creative spark.
Petersson rejoined the band in 1988 and the group began work on a new record with the help of several professional songwriters. The resulting effort, Lap of Luxury, was a platinum Top 20 hit, featuring the number one power ballad ""The Flame"" and a Top Ten version of Elvis Presley's ""Don't Be Cruel."" Busted, released in 1990, wasn't as successful as Lap of Luxury, peaking at number 48 and effectively putting an end to the group's commercial comeback.
Cheap Trick soldiered into the new decade by signing with Warner Bros. in 1994 and releasing Woke Up with a Monster, which peaked at number 123 and spent two weeks on the album chart. That same year, Epic released a sequel to At Budokan, aptly titled Budokan II. Compiled from the same shows as At Budokan, the record served as an effective reminder of why the group had become so popular in the late '70s.
In 1995, Cheap Trick asked to leave Warner's roster after the label's chief executives, Lenny Waronker and Mo Ostin, departed. The band then decided to go back to the basics, and several alt rock superstars who had been influenced by Cheap Trick gave the band opportunities to restore their reputation. The Smashing Pumpkins had them open their tour in 1995, and the group played several dates on the 1996 Lollapalooza Tour. That same year, the box set Sex, America, Cheap Trick appeared to positive reviews, and the band signed with the fledgling indie label Red Ant before setting to work on a new album. Early in 1997, the group released a Steve Albini-produced single on Sub Pop, which was followed by the eponymous Cheap Trick, their acclaimed debut for Red Ant, in the spring. Unfortunately, Red Ant filed for bankruptcy seven weeks after the album's release, sadly putting a sudden halt on the group's building momentum.
On April 30, 1998, the group launched a four-night residency in Chicago, devoting each show to reprising one of their first four albums in its entirety. Those shows later yielded a 1999 live LP, Music for Hangovers, which the musicians issued on their own Cheap Trick Unlimited label. A band-authorized hits collection followed in 2000. By the dawn of the new millennium, Cheap Trick were still without a label, but had retained their loyal following by continually touring the world. Appropriately, another live set saw the light of day in 2001. Entitled Silver, the double-disc album (and companion DVD) documented the band's star-studded, career-spanning 25th anniversary show on August 28, 1999. The band also recorded another studio album, released in 2003 as Special One. It was followed in 2006 by Rockford, named in tribute to the band's hometown, and then The Latest in 2009. Cheap Trick also maintained a heavy touring ethic, canvassing America that summer alongside Def Leppard and releasing their tribute to the Beatles with Sgt. Pepper Live. In late 2015, Cheap Trick signed with powerhouse country label Big Machine Records, and their first album for their new sponsors, Bang, Zoom, Crazy... Hello, was released in April 2016--the same month the group was inducted into the Rock & Roll Hall of Fame. It was the first Cheap Trick release since the departure of drummer Bun E. Carlos. Daxx Nielsen, Rick's son, became the group's new percussionist in 2010. Wasting no time, they returned with their second album for Big Machine, the rollicking We're All Alright!, in June 2017. They had barely caught their breath when they were back with their first holiday album, Christmas Christmas, in October 2017. After spending much of their time playing every stage that would have them, the group returned with a studio album in 2021. In Another World conjured up memories of early albums, with both Nielsen and Zander performing with the zeal of men far younger. A much earlier version of the band was trotted out in all their strutting glory on the 2022 archival release Live at the Whisky 1977. Recorded while the band was in the midst of working on In Color, the four complete live shows capture a raucous, guitar-heavy side of the group that their studio albums don't. When it was released near the end of 2022, the band had just finished a U.S. tour. ~ Stephen Thomas Erlewine & Greg Prato",Hello There,Unknown,https://www.youtube.com/watch?v=0TlUqZ_8YMk&pp=ygUZQ2hlYXAgVHJpY2sgLSBIZWxsbyBUaGVyZdIHCQmECQGHKiGM7w%3D%3D
Immaculada High,https://lastfm.freetls.fastly.net/i/u/300x300/c2363c37c9d9972c9ecfbd0771d9b2e2.jpg,Cherubs,2019-07-26,"Cut from the same cloth as contemporaries like the Jesus Lizard, Steel Pole Bath Tub, and the Melvins, Austin's abrasive Cherubs existed for a brief window as part of the early-'90s noise rock underground. Their grinding, rhythm-driven songs came into full force on their fuzzy 1994 sophomore album, Heroin Man, as the band imploded. Twenty years later, with very little notice, a reunited Cherubs appeared from out of the ether, sounding as if no time had passed. From 2015 on, they steadily released new material like the 2019 album Immaculada High and 2021 EP SLO BLO 4 FRNZ & SXY.
Cherubs were formed in 1991 by guitarist Kevin Whitley, bassist/vocalist Owen McMahon, and drummer Brent Prager. Part of an active noise rock scene in Austin, Texas (Whitley had formerly played drums in the weirdo punk band Ed Hall), Cherubs were quickly signed to Trance Syndicate, the label of Butthole Surfers drummer King Coffey. The label released the band's 1992 debut full-length, Icing, a showcase of Cherubs' aggressive and unrelenting sound. The group issued several 7"" singles and had completed work on a second album when they broke up after Prager and McMahon got into a physical fight following a show. The album, Heroin Man, came out a few months later anyway, and marked a massive change in the band's sound with lead vocal duties taken over by Whitley. Two years later, there was still enough fanfare from the group's short lifespan to necessitate the release of the B-sides and rarities comp Short of Popular as well as a split 7"" with Fuckemos, both released in 1996.
Years passed, and the influence of Cherubs could be felt on the next generation of noisy bands. In 2013, tribute comp Everyone's Dead Before They Leave: A Tribute to the Cherubs materialized, and the next year the group announced they were reuniting. More than 20 years after its predecessor, third album 2 Ynfynyty was released by Brutal Panda Records in March 2015. The following year, the group returned with more new material, this time an EP entitled Fist in the Air. In late 2018, Cherubs signed on with Relapse Records, which would facilitate the release of their next album, 2019's tumultuous Immaculada High. They followed the record with 2021's EP SLO BLO 4 FRNZ & SXY, a ten-track collection that included some new songs, slowed-down remix versions, and an acoustic reworking of Immaculada High standout ""Sooey Pig."" ~ Fred Thomas",IMCG,Unknown,https://www.youtube.com/watch?v=4JPYRNJsxlI&pp=ygUOQ2hlcnVicyAtIElNQ0c%3D
Hexed,https://lastfm.freetls.fastly.net/i/u/300x300/4033f09edc55b6b79cf71bc8719a265e.jpg,Children of Bodom,2019-03-08,"Since their formation in 1993, Finland's Children of Bodom wove various strains of heavy and extreme metal, melodic hooks, a flashy presentation, a healthy -- some would say excessive -- sense of humor, and the guitar pyrotechnics of lead guitarist Alexi Laiho into an instantly recognizable sound at once expansive yet difficult to pigeonhole. Beginning with their independently issued debut, Something Wild, on Spinefarm in 1997 (re-released by Nuclear Blast a year later) and underscored by an electrifying, wildly energetic, entertaining stage presence showcased on regional tours opening for acts such as Dimmu Borgir, word of mouth won the band a cult-like fan base that grew exponentially in the ensuing years, making them a global attraction. Several of their albums charted inside the Top 100 on the pop charts, while six more landed in the Top 20 at Hard Rock Albums list and on various other charts. 2003's Hate Crew Deathroll delivered an excellent example of their slice 'n' dice songwriting style, where grotesque, theatrical lyrics were juxtaposed with Laiho's richly combinative, shred-and-roll metal riffs and themes, which simultaneously offered ample evidence of their instrumental prowess and a firmly tongue-in-cheek, nearly satirical approach to HM themes. 2004's Are You Dead Yet? and 2006's audiovisual package Chaos Ridden Years: Stockholm Knockout Live were paramount in winning Laiho Metal Hammer's World's Best Guitarist designation that year. 2008's Blooddrunk reached the Top 25, making it their highest-charting and best-selling album; its cover version of ""Ghost Riders in the Sky"" became a streaming hit. In 2013, Halo of Blood was noteworthy for not only charting, but for reviews by several publications that claimed it might be the recording to take European death metal mainstream. Two years later, I Worship Chaos was released in a deluxe version that contained four covers including Bananarama's ""Cruel Summer,"" the Plasmatics' ""Mistress of Taboo,"" Kenny Loggins' ""Danger Zone,"" and Amorphis' ""Black Winter Day."" They helped take the album to number one at home and into the upper half of the Top 200 in the States, while charting inside the Top 40 across the remainder of Europe. They split at the end of 2019. In 2023, they issued the archival A Chapter Called Children of Bodom, documenting their final concert in Helsinki.
Founded by lifelong friends Alexi Laiho (guitar/vocals) and Jaska Raatikainen (drums), the band originally formed under the name Inearthed. Along with bassist Samuli Miettinen, Laiho and Raatikainen mined their love of classic death metal for inspiration, channeling the aggression of bands like Entombed and Obituary into their sound. Though he was Inearthed's primary songwriter, Miettinen's time in the band was cut short when his family moved to the United States. The group soldiered on, recruiting Henkka Seppälä as a replacement, as well as expanding their lineup with a second guitarist, Alexander Kuoppala, and keyboardist Janne Wirman.
In 1997, after years of unsuccessfully courting labels with demo recordings, the band gained the attention of Belgian label Shiver, which signed the group with the intent to release their debut album, Something Wild. Inearthed quickly found their cup running over with interest when, right after they signed on with one label, a bigger label, Spinefarm Records, also became interested in the band. They eventually decided to go with Spinefarm and changed their name from Inearthed to Children of Bodom (based on the Lake Bodom murders in their hometown of Espoo) so they could sign a new contract with the label, which eventually released their debut later that year.
Things took off quickly for Children of Bodom, who entered into a relentless European touring and recording schedule that resulted in the quick release of their second album, Hatebreeder, in 1999 and their third album, Follow the Reaper, the next year. The group had a big year in 2003 when, after releasing Hate Crew Deathroll, they were named Finnish Band of the Year at the Finnish Music Awards. This was also the year of their first world tour, though the tour would prove to be a double-edged sword when, despite gaining them exposure in North America, it resulted in the unexpected departure of Kuoppala, who found himself growing tired of a life spent on the road. The band recruited guitarist Roope Latvala, who was already well known as a founding member of Stone, to replace him, and continued to tour.
Children of Bodom's next album, Are You Dead Yet?, arrived in 2005, though the touring was cut short after Laiho injured his shoulder a couple of years later, forcing the band off the road while the guitarist recovered. This didn't stop them from working on new material, however, and their sixth album, Blooddrunk, appeared in 2008, followed by Relentless, Reckless Forever in 2011 and Halo of Blood in 2013. The group supported the release by appearing on that year's Mayhem Festival tour with Rob Zombie, Amon Amarth, and Mastodon.
In April 2015, Children of Bodom announced a new album. A month later, their Facebook page revealed that Latvala (a member since 2003) had left the band. Eschewing a proper studio to record in an empty warehouse, the quartet -- with Laiho handling all guitar parts -- attempted to capture the ambience of their live shows on a recording. A single, ""Morrigan,"" was released on video and for digital download in September. The album, I Worship Chaos, followed in early October with the title track offered as a second single. Just in time to tour the album, they replaced Latvala with Daniel Freyberg (formerly of Norther). It would be three-and-a-half years before the band released another record, their longest gap between albums to that date.
Hexed appeared in March 2019, preceded by the single ""Under Grass and Clover."" Both catchier and more technical than previous releases, it had progressive and even jazz hints. Children of Bodom played what was billed as their final show in November 2019 in Helsinki, and Laiho launched a new project, Bodom After Midnight. In early January 2021, the group announced that Alexi Laiho had died in late December 2020 due to long-term health issues; he was 41 years old. At the end of 2023, the live A Chapter Called Children of Bodom Final Show in Helsinki Ice Hall, 2019] appeared. It represented the band's swan song and [Laiho's final recordings. ~ Gregory Heaney",This Road,Unknown,https://www.youtube.com/watch?v=qIsbxH7k4Sc&pp=ygUbQ2hpbGRyZW4gb2YgQm9kb20gVGhpcyBSb2Fk
Holiday at Lake Bodom: 15 Years of Wasted Youth,https://lastfm.freetls.fastly.net/i/u/300x300/8aae0b8ab4a84a588611244864e0bf76.jpg,Children of Bodom,2012-01-01,"Since their formation in 1993, Finland's Children of Bodom wove various strains of heavy and extreme metal, melodic hooks, a flashy presentation, a healthy -- some would say excessive -- sense of humor, and the guitar pyrotechnics of lead guitarist Alexi Laiho into an instantly recognizable sound at once expansive yet difficult to pigeonhole. Beginning with their independently issued debut, Something Wild, on Spinefarm in 1997 (re-released by Nuclear Blast a year later) and underscored by an electrifying, wildly energetic, entertaining stage presence showcased on regional tours opening for acts such as Dimmu Borgir, word of mouth won the band a cult-like fan base that grew exponentially in the ensuing years, making them a global attraction. Several of their albums charted inside the Top 100 on the pop charts, while six more landed in the Top 20 at Hard Rock Albums list and on various other charts. 2003's Hate Crew Deathroll delivered an excellent example of their slice 'n' dice songwriting style, where grotesque, theatrical lyrics were juxtaposed with Laiho's richly combinative, shred-and-roll metal riffs and themes, which simultaneously offered ample evidence of their instrumental prowess and a firmly tongue-in-cheek, nearly satirical approach to HM themes. 2004's Are You Dead Yet? and 2006's audiovisual package Chaos Ridden Years: Stockholm Knockout Live were paramount in winning Laiho Metal Hammer's World's Best Guitarist designation that year. 2008's Blooddrunk reached the Top 25, making it their highest-charting and best-selling album; its cover version of ""Ghost Riders in the Sky"" became a streaming hit. In 2013, Halo of Blood was noteworthy for not only charting, but for reviews by several publications that claimed it might be the recording to take European death metal mainstream. Two years later, I Worship Chaos was released in a deluxe version that contained four covers including Bananarama's ""Cruel Summer,"" the Plasmatics' ""Mistress of Taboo,"" Kenny Loggins' ""Danger Zone,"" and Amorphis' ""Black Winter Day."" They helped take the album to number one at home and into the upper half of the Top 200 in the States, while charting inside the Top 40 across the remainder of Europe. They split at the end of 2019. In 2023, they issued the archival A Chapter Called Children of Bodom, documenting their final concert in Helsinki.
Founded by lifelong friends Alexi Laiho (guitar/vocals) and Jaska Raatikainen (drums), the band originally formed under the name Inearthed. Along with bassist Samuli Miettinen, Laiho and Raatikainen mined their love of classic death metal for inspiration, channeling the aggression of bands like Entombed and Obituary into their sound. Though he was Inearthed's primary songwriter, Miettinen's time in the band was cut short when his family moved to the United States. The group soldiered on, recruiting Henkka Seppälä as a replacement, as well as expanding their lineup with a second guitarist, Alexander Kuoppala, and keyboardist Janne Wirman.
In 1997, after years of unsuccessfully courting labels with demo recordings, the band gained the attention of Belgian label Shiver, which signed the group with the intent to release their debut album, Something Wild. Inearthed quickly found their cup running over with interest when, right after they signed on with one label, a bigger label, Spinefarm Records, also became interested in the band. They eventually decided to go with Spinefarm and changed their name from Inearthed to Children of Bodom (based on the Lake Bodom murders in their hometown of Espoo) so they could sign a new contract with the label, which eventually released their debut later that year.
Things took off quickly for Children of Bodom, who entered into a relentless European touring and recording schedule that resulted in the quick release of their second album, Hatebreeder, in 1999 and their third album, Follow the Reaper, the next year. The group had a big year in 2003 when, after releasing Hate Crew Deathroll, they were named Finnish Band of the Year at the Finnish Music Awards. This was also the year of their first world tour, though the tour would prove to be a double-edged sword when, despite gaining them exposure in North America, it resulted in the unexpected departure of Kuoppala, who found himself growing tired of a life spent on the road. The band recruited guitarist Roope Latvala, who was already well known as a founding member of Stone, to replace him, and continued to tour.
Children of Bodom's next album, Are You Dead Yet?, arrived in 2005, though the touring was cut short after Laiho injured his shoulder a couple of years later, forcing the band off the road while the guitarist recovered. This didn't stop them from working on new material, however, and their sixth album, Blooddrunk, appeared in 2008, followed by Relentless, Reckless Forever in 2011 and Halo of Blood in 2013. The group supported the release by appearing on that year's Mayhem Festival tour with Rob Zombie, Amon Amarth, and Mastodon.
In April 2015, Children of Bodom announced a new album. A month later, their Facebook page revealed that Latvala (a member since 2003) had left the band. Eschewing a proper studio to record in an empty warehouse, the quartet -- with Laiho handling all guitar parts -- attempted to capture the ambience of their live shows on a recording. A single, ""Morrigan,"" was released on video and for digital download in September. The album, I Worship Chaos, followed in early October with the title track offered as a second single. Just in time to tour the album, they replaced Latvala with Daniel Freyberg (formerly of Norther). It would be three-and-a-half years before the band released another record, their longest gap between albums to that date.
Hexed appeared in March 2019, preceded by the single ""Under Grass and Clover."" Both catchier and more technical than previous releases, it had progressive and even jazz hints. Children of Bodom played what was billed as their final show in November 2019 in Helsinki, and Laiho launched a new project, Bodom After Midnight. In early January 2021, the group announced that Alexi Laiho had died in late December 2020 due to long-term health issues; he was 41 years old. At the end of 2023, the live A Chapter Called Children of Bodom Final Show in Helsinki Ice Hall, 2019] appeared. It represented the band's swan song and [Laiho's final recordings. ~ Gregory Heaney",Hate Me!,Unknown,https://www.youtube.com/watch?v=mYOVp59n1_s&pp=ygUZQ2hpbGRyZW4gb2YgQm9kb20gSGF0ZSBNZQ%3D%3D
Holiday at Lake Bodom: 15 Years of Wasted Youth,https://lastfm.freetls.fastly.net/i/u/300x300/8aae0b8ab4a84a588611244864e0bf76.jpg,Children of Bodom,2012-01-01,"Since their formation in 1993, Finland's Children of Bodom wove various strains of heavy and extreme metal, melodic hooks, a flashy presentation, a healthy -- some would say excessive -- sense of humor, and the guitar pyrotechnics of lead guitarist Alexi Laiho into an instantly recognizable sound at once expansive yet difficult to pigeonhole. Beginning with their independently issued debut, Something Wild, on Spinefarm in 1997 (re-released by Nuclear Blast a year later) and underscored by an electrifying, wildly energetic, entertaining stage presence showcased on regional tours opening for acts such as Dimmu Borgir, word of mouth won the band a cult-like fan base that grew exponentially in the ensuing years, making them a global attraction. Several of their albums charted inside the Top 100 on the pop charts, while six more landed in the Top 20 at Hard Rock Albums list and on various other charts. 2003's Hate Crew Deathroll delivered an excellent example of their slice 'n' dice songwriting style, where grotesque, theatrical lyrics were juxtaposed with Laiho's richly combinative, shred-and-roll metal riffs and themes, which simultaneously offered ample evidence of their instrumental prowess and a firmly tongue-in-cheek, nearly satirical approach to HM themes. 2004's Are You Dead Yet? and 2006's audiovisual package Chaos Ridden Years: Stockholm Knockout Live were paramount in winning Laiho Metal Hammer's World's Best Guitarist designation that year. 2008's Blooddrunk reached the Top 25, making it their highest-charting and best-selling album; its cover version of ""Ghost Riders in the Sky"" became a streaming hit. In 2013, Halo of Blood was noteworthy for not only charting, but for reviews by several publications that claimed it might be the recording to take European death metal mainstream. Two years later, I Worship Chaos was released in a deluxe version that contained four covers including Bananarama's ""Cruel Summer,"" the Plasmatics' ""Mistress of Taboo,"" Kenny Loggins' ""Danger Zone,"" and Amorphis' ""Black Winter Day."" They helped take the album to number one at home and into the upper half of the Top 200 in the States, while charting inside the Top 40 across the remainder of Europe. They split at the end of 2019. In 2023, they issued the archival A Chapter Called Children of Bodom, documenting their final concert in Helsinki.
Founded by lifelong friends Alexi Laiho (guitar/vocals) and Jaska Raatikainen (drums), the band originally formed under the name Inearthed. Along with bassist Samuli Miettinen, Laiho and Raatikainen mined their love of classic death metal for inspiration, channeling the aggression of bands like Entombed and Obituary into their sound. Though he was Inearthed's primary songwriter, Miettinen's time in the band was cut short when his family moved to the United States. The group soldiered on, recruiting Henkka Seppälä as a replacement, as well as expanding their lineup with a second guitarist, Alexander Kuoppala, and keyboardist Janne Wirman.
In 1997, after years of unsuccessfully courting labels with demo recordings, the band gained the attention of Belgian label Shiver, which signed the group with the intent to release their debut album, Something Wild. Inearthed quickly found their cup running over with interest when, right after they signed on with one label, a bigger label, Spinefarm Records, also became interested in the band. They eventually decided to go with Spinefarm and changed their name from Inearthed to Children of Bodom (based on the Lake Bodom murders in their hometown of Espoo) so they could sign a new contract with the label, which eventually released their debut later that year.
Things took off quickly for Children of Bodom, who entered into a relentless European touring and recording schedule that resulted in the quick release of their second album, Hatebreeder, in 1999 and their third album, Follow the Reaper, the next year. The group had a big year in 2003 when, after releasing Hate Crew Deathroll, they were named Finnish Band of the Year at the Finnish Music Awards. This was also the year of their first world tour, though the tour would prove to be a double-edged sword when, despite gaining them exposure in North America, it resulted in the unexpected departure of Kuoppala, who found himself growing tired of a life spent on the road. The band recruited guitarist Roope Latvala, who was already well known as a founding member of Stone, to replace him, and continued to tour.
Children of Bodom's next album, Are You Dead Yet?, arrived in 2005, though the touring was cut short after Laiho injured his shoulder a couple of years later, forcing the band off the road while the guitarist recovered. This didn't stop them from working on new material, however, and their sixth album, Blooddrunk, appeared in 2008, followed by Relentless, Reckless Forever in 2011 and Halo of Blood in 2013. The group supported the release by appearing on that year's Mayhem Festival tour with Rob Zombie, Amon Amarth, and Mastodon.
In April 2015, Children of Bodom announced a new album. A month later, their Facebook page revealed that Latvala (a member since 2003) had left the band. Eschewing a proper studio to record in an empty warehouse, the quartet -- with Laiho handling all guitar parts -- attempted to capture the ambience of their live shows on a recording. A single, ""Morrigan,"" was released on video and for digital download in September. The album, I Worship Chaos, followed in early October with the title track offered as a second single. Just in time to tour the album, they replaced Latvala with Daniel Freyberg (formerly of Norther). It would be three-and-a-half years before the band released another record, their longest gap between albums to that date.
Hexed appeared in March 2019, preceded by the single ""Under Grass and Clover."" Both catchier and more technical than previous releases, it had progressive and even jazz hints. Children of Bodom played what was billed as their final show in November 2019 in Helsinki, and Laiho launched a new project, Bodom After Midnight. In early January 2021, the group announced that Alexi Laiho had died in late December 2020 due to long-term health issues; he was 41 years old. At the end of 2023, the live A Chapter Called Children of Bodom Final Show in Helsinki Ice Hall, 2019] appeared. It represented the band's swan song and [Laiho's final recordings. ~ Gregory Heaney",Everytime I Die,Unknown,https://www.youtube.com/watch?v=IzzoFzAN_xU&pp=ygUhQ2hpbGRyZW4gb2YgQm9kb20gRXZlcnl0aW1lIEkgRGll
Holiday at Lake Bodom: 15 Years of Wasted Youth,https://lastfm.freetls.fastly.net/i/u/300x300/8aae0b8ab4a84a588611244864e0bf76.jpg,Children of Bodom,2012-01-01,"Since their formation in 1993, Finland's Children of Bodom wove various strains of heavy and extreme metal, melodic hooks, a flashy presentation, a healthy -- some would say excessive -- sense of humor, and the guitar pyrotechnics of lead guitarist Alexi Laiho into an instantly recognizable sound at once expansive yet difficult to pigeonhole. Beginning with their independently issued debut, Something Wild, on Spinefarm in 1997 (re-released by Nuclear Blast a year later) and underscored by an electrifying, wildly energetic, entertaining stage presence showcased on regional tours opening for acts such as Dimmu Borgir, word of mouth won the band a cult-like fan base that grew exponentially in the ensuing years, making them a global attraction. Several of their albums charted inside the Top 100 on the pop charts, while six more landed in the Top 20 at Hard Rock Albums list and on various other charts. 2003's Hate Crew Deathroll delivered an excellent example of their slice 'n' dice songwriting style, where grotesque, theatrical lyrics were juxtaposed with Laiho's richly combinative, shred-and-roll metal riffs and themes, which simultaneously offered ample evidence of their instrumental prowess and a firmly tongue-in-cheek, nearly satirical approach to HM themes. 2004's Are You Dead Yet? and 2006's audiovisual package Chaos Ridden Years: Stockholm Knockout Live were paramount in winning Laiho Metal Hammer's World's Best Guitarist designation that year. 2008's Blooddrunk reached the Top 25, making it their highest-charting and best-selling album; its cover version of ""Ghost Riders in the Sky"" became a streaming hit. In 2013, Halo of Blood was noteworthy for not only charting, but for reviews by several publications that claimed it might be the recording to take European death metal mainstream. Two years later, I Worship Chaos was released in a deluxe version that contained four covers including Bananarama's ""Cruel Summer,"" the Plasmatics' ""Mistress of Taboo,"" Kenny Loggins' ""Danger Zone,"" and Amorphis' ""Black Winter Day."" They helped take the album to number one at home and into the upper half of the Top 200 in the States, while charting inside the Top 40 across the remainder of Europe. They split at the end of 2019. In 2023, they issued the archival A Chapter Called Children of Bodom, documenting their final concert in Helsinki.
Founded by lifelong friends Alexi Laiho (guitar/vocals) and Jaska Raatikainen (drums), the band originally formed under the name Inearthed. Along with bassist Samuli Miettinen, Laiho and Raatikainen mined their love of classic death metal for inspiration, channeling the aggression of bands like Entombed and Obituary into their sound. Though he was Inearthed's primary songwriter, Miettinen's time in the band was cut short when his family moved to the United States. The group soldiered on, recruiting Henkka Seppälä as a replacement, as well as expanding their lineup with a second guitarist, Alexander Kuoppala, and keyboardist Janne Wirman.
In 1997, after years of unsuccessfully courting labels with demo recordings, the band gained the attention of Belgian label Shiver, which signed the group with the intent to release their debut album, Something Wild. Inearthed quickly found their cup running over with interest when, right after they signed on with one label, a bigger label, Spinefarm Records, also became interested in the band. They eventually decided to go with Spinefarm and changed their name from Inearthed to Children of Bodom (based on the Lake Bodom murders in their hometown of Espoo) so they could sign a new contract with the label, which eventually released their debut later that year.
Things took off quickly for Children of Bodom, who entered into a relentless European touring and recording schedule that resulted in the quick release of their second album, Hatebreeder, in 1999 and their third album, Follow the Reaper, the next year. The group had a big year in 2003 when, after releasing Hate Crew Deathroll, they were named Finnish Band of the Year at the Finnish Music Awards. This was also the year of their first world tour, though the tour would prove to be a double-edged sword when, despite gaining them exposure in North America, it resulted in the unexpected departure of Kuoppala, who found himself growing tired of a life spent on the road. The band recruited guitarist Roope Latvala, who was already well known as a founding member of Stone, to replace him, and continued to tour.
Children of Bodom's next album, Are You Dead Yet?, arrived in 2005, though the touring was cut short after Laiho injured his shoulder a couple of years later, forcing the band off the road while the guitarist recovered. This didn't stop them from working on new material, however, and their sixth album, Blooddrunk, appeared in 2008, followed by Relentless, Reckless Forever in 2011 and Halo of Blood in 2013. The group supported the release by appearing on that year's Mayhem Festival tour with Rob Zombie, Amon Amarth, and Mastodon.
In April 2015, Children of Bodom announced a new album. A month later, their Facebook page revealed that Latvala (a member since 2003) had left the band. Eschewing a proper studio to record in an empty warehouse, the quartet -- with Laiho handling all guitar parts -- attempted to capture the ambience of their live shows on a recording. A single, ""Morrigan,"" was released on video and for digital download in September. The album, I Worship Chaos, followed in early October with the title track offered as a second single. Just in time to tour the album, they replaced Latvala with Daniel Freyberg (formerly of Norther). It would be three-and-a-half years before the band released another record, their longest gap between albums to that date.
Hexed appeared in March 2019, preceded by the single ""Under Grass and Clover."" Both catchier and more technical than previous releases, it had progressive and even jazz hints. Children of Bodom played what was billed as their final show in November 2019 in Helsinki, and Laiho launched a new project, Bodom After Midnight. In early January 2021, the group announced that Alexi Laiho had died in late December 2020 due to long-term health issues; he was 41 years old. At the end of 2023, the live A Chapter Called Children of Bodom Final Show in Helsinki Ice Hall, 2019] appeared. It represented the band's swan song and [Laiho's final recordings. ~ Gregory Heaney",Downfall,Unknown,https://www.youtube.com/watch?v=bW62WKwVTM4&pp=ygUaQ2hpbGRyZW4gb2YgQm9kb20gRG93bmZhbGw%3D
Earthnight (Original Soundtrack),,Chipocrite,2019-08-19,"Paul Weinstein started making music with Game Boys in early 2009. It was the sound he felt he was destined to create, a mix of old and new, a way to bridge the comforting video game tones he grew up with and the complex but catchy songs he was hearing in his head all those years later. He’s constantly adding new songs to his repertoire, which has been described as “upbeat and danceable.” He’s also been known to throw in some electric bass or guitar every so often. It’s exciting, it’s neato, and, above all, it’s some of the most fun he’s ever had making music. Read more on Last.fm. User-contributed text is available under the Creative Commons By-SA License; additional terms may apply.",Little Computer People (Thermosphere),Unknown,https://www.youtube.com/watch?v=1t6MIstn1Mg&pp=ygUuQ2hpcG9jcml0ZSBMaXR0bGUgQ29tcHV0ZXIgUGVvcGxlIFRoZXJtb3NwaGVyZQ%3D%3D
Earthnight (Original Soundtrack),,Chipocrite,2019-08-19,"Paul Weinstein started making music with Game Boys in early 2009. It was the sound he felt he was destined to create, a mix of old and new, a way to bridge the comforting video game tones he grew up with and the complex but catchy songs he was hearing in his head all those years later. He’s constantly adding new songs to his repertoire, which has been described as “upbeat and danceable.” He’s also been known to throw in some electric bass or guitar every so often. It’s exciting, it’s neato, and, above all, it’s some of the most fun he’s ever had making music. Read more on Last.fm. User-contributed text is available under the Creative Commons By-SA License; additional terms may apply.",Earthnight,Unknown,https://www.youtube.com/watch?v=mE7TDdovRIg&pp=ygUVQ2hpcG9jcml0ZSBFYXJ0aG5pZ2h0
Mad In England,https://lastfm.freetls.fastly.net/i/u/300x300/8c3af224ded6729100c96d5cc1976a0e.jpg,Chris Catalyst,2023-10-06,"Pop/rock multi-instrumentalist Chris Catalyst's solid work ethic and willingness to work with others has led him to play in numerous bands over the years. Born on February 11, 1980, Catalyst has a clear calling to the life of a musician. Throughout his career, he's played bass and guitar for a multitude of bands, including the Sisters of Mercy, Ugly Kid Joe, the Wildhearts, Mariachi el Bronx, the Dead Pets, Pato Banton, Rankin Roger, AntiProduct, and his own band Eureka Machines, and he's had stints playing keys for Terrorvision and the Scaramanga Six; he also performs a solo industrial comedy act under the moniker Robochrist. Catalyst joined the Scaramanga Six in 2005, bringing the group back up to a quintet and adding double bass to their live shows. By 2006 he had also joined the Sisters of Mercy, at which point they were adamant about not releasing any new material in protest of major labels, focusing on touring instead. 2007 saw the release of the Scaramanga Six's fourth album The Dance of Death, which Catalyst had contributed to; the same year he formed his own band, Eureka Machines. The following year he departed the Scaramanga Six to focus on Eureka Machines' debut album, Do or Die, which was self-released in 2008. Eureka Machines released three further albums over the next seven years, culminating in 2015's Brain Waves; their second to to be distributed independently via Pledgemusic. In 2017, Catalyst released his debut solo album, Life Is Often Brilliant, released on Wrath and sold by Pledgemusic. ~ Liam Martin",I Got A Gift,Unknown,https://www.youtube.com/watch?v=8wzs667xHfU&pp=ygUbQ2hyaXMgQ2F0YWx5c3QgSSBHb3QgQSBHaWZ0
Mad In England,https://lastfm.freetls.fastly.net/i/u/300x300/8c3af224ded6729100c96d5cc1976a0e.jpg,Chris Catalyst,2023-10-06,"Pop/rock multi-instrumentalist Chris Catalyst's solid work ethic and willingness to work with others has led him to play in numerous bands over the years. Born on February 11, 1980, Catalyst has a clear calling to the life of a musician. Throughout his career, he's played bass and guitar for a multitude of bands, including the Sisters of Mercy, Ugly Kid Joe, the Wildhearts, Mariachi el Bronx, the Dead Pets, Pato Banton, Rankin Roger, AntiProduct, and his own band Eureka Machines, and he's had stints playing keys for Terrorvision and the Scaramanga Six; he also performs a solo industrial comedy act under the moniker Robochrist. Catalyst joined the Scaramanga Six in 2005, bringing the group back up to a quintet and adding double bass to their live shows. By 2006 he had also joined the Sisters of Mercy, at which point they were adamant about not releasing any new material in protest of major labels, focusing on touring instead. 2007 saw the release of the Scaramanga Six's fourth album The Dance of Death, which Catalyst had contributed to; the same year he formed his own band, Eureka Machines. The following year he departed the Scaramanga Six to focus on Eureka Machines' debut album, Do or Die, which was self-released in 2008. Eureka Machines released three further albums over the next seven years, culminating in 2015's Brain Waves; their second to to be distributed independently via Pledgemusic. In 2017, Catalyst released his debut solo album, Life Is Often Brilliant, released on Wrath and sold by Pledgemusic. ~ Liam Martin",Stop,Unknown,https://www.youtube.com/watch?v=0yNdkS1_WEQ&pp=ygUTQ2hyaXMgQ2F0YWx5c3QgU3RvcA%3D%3D
Mad In England,https://lastfm.freetls.fastly.net/i/u/300x300/8c3af224ded6729100c96d5cc1976a0e.jpg,Chris Catalyst,2023-10-06,"Pop/rock multi-instrumentalist Chris Catalyst's solid work ethic and willingness to work with others has led him to play in numerous bands over the years. Born on February 11, 1980, Catalyst has a clear calling to the life of a musician. Throughout his career, he's played bass and guitar for a multitude of bands, including the Sisters of Mercy, Ugly Kid Joe, the Wildhearts, Mariachi el Bronx, the Dead Pets, Pato Banton, Rankin Roger, AntiProduct, and his own band Eureka Machines, and he's had stints playing keys for Terrorvision and the Scaramanga Six; he also performs a solo industrial comedy act under the moniker Robochrist. Catalyst joined the Scaramanga Six in 2005, bringing the group back up to a quintet and adding double bass to their live shows. By 2006 he had also joined the Sisters of Mercy, at which point they were adamant about not releasing any new material in protest of major labels, focusing on touring instead. 2007 saw the release of the Scaramanga Six's fourth album The Dance of Death, which Catalyst had contributed to; the same year he formed his own band, Eureka Machines. The following year he departed the Scaramanga Six to focus on Eureka Machines' debut album, Do or Die, which was self-released in 2008. Eureka Machines released three further albums over the next seven years, culminating in 2015's Brain Waves; their second to to be distributed independently via Pledgemusic. In 2017, Catalyst released his debut solo album, Life Is Often Brilliant, released on Wrath and sold by Pledgemusic. ~ Liam Martin",Dead Man Walking,Unknown,https://www.youtube.com/watch?v=j6uW5sgsx1U&pp=ygUhQ2hyaXMgQ2F0YWx5c3QgLSBEZWFkIE1hbiBXYWxraW5n
Kaleidoscopes,https://lastfm.freetls.fastly.net/i/u/300x300/e71bfa6a46758e4689e008715311be4b.jpg,Chris Catalyst,2021-04-02,"Pop/rock multi-instrumentalist Chris Catalyst's solid work ethic and willingness to work with others has led him to play in numerous bands over the years. Born on February 11, 1980, Catalyst has a clear calling to the life of a musician. Throughout his career, he's played bass and guitar for a multitude of bands, including the Sisters of Mercy, Ugly Kid Joe, the Wildhearts, Mariachi el Bronx, the Dead Pets, Pato Banton, Rankin Roger, AntiProduct, and his own band Eureka Machines, and he's had stints playing keys for Terrorvision and the Scaramanga Six; he also performs a solo industrial comedy act under the moniker Robochrist. Catalyst joined the Scaramanga Six in 2005, bringing the group back up to a quintet and adding double bass to their live shows. By 2006 he had also joined the Sisters of Mercy, at which point they were adamant about not releasing any new material in protest of major labels, focusing on touring instead. 2007 saw the release of the Scaramanga Six's fourth album The Dance of Death, which Catalyst had contributed to; the same year he formed his own band, Eureka Machines. The following year he departed the Scaramanga Six to focus on Eureka Machines' debut album, Do or Die, which was self-released in 2008. Eureka Machines released three further albums over the next seven years, culminating in 2015's Brain Waves; their second to to be distributed independently via Pledgemusic. In 2017, Catalyst released his debut solo album, Life Is Often Brilliant, released on Wrath and sold by Pledgemusic. ~ Liam Martin",Make Good Art,Unknown,https://www.youtube.com/watch?v=jWjVUQjqaB8&list=RDjWjVUQjqaB8&start_radio=1&pp=ygUcQ2hyaXMgQ2F0YWx5c3QgTWFrZSBHb29kIEFydKAHAQ%3D%3D
Kaleidoscopes,https://lastfm.freetls.fastly.net/i/u/300x300/e71bfa6a46758e4689e008715311be4b.jpg,Chris Catalyst,2021-04-02,"Pop/rock multi-instrumentalist Chris Catalyst's solid work ethic and willingness to work with others has led him to play in numerous bands over the years. Born on February 11, 1980, Catalyst has a clear calling to the life of a musician. Throughout his career, he's played bass and guitar for a multitude of bands, including the Sisters of Mercy, Ugly Kid Joe, the Wildhearts, Mariachi el Bronx, the Dead Pets, Pato Banton, Rankin Roger, AntiProduct, and his own band Eureka Machines, and he's had stints playing keys for Terrorvision and the Scaramanga Six; he also performs a solo industrial comedy act under the moniker Robochrist. Catalyst joined the Scaramanga Six in 2005, bringing the group back up to a quintet and adding double bass to their live shows. By 2006 he had also joined the Sisters of Mercy, at which point they were adamant about not releasing any new material in protest of major labels, focusing on touring instead. 2007 saw the release of the Scaramanga Six's fourth album The Dance of Death, which Catalyst had contributed to; the same year he formed his own band, Eureka Machines. The following year he departed the Scaramanga Six to focus on Eureka Machines' debut album, Do or Die, which was self-released in 2008. Eureka Machines released three further albums over the next seven years, culminating in 2015's Brain Waves; their second to to be distributed independently via Pledgemusic. In 2017, Catalyst released his debut solo album, Life Is Often Brilliant, released on Wrath and sold by Pledgemusic. ~ Liam Martin",King of Everything,Unknown,https://www.youtube.com/watch?v=nsk167WxG10&list=RDnsk167WxG10&start_radio=1&pp=ygUhQ2hyaXMgQ2F0YWx5c3QgS2luZyBvZiBFdmVyeXRoaW5noAcB
Kaleidoscopes,https://lastfm.freetls.fastly.net/i/u/300x300/e71bfa6a46758e4689e008715311be4b.jpg,Chris Catalyst,2021-04-02,"Pop/rock multi-instrumentalist Chris Catalyst's solid work ethic and willingness to work with others has led him to play in numerous bands over the years. Born on February 11, 1980, Catalyst has a clear calling to the life of a musician. Throughout his career, he's played bass and guitar for a multitude of bands, including the Sisters of Mercy, Ugly Kid Joe, the Wildhearts, Mariachi el Bronx, the Dead Pets, Pato Banton, Rankin Roger, AntiProduct, and his own band Eureka Machines, and he's had stints playing keys for Terrorvision and the Scaramanga Six; he also performs a solo industrial comedy act under the moniker Robochrist. Catalyst joined the Scaramanga Six in 2005, bringing the group back up to a quintet and adding double bass to their live shows. By 2006 he had also joined the Sisters of Mercy, at which point they were adamant about not releasing any new material in protest of major labels, focusing on touring instead. 2007 saw the release of the Scaramanga Six's fourth album The Dance of Death, which Catalyst had contributed to; the same year he formed his own band, Eureka Machines. The following year he departed the Scaramanga Six to focus on Eureka Machines' debut album, Do or Die, which was self-released in 2008. Eureka Machines released three further albums over the next seven years, culminating in 2015's Brain Waves; their second to to be distributed independently via Pledgemusic. In 2017, Catalyst released his debut solo album, Life Is Often Brilliant, released on Wrath and sold by Pledgemusic. ~ Liam Martin",Divide and Rule,Unknown,https://www.youtube.com/watch?v=o2xXOQd2Vrk&list=RDo2xXOQd2Vrk&start_radio=1&pp=ygUgQ2hyaXMgQ2F0YWx5c3QgLSBEaXZpZGUgYW5kIFJ1bGWgBwE%3D
Kaleidoscopes,https://lastfm.freetls.fastly.net/i/u/300x300/e71bfa6a46758e4689e008715311be4b.jpg,Chris Catalyst,2021-04-02,"Pop/rock multi-instrumentalist Chris Catalyst's solid work ethic and willingness to work with others has led him to play in numerous bands over the years. Born on February 11, 1980, Catalyst has a clear calling to the life of a musician. Throughout his career, he's played bass and guitar for a multitude of bands, including the Sisters of Mercy, Ugly Kid Joe, the Wildhearts, Mariachi el Bronx, the Dead Pets, Pato Banton, Rankin Roger, AntiProduct, and his own band Eureka Machines, and he's had stints playing keys for Terrorvision and the Scaramanga Six; he also performs a solo industrial comedy act under the moniker Robochrist. Catalyst joined the Scaramanga Six in 2005, bringing the group back up to a quintet and adding double bass to their live shows. By 2006 he had also joined the Sisters of Mercy, at which point they were adamant about not releasing any new material in protest of major labels, focusing on touring instead. 2007 saw the release of the Scaramanga Six's fourth album The Dance of Death, which Catalyst had contributed to; the same year he formed his own band, Eureka Machines. The following year he departed the Scaramanga Six to focus on Eureka Machines' debut album, Do or Die, which was self-released in 2008. Eureka Machines released three further albums over the next seven years, culminating in 2015's Brain Waves; their second to to be distributed independently via Pledgemusic. In 2017, Catalyst released his debut solo album, Life Is Often Brilliant, released on Wrath and sold by Pledgemusic. ~ Liam Martin",Ordinary,Unknown,https://www.youtube.com/watch?v=P5EasGXEEmg&list=RDP5EasGXEEmg&start_radio=1&pp=ygUXQ2hyaXMgQ2F0YWx5c3QgT3JkaW5hcnmgBwE%3D
Kaleidoscopes,https://lastfm.freetls.fastly.net/i/u/300x300/e71bfa6a46758e4689e008715311be4b.jpg,Chris Catalyst,2021-04-02,"Pop/rock multi-instrumentalist Chris Catalyst's solid work ethic and willingness to work with others has led him to play in numerous bands over the years. Born on February 11, 1980, Catalyst has a clear calling to the life of a musician. Throughout his career, he's played bass and guitar for a multitude of bands, including the Sisters of Mercy, Ugly Kid Joe, the Wildhearts, Mariachi el Bronx, the Dead Pets, Pato Banton, Rankin Roger, AntiProduct, and his own band Eureka Machines, and he's had stints playing keys for Terrorvision and the Scaramanga Six; he also performs a solo industrial comedy act under the moniker Robochrist. Catalyst joined the Scaramanga Six in 2005, bringing the group back up to a quintet and adding double bass to their live shows. By 2006 he had also joined the Sisters of Mercy, at which point they were adamant about not releasing any new material in protest of major labels, focusing on touring instead. 2007 saw the release of the Scaramanga Six's fourth album The Dance of Death, which Catalyst had contributed to; the same year he formed his own band, Eureka Machines. The following year he departed the Scaramanga Six to focus on Eureka Machines' debut album, Do or Die, which was self-released in 2008. Eureka Machines released three further albums over the next seven years, culminating in 2015's Brain Waves; their second to to be distributed independently via Pledgemusic. In 2017, Catalyst released his debut solo album, Life Is Often Brilliant, released on Wrath and sold by Pledgemusic. ~ Liam Martin",The Ride,Unknown,https://www.youtube.com/watch?v=P93wMOy0_wM&list=RDP93wMOy0_wM&start_radio=1&pp=ygUXQ2hyaXMgQ2F0YWx5c3QgVGhlIFJpZGWgBwHSBwkJogoBhyohjO8%3D
Kaleidoscopes,https://lastfm.freetls.fastly.net/i/u/300x300/e71bfa6a46758e4689e008715311be4b.jpg,Chris Catalyst,2021-04-02,"Pop/rock multi-instrumentalist Chris Catalyst's solid work ethic and willingness to work with others has led him to play in numerous bands over the years. Born on February 11, 1980, Catalyst has a clear calling to the life of a musician. Throughout his career, he's played bass and guitar for a multitude of bands, including the Sisters of Mercy, Ugly Kid Joe, the Wildhearts, Mariachi el Bronx, the Dead Pets, Pato Banton, Rankin Roger, AntiProduct, and his own band Eureka Machines, and he's had stints playing keys for Terrorvision and the Scaramanga Six; he also performs a solo industrial comedy act under the moniker Robochrist. Catalyst joined the Scaramanga Six in 2005, bringing the group back up to a quintet and adding double bass to their live shows. By 2006 he had also joined the Sisters of Mercy, at which point they were adamant about not releasing any new material in protest of major labels, focusing on touring instead. 2007 saw the release of the Scaramanga Six's fourth album The Dance of Death, which Catalyst had contributed to; the same year he formed his own band, Eureka Machines. The following year he departed the Scaramanga Six to focus on Eureka Machines' debut album, Do or Die, which was self-released in 2008. Eureka Machines released three further albums over the next seven years, culminating in 2015's Brain Waves; their second to to be distributed independently via Pledgemusic. In 2017, Catalyst released his debut solo album, Life Is Often Brilliant, released on Wrath and sold by Pledgemusic. ~ Liam Martin",Bouncer's Dream,Unknown,https://www.youtube.com/watch?v=fJyUi0X5_o8&list=RDfJyUi0X5_o8&start_radio=1&pp=ygUdQ2hyaXMgQ2F0YWx5c3QgQm91bmNlcnMgRHJlYW2gBwE%3D
Kaleidoscopes,https://lastfm.freetls.fastly.net/i/u/300x300/e71bfa6a46758e4689e008715311be4b.jpg,Chris Catalyst,2021-04-02,"Pop/rock multi-instrumentalist Chris Catalyst's solid work ethic and willingness to work with others has led him to play in numerous bands over the years. Born on February 11, 1980, Catalyst has a clear calling to the life of a musician. Throughout his career, he's played bass and guitar for a multitude of bands, including the Sisters of Mercy, Ugly Kid Joe, the Wildhearts, Mariachi el Bronx, the Dead Pets, Pato Banton, Rankin Roger, AntiProduct, and his own band Eureka Machines, and he's had stints playing keys for Terrorvision and the Scaramanga Six; he also performs a solo industrial comedy act under the moniker Robochrist. Catalyst joined the Scaramanga Six in 2005, bringing the group back up to a quintet and adding double bass to their live shows. By 2006 he had also joined the Sisters of Mercy, at which point they were adamant about not releasing any new material in protest of major labels, focusing on touring instead. 2007 saw the release of the Scaramanga Six's fourth album The Dance of Death, which Catalyst had contributed to; the same year he formed his own band, Eureka Machines. The following year he departed the Scaramanga Six to focus on Eureka Machines' debut album, Do or Die, which was self-released in 2008. Eureka Machines released three further albums over the next seven years, culminating in 2015's Brain Waves; their second to to be distributed independently via Pledgemusic. In 2017, Catalyst released his debut solo album, Life Is Often Brilliant, released on Wrath and sold by Pledgemusic. ~ Liam Martin",Happy,Unknown,https://www.youtube.com/watch?v=dUl-B9JWCi8&list=RDdUl-B9JWCi8&start_radio=1&pp=ygUUQ2hyaXMgQ2F0YWx5c3QgSGFwcHmgBwE%3D
Kaleidoscopes,https://lastfm.freetls.fastly.net/i/u/300x300/e71bfa6a46758e4689e008715311be4b.jpg,Chris Catalyst,2021-04-02,"Pop/rock multi-instrumentalist Chris Catalyst's solid work ethic and willingness to work with others has led him to play in numerous bands over the years. Born on February 11, 1980, Catalyst has a clear calling to the life of a musician. Throughout his career, he's played bass and guitar for a multitude of bands, including the Sisters of Mercy, Ugly Kid Joe, the Wildhearts, Mariachi el Bronx, the Dead Pets, Pato Banton, Rankin Roger, AntiProduct, and his own band Eureka Machines, and he's had stints playing keys for Terrorvision and the Scaramanga Six; he also performs a solo industrial comedy act under the moniker Robochrist. Catalyst joined the Scaramanga Six in 2005, bringing the group back up to a quintet and adding double bass to their live shows. By 2006 he had also joined the Sisters of Mercy, at which point they were adamant about not releasing any new material in protest of major labels, focusing on touring instead. 2007 saw the release of the Scaramanga Six's fourth album The Dance of Death, which Catalyst had contributed to; the same year he formed his own band, Eureka Machines. The following year he departed the Scaramanga Six to focus on Eureka Machines' debut album, Do or Die, which was self-released in 2008. Eureka Machines released three further albums over the next seven years, culminating in 2015's Brain Waves; their second to to be distributed independently via Pledgemusic. In 2017, Catalyst released his debut solo album, Life Is Often Brilliant, released on Wrath and sold by Pledgemusic. ~ Liam Martin",A Modern Adventure,Unknown,https://www.youtube.com/watch?v=QXSG0fOj9n0&list=RDQXSG0fOj9n0&start_radio=1&pp=ygUhQ2hyaXMgQ2F0YWx5c3QgQSBNb2Rlcm4gQWR2ZW50dXJloAcB
Kaleidoscopes,https://lastfm.freetls.fastly.net/i/u/300x300/e71bfa6a46758e4689e008715311be4b.jpg,Chris Catalyst,2021-04-02,"Pop/rock multi-instrumentalist Chris Catalyst's solid work ethic and willingness to work with others has led him to play in numerous bands over the years. Born on February 11, 1980, Catalyst has a clear calling to the life of a musician. Throughout his career, he's played bass and guitar for a multitude of bands, including the Sisters of Mercy, Ugly Kid Joe, the Wildhearts, Mariachi el Bronx, the Dead Pets, Pato Banton, Rankin Roger, AntiProduct, and his own band Eureka Machines, and he's had stints playing keys for Terrorvision and the Scaramanga Six; he also performs a solo industrial comedy act under the moniker Robochrist. Catalyst joined the Scaramanga Six in 2005, bringing the group back up to a quintet and adding double bass to their live shows. By 2006 he had also joined the Sisters of Mercy, at which point they were adamant about not releasing any new material in protest of major labels, focusing on touring instead. 2007 saw the release of the Scaramanga Six's fourth album The Dance of Death, which Catalyst had contributed to; the same year he formed his own band, Eureka Machines. The following year he departed the Scaramanga Six to focus on Eureka Machines' debut album, Do or Die, which was self-released in 2008. Eureka Machines released three further albums over the next seven years, culminating in 2015's Brain Waves; their second to to be distributed independently via Pledgemusic. In 2017, Catalyst released his debut solo album, Life Is Often Brilliant, released on Wrath and sold by Pledgemusic. ~ Liam Martin",Never Going to Change,Unknown,https://www.youtube.com/watch?v=z2jd-Kt-XlE&list=RDz2jd-Kt-XlE&start_radio=1&pp=ygUkQ2hyaXMgQ2F0YWx5c3QgTmV2ZXIgR29pbmcgdG8gQ2hhbmdloAcB
Kaleidoscopes,https://lastfm.freetls.fastly.net/i/u/300x300/e71bfa6a46758e4689e008715311be4b.jpg,Chris Catalyst,2021-04-02,"Pop/rock multi-instrumentalist Chris Catalyst's solid work ethic and willingness to work with others has led him to play in numerous bands over the years. Born on February 11, 1980, Catalyst has a clear calling to the life of a musician. Throughout his career, he's played bass and guitar for a multitude of bands, including the Sisters of Mercy, Ugly Kid Joe, the Wildhearts, Mariachi el Bronx, the Dead Pets, Pato Banton, Rankin Roger, AntiProduct, and his own band Eureka Machines, and he's had stints playing keys for Terrorvision and the Scaramanga Six; he also performs a solo industrial comedy act under the moniker Robochrist. Catalyst joined the Scaramanga Six in 2005, bringing the group back up to a quintet and adding double bass to their live shows. By 2006 he had also joined the Sisters of Mercy, at which point they were adamant about not releasing any new material in protest of major labels, focusing on touring instead. 2007 saw the release of the Scaramanga Six's fourth album The Dance of Death, which Catalyst had contributed to; the same year he formed his own band, Eureka Machines. The following year he departed the Scaramanga Six to focus on Eureka Machines' debut album, Do or Die, which was self-released in 2008. Eureka Machines released three further albums over the next seven years, culminating in 2015's Brain Waves; their second to to be distributed independently via Pledgemusic. In 2017, Catalyst released his debut solo album, Life Is Often Brilliant, released on Wrath and sold by Pledgemusic. ~ Liam Martin",Untangling the Blue,Unknown,https://www.youtube.com/watch?v=sXiOdVmxMVA&list=RDsXiOdVmxMVA&start_radio=1&pp=ygUiQ2hyaXMgQ2F0YWx5c3QgVW50YW5nbGluZyB0aGUgQmx1ZaAHAQ%3D%3D
Kaleidoscopes,https://lastfm.freetls.fastly.net/i/u/300x300/e71bfa6a46758e4689e008715311be4b.jpg,Chris Catalyst,2021-04-02,"Pop/rock multi-instrumentalist Chris Catalyst's solid work ethic and willingness to work with others has led him to play in numerous bands over the years. Born on February 11, 1980, Catalyst has a clear calling to the life of a musician. Throughout his career, he's played bass and guitar for a multitude of bands, including the Sisters of Mercy, Ugly Kid Joe, the Wildhearts, Mariachi el Bronx, the Dead Pets, Pato Banton, Rankin Roger, AntiProduct, and his own band Eureka Machines, and he's had stints playing keys for Terrorvision and the Scaramanga Six; he also performs a solo industrial comedy act under the moniker Robochrist. Catalyst joined the Scaramanga Six in 2005, bringing the group back up to a quintet and adding double bass to their live shows. By 2006 he had also joined the Sisters of Mercy, at which point they were adamant about not releasing any new material in protest of major labels, focusing on touring instead. 2007 saw the release of the Scaramanga Six's fourth album The Dance of Death, which Catalyst had contributed to; the same year he formed his own band, Eureka Machines. The following year he departed the Scaramanga Six to focus on Eureka Machines' debut album, Do or Die, which was self-released in 2008. Eureka Machines released three further albums over the next seven years, culminating in 2015's Brain Waves; their second to to be distributed independently via Pledgemusic. In 2017, Catalyst released his debut solo album, Life Is Often Brilliant, released on Wrath and sold by Pledgemusic. ~ Liam Martin",I'm Not Okay,Unknown,https://www.youtube.com/watch?v=dhZTNgAs4Fc&list=RDdhZTNgAs4Fc&start_radio=1&pp=ygUaQ2hyaXMgQ2F0YWx5c3QgSW0gTm90IE9rYXmgBwE%3D
"Half Machine From The Sun, The Lost Tracks From '79-'80",https://lastfm.freetls.fastly.net/i/u/300x300/58fb286b8cad0732d0aaa784079a6746.png,Chrome,2013-05-28,"Formed in San Francisco, California, USA, in 1975, Chrome were one of the earliest and most influential American new wave/punk/industrial bands. Their first recording line-up featured John L. Cyborg (b. John Lambdin; vocals, guitar, bass), Gary Spain (vocals, guitar, bass), Mike Low (guitar, synthesizer, bass) and Damon Edge (guitar, synthesizer, drums). Only Cyborg had any previous experience worth noting, having played with the Flower Travellin’ Band. This line-up recorded 1977’s The Visitation for Siren Records. Low then departed and was replaced by Helios Creed. The band proceeded to record Alien Soundtracks as background music for live sex shows. Much of their material at this stage dealt with the theme of machines taking over from man, an idea expressed in several of their album titles for Siren. These also saw a gradual progression from guitar-based rock to synthesizer and taped experimental pieces, with a sinister undercurrent of menace and urban anxiety that stamped the band as an American equivalent to Throbbing Gristle.

In the early 80s the band fractured. Edge and Creed recruited new players John and Hilary Stench from Remeo Void and Vital Parts, respectively. They had also played together in Pearl Harbor And The Explosions. After Third From The Sun,  the band effectively ground to a halt in 1983. However, Damon Edge resurrected the name for another slew of less satisfying albums released alternately on France’s Mosquito and Germany’s Dossier Records. The archive release of the Chrome Box set included four of their old albums, plus new recordings, Chronicles 1 + 2, while No Humans Allowed compiled their Siren material including deleted singles and EPs. These days Helios Creed regularly turns out solo metal/grunge albums on Amphetamine Reptile Records, and other former members are still active in a variety of bands.",Sub Machine,Unknown,https://www.youtube.com/watch?v=gWSBr5ndzfU&pp=ygUSQ2hyb21lIFN1YiBNYWNoaW5l
Science Fiction,https://lastfm.freetls.fastly.net/i/u/300x300/ebdc9d313d19b5c02edcdc0033c431e2.jpg,Church of the Cosmic Skull,2018-05-18,"Church of the Cosmic Skull are a British rock band from Nottingham. The group was formed by guitarist, singer and songwriter Bill Fisher in 2016. The group members had previously played in various bands in and around Nottingham, and a number of early songs had been written years before while in other bands. Fisher was interested in progressive pop as much as progressive rock, and wanted the band to be primarily about good songwriting rather than technical expertise. His influences include Queen, The Beatles, Thin Lizzy, Kate Bush, David Bowie and Peter Gabriel. The instrumentation makes prominent use of the Hammond organ, piano and strings, and multiple vocal harmonies. The band released ""Evil in Your Eye"" from their first album Is Satan Real? on 21 August 2017 to celebrate the solar eclipse on the same day, celebrating the ""hallucinatory nature of reality"". They have also covered Pink Floyd's ""The Trial"" on Magnetic Eye Records' tribute album The Wall Redux. The band released their first album with Bilocation Records, the second with Kozmik Artifactz, and the third on their own label, Septaphonic Records. While major record labels have shown interest, the band prefers to release material and promote themselves independently. They are known for their white on-stage attire and their rainbow-themed album artwork. Fisher has described the group as a ""twofold entity: a new religious movement ... and a 7-piece supergroup"" and believes that music can make people appreciate each other and avoid political propaganda. Their 2019 album Everybody's Going to Die covered themes such as the cult of personality, wanting fame, echo chambers on social media, and death. It received positive reviews, with Mojo saying ""Fans of Queen and Queens of the Stone Age will nod sagely"", and Jonathan Ross adding that he was ""Enjoying this new band’s take on prog"". In 2022, the band announced that they would be playing in a Nottingham music festival, Beat The Streets. Full Wikipedia article: https://en.wikipedia.org/wiki/Church_of_the_Cosmic_Skull Studio albums Is Satan Real? (2016) Science Fiction (2018) Everybody's Going to Die (2019) There Is No Time (2022) Read more on Last.fm. User-contributed text is available under the Creative Commons By-SA License; additional terms may apply.",Go by the River,Unknown,https://www.youtube.com/watch?v=TLbbpk5nf7A&pp=ygUsQ2h1cmNoIG9mIHRoZSBDb3NtaWMgU2t1bGwgLSBHbyBieSB0aGUgUml2ZXLSBwkJhAkBhyohjO8%3D
Science Fiction,https://lastfm.freetls.fastly.net/i/u/300x300/ebdc9d313d19b5c02edcdc0033c431e2.jpg,Church of the Cosmic Skull,2018-05-18,"Church of the Cosmic Skull are a British rock band from Nottingham. The group was formed by guitarist, singer and songwriter Bill Fisher in 2016. The group members had previously played in various bands in and around Nottingham, and a number of early songs had been written years before while in other bands. Fisher was interested in progressive pop as much as progressive rock, and wanted the band to be primarily about good songwriting rather than technical expertise. His influences include Queen, The Beatles, Thin Lizzy, Kate Bush, David Bowie and Peter Gabriel. The instrumentation makes prominent use of the Hammond organ, piano and strings, and multiple vocal harmonies. The band released ""Evil in Your Eye"" from their first album Is Satan Real? on 21 August 2017 to celebrate the solar eclipse on the same day, celebrating the ""hallucinatory nature of reality"". They have also covered Pink Floyd's ""The Trial"" on Magnetic Eye Records' tribute album The Wall Redux. The band released their first album with Bilocation Records, the second with Kozmik Artifactz, and the third on their own label, Septaphonic Records. While major record labels have shown interest, the band prefers to release material and promote themselves independently. They are known for their white on-stage attire and their rainbow-themed album artwork. Fisher has described the group as a ""twofold entity: a new religious movement ... and a 7-piece supergroup"" and believes that music can make people appreciate each other and avoid political propaganda. Their 2019 album Everybody's Going to Die covered themes such as the cult of personality, wanting fame, echo chambers on social media, and death. It received positive reviews, with Mojo saying ""Fans of Queen and Queens of the Stone Age will nod sagely"", and Jonathan Ross adding that he was ""Enjoying this new band’s take on prog"". In 2022, the band announced that they would be playing in a Nottingham music festival, Beat The Streets. Full Wikipedia article: https://en.wikipedia.org/wiki/Church_of_the_Cosmic_Skull Studio albums Is Satan Real? (2016) Science Fiction (2018) Everybody's Going to Die (2019) There Is No Time (2022) Read more on Last.fm. User-contributed text is available under the Creative Commons By-SA License; additional terms may apply.",Revolution Comes With an Act of Love,Unknown,https://www.youtube.com/watch?v=a56KBsMKpxs&pp=ygVBQ2h1cmNoIG9mIHRoZSBDb3NtaWMgU2t1bGwgLSBSZXZvbHV0aW9uIENvbWVzIFdpdGggYW4gQWN0IG9mIExvdmU%3D
Science Fiction,https://lastfm.freetls.fastly.net/i/u/300x300/ebdc9d313d19b5c02edcdc0033c431e2.jpg,Church of the Cosmic Skull,2018-05-18,"Church of the Cosmic Skull are a British rock band from Nottingham. The group was formed by guitarist, singer and songwriter Bill Fisher in 2016. The group members had previously played in various bands in and around Nottingham, and a number of early songs had been written years before while in other bands. Fisher was interested in progressive pop as much as progressive rock, and wanted the band to be primarily about good songwriting rather than technical expertise. His influences include Queen, The Beatles, Thin Lizzy, Kate Bush, David Bowie and Peter Gabriel. The instrumentation makes prominent use of the Hammond organ, piano and strings, and multiple vocal harmonies. The band released ""Evil in Your Eye"" from their first album Is Satan Real? on 21 August 2017 to celebrate the solar eclipse on the same day, celebrating the ""hallucinatory nature of reality"". They have also covered Pink Floyd's ""The Trial"" on Magnetic Eye Records' tribute album The Wall Redux. The band released their first album with Bilocation Records, the second with Kozmik Artifactz, and the third on their own label, Septaphonic Records. While major record labels have shown interest, the band prefers to release material and promote themselves independently. They are known for their white on-stage attire and their rainbow-themed album artwork. Fisher has described the group as a ""twofold entity: a new religious movement ... and a 7-piece supergroup"" and believes that music can make people appreciate each other and avoid political propaganda. Their 2019 album Everybody's Going to Die covered themes such as the cult of personality, wanting fame, echo chambers on social media, and death. It received positive reviews, with Mojo saying ""Fans of Queen and Queens of the Stone Age will nod sagely"", and Jonathan Ross adding that he was ""Enjoying this new band’s take on prog"". In 2022, the band announced that they would be playing in a Nottingham music festival, Beat The Streets. Full Wikipedia article: https://en.wikipedia.org/wiki/Church_of_the_Cosmic_Skull Studio albums Is Satan Real? (2016) Science Fiction (2018) Everybody's Going to Die (2019) There Is No Time (2022) Read more on Last.fm. User-contributed text is available under the Creative Commons By-SA License; additional terms may apply.",Cold Sweat,Unknown,https://www.youtube.com/watch?v=7Yiq4ocwQJs&pp=ygUlQ2h1cmNoIG9mIHRoZSBDb3NtaWMgU2t1bGwgQ29sZCBTd2VhdA%3D%3D
Science Fiction,https://lastfm.freetls.fastly.net/i/u/300x300/ebdc9d313d19b5c02edcdc0033c431e2.jpg,Church of the Cosmic Skull,2018-05-18,"Church of the Cosmic Skull are a British rock band from Nottingham. The group was formed by guitarist, singer and songwriter Bill Fisher in 2016. The group members had previously played in various bands in and around Nottingham, and a number of early songs had been written years before while in other bands. Fisher was interested in progressive pop as much as progressive rock, and wanted the band to be primarily about good songwriting rather than technical expertise. His influences include Queen, The Beatles, Thin Lizzy, Kate Bush, David Bowie and Peter Gabriel. The instrumentation makes prominent use of the Hammond organ, piano and strings, and multiple vocal harmonies. The band released ""Evil in Your Eye"" from their first album Is Satan Real? on 21 August 2017 to celebrate the solar eclipse on the same day, celebrating the ""hallucinatory nature of reality"". They have also covered Pink Floyd's ""The Trial"" on Magnetic Eye Records' tribute album The Wall Redux. The band released their first album with Bilocation Records, the second with Kozmik Artifactz, and the third on their own label, Septaphonic Records. While major record labels have shown interest, the band prefers to release material and promote themselves independently. They are known for their white on-stage attire and their rainbow-themed album artwork. Fisher has described the group as a ""twofold entity: a new religious movement ... and a 7-piece supergroup"" and believes that music can make people appreciate each other and avoid political propaganda. Their 2019 album Everybody's Going to Die covered themes such as the cult of personality, wanting fame, echo chambers on social media, and death. It received positive reviews, with Mojo saying ""Fans of Queen and Queens of the Stone Age will nod sagely"", and Jonathan Ross adding that he was ""Enjoying this new band’s take on prog"". In 2022, the band announced that they would be playing in a Nottingham music festival, Beat The Streets. Full Wikipedia article: https://en.wikipedia.org/wiki/Church_of_the_Cosmic_Skull Studio albums Is Satan Real? (2016) Science Fiction (2018) Everybody's Going to Die (2019) There Is No Time (2022) Read more on Last.fm. User-contributed text is available under the Creative Commons By-SA License; additional terms may apply.",The Others,Unknown,https://www.youtube.com/watch?v=6FrqLD7vgXo&pp=ygUnQ2h1cmNoIG9mIHRoZSBDb3NtaWMgU2t1bGwgLSBUaGUgT3RoZXJz0gcJCYQJAYcqIYzv
Science Fiction,https://lastfm.freetls.fastly.net/i/u/300x300/ebdc9d313d19b5c02edcdc0033c431e2.jpg,Church of the Cosmic Skull,2018-05-18,"Church of the Cosmic Skull are a British rock band from Nottingham. The group was formed by guitarist, singer and songwriter Bill Fisher in 2016. The group members had previously played in various bands in and around Nottingham, and a number of early songs had been written years before while in other bands. Fisher was interested in progressive pop as much as progressive rock, and wanted the band to be primarily about good songwriting rather than technical expertise. His influences include Queen, The Beatles, Thin Lizzy, Kate Bush, David Bowie and Peter Gabriel. The instrumentation makes prominent use of the Hammond organ, piano and strings, and multiple vocal harmonies. The band released ""Evil in Your Eye"" from their first album Is Satan Real? on 21 August 2017 to celebrate the solar eclipse on the same day, celebrating the ""hallucinatory nature of reality"". They have also covered Pink Floyd's ""The Trial"" on Magnetic Eye Records' tribute album The Wall Redux. The band released their first album with Bilocation Records, the second with Kozmik Artifactz, and the third on their own label, Septaphonic Records. While major record labels have shown interest, the band prefers to release material and promote themselves independently. They are known for their white on-stage attire and their rainbow-themed album artwork. Fisher has described the group as a ""twofold entity: a new religious movement ... and a 7-piece supergroup"" and believes that music can make people appreciate each other and avoid political propaganda. Their 2019 album Everybody's Going to Die covered themes such as the cult of personality, wanting fame, echo chambers on social media, and death. It received positive reviews, with Mojo saying ""Fans of Queen and Queens of the Stone Age will nod sagely"", and Jonathan Ross adding that he was ""Enjoying this new band’s take on prog"". In 2022, the band announced that they would be playing in a Nottingham music festival, Beat The Streets. Full Wikipedia article: https://en.wikipedia.org/wiki/Church_of_the_Cosmic_Skull Studio albums Is Satan Real? (2016) Science Fiction (2018) Everybody's Going to Die (2019) There Is No Time (2022) Read more on Last.fm. User-contributed text is available under the Creative Commons By-SA License; additional terms may apply.",Timehole (Gonna Build a Rocket Tonight),Unknown,https://www.youtube.com/watch?v=1jgZJRKHvic&pp=ygVEQ2h1cmNoIG9mIHRoZSBDb3NtaWMgU2t1bGwgLSBUaW1laG9sZSAoR29ubmEgQnVpbGQgYSBSb2NrZXQgVG9uaWdodCk%3D
The Crowned,https://lastfm.freetls.fastly.net/i/u/300x300/a03f2418f7ded22c8c21c2570996c076.jpg,Ché Aimee Dorval,2023-01-19,"Ché Aimee Dorval is a Canadian singer-songwriter from Vancouver. She released ""Dorval"" in 2006 and ""Underachiever"" in 2009. Her album ""Between the Walls & the Window"" was released in 2017. Growing up in Vancouver, BC, Dorval says she took inspiration from artists as diverse as Nick Drake, Cocteau Twins, Alanis Morissette and Cat Power. She honed her skills played local club dates and busked around Europe before winning David Foster’s British Columbia Star Search competition in 2007. This led to an appearance at Foster’s yearly charity gala and the chance to write and record in L.A. with hitmakers Greg Wells (Rufus Wainright, Katy Perry) and Kara DioGuardi (Pink, Kelly Clarkson). Dorval returned to Canada and released ""Underachiever"" in 2009. A short Eastern Canadian tour led to her settling in Toronto, where she became part of the local arts scene. Refreshed, she returned to her native Vancouver and caught the attention of legendary Rolling Stones producer/manager Andrew Loog Oldham, who offered her a contract and asked her to sing on his Rolling Stones Songbook Volume 2 album. Dorval’s rendition of “As Tears Go By” was declared “the coolest song in the world” by DJ Kid Leo on Sirius XM Radio. By this time, Che had recorded with Devin Townsend (Strapping Young Lad, DTP Project) for his album Ki, laying the groundwork for their teaming up as Casualties of Cool. “We stayed in touch and eventually he asked me to write a late-night dark country record with him,” she recalls. “It was the most positive recording experience I ever had and it inspired me to start writing my own songs again.” Casualties of Cool released their eponymous debut album in 2014, followed up by a highly successful UK tour that included a performance at London’s Union Chapel. In its review of the concert, Metal Hammer wrote that “Che was born with the ability to melt hearts with a single syllable.” Che and Devin reassembled two years later for an appearance at Ramblin’ Man Fair in Kent and a music video/interview for the YouTube series Dunlap Sessions. Working with Devin inspired Dorval to relaunch her solo career. She supported the 2015 release of her EP Volume One with a 12-date UK tour opening for folk artist Kim Churchill. It proved to be a demanding but ultimately rewarding experience: “I had never gone through something like that before…I was completely alone and was insecure about playing my own songs. But I find that the most jarring experiences are the best chances to grow and learn. That tour made me stronger and more confident about what I can do.” This confidence carried into the writing and recording of Between the Walls and the Window, her second full-length project. As producer, Che tapped studio veteran Shawn F. Cole (Yukon Blonde, You Say Party! We Say Die!, The Painted Birds), known for his feel for biting pop/rock textures and moody atmospherics. On these sessions, Dorval is augmented by such A-list players as longtime Neko Case guitarist Paul Rigby, bassist Darren Parris and drummer Daniel Ruiz. Meanwhile, Dorval has been co-writing with in-demand producer Bob Rock (Bon Jovi, Aerosmith, The Tragically Hip, Michael Buble) on songs for an as-yet unnamed project. Read more on Last.fm. User-contributed text is available under the Creative Commons By-SA License; additional terms may apply.",The Crowned,Unknown,https://www.youtube.com/watch?v=XRAoklBb0kg&pp=ygUfQ2jDqSBBaW1lZSBEb3J2YWwgLSBUaGUgQ3Jvd25lZA%3D%3D
The Crowned,https://lastfm.freetls.fastly.net/i/u/300x300/a03f2418f7ded22c8c21c2570996c076.jpg,Ché Aimee Dorval,2023-01-19,"Ché Aimee Dorval is a Canadian singer-songwriter from Vancouver. She released ""Dorval"" in 2006 and ""Underachiever"" in 2009. Her album ""Between the Walls & the Window"" was released in 2017. Growing up in Vancouver, BC, Dorval says she took inspiration from artists as diverse as Nick Drake, Cocteau Twins, Alanis Morissette and Cat Power. She honed her skills played local club dates and busked around Europe before winning David Foster’s British Columbia Star Search competition in 2007. This led to an appearance at Foster’s yearly charity gala and the chance to write and record in L.A. with hitmakers Greg Wells (Rufus Wainright, Katy Perry) and Kara DioGuardi (Pink, Kelly Clarkson). Dorval returned to Canada and released ""Underachiever"" in 2009. A short Eastern Canadian tour led to her settling in Toronto, where she became part of the local arts scene. Refreshed, she returned to her native Vancouver and caught the attention of legendary Rolling Stones producer/manager Andrew Loog Oldham, who offered her a contract and asked her to sing on his Rolling Stones Songbook Volume 2 album. Dorval’s rendition of “As Tears Go By” was declared “the coolest song in the world” by DJ Kid Leo on Sirius XM Radio. By this time, Che had recorded with Devin Townsend (Strapping Young Lad, DTP Project) for his album Ki, laying the groundwork for their teaming up as Casualties of Cool. “We stayed in touch and eventually he asked me to write a late-night dark country record with him,” she recalls. “It was the most positive recording experience I ever had and it inspired me to start writing my own songs again.” Casualties of Cool released their eponymous debut album in 2014, followed up by a highly successful UK tour that included a performance at London’s Union Chapel. In its review of the concert, Metal Hammer wrote that “Che was born with the ability to melt hearts with a single syllable.” Che and Devin reassembled two years later for an appearance at Ramblin’ Man Fair in Kent and a music video/interview for the YouTube series Dunlap Sessions. Working with Devin inspired Dorval to relaunch her solo career. She supported the 2015 release of her EP Volume One with a 12-date UK tour opening for folk artist Kim Churchill. It proved to be a demanding but ultimately rewarding experience: “I had never gone through something like that before…I was completely alone and was insecure about playing my own songs. But I find that the most jarring experiences are the best chances to grow and learn. That tour made me stronger and more confident about what I can do.” This confidence carried into the writing and recording of Between the Walls and the Window, her second full-length project. As producer, Che tapped studio veteran Shawn F. Cole (Yukon Blonde, You Say Party! We Say Die!, The Painted Birds), known for his feel for biting pop/rock textures and moody atmospherics. On these sessions, Dorval is augmented by such A-list players as longtime Neko Case guitarist Paul Rigby, bassist Darren Parris and drummer Daniel Ruiz. Meanwhile, Dorval has been co-writing with in-demand producer Bob Rock (Bon Jovi, Aerosmith, The Tragically Hip, Michael Buble) on songs for an as-yet unnamed project. Read more on Last.fm. User-contributed text is available under the Creative Commons By-SA License; additional terms may apply.",Falling Under,Unknown,https://www.youtube.com/watch?v=ArnY7U1Gu-A&pp=ygUfQ2jDqSBBaW1lZSBEb3J2YWwgRmFsbGluZyBVbmRlcg%3D%3D
The Crowned,https://lastfm.freetls.fastly.net/i/u/300x300/a03f2418f7ded22c8c21c2570996c076.jpg,Ché Aimee Dorval,2023-01-19,"Ché Aimee Dorval is a Canadian singer-songwriter from Vancouver. She released ""Dorval"" in 2006 and ""Underachiever"" in 2009. Her album ""Between the Walls & the Window"" was released in 2017. Growing up in Vancouver, BC, Dorval says she took inspiration from artists as diverse as Nick Drake, Cocteau Twins, Alanis Morissette and Cat Power. She honed her skills played local club dates and busked around Europe before winning David Foster’s British Columbia Star Search competition in 2007. This led to an appearance at Foster’s yearly charity gala and the chance to write and record in L.A. with hitmakers Greg Wells (Rufus Wainright, Katy Perry) and Kara DioGuardi (Pink, Kelly Clarkson). Dorval returned to Canada and released ""Underachiever"" in 2009. A short Eastern Canadian tour led to her settling in Toronto, where she became part of the local arts scene. Refreshed, she returned to her native Vancouver and caught the attention of legendary Rolling Stones producer/manager Andrew Loog Oldham, who offered her a contract and asked her to sing on his Rolling Stones Songbook Volume 2 album. Dorval’s rendition of “As Tears Go By” was declared “the coolest song in the world” by DJ Kid Leo on Sirius XM Radio. By this time, Che had recorded with Devin Townsend (Strapping Young Lad, DTP Project) for his album Ki, laying the groundwork for their teaming up as Casualties of Cool. “We stayed in touch and eventually he asked me to write a late-night dark country record with him,” she recalls. “It was the most positive recording experience I ever had and it inspired me to start writing my own songs again.” Casualties of Cool released their eponymous debut album in 2014, followed up by a highly successful UK tour that included a performance at London’s Union Chapel. In its review of the concert, Metal Hammer wrote that “Che was born with the ability to melt hearts with a single syllable.” Che and Devin reassembled two years later for an appearance at Ramblin’ Man Fair in Kent and a music video/interview for the YouTube series Dunlap Sessions. Working with Devin inspired Dorval to relaunch her solo career. She supported the 2015 release of her EP Volume One with a 12-date UK tour opening for folk artist Kim Churchill. It proved to be a demanding but ultimately rewarding experience: “I had never gone through something like that before…I was completely alone and was insecure about playing my own songs. But I find that the most jarring experiences are the best chances to grow and learn. That tour made me stronger and more confident about what I can do.” This confidence carried into the writing and recording of Between the Walls and the Window, her second full-length project. As producer, Che tapped studio veteran Shawn F. Cole (Yukon Blonde, You Say Party! We Say Die!, The Painted Birds), known for his feel for biting pop/rock textures and moody atmospherics. On these sessions, Dorval is augmented by such A-list players as longtime Neko Case guitarist Paul Rigby, bassist Darren Parris and drummer Daniel Ruiz. Meanwhile, Dorval has been co-writing with in-demand producer Bob Rock (Bon Jovi, Aerosmith, The Tragically Hip, Michael Buble) on songs for an as-yet unnamed project. Read more on Last.fm. User-contributed text is available under the Creative Commons By-SA License; additional terms may apply.",Loveless,Unknown,https://www.youtube.com/watch?v=gdPTkxOXZYs&pp=ygUaQ2jDqSBBaW1lZSBEb3J2YWwgTG92ZWxlc3M%3D
The Crowned,https://lastfm.freetls.fastly.net/i/u/300x300/a03f2418f7ded22c8c21c2570996c076.jpg,Ché Aimee Dorval,2023-01-19,"Ché Aimee Dorval is a Canadian singer-songwriter from Vancouver. She released ""Dorval"" in 2006 and ""Underachiever"" in 2009. Her album ""Between the Walls & the Window"" was released in 2017. Growing up in Vancouver, BC, Dorval says she took inspiration from artists as diverse as Nick Drake, Cocteau Twins, Alanis Morissette and Cat Power. She honed her skills played local club dates and busked around Europe before winning David Foster’s British Columbia Star Search competition in 2007. This led to an appearance at Foster’s yearly charity gala and the chance to write and record in L.A. with hitmakers Greg Wells (Rufus Wainright, Katy Perry) and Kara DioGuardi (Pink, Kelly Clarkson). Dorval returned to Canada and released ""Underachiever"" in 2009. A short Eastern Canadian tour led to her settling in Toronto, where she became part of the local arts scene. Refreshed, she returned to her native Vancouver and caught the attention of legendary Rolling Stones producer/manager Andrew Loog Oldham, who offered her a contract and asked her to sing on his Rolling Stones Songbook Volume 2 album. Dorval’s rendition of “As Tears Go By” was declared “the coolest song in the world” by DJ Kid Leo on Sirius XM Radio. By this time, Che had recorded with Devin Townsend (Strapping Young Lad, DTP Project) for his album Ki, laying the groundwork for their teaming up as Casualties of Cool. “We stayed in touch and eventually he asked me to write a late-night dark country record with him,” she recalls. “It was the most positive recording experience I ever had and it inspired me to start writing my own songs again.” Casualties of Cool released their eponymous debut album in 2014, followed up by a highly successful UK tour that included a performance at London’s Union Chapel. In its review of the concert, Metal Hammer wrote that “Che was born with the ability to melt hearts with a single syllable.” Che and Devin reassembled two years later for an appearance at Ramblin’ Man Fair in Kent and a music video/interview for the YouTube series Dunlap Sessions. Working with Devin inspired Dorval to relaunch her solo career. She supported the 2015 release of her EP Volume One with a 12-date UK tour opening for folk artist Kim Churchill. It proved to be a demanding but ultimately rewarding experience: “I had never gone through something like that before…I was completely alone and was insecure about playing my own songs. But I find that the most jarring experiences are the best chances to grow and learn. That tour made me stronger and more confident about what I can do.” This confidence carried into the writing and recording of Between the Walls and the Window, her second full-length project. As producer, Che tapped studio veteran Shawn F. Cole (Yukon Blonde, You Say Party! We Say Die!, The Painted Birds), known for his feel for biting pop/rock textures and moody atmospherics. On these sessions, Dorval is augmented by such A-list players as longtime Neko Case guitarist Paul Rigby, bassist Darren Parris and drummer Daniel Ruiz. Meanwhile, Dorval has been co-writing with in-demand producer Bob Rock (Bon Jovi, Aerosmith, The Tragically Hip, Michael Buble) on songs for an as-yet unnamed project. Read more on Last.fm. User-contributed text is available under the Creative Commons By-SA License; additional terms may apply.",Want That Soul,Unknown,https://www.youtube.com/watch?v=p-fUf039iYM&pp=ygUgQ2jDqSBBaW1lZSBEb3J2YWwgV2FudCBUaGF0IFNvdWw%3D
The Crowned,https://lastfm.freetls.fastly.net/i/u/300x300/a03f2418f7ded22c8c21c2570996c076.jpg,Ché Aimee Dorval,2023-01-19,"Ché Aimee Dorval is a Canadian singer-songwriter from Vancouver. She released ""Dorval"" in 2006 and ""Underachiever"" in 2009. Her album ""Between the Walls & the Window"" was released in 2017. Growing up in Vancouver, BC, Dorval says she took inspiration from artists as diverse as Nick Drake, Cocteau Twins, Alanis Morissette and Cat Power. She honed her skills played local club dates and busked around Europe before winning David Foster’s British Columbia Star Search competition in 2007. This led to an appearance at Foster’s yearly charity gala and the chance to write and record in L.A. with hitmakers Greg Wells (Rufus Wainright, Katy Perry) and Kara DioGuardi (Pink, Kelly Clarkson). Dorval returned to Canada and released ""Underachiever"" in 2009. A short Eastern Canadian tour led to her settling in Toronto, where she became part of the local arts scene. Refreshed, she returned to her native Vancouver and caught the attention of legendary Rolling Stones producer/manager Andrew Loog Oldham, who offered her a contract and asked her to sing on his Rolling Stones Songbook Volume 2 album. Dorval’s rendition of “As Tears Go By” was declared “the coolest song in the world” by DJ Kid Leo on Sirius XM Radio. By this time, Che had recorded with Devin Townsend (Strapping Young Lad, DTP Project) for his album Ki, laying the groundwork for their teaming up as Casualties of Cool. “We stayed in touch and eventually he asked me to write a late-night dark country record with him,” she recalls. “It was the most positive recording experience I ever had and it inspired me to start writing my own songs again.” Casualties of Cool released their eponymous debut album in 2014, followed up by a highly successful UK tour that included a performance at London’s Union Chapel. In its review of the concert, Metal Hammer wrote that “Che was born with the ability to melt hearts with a single syllable.” Che and Devin reassembled two years later for an appearance at Ramblin’ Man Fair in Kent and a music video/interview for the YouTube series Dunlap Sessions. Working with Devin inspired Dorval to relaunch her solo career. She supported the 2015 release of her EP Volume One with a 12-date UK tour opening for folk artist Kim Churchill. It proved to be a demanding but ultimately rewarding experience: “I had never gone through something like that before…I was completely alone and was insecure about playing my own songs. But I find that the most jarring experiences are the best chances to grow and learn. That tour made me stronger and more confident about what I can do.” This confidence carried into the writing and recording of Between the Walls and the Window, her second full-length project. As producer, Che tapped studio veteran Shawn F. Cole (Yukon Blonde, You Say Party! We Say Die!, The Painted Birds), known for his feel for biting pop/rock textures and moody atmospherics. On these sessions, Dorval is augmented by such A-list players as longtime Neko Case guitarist Paul Rigby, bassist Darren Parris and drummer Daniel Ruiz. Meanwhile, Dorval has been co-writing with in-demand producer Bob Rock (Bon Jovi, Aerosmith, The Tragically Hip, Michael Buble) on songs for an as-yet unnamed project. Read more on Last.fm. User-contributed text is available under the Creative Commons By-SA License; additional terms may apply.",Blood Red Son,Unknown,https://www.youtube.com/watch?v=e9eJdFA8G7c&pp=ygUfQ2jDqSBBaW1lZSBEb3J2YWwgQmxvb2QgUmVkIFNvbg%3D%3D
The Crowned,https://lastfm.freetls.fastly.net/i/u/300x300/a03f2418f7ded22c8c21c2570996c076.jpg,Ché Aimee Dorval,2023-01-19,"Ché Aimee Dorval is a Canadian singer-songwriter from Vancouver. She released ""Dorval"" in 2006 and ""Underachiever"" in 2009. Her album ""Between the Walls & the Window"" was released in 2017. Growing up in Vancouver, BC, Dorval says she took inspiration from artists as diverse as Nick Drake, Cocteau Twins, Alanis Morissette and Cat Power. She honed her skills played local club dates and busked around Europe before winning David Foster’s British Columbia Star Search competition in 2007. This led to an appearance at Foster’s yearly charity gala and the chance to write and record in L.A. with hitmakers Greg Wells (Rufus Wainright, Katy Perry) and Kara DioGuardi (Pink, Kelly Clarkson). Dorval returned to Canada and released ""Underachiever"" in 2009. A short Eastern Canadian tour led to her settling in Toronto, where she became part of the local arts scene. Refreshed, she returned to her native Vancouver and caught the attention of legendary Rolling Stones producer/manager Andrew Loog Oldham, who offered her a contract and asked her to sing on his Rolling Stones Songbook Volume 2 album. Dorval’s rendition of “As Tears Go By” was declared “the coolest song in the world” by DJ Kid Leo on Sirius XM Radio. By this time, Che had recorded with Devin Townsend (Strapping Young Lad, DTP Project) for his album Ki, laying the groundwork for their teaming up as Casualties of Cool. “We stayed in touch and eventually he asked me to write a late-night dark country record with him,” she recalls. “It was the most positive recording experience I ever had and it inspired me to start writing my own songs again.” Casualties of Cool released their eponymous debut album in 2014, followed up by a highly successful UK tour that included a performance at London’s Union Chapel. In its review of the concert, Metal Hammer wrote that “Che was born with the ability to melt hearts with a single syllable.” Che and Devin reassembled two years later for an appearance at Ramblin’ Man Fair in Kent and a music video/interview for the YouTube series Dunlap Sessions. Working with Devin inspired Dorval to relaunch her solo career. She supported the 2015 release of her EP Volume One with a 12-date UK tour opening for folk artist Kim Churchill. It proved to be a demanding but ultimately rewarding experience: “I had never gone through something like that before…I was completely alone and was insecure about playing my own songs. But I find that the most jarring experiences are the best chances to grow and learn. That tour made me stronger and more confident about what I can do.” This confidence carried into the writing and recording of Between the Walls and the Window, her second full-length project. As producer, Che tapped studio veteran Shawn F. Cole (Yukon Blonde, You Say Party! We Say Die!, The Painted Birds), known for his feel for biting pop/rock textures and moody atmospherics. On these sessions, Dorval is augmented by such A-list players as longtime Neko Case guitarist Paul Rigby, bassist Darren Parris and drummer Daniel Ruiz. Meanwhile, Dorval has been co-writing with in-demand producer Bob Rock (Bon Jovi, Aerosmith, The Tragically Hip, Michael Buble) on songs for an as-yet unnamed project. Read more on Last.fm. User-contributed text is available under the Creative Commons By-SA License; additional terms may apply.",Sensibilities,Unknown,https://www.youtube.com/watch?v=lXmrD6g8Qec&pp=ygUhQ2jDqSBBaW1lZSBEb3J2YWwgLSBTZW5zaWJpbGl0aWVz
The Crowned,https://lastfm.freetls.fastly.net/i/u/300x300/a03f2418f7ded22c8c21c2570996c076.jpg,Ché Aimee Dorval,2023-01-19,"Ché Aimee Dorval is a Canadian singer-songwriter from Vancouver. She released ""Dorval"" in 2006 and ""Underachiever"" in 2009. Her album ""Between the Walls & the Window"" was released in 2017. Growing up in Vancouver, BC, Dorval says she took inspiration from artists as diverse as Nick Drake, Cocteau Twins, Alanis Morissette and Cat Power. She honed her skills played local club dates and busked around Europe before winning David Foster’s British Columbia Star Search competition in 2007. This led to an appearance at Foster’s yearly charity gala and the chance to write and record in L.A. with hitmakers Greg Wells (Rufus Wainright, Katy Perry) and Kara DioGuardi (Pink, Kelly Clarkson). Dorval returned to Canada and released ""Underachiever"" in 2009. A short Eastern Canadian tour led to her settling in Toronto, where she became part of the local arts scene. Refreshed, she returned to her native Vancouver and caught the attention of legendary Rolling Stones producer/manager Andrew Loog Oldham, who offered her a contract and asked her to sing on his Rolling Stones Songbook Volume 2 album. Dorval’s rendition of “As Tears Go By” was declared “the coolest song in the world” by DJ Kid Leo on Sirius XM Radio. By this time, Che had recorded with Devin Townsend (Strapping Young Lad, DTP Project) for his album Ki, laying the groundwork for their teaming up as Casualties of Cool. “We stayed in touch and eventually he asked me to write a late-night dark country record with him,” she recalls. “It was the most positive recording experience I ever had and it inspired me to start writing my own songs again.” Casualties of Cool released their eponymous debut album in 2014, followed up by a highly successful UK tour that included a performance at London’s Union Chapel. In its review of the concert, Metal Hammer wrote that “Che was born with the ability to melt hearts with a single syllable.” Che and Devin reassembled two years later for an appearance at Ramblin’ Man Fair in Kent and a music video/interview for the YouTube series Dunlap Sessions. Working with Devin inspired Dorval to relaunch her solo career. She supported the 2015 release of her EP Volume One with a 12-date UK tour opening for folk artist Kim Churchill. It proved to be a demanding but ultimately rewarding experience: “I had never gone through something like that before…I was completely alone and was insecure about playing my own songs. But I find that the most jarring experiences are the best chances to grow and learn. That tour made me stronger and more confident about what I can do.” This confidence carried into the writing and recording of Between the Walls and the Window, her second full-length project. As producer, Che tapped studio veteran Shawn F. Cole (Yukon Blonde, You Say Party! We Say Die!, The Painted Birds), known for his feel for biting pop/rock textures and moody atmospherics. On these sessions, Dorval is augmented by such A-list players as longtime Neko Case guitarist Paul Rigby, bassist Darren Parris and drummer Daniel Ruiz. Meanwhile, Dorval has been co-writing with in-demand producer Bob Rock (Bon Jovi, Aerosmith, The Tragically Hip, Michael Buble) on songs for an as-yet unnamed project. Read more on Last.fm. User-contributed text is available under the Creative Commons By-SA License; additional terms may apply.",Sorta Loves Me,Unknown,https://www.youtube.com/watch?v=wbJLdbyaqXk&pp=ygUiQ2jDqSBBaW1lZSBEb3J2YWwgLSBTb3J0YSBMb3ZlcyBNZQ%3D%3D
The Crowned,https://lastfm.freetls.fastly.net/i/u/300x300/a03f2418f7ded22c8c21c2570996c076.jpg,Ché Aimee Dorval,2023-01-19,"Ché Aimee Dorval is a Canadian singer-songwriter from Vancouver. She released ""Dorval"" in 2006 and ""Underachiever"" in 2009. Her album ""Between the Walls & the Window"" was released in 2017. Growing up in Vancouver, BC, Dorval says she took inspiration from artists as diverse as Nick Drake, Cocteau Twins, Alanis Morissette and Cat Power. She honed her skills played local club dates and busked around Europe before winning David Foster’s British Columbia Star Search competition in 2007. This led to an appearance at Foster’s yearly charity gala and the chance to write and record in L.A. with hitmakers Greg Wells (Rufus Wainright, Katy Perry) and Kara DioGuardi (Pink, Kelly Clarkson). Dorval returned to Canada and released ""Underachiever"" in 2009. A short Eastern Canadian tour led to her settling in Toronto, where she became part of the local arts scene. Refreshed, she returned to her native Vancouver and caught the attention of legendary Rolling Stones producer/manager Andrew Loog Oldham, who offered her a contract and asked her to sing on his Rolling Stones Songbook Volume 2 album. Dorval’s rendition of “As Tears Go By” was declared “the coolest song in the world” by DJ Kid Leo on Sirius XM Radio. By this time, Che had recorded with Devin Townsend (Strapping Young Lad, DTP Project) for his album Ki, laying the groundwork for their teaming up as Casualties of Cool. “We stayed in touch and eventually he asked me to write a late-night dark country record with him,” she recalls. “It was the most positive recording experience I ever had and it inspired me to start writing my own songs again.” Casualties of Cool released their eponymous debut album in 2014, followed up by a highly successful UK tour that included a performance at London’s Union Chapel. In its review of the concert, Metal Hammer wrote that “Che was born with the ability to melt hearts with a single syllable.” Che and Devin reassembled two years later for an appearance at Ramblin’ Man Fair in Kent and a music video/interview for the YouTube series Dunlap Sessions. Working with Devin inspired Dorval to relaunch her solo career. She supported the 2015 release of her EP Volume One with a 12-date UK tour opening for folk artist Kim Churchill. It proved to be a demanding but ultimately rewarding experience: “I had never gone through something like that before…I was completely alone and was insecure about playing my own songs. But I find that the most jarring experiences are the best chances to grow and learn. That tour made me stronger and more confident about what I can do.” This confidence carried into the writing and recording of Between the Walls and the Window, her second full-length project. As producer, Che tapped studio veteran Shawn F. Cole (Yukon Blonde, You Say Party! We Say Die!, The Painted Birds), known for his feel for biting pop/rock textures and moody atmospherics. On these sessions, Dorval is augmented by such A-list players as longtime Neko Case guitarist Paul Rigby, bassist Darren Parris and drummer Daniel Ruiz. Meanwhile, Dorval has been co-writing with in-demand producer Bob Rock (Bon Jovi, Aerosmith, The Tragically Hip, Michael Buble) on songs for an as-yet unnamed project. Read more on Last.fm. User-contributed text is available under the Creative Commons By-SA License; additional terms may apply.",Try,Unknown,https://www.youtube.com/watch?v=sr5EINm58oc&pp=ygUXQ2jDqSBBaW1lZSBEb3J2YWwgLSBUcnk%3D
The Crowned,https://lastfm.freetls.fastly.net/i/u/300x300/a03f2418f7ded22c8c21c2570996c076.jpg,Ché Aimee Dorval,2023-01-19,"Ché Aimee Dorval is a Canadian singer-songwriter from Vancouver. She released ""Dorval"" in 2006 and ""Underachiever"" in 2009. Her album ""Between the Walls & the Window"" was released in 2017. Growing up in Vancouver, BC, Dorval says she took inspiration from artists as diverse as Nick Drake, Cocteau Twins, Alanis Morissette and Cat Power. She honed her skills played local club dates and busked around Europe before winning David Foster’s British Columbia Star Search competition in 2007. This led to an appearance at Foster’s yearly charity gala and the chance to write and record in L.A. with hitmakers Greg Wells (Rufus Wainright, Katy Perry) and Kara DioGuardi (Pink, Kelly Clarkson). Dorval returned to Canada and released ""Underachiever"" in 2009. A short Eastern Canadian tour led to her settling in Toronto, where she became part of the local arts scene. Refreshed, she returned to her native Vancouver and caught the attention of legendary Rolling Stones producer/manager Andrew Loog Oldham, who offered her a contract and asked her to sing on his Rolling Stones Songbook Volume 2 album. Dorval’s rendition of “As Tears Go By” was declared “the coolest song in the world” by DJ Kid Leo on Sirius XM Radio. By this time, Che had recorded with Devin Townsend (Strapping Young Lad, DTP Project) for his album Ki, laying the groundwork for their teaming up as Casualties of Cool. “We stayed in touch and eventually he asked me to write a late-night dark country record with him,” she recalls. “It was the most positive recording experience I ever had and it inspired me to start writing my own songs again.” Casualties of Cool released their eponymous debut album in 2014, followed up by a highly successful UK tour that included a performance at London’s Union Chapel. In its review of the concert, Metal Hammer wrote that “Che was born with the ability to melt hearts with a single syllable.” Che and Devin reassembled two years later for an appearance at Ramblin’ Man Fair in Kent and a music video/interview for the YouTube series Dunlap Sessions. Working with Devin inspired Dorval to relaunch her solo career. She supported the 2015 release of her EP Volume One with a 12-date UK tour opening for folk artist Kim Churchill. It proved to be a demanding but ultimately rewarding experience: “I had never gone through something like that before…I was completely alone and was insecure about playing my own songs. But I find that the most jarring experiences are the best chances to grow and learn. That tour made me stronger and more confident about what I can do.” This confidence carried into the writing and recording of Between the Walls and the Window, her second full-length project. As producer, Che tapped studio veteran Shawn F. Cole (Yukon Blonde, You Say Party! We Say Die!, The Painted Birds), known for his feel for biting pop/rock textures and moody atmospherics. On these sessions, Dorval is augmented by such A-list players as longtime Neko Case guitarist Paul Rigby, bassist Darren Parris and drummer Daniel Ruiz. Meanwhile, Dorval has been co-writing with in-demand producer Bob Rock (Bon Jovi, Aerosmith, The Tragically Hip, Michael Buble) on songs for an as-yet unnamed project. Read more on Last.fm. User-contributed text is available under the Creative Commons By-SA License; additional terms may apply.","Sleeping, Stoned",Unknown,https://www.youtube.com/watch?v=PB6eCMYPRJ8&pp=ygUkQ2jDqSBBaW1lZSBEb3J2YWwgLSBTbGVlcGluZywgU3RvbmVk
The Crowned,https://lastfm.freetls.fastly.net/i/u/300x300/a03f2418f7ded22c8c21c2570996c076.jpg,Ché Aimee Dorval,2023-01-19,"Ché Aimee Dorval is a Canadian singer-songwriter from Vancouver. She released ""Dorval"" in 2006 and ""Underachiever"" in 2009. Her album ""Between the Walls & the Window"" was released in 2017. Growing up in Vancouver, BC, Dorval says she took inspiration from artists as diverse as Nick Drake, Cocteau Twins, Alanis Morissette and Cat Power. She honed her skills played local club dates and busked around Europe before winning David Foster’s British Columbia Star Search competition in 2007. This led to an appearance at Foster’s yearly charity gala and the chance to write and record in L.A. with hitmakers Greg Wells (Rufus Wainright, Katy Perry) and Kara DioGuardi (Pink, Kelly Clarkson). Dorval returned to Canada and released ""Underachiever"" in 2009. A short Eastern Canadian tour led to her settling in Toronto, where she became part of the local arts scene. Refreshed, she returned to her native Vancouver and caught the attention of legendary Rolling Stones producer/manager Andrew Loog Oldham, who offered her a contract and asked her to sing on his Rolling Stones Songbook Volume 2 album. Dorval’s rendition of “As Tears Go By” was declared “the coolest song in the world” by DJ Kid Leo on Sirius XM Radio. By this time, Che had recorded with Devin Townsend (Strapping Young Lad, DTP Project) for his album Ki, laying the groundwork for their teaming up as Casualties of Cool. “We stayed in touch and eventually he asked me to write a late-night dark country record with him,” she recalls. “It was the most positive recording experience I ever had and it inspired me to start writing my own songs again.” Casualties of Cool released their eponymous debut album in 2014, followed up by a highly successful UK tour that included a performance at London’s Union Chapel. In its review of the concert, Metal Hammer wrote that “Che was born with the ability to melt hearts with a single syllable.” Che and Devin reassembled two years later for an appearance at Ramblin’ Man Fair in Kent and a music video/interview for the YouTube series Dunlap Sessions. Working with Devin inspired Dorval to relaunch her solo career. She supported the 2015 release of her EP Volume One with a 12-date UK tour opening for folk artist Kim Churchill. It proved to be a demanding but ultimately rewarding experience: “I had never gone through something like that before…I was completely alone and was insecure about playing my own songs. But I find that the most jarring experiences are the best chances to grow and learn. That tour made me stronger and more confident about what I can do.” This confidence carried into the writing and recording of Between the Walls and the Window, her second full-length project. As producer, Che tapped studio veteran Shawn F. Cole (Yukon Blonde, You Say Party! We Say Die!, The Painted Birds), known for his feel for biting pop/rock textures and moody atmospherics. On these sessions, Dorval is augmented by such A-list players as longtime Neko Case guitarist Paul Rigby, bassist Darren Parris and drummer Daniel Ruiz. Meanwhile, Dorval has been co-writing with in-demand producer Bob Rock (Bon Jovi, Aerosmith, The Tragically Hip, Michael Buble) on songs for an as-yet unnamed project. Read more on Last.fm. User-contributed text is available under the Creative Commons By-SA License; additional terms may apply.",Lionize,Unknown,https://www.youtube.com/watch?v=QK_n5s4SBvM&pp=ygUbQ2jDqSBBaW1lZSBEb3J2YWwgLSBMaW9uaXpl
The Crowned,https://lastfm.freetls.fastly.net/i/u/300x300/a03f2418f7ded22c8c21c2570996c076.jpg,Ché Aimee Dorval,2023-01-19,"Ché Aimee Dorval is a Canadian singer-songwriter from Vancouver. She released ""Dorval"" in 2006 and ""Underachiever"" in 2009. Her album ""Between the Walls & the Window"" was released in 2017. Growing up in Vancouver, BC, Dorval says she took inspiration from artists as diverse as Nick Drake, Cocteau Twins, Alanis Morissette and Cat Power. She honed her skills played local club dates and busked around Europe before winning David Foster’s British Columbia Star Search competition in 2007. This led to an appearance at Foster’s yearly charity gala and the chance to write and record in L.A. with hitmakers Greg Wells (Rufus Wainright, Katy Perry) and Kara DioGuardi (Pink, Kelly Clarkson). Dorval returned to Canada and released ""Underachiever"" in 2009. A short Eastern Canadian tour led to her settling in Toronto, where she became part of the local arts scene. Refreshed, she returned to her native Vancouver and caught the attention of legendary Rolling Stones producer/manager Andrew Loog Oldham, who offered her a contract and asked her to sing on his Rolling Stones Songbook Volume 2 album. Dorval’s rendition of “As Tears Go By” was declared “the coolest song in the world” by DJ Kid Leo on Sirius XM Radio. By this time, Che had recorded with Devin Townsend (Strapping Young Lad, DTP Project) for his album Ki, laying the groundwork for their teaming up as Casualties of Cool. “We stayed in touch and eventually he asked me to write a late-night dark country record with him,” she recalls. “It was the most positive recording experience I ever had and it inspired me to start writing my own songs again.” Casualties of Cool released their eponymous debut album in 2014, followed up by a highly successful UK tour that included a performance at London’s Union Chapel. In its review of the concert, Metal Hammer wrote that “Che was born with the ability to melt hearts with a single syllable.” Che and Devin reassembled two years later for an appearance at Ramblin’ Man Fair in Kent and a music video/interview for the YouTube series Dunlap Sessions. Working with Devin inspired Dorval to relaunch her solo career. She supported the 2015 release of her EP Volume One with a 12-date UK tour opening for folk artist Kim Churchill. It proved to be a demanding but ultimately rewarding experience: “I had never gone through something like that before…I was completely alone and was insecure about playing my own songs. But I find that the most jarring experiences are the best chances to grow and learn. That tour made me stronger and more confident about what I can do.” This confidence carried into the writing and recording of Between the Walls and the Window, her second full-length project. As producer, Che tapped studio veteran Shawn F. Cole (Yukon Blonde, You Say Party! We Say Die!, The Painted Birds), known for his feel for biting pop/rock textures and moody atmospherics. On these sessions, Dorval is augmented by such A-list players as longtime Neko Case guitarist Paul Rigby, bassist Darren Parris and drummer Daniel Ruiz. Meanwhile, Dorval has been co-writing with in-demand producer Bob Rock (Bon Jovi, Aerosmith, The Tragically Hip, Michael Buble) on songs for an as-yet unnamed project. Read more on Last.fm. User-contributed text is available under the Creative Commons By-SA License; additional terms may apply.",What is Enough (Desired and Adored),Unknown,https://www.youtube.com/watch?v=hK8MDl79xZo&pp=ygU3Q2jDqSBBaW1lZSBEb3J2YWwgLSBXaGF0IGlzIEVub3VnaCAoRGVzaXJlZCBhbmQgQWRvcmVkKQ%3D%3D
Diamond Jubilee,https://lastfm.freetls.fastly.net/i/u/300x300/5e08a87a091d9db75ce1bf39ee14ca53.png,Cindy Lee,2024-03-29,"Under the name Cindy Lee, Canadian musician Patrick Flegel creates haunting avant-garde pop music rooted in themes of heartbreak, alienation, and gender identity. The former frontperson for Calgary art rockers Women, Flegel began performing in drag as Cindy Lee in the early 2010s and went on to release a series of sonically adventurous solo albums under this banner that carried into the next decade. The project had an unexpected breakthrough with the 2024 double album Diamond Jubilee, which became one of indie's most critically acclaimed records of the year despite a release strategy that eschewed streaming platforms.
Along with their brother Matt Flegel, Patrick enjoyed popularity and critical success as a member of the noise rock outfit Women. During their five-year run, the group toured heavily and released a pair of unique and well-received albums before disbanding in 2012 following the death of guitarist Chris Reimer. By that point, Flegel had already begun to dress in drag and soon fused the Cindy Lee persona with a new strain of solo music they dubbed ""confrontation pop."" An eerie blend of tragic '50s pop, lo-fi ambience, and experimental textures, their first album, Act of Tenderness, was self-released in 2015 and featured Lee's daring falsetto vocals amid washes of distortion and soundscapes that alternated between lush and harsh. A cassette-only release, Malenkost, also appeared that year, adding further depth to Lee's strange, cathartic missives. Over the next several years, both Malenkost and Act of Tenderness received wider releases on the Superior Viaduct label, which also issued the 2018 anthology Model Express. Meanwhile, they continued to perform around Toronto and work on new material.
Lee relocated to Durham, North Carolina, around the time they issued their next album, What's Tonight to Eternity, in early 2020, followed quickly by the limited-edition Cat 'O Nine Tails album. (The latter set was reissued on cassette by Isolated Now Waves in 2023.) Recorded on digital eight-track over the next several years, mostly alone but with contributions from Steven Lind, the sprawling Diamond Jubilee was partly intended as a response to the darker What's Tonight to Eternity. Ending up with 32 tracks and an over-two-hour playing time, it did indeed forgo the gloomier, harsher aspects of the project's previous releases while retaining a time-damaged, disintegrating sound and clear influences like '50s pop and classic girl groups. Diamond Jubilee became an anomaly in 2024 release practices when its popularity took off thanks to receiving Pitchfork's highest rating in four years, word of mouth, and ensuing mainstream music-press coverage, despite having been issued in March as a download available exclusively at the project's spartan GeoCities website. On tour at the time, Cindy Lee had to upsize venues, and following an appearance on the short list for the Polaris Music Prize, Flegel finally did add the album to select sites like Bandcamp and (non-subscription) YouTube in October 2024. That month, Cindy Lee teamed up with Panda Bear for the single ""Defense."" ~ Timothy Monger & Marcy Donelson",Glitz,Unknown,https://www.youtube.com/watch?v=vcTx1pLoV-g&pp=ygURQ2luZHkgTGVlIC0gR2xpdHo%3D
Diamond Jubilee,https://lastfm.freetls.fastly.net/i/u/300x300/5e08a87a091d9db75ce1bf39ee14ca53.png,Cindy Lee,2024-03-29,"Under the name Cindy Lee, Canadian musician Patrick Flegel creates haunting avant-garde pop music rooted in themes of heartbreak, alienation, and gender identity. The former frontperson for Calgary art rockers Women, Flegel began performing in drag as Cindy Lee in the early 2010s and went on to release a series of sonically adventurous solo albums under this banner that carried into the next decade. The project had an unexpected breakthrough with the 2024 double album Diamond Jubilee, which became one of indie's most critically acclaimed records of the year despite a release strategy that eschewed streaming platforms.
Along with their brother Matt Flegel, Patrick enjoyed popularity and critical success as a member of the noise rock outfit Women. During their five-year run, the group toured heavily and released a pair of unique and well-received albums before disbanding in 2012 following the death of guitarist Chris Reimer. By that point, Flegel had already begun to dress in drag and soon fused the Cindy Lee persona with a new strain of solo music they dubbed ""confrontation pop."" An eerie blend of tragic '50s pop, lo-fi ambience, and experimental textures, their first album, Act of Tenderness, was self-released in 2015 and featured Lee's daring falsetto vocals amid washes of distortion and soundscapes that alternated between lush and harsh. A cassette-only release, Malenkost, also appeared that year, adding further depth to Lee's strange, cathartic missives. Over the next several years, both Malenkost and Act of Tenderness received wider releases on the Superior Viaduct label, which also issued the 2018 anthology Model Express. Meanwhile, they continued to perform around Toronto and work on new material.
Lee relocated to Durham, North Carolina, around the time they issued their next album, What's Tonight to Eternity, in early 2020, followed quickly by the limited-edition Cat 'O Nine Tails album. (The latter set was reissued on cassette by Isolated Now Waves in 2023.) Recorded on digital eight-track over the next several years, mostly alone but with contributions from Steven Lind, the sprawling Diamond Jubilee was partly intended as a response to the darker What's Tonight to Eternity. Ending up with 32 tracks and an over-two-hour playing time, it did indeed forgo the gloomier, harsher aspects of the project's previous releases while retaining a time-damaged, disintegrating sound and clear influences like '50s pop and classic girl groups. Diamond Jubilee became an anomaly in 2024 release practices when its popularity took off thanks to receiving Pitchfork's highest rating in four years, word of mouth, and ensuing mainstream music-press coverage, despite having been issued in March as a download available exclusively at the project's spartan GeoCities website. On tour at the time, Cindy Lee had to upsize venues, and following an appearance on the short list for the Polaris Music Prize, Flegel finally did add the album to select sites like Bandcamp and (non-subscription) YouTube in October 2024. That month, Cindy Lee teamed up with Panda Bear for the single ""Defense."" ~ Timothy Monger & Marcy Donelson",Dallas,Unknown,https://www.youtube.com/watch?v=eWgKd5WeKhY&pp=ygUSQ2luZHkgTGVlIC0gRGFsbGFz
Diamond Jubilee,https://lastfm.freetls.fastly.net/i/u/300x300/5e08a87a091d9db75ce1bf39ee14ca53.png,Cindy Lee,2024-03-29,"Under the name Cindy Lee, Canadian musician Patrick Flegel creates haunting avant-garde pop music rooted in themes of heartbreak, alienation, and gender identity. The former frontperson for Calgary art rockers Women, Flegel began performing in drag as Cindy Lee in the early 2010s and went on to release a series of sonically adventurous solo albums under this banner that carried into the next decade. The project had an unexpected breakthrough with the 2024 double album Diamond Jubilee, which became one of indie's most critically acclaimed records of the year despite a release strategy that eschewed streaming platforms.
Along with their brother Matt Flegel, Patrick enjoyed popularity and critical success as a member of the noise rock outfit Women. During their five-year run, the group toured heavily and released a pair of unique and well-received albums before disbanding in 2012 following the death of guitarist Chris Reimer. By that point, Flegel had already begun to dress in drag and soon fused the Cindy Lee persona with a new strain of solo music they dubbed ""confrontation pop."" An eerie blend of tragic '50s pop, lo-fi ambience, and experimental textures, their first album, Act of Tenderness, was self-released in 2015 and featured Lee's daring falsetto vocals amid washes of distortion and soundscapes that alternated between lush and harsh. A cassette-only release, Malenkost, also appeared that year, adding further depth to Lee's strange, cathartic missives. Over the next several years, both Malenkost and Act of Tenderness received wider releases on the Superior Viaduct label, which also issued the 2018 anthology Model Express. Meanwhile, they continued to perform around Toronto and work on new material.
Lee relocated to Durham, North Carolina, around the time they issued their next album, What's Tonight to Eternity, in early 2020, followed quickly by the limited-edition Cat 'O Nine Tails album. (The latter set was reissued on cassette by Isolated Now Waves in 2023.) Recorded on digital eight-track over the next several years, mostly alone but with contributions from Steven Lind, the sprawling Diamond Jubilee was partly intended as a response to the darker What's Tonight to Eternity. Ending up with 32 tracks and an over-two-hour playing time, it did indeed forgo the gloomier, harsher aspects of the project's previous releases while retaining a time-damaged, disintegrating sound and clear influences like '50s pop and classic girl groups. Diamond Jubilee became an anomaly in 2024 release practices when its popularity took off thanks to receiving Pitchfork's highest rating in four years, word of mouth, and ensuing mainstream music-press coverage, despite having been issued in March as a download available exclusively at the project's spartan GeoCities website. On tour at the time, Cindy Lee had to upsize venues, and following an appearance on the short list for the Polaris Music Prize, Flegel finally did add the album to select sites like Bandcamp and (non-subscription) YouTube in October 2024. That month, Cindy Lee teamed up with Panda Bear for the single ""Defense."" ~ Timothy Monger & Marcy Donelson",Always Dreaming,Unknown,https://www.youtube.com/watch?v=0U3VpUU9J-k&pp=ygUbQ2luZHkgTGVlIC0gQWx3YXlzIERyZWFtaW5n
Diamond Jubilee,https://lastfm.freetls.fastly.net/i/u/300x300/5e08a87a091d9db75ce1bf39ee14ca53.png,Cindy Lee,2024-03-29,"Under the name Cindy Lee, Canadian musician Patrick Flegel creates haunting avant-garde pop music rooted in themes of heartbreak, alienation, and gender identity. The former frontperson for Calgary art rockers Women, Flegel began performing in drag as Cindy Lee in the early 2010s and went on to release a series of sonically adventurous solo albums under this banner that carried into the next decade. The project had an unexpected breakthrough with the 2024 double album Diamond Jubilee, which became one of indie's most critically acclaimed records of the year despite a release strategy that eschewed streaming platforms.
Along with their brother Matt Flegel, Patrick enjoyed popularity and critical success as a member of the noise rock outfit Women. During their five-year run, the group toured heavily and released a pair of unique and well-received albums before disbanding in 2012 following the death of guitarist Chris Reimer. By that point, Flegel had already begun to dress in drag and soon fused the Cindy Lee persona with a new strain of solo music they dubbed ""confrontation pop."" An eerie blend of tragic '50s pop, lo-fi ambience, and experimental textures, their first album, Act of Tenderness, was self-released in 2015 and featured Lee's daring falsetto vocals amid washes of distortion and soundscapes that alternated between lush and harsh. A cassette-only release, Malenkost, also appeared that year, adding further depth to Lee's strange, cathartic missives. Over the next several years, both Malenkost and Act of Tenderness received wider releases on the Superior Viaduct label, which also issued the 2018 anthology Model Express. Meanwhile, they continued to perform around Toronto and work on new material.
Lee relocated to Durham, North Carolina, around the time they issued their next album, What's Tonight to Eternity, in early 2020, followed quickly by the limited-edition Cat 'O Nine Tails album. (The latter set was reissued on cassette by Isolated Now Waves in 2023.) Recorded on digital eight-track over the next several years, mostly alone but with contributions from Steven Lind, the sprawling Diamond Jubilee was partly intended as a response to the darker What's Tonight to Eternity. Ending up with 32 tracks and an over-two-hour playing time, it did indeed forgo the gloomier, harsher aspects of the project's previous releases while retaining a time-damaged, disintegrating sound and clear influences like '50s pop and classic girl groups. Diamond Jubilee became an anomaly in 2024 release practices when its popularity took off thanks to receiving Pitchfork's highest rating in four years, word of mouth, and ensuing mainstream music-press coverage, despite having been issued in March as a download available exclusively at the project's spartan GeoCities website. On tour at the time, Cindy Lee had to upsize venues, and following an appearance on the short list for the Polaris Music Prize, Flegel finally did add the album to select sites like Bandcamp and (non-subscription) YouTube in October 2024. That month, Cindy Lee teamed up with Panda Bear for the single ""Defense."" ~ Timothy Monger & Marcy Donelson",Kingdom Come,Unknown,https://www.youtube.com/watch?v=pBW0y9A1qRY&pp=ygUYQ2luZHkgTGVlIC0gS2luZ2RvbSBDb21l
Diamond Jubilee,https://lastfm.freetls.fastly.net/i/u/300x300/5e08a87a091d9db75ce1bf39ee14ca53.png,Cindy Lee,2024-03-29,"Under the name Cindy Lee, Canadian musician Patrick Flegel creates haunting avant-garde pop music rooted in themes of heartbreak, alienation, and gender identity. The former frontperson for Calgary art rockers Women, Flegel began performing in drag as Cindy Lee in the early 2010s and went on to release a series of sonically adventurous solo albums under this banner that carried into the next decade. The project had an unexpected breakthrough with the 2024 double album Diamond Jubilee, which became one of indie's most critically acclaimed records of the year despite a release strategy that eschewed streaming platforms.
Along with their brother Matt Flegel, Patrick enjoyed popularity and critical success as a member of the noise rock outfit Women. During their five-year run, the group toured heavily and released a pair of unique and well-received albums before disbanding in 2012 following the death of guitarist Chris Reimer. By that point, Flegel had already begun to dress in drag and soon fused the Cindy Lee persona with a new strain of solo music they dubbed ""confrontation pop."" An eerie blend of tragic '50s pop, lo-fi ambience, and experimental textures, their first album, Act of Tenderness, was self-released in 2015 and featured Lee's daring falsetto vocals amid washes of distortion and soundscapes that alternated between lush and harsh. A cassette-only release, Malenkost, also appeared that year, adding further depth to Lee's strange, cathartic missives. Over the next several years, both Malenkost and Act of Tenderness received wider releases on the Superior Viaduct label, which also issued the 2018 anthology Model Express. Meanwhile, they continued to perform around Toronto and work on new material.
Lee relocated to Durham, North Carolina, around the time they issued their next album, What's Tonight to Eternity, in early 2020, followed quickly by the limited-edition Cat 'O Nine Tails album. (The latter set was reissued on cassette by Isolated Now Waves in 2023.) Recorded on digital eight-track over the next several years, mostly alone but with contributions from Steven Lind, the sprawling Diamond Jubilee was partly intended as a response to the darker What's Tonight to Eternity. Ending up with 32 tracks and an over-two-hour playing time, it did indeed forgo the gloomier, harsher aspects of the project's previous releases while retaining a time-damaged, disintegrating sound and clear influences like '50s pop and classic girl groups. Diamond Jubilee became an anomaly in 2024 release practices when its popularity took off thanks to receiving Pitchfork's highest rating in four years, word of mouth, and ensuing mainstream music-press coverage, despite having been issued in March as a download available exclusively at the project's spartan GeoCities website. On tour at the time, Cindy Lee had to upsize venues, and following an appearance on the short list for the Polaris Music Prize, Flegel finally did add the album to select sites like Bandcamp and (non-subscription) YouTube in October 2024. That month, Cindy Lee teamed up with Panda Bear for the single ""Defense."" ~ Timothy Monger & Marcy Donelson",Stone Faces,Unknown,https://www.youtube.com/watch?v=LaeB-JbTaQI&pp=ygUXQ2luZHkgTGVlIC0gU3RvbmUgRmFjZXM%3D
Diamond Jubilee,https://lastfm.freetls.fastly.net/i/u/300x300/5e08a87a091d9db75ce1bf39ee14ca53.png,Cindy Lee,2024-03-29,"Under the name Cindy Lee, Canadian musician Patrick Flegel creates haunting avant-garde pop music rooted in themes of heartbreak, alienation, and gender identity. The former frontperson for Calgary art rockers Women, Flegel began performing in drag as Cindy Lee in the early 2010s and went on to release a series of sonically adventurous solo albums under this banner that carried into the next decade. The project had an unexpected breakthrough with the 2024 double album Diamond Jubilee, which became one of indie's most critically acclaimed records of the year despite a release strategy that eschewed streaming platforms.
Along with their brother Matt Flegel, Patrick enjoyed popularity and critical success as a member of the noise rock outfit Women. During their five-year run, the group toured heavily and released a pair of unique and well-received albums before disbanding in 2012 following the death of guitarist Chris Reimer. By that point, Flegel had already begun to dress in drag and soon fused the Cindy Lee persona with a new strain of solo music they dubbed ""confrontation pop."" An eerie blend of tragic '50s pop, lo-fi ambience, and experimental textures, their first album, Act of Tenderness, was self-released in 2015 and featured Lee's daring falsetto vocals amid washes of distortion and soundscapes that alternated between lush and harsh. A cassette-only release, Malenkost, also appeared that year, adding further depth to Lee's strange, cathartic missives. Over the next several years, both Malenkost and Act of Tenderness received wider releases on the Superior Viaduct label, which also issued the 2018 anthology Model Express. Meanwhile, they continued to perform around Toronto and work on new material.
Lee relocated to Durham, North Carolina, around the time they issued their next album, What's Tonight to Eternity, in early 2020, followed quickly by the limited-edition Cat 'O Nine Tails album. (The latter set was reissued on cassette by Isolated Now Waves in 2023.) Recorded on digital eight-track over the next several years, mostly alone but with contributions from Steven Lind, the sprawling Diamond Jubilee was partly intended as a response to the darker What's Tonight to Eternity. Ending up with 32 tracks and an over-two-hour playing time, it did indeed forgo the gloomier, harsher aspects of the project's previous releases while retaining a time-damaged, disintegrating sound and clear influences like '50s pop and classic girl groups. Diamond Jubilee became an anomaly in 2024 release practices when its popularity took off thanks to receiving Pitchfork's highest rating in four years, word of mouth, and ensuing mainstream music-press coverage, despite having been issued in March as a download available exclusively at the project's spartan GeoCities website. On tour at the time, Cindy Lee had to upsize venues, and following an appearance on the short list for the Polaris Music Prize, Flegel finally did add the album to select sites like Bandcamp and (non-subscription) YouTube in October 2024. That month, Cindy Lee teamed up with Panda Bear for the single ""Defense."" ~ Timothy Monger & Marcy Donelson",GAYBLEVISION,Unknown,https://www.youtube.com/watch?v=T8PTrD5yHOk&pp=ygUYQ2luZHkgTGVlIC0gR0FZQkxFVklTSU9O
Diamond Jubilee,https://lastfm.freetls.fastly.net/i/u/300x300/5e08a87a091d9db75ce1bf39ee14ca53.png,Cindy Lee,2024-03-29,"Under the name Cindy Lee, Canadian musician Patrick Flegel creates haunting avant-garde pop music rooted in themes of heartbreak, alienation, and gender identity. The former frontperson for Calgary art rockers Women, Flegel began performing in drag as Cindy Lee in the early 2010s and went on to release a series of sonically adventurous solo albums under this banner that carried into the next decade. The project had an unexpected breakthrough with the 2024 double album Diamond Jubilee, which became one of indie's most critically acclaimed records of the year despite a release strategy that eschewed streaming platforms.
Along with their brother Matt Flegel, Patrick enjoyed popularity and critical success as a member of the noise rock outfit Women. During their five-year run, the group toured heavily and released a pair of unique and well-received albums before disbanding in 2012 following the death of guitarist Chris Reimer. By that point, Flegel had already begun to dress in drag and soon fused the Cindy Lee persona with a new strain of solo music they dubbed ""confrontation pop."" An eerie blend of tragic '50s pop, lo-fi ambience, and experimental textures, their first album, Act of Tenderness, was self-released in 2015 and featured Lee's daring falsetto vocals amid washes of distortion and soundscapes that alternated between lush and harsh. A cassette-only release, Malenkost, also appeared that year, adding further depth to Lee's strange, cathartic missives. Over the next several years, both Malenkost and Act of Tenderness received wider releases on the Superior Viaduct label, which also issued the 2018 anthology Model Express. Meanwhile, they continued to perform around Toronto and work on new material.
Lee relocated to Durham, North Carolina, around the time they issued their next album, What's Tonight to Eternity, in early 2020, followed quickly by the limited-edition Cat 'O Nine Tails album. (The latter set was reissued on cassette by Isolated Now Waves in 2023.) Recorded on digital eight-track over the next several years, mostly alone but with contributions from Steven Lind, the sprawling Diamond Jubilee was partly intended as a response to the darker What's Tonight to Eternity. Ending up with 32 tracks and an over-two-hour playing time, it did indeed forgo the gloomier, harsher aspects of the project's previous releases while retaining a time-damaged, disintegrating sound and clear influences like '50s pop and classic girl groups. Diamond Jubilee became an anomaly in 2024 release practices when its popularity took off thanks to receiving Pitchfork's highest rating in four years, word of mouth, and ensuing mainstream music-press coverage, despite having been issued in March as a download available exclusively at the project's spartan GeoCities website. On tour at the time, Cindy Lee had to upsize venues, and following an appearance on the short list for the Polaris Music Prize, Flegel finally did add the album to select sites like Bandcamp and (non-subscription) YouTube in October 2024. That month, Cindy Lee teamed up with Panda Bear for the single ""Defense."" ~ Timothy Monger & Marcy Donelson",Lockstepp,Unknown,https://www.youtube.com/watch?v=IB_mKCwRUc4&pp=ygUVQ2luZHkgTGVlIC0gTG9ja3N0ZXBw
Diamond Jubilee,https://lastfm.freetls.fastly.net/i/u/300x300/5e08a87a091d9db75ce1bf39ee14ca53.png,Cindy Lee,2024-03-29,"Under the name Cindy Lee, Canadian musician Patrick Flegel creates haunting avant-garde pop music rooted in themes of heartbreak, alienation, and gender identity. The former frontperson for Calgary art rockers Women, Flegel began performing in drag as Cindy Lee in the early 2010s and went on to release a series of sonically adventurous solo albums under this banner that carried into the next decade. The project had an unexpected breakthrough with the 2024 double album Diamond Jubilee, which became one of indie's most critically acclaimed records of the year despite a release strategy that eschewed streaming platforms.
Along with their brother Matt Flegel, Patrick enjoyed popularity and critical success as a member of the noise rock outfit Women. During their five-year run, the group toured heavily and released a pair of unique and well-received albums before disbanding in 2012 following the death of guitarist Chris Reimer. By that point, Flegel had already begun to dress in drag and soon fused the Cindy Lee persona with a new strain of solo music they dubbed ""confrontation pop."" An eerie blend of tragic '50s pop, lo-fi ambience, and experimental textures, their first album, Act of Tenderness, was self-released in 2015 and featured Lee's daring falsetto vocals amid washes of distortion and soundscapes that alternated between lush and harsh. A cassette-only release, Malenkost, also appeared that year, adding further depth to Lee's strange, cathartic missives. Over the next several years, both Malenkost and Act of Tenderness received wider releases on the Superior Viaduct label, which also issued the 2018 anthology Model Express. Meanwhile, they continued to perform around Toronto and work on new material.
Lee relocated to Durham, North Carolina, around the time they issued their next album, What's Tonight to Eternity, in early 2020, followed quickly by the limited-edition Cat 'O Nine Tails album. (The latter set was reissued on cassette by Isolated Now Waves in 2023.) Recorded on digital eight-track over the next several years, mostly alone but with contributions from Steven Lind, the sprawling Diamond Jubilee was partly intended as a response to the darker What's Tonight to Eternity. Ending up with 32 tracks and an over-two-hour playing time, it did indeed forgo the gloomier, harsher aspects of the project's previous releases while retaining a time-damaged, disintegrating sound and clear influences like '50s pop and classic girl groups. Diamond Jubilee became an anomaly in 2024 release practices when its popularity took off thanks to receiving Pitchfork's highest rating in four years, word of mouth, and ensuing mainstream music-press coverage, despite having been issued in March as a download available exclusively at the project's spartan GeoCities website. On tour at the time, Cindy Lee had to upsize venues, and following an appearance on the short list for the Polaris Music Prize, Flegel finally did add the album to select sites like Bandcamp and (non-subscription) YouTube in October 2024. That month, Cindy Lee teamed up with Panda Bear for the single ""Defense."" ~ Timothy Monger & Marcy Donelson",Deepest Blue,Unknown,https://www.youtube.com/watch?v=7BVtBb6odh0&pp=ygUYQ2luZHkgTGVlIC0gRGVlcGVzdCBCbHVl
Diamond Jubilee,https://lastfm.freetls.fastly.net/i/u/300x300/5e08a87a091d9db75ce1bf39ee14ca53.png,Cindy Lee,2024-03-29,"Under the name Cindy Lee, Canadian musician Patrick Flegel creates haunting avant-garde pop music rooted in themes of heartbreak, alienation, and gender identity. The former frontperson for Calgary art rockers Women, Flegel began performing in drag as Cindy Lee in the early 2010s and went on to release a series of sonically adventurous solo albums under this banner that carried into the next decade. The project had an unexpected breakthrough with the 2024 double album Diamond Jubilee, which became one of indie's most critically acclaimed records of the year despite a release strategy that eschewed streaming platforms.
Along with their brother Matt Flegel, Patrick enjoyed popularity and critical success as a member of the noise rock outfit Women. During their five-year run, the group toured heavily and released a pair of unique and well-received albums before disbanding in 2012 following the death of guitarist Chris Reimer. By that point, Flegel had already begun to dress in drag and soon fused the Cindy Lee persona with a new strain of solo music they dubbed ""confrontation pop."" An eerie blend of tragic '50s pop, lo-fi ambience, and experimental textures, their first album, Act of Tenderness, was self-released in 2015 and featured Lee's daring falsetto vocals amid washes of distortion and soundscapes that alternated between lush and harsh. A cassette-only release, Malenkost, also appeared that year, adding further depth to Lee's strange, cathartic missives. Over the next several years, both Malenkost and Act of Tenderness received wider releases on the Superior Viaduct label, which also issued the 2018 anthology Model Express. Meanwhile, they continued to perform around Toronto and work on new material.
Lee relocated to Durham, North Carolina, around the time they issued their next album, What's Tonight to Eternity, in early 2020, followed quickly by the limited-edition Cat 'O Nine Tails album. (The latter set was reissued on cassette by Isolated Now Waves in 2023.) Recorded on digital eight-track over the next several years, mostly alone but with contributions from Steven Lind, the sprawling Diamond Jubilee was partly intended as a response to the darker What's Tonight to Eternity. Ending up with 32 tracks and an over-two-hour playing time, it did indeed forgo the gloomier, harsher aspects of the project's previous releases while retaining a time-damaged, disintegrating sound and clear influences like '50s pop and classic girl groups. Diamond Jubilee became an anomaly in 2024 release practices when its popularity took off thanks to receiving Pitchfork's highest rating in four years, word of mouth, and ensuing mainstream music-press coverage, despite having been issued in March as a download available exclusively at the project's spartan GeoCities website. On tour at the time, Cindy Lee had to upsize venues, and following an appearance on the short list for the Polaris Music Prize, Flegel finally did add the album to select sites like Bandcamp and (non-subscription) YouTube in October 2024. That month, Cindy Lee teamed up with Panda Bear for the single ""Defense."" ~ Timothy Monger & Marcy Donelson",Golden Microphone,Unknown,https://www.youtube.com/watch?v=DZdIXQuo2no&pp=ygUbQ2luZHkgTGVlIEdvbGRlbiBNaWNyb3Bob25l
Diamond Jubilee,https://lastfm.freetls.fastly.net/i/u/300x300/5e08a87a091d9db75ce1bf39ee14ca53.png,Cindy Lee,2024-03-29,"Under the name Cindy Lee, Canadian musician Patrick Flegel creates haunting avant-garde pop music rooted in themes of heartbreak, alienation, and gender identity. The former frontperson for Calgary art rockers Women, Flegel began performing in drag as Cindy Lee in the early 2010s and went on to release a series of sonically adventurous solo albums under this banner that carried into the next decade. The project had an unexpected breakthrough with the 2024 double album Diamond Jubilee, which became one of indie's most critically acclaimed records of the year despite a release strategy that eschewed streaming platforms.
Along with their brother Matt Flegel, Patrick enjoyed popularity and critical success as a member of the noise rock outfit Women. During their five-year run, the group toured heavily and released a pair of unique and well-received albums before disbanding in 2012 following the death of guitarist Chris Reimer. By that point, Flegel had already begun to dress in drag and soon fused the Cindy Lee persona with a new strain of solo music they dubbed ""confrontation pop."" An eerie blend of tragic '50s pop, lo-fi ambience, and experimental textures, their first album, Act of Tenderness, was self-released in 2015 and featured Lee's daring falsetto vocals amid washes of distortion and soundscapes that alternated between lush and harsh. A cassette-only release, Malenkost, also appeared that year, adding further depth to Lee's strange, cathartic missives. Over the next several years, both Malenkost and Act of Tenderness received wider releases on the Superior Viaduct label, which also issued the 2018 anthology Model Express. Meanwhile, they continued to perform around Toronto and work on new material.
Lee relocated to Durham, North Carolina, around the time they issued their next album, What's Tonight to Eternity, in early 2020, followed quickly by the limited-edition Cat 'O Nine Tails album. (The latter set was reissued on cassette by Isolated Now Waves in 2023.) Recorded on digital eight-track over the next several years, mostly alone but with contributions from Steven Lind, the sprawling Diamond Jubilee was partly intended as a response to the darker What's Tonight to Eternity. Ending up with 32 tracks and an over-two-hour playing time, it did indeed forgo the gloomier, harsher aspects of the project's previous releases while retaining a time-damaged, disintegrating sound and clear influences like '50s pop and classic girl groups. Diamond Jubilee became an anomaly in 2024 release practices when its popularity took off thanks to receiving Pitchfork's highest rating in four years, word of mouth, and ensuing mainstream music-press coverage, despite having been issued in March as a download available exclusively at the project's spartan GeoCities website. On tour at the time, Cindy Lee had to upsize venues, and following an appearance on the short list for the Polaris Music Prize, Flegel finally did add the album to select sites like Bandcamp and (non-subscription) YouTube in October 2024. That month, Cindy Lee teamed up with Panda Bear for the single ""Defense."" ~ Timothy Monger & Marcy Donelson",Don’t Tell Me I’m Wrong,Unknown,https://www.youtube.com/watch?v=2X_C9Z_8_j4&pp=ygUnQ2luZHkgTGVlIC0gRG9u4oCZdCBUZWxsIE1lIEnigJltIFdyb25n
Diamond Jubilee,https://lastfm.freetls.fastly.net/i/u/300x300/5e08a87a091d9db75ce1bf39ee14ca53.png,Cindy Lee,2024-03-29,"Under the name Cindy Lee, Canadian musician Patrick Flegel creates haunting avant-garde pop music rooted in themes of heartbreak, alienation, and gender identity. The former frontperson for Calgary art rockers Women, Flegel began performing in drag as Cindy Lee in the early 2010s and went on to release a series of sonically adventurous solo albums under this banner that carried into the next decade. The project had an unexpected breakthrough with the 2024 double album Diamond Jubilee, which became one of indie's most critically acclaimed records of the year despite a release strategy that eschewed streaming platforms.
Along with their brother Matt Flegel, Patrick enjoyed popularity and critical success as a member of the noise rock outfit Women. During their five-year run, the group toured heavily and released a pair of unique and well-received albums before disbanding in 2012 following the death of guitarist Chris Reimer. By that point, Flegel had already begun to dress in drag and soon fused the Cindy Lee persona with a new strain of solo music they dubbed ""confrontation pop."" An eerie blend of tragic '50s pop, lo-fi ambience, and experimental textures, their first album, Act of Tenderness, was self-released in 2015 and featured Lee's daring falsetto vocals amid washes of distortion and soundscapes that alternated between lush and harsh. A cassette-only release, Malenkost, also appeared that year, adding further depth to Lee's strange, cathartic missives. Over the next several years, both Malenkost and Act of Tenderness received wider releases on the Superior Viaduct label, which also issued the 2018 anthology Model Express. Meanwhile, they continued to perform around Toronto and work on new material.
Lee relocated to Durham, North Carolina, around the time they issued their next album, What's Tonight to Eternity, in early 2020, followed quickly by the limited-edition Cat 'O Nine Tails album. (The latter set was reissued on cassette by Isolated Now Waves in 2023.) Recorded on digital eight-track over the next several years, mostly alone but with contributions from Steven Lind, the sprawling Diamond Jubilee was partly intended as a response to the darker What's Tonight to Eternity. Ending up with 32 tracks and an over-two-hour playing time, it did indeed forgo the gloomier, harsher aspects of the project's previous releases while retaining a time-damaged, disintegrating sound and clear influences like '50s pop and classic girl groups. Diamond Jubilee became an anomaly in 2024 release practices when its popularity took off thanks to receiving Pitchfork's highest rating in four years, word of mouth, and ensuing mainstream music-press coverage, despite having been issued in March as a download available exclusively at the project's spartan GeoCities website. On tour at the time, Cindy Lee had to upsize venues, and following an appearance on the short list for the Polaris Music Prize, Flegel finally did add the album to select sites like Bandcamp and (non-subscription) YouTube in October 2024. That month, Cindy Lee teamed up with Panda Bear for the single ""Defense."" ~ Timothy Monger & Marcy Donelson",Wild Rose,Unknown,https://www.youtube.com/watch?v=m9ry7-pMirU&pp=ygUVQ2luZHkgTGVlIC0gV2lsZCBSb3Nl
Diamond Jubilee,https://lastfm.freetls.fastly.net/i/u/300x300/5e08a87a091d9db75ce1bf39ee14ca53.png,Cindy Lee,2024-03-29,"Under the name Cindy Lee, Canadian musician Patrick Flegel creates haunting avant-garde pop music rooted in themes of heartbreak, alienation, and gender identity. The former frontperson for Calgary art rockers Women, Flegel began performing in drag as Cindy Lee in the early 2010s and went on to release a series of sonically adventurous solo albums under this banner that carried into the next decade. The project had an unexpected breakthrough with the 2024 double album Diamond Jubilee, which became one of indie's most critically acclaimed records of the year despite a release strategy that eschewed streaming platforms.
Along with their brother Matt Flegel, Patrick enjoyed popularity and critical success as a member of the noise rock outfit Women. During their five-year run, the group toured heavily and released a pair of unique and well-received albums before disbanding in 2012 following the death of guitarist Chris Reimer. By that point, Flegel had already begun to dress in drag and soon fused the Cindy Lee persona with a new strain of solo music they dubbed ""confrontation pop."" An eerie blend of tragic '50s pop, lo-fi ambience, and experimental textures, their first album, Act of Tenderness, was self-released in 2015 and featured Lee's daring falsetto vocals amid washes of distortion and soundscapes that alternated between lush and harsh. A cassette-only release, Malenkost, also appeared that year, adding further depth to Lee's strange, cathartic missives. Over the next several years, both Malenkost and Act of Tenderness received wider releases on the Superior Viaduct label, which also issued the 2018 anthology Model Express. Meanwhile, they continued to perform around Toronto and work on new material.
Lee relocated to Durham, North Carolina, around the time they issued their next album, What's Tonight to Eternity, in early 2020, followed quickly by the limited-edition Cat 'O Nine Tails album. (The latter set was reissued on cassette by Isolated Now Waves in 2023.) Recorded on digital eight-track over the next several years, mostly alone but with contributions from Steven Lind, the sprawling Diamond Jubilee was partly intended as a response to the darker What's Tonight to Eternity. Ending up with 32 tracks and an over-two-hour playing time, it did indeed forgo the gloomier, harsher aspects of the project's previous releases while retaining a time-damaged, disintegrating sound and clear influences like '50s pop and classic girl groups. Diamond Jubilee became an anomaly in 2024 release practices when its popularity took off thanks to receiving Pitchfork's highest rating in four years, word of mouth, and ensuing mainstream music-press coverage, despite having been issued in March as a download available exclusively at the project's spartan GeoCities website. On tour at the time, Cindy Lee had to upsize venues, and following an appearance on the short list for the Polaris Music Prize, Flegel finally did add the album to select sites like Bandcamp and (non-subscription) YouTube in October 2024. That month, Cindy Lee teamed up with Panda Bear for the single ""Defense."" ~ Timothy Monger & Marcy Donelson",Crime of Passion,Unknown,https://www.youtube.com/watch?v=UBRY2wJaaSY&pp=ygUcQ2luZHkgTGVlIC0gQ3JpbWUgb2YgUGFzc2lvbg%3D%3D
Golden Shower of Hits,https://lastfm.freetls.fastly.net/i/u/300x300/bca109f9e6804eea9899152d729f40d4.jpg,Circle Jerks,1983-01-01,"Formed in 1979 by Black Flag vocalist Keith Morris and Redd Kross guitarist Greg Hetson, the Circle Jerks combined the rebelliousness of the Sex Pistols and Ramones with the aggressive athletic elements of the surfer/skateboarder crowd from Hermosa Beach. This coastal city just south of Los Angeles ignited the initial explosion of hardcore bands. Including bassist Roger Rogerson and drummer Lucky Lehrer, the band recorded their debut album, Group Sex, in 1980 on Frontier Records. Containing 14 tracks, the songs ranged in length from 1:35 to 27 seconds, taking the hyper blast of punk to the next extreme. With the release of the album, an appearance in the documentary film about L.A. punk The Decline of Western Civilization, and their incendiary live performances, the group's stature was assured in the budding hardcore community.
Their second LP, 1982's Wild in the Streets, continued the intensity while injecting a humorous slant into the music by covering '60s pop hits ""Just Like Me""/""Put a Little Love in Your Heart,"" applied with their slamdancing aggression. The joke was expanded on Golden Shower of Hits, their third album, released in 1983. The second time around they tackled ""Along Comes Mary,"" ""Afternoon Delight,"" ""Having My Baby,"" and ""Love Will Keep Us Together."" Golden Shower also marked the incorporation of a few longer songs that hovered around the three-minute mark, including ""Under the Gun,"" ""High Price on Our Heads,"" and ""Rats of Reality."" At this point the band took a two-year break, which found Hetson joining the newly formed Bad Religion, taking on guitar duties for both bands well into the next decade.
In 1985 the Circle Jerks returned with two new bandmembers, Keith Clark on drums and bassist Zander Schloss, releasing the metal-tinged Wonderful album on the Combat label. The group's new approach received mixed reviews, as their hard and fast thrash was slowed down and replaced by an explicit hard rock thump, which carried over to their next Combat release in 1987, VI. The band kept a low profile into the '90s, with the only Circle Jerks record being the 1992 anthology of concert performances titled Gig. By 1995, the band released its first new studio album in eight years, Oddities, Abnormalities and Curiosities, their major-label debut on Mercury. A highlight among the 12 tracks was a cover version of the Soft Boys' ""I Wanna Destroy You,"" featuring a truly odd vocal appearance by Circle Jerks' fan Debbie Gibson, who would sporadically show up at gigs and perform the song with the band!
By 1996 the years of rough touring caught up with the bandmembers and once again they went on hiatus. Morris in particular had been plagued by serious health problems, including a back injury that forced him to wear a brace, colon and stomach problems including appendicitis, and a 1999 diagnosis of adult onset diabetes. Since Morris had no health insurance, benefits were held to curtail his enormous medical bills, allowing the now dreadlocked lead singer to begin recuperating. In 2003 Morris was well enough to play live gigs with his spoken word jazz-punk ensemble Midget Handjob, and also tour with the Circle Jerks and the Rollins Band. An appearance on the Henry Rollins' orchestrated benefit album Rise Above: 24 Black Flag Songs to Benefit the West Memphis Three would bring Morris full circle with a performance of ""Nervous Breakdown,"" a track he initially recorded in 1978 with the first incarnation of Black Flag. ~ Al Campbell",Coup d’etat,Unknown,https://www.youtube.com/watch?v=MLQ8Xbau9dk&pp=ygUXQ2lyY2xlIEplcmtzIENvdXAgZGV0YXQ%3D
Golden Shower of Hits,https://lastfm.freetls.fastly.net/i/u/300x300/bca109f9e6804eea9899152d729f40d4.jpg,Circle Jerks,1983-01-01,"Formed in 1979 by Black Flag vocalist Keith Morris and Redd Kross guitarist Greg Hetson, the Circle Jerks combined the rebelliousness of the Sex Pistols and Ramones with the aggressive athletic elements of the surfer/skateboarder crowd from Hermosa Beach. This coastal city just south of Los Angeles ignited the initial explosion of hardcore bands. Including bassist Roger Rogerson and drummer Lucky Lehrer, the band recorded their debut album, Group Sex, in 1980 on Frontier Records. Containing 14 tracks, the songs ranged in length from 1:35 to 27 seconds, taking the hyper blast of punk to the next extreme. With the release of the album, an appearance in the documentary film about L.A. punk The Decline of Western Civilization, and their incendiary live performances, the group's stature was assured in the budding hardcore community.
Their second LP, 1982's Wild in the Streets, continued the intensity while injecting a humorous slant into the music by covering '60s pop hits ""Just Like Me""/""Put a Little Love in Your Heart,"" applied with their slamdancing aggression. The joke was expanded on Golden Shower of Hits, their third album, released in 1983. The second time around they tackled ""Along Comes Mary,"" ""Afternoon Delight,"" ""Having My Baby,"" and ""Love Will Keep Us Together."" Golden Shower also marked the incorporation of a few longer songs that hovered around the three-minute mark, including ""Under the Gun,"" ""High Price on Our Heads,"" and ""Rats of Reality."" At this point the band took a two-year break, which found Hetson joining the newly formed Bad Religion, taking on guitar duties for both bands well into the next decade.
In 1985 the Circle Jerks returned with two new bandmembers, Keith Clark on drums and bassist Zander Schloss, releasing the metal-tinged Wonderful album on the Combat label. The group's new approach received mixed reviews, as their hard and fast thrash was slowed down and replaced by an explicit hard rock thump, which carried over to their next Combat release in 1987, VI. The band kept a low profile into the '90s, with the only Circle Jerks record being the 1992 anthology of concert performances titled Gig. By 1995, the band released its first new studio album in eight years, Oddities, Abnormalities and Curiosities, their major-label debut on Mercury. A highlight among the 12 tracks was a cover version of the Soft Boys' ""I Wanna Destroy You,"" featuring a truly odd vocal appearance by Circle Jerks' fan Debbie Gibson, who would sporadically show up at gigs and perform the song with the band!
By 1996 the years of rough touring caught up with the bandmembers and once again they went on hiatus. Morris in particular had been plagued by serious health problems, including a back injury that forced him to wear a brace, colon and stomach problems including appendicitis, and a 1999 diagnosis of adult onset diabetes. Since Morris had no health insurance, benefits were held to curtail his enormous medical bills, allowing the now dreadlocked lead singer to begin recuperating. In 2003 Morris was well enough to play live gigs with his spoken word jazz-punk ensemble Midget Handjob, and also tour with the Circle Jerks and the Rollins Band. An appearance on the Henry Rollins' orchestrated benefit album Rise Above: 24 Black Flag Songs to Benefit the West Memphis Three would bring Morris full circle with a performance of ""Nervous Breakdown,"" a track he initially recorded in 1978 with the first incarnation of Black Flag. ~ Al Campbell",When the Shit Hits the Fan,Unknown,https://www.youtube.com/watch?v=KEAShr5OfBs&pp=ygUnQ2lyY2xlIEplcmtzIFdoZW4gdGhlIFNoaXQgSGl0cyB0aGUgRmFu
27,https://lastfm.freetls.fastly.net/i/u/300x300/803f0b2af4ba4b998f812b0ed542cc86.jpg,Ciro y Los Persas,2012-11-14,Read more on Last.fm. User-contributed text is available under the Creative Commons By-SA License; additional terms may apply.,Astros,Unknown,https://www.youtube.com/watch?v=yQcaUpZZ-18&pp=ygUYQ2lybyB5IExvcyBQZXJzYXMgQXN0cm9z0gcJCX4JAYcqIYzv
27,https://lastfm.freetls.fastly.net/i/u/300x300/803f0b2af4ba4b998f812b0ed542cc86.jpg,Ciro y Los Persas,2012-11-14,Read more on Last.fm. User-contributed text is available under the Creative Commons By-SA License; additional terms may apply.,Caminando,Unknown,https://www.youtube.com/watch?v=fFBPjngiJos&pp=ygUbQ2lybyB5IExvcyBQZXJzYXMgQ2FtaW5hbmRv
27,https://lastfm.freetls.fastly.net/i/u/300x300/803f0b2af4ba4b998f812b0ed542cc86.jpg,Ciro y Los Persas,2012-11-14,Read more on Last.fm. User-contributed text is available under the Creative Commons By-SA License; additional terms may apply.,Me gusta,Unknown,https://www.youtube.com/watch?v=f2YwQ9AGFd8&pp=ygUcQ2lybyB5IExvcyBQZXJzYXMgLSBNZSBndXN0YQ%3D%3D
27,https://lastfm.freetls.fastly.net/i/u/300x300/803f0b2af4ba4b998f812b0ed542cc86.jpg,Ciro y Los Persas,2012-11-14,Read more on Last.fm. User-contributed text is available under the Creative Commons By-SA License; additional terms may apply.,Curtite,Unknown,https://www.youtube.com/watch?v=YW6TzVuZUVc&pp=ygUZQ2lybyB5IExvcyBQZXJzYXMgQ3VydGl0ZQ%3D%3D
27,https://lastfm.freetls.fastly.net/i/u/300x300/803f0b2af4ba4b998f812b0ed542cc86.jpg,Ciro y Los Persas,2012-11-14,Read more on Last.fm. User-contributed text is available under the Creative Commons By-SA License; additional terms may apply.,Mi sol,Unknown,https://www.youtube.com/watch?v=dvLkkJEPRrI&pp=ygUYQ2lybyB5IExvcyBQZXJzYXMgTWkgc29s
27,https://lastfm.freetls.fastly.net/i/u/300x300/803f0b2af4ba4b998f812b0ed542cc86.jpg,Ciro y Los Persas,2012-11-14,Read more on Last.fm. User-contributed text is available under the Creative Commons By-SA License; additional terms may apply.,Tal vez,Unknown,https://www.youtube.com/watch?v=dfbQhbVyXvU&pp=ygUZQ2lybyB5IExvcyBQZXJzYXMgVGFsIHZleg%3D%3D
Naranja Persa,https://lastfm.freetls.fastly.net/i/u/300x300/f7c950faf05a90254586956ab2ca940f.jpg,Ciro y Los Persas,2016-09-27,Read more on Last.fm. User-contributed text is available under the Creative Commons By-SA License; additional terms may apply.,Similar,Unknown,https://www.youtube.com/watch?v=POtx2pPRMUE&pp=ygUZQ2lybyB5IExvcyBQZXJzYXMgU2ltaWxhctIHCQl-CQGHKiGM7w%3D%3D
Espejos,https://lastfm.freetls.fastly.net/i/u/300x300/8dc0305d4cde47f8b72820021ad3326b.jpg,Ciro y Los Persas,2010-01-01,Read more on Last.fm. User-contributed text is available under the Creative Commons By-SA License; additional terms may apply.,Antes Y Despues,Unknown,https://www.youtube.com/watch?v=L7kYDDKEJKc&pp=ygUhQ2lybyB5IExvcyBQZXJzYXMgQW50ZXMgWSBEZXNwdWVz
Espejos,https://lastfm.freetls.fastly.net/i/u/300x300/8dc0305d4cde47f8b72820021ad3326b.jpg,Ciro y Los Persas,2010-01-01,Read more on Last.fm. User-contributed text is available under the Creative Commons By-SA License; additional terms may apply.,Servidor,Unknown,https://www.youtube.com/watch?v=kz8UhkRjjvg&pp=ygUaQ2lybyB5IExvcyBQZXJzYXMgU2Vydmlkb3I%3D
Espejos,https://lastfm.freetls.fastly.net/i/u/300x300/8dc0305d4cde47f8b72820021ad3326b.jpg,Ciro y Los Persas,2010-01-01,Read more on Last.fm. User-contributed text is available under the Creative Commons By-SA License; additional terms may apply.,Insisto,Unknown,https://www.youtube.com/watch?v=5FGjpmpAenM&pp=ygUbQ2lybyB5IExvcyBQZXJzYXMgLSBJbnNpc3Rv
Espejos,https://lastfm.freetls.fastly.net/i/u/300x300/8dc0305d4cde47f8b72820021ad3326b.jpg,Ciro y Los Persas,2010-01-01,Read more on Last.fm. User-contributed text is available under the Creative Commons By-SA License; additional terms may apply.,Banda De Garage,Unknown,https://www.youtube.com/watch?v=YuzZyZjueNU&pp=ygUhQ2lybyB5IExvcyBQZXJzYXMgQmFuZGEgRGUgR2FyYWdl
Guerras (Un viaje en el tiempo),https://lastfm.freetls.fastly.net/i/u/300x300/41fdcab12be70dddb30c324a9d75203c.jpg,Ciro y Los Persas,2020-11-20,Read more on Last.fm. User-contributed text is available under the Creative Commons By-SA License; additional terms may apply.,Ruleta,Unknown,https://www.youtube.com/watch?v=6xAqSF1PD8Q&pp=ygUYQ2lybyB5IExvcyBQZXJzYXMgUnVsZXRh
Guerras (Un viaje en el tiempo),https://lastfm.freetls.fastly.net/i/u/300x300/41fdcab12be70dddb30c324a9d75203c.jpg,Ciro y Los Persas,2020-11-20,Read more on Last.fm. User-contributed text is available under the Creative Commons By-SA License; additional terms may apply.,El farolito,Unknown,https://www.youtube.com/watch?v=nHjE_g61kUk&pp=ygUdQ2lybyB5IExvcyBQZXJzYXMgRWwgZmFyb2xpdG8%3D
Guerras (Un viaje en el tiempo),https://lastfm.freetls.fastly.net/i/u/300x300/41fdcab12be70dddb30c324a9d75203c.jpg,Ciro y Los Persas,2020-11-20,Read more on Last.fm. User-contributed text is available under the Creative Commons By-SA License; additional terms may apply.,Morella,Unknown,https://www.youtube.com/watch?v=cEPXxXSHUfI&pp=ygUZQ2lybyB5IExvcyBQZXJzYXMgTW9yZWxsYQ%3D%3D
Guerras (Un viaje en el tiempo),https://lastfm.freetls.fastly.net/i/u/300x300/41fdcab12be70dddb30c324a9d75203c.jpg,Ciro y Los Persas,2020-11-20,Read more on Last.fm. User-contributed text is available under the Creative Commons By-SA License; additional terms may apply.,Difícil,Unknown,https://www.youtube.com/watch?v=YvtTnBopzyk&pp=ygUaQ2lybyB5IExvcyBQZXJzYXMgRGlmw61jaWw%3D
Guerras (Un viaje en el tiempo),https://lastfm.freetls.fastly.net/i/u/300x300/41fdcab12be70dddb30c324a9d75203c.jpg,Ciro y Los Persas,2020-11-20,Read more on Last.fm. User-contributed text is available under the Creative Commons By-SA License; additional terms may apply.,Tan solo,Unknown,https://www.youtube.com/watch?v=2ZK1CT_FS3w&pp=ygUaQ2lybyB5IExvcyBQZXJzYXMgVGFuIHNvbG8%3D
Guerras (Un viaje en el tiempo),https://lastfm.freetls.fastly.net/i/u/300x300/41fdcab12be70dddb30c324a9d75203c.jpg,Ciro y Los Persas,2020-11-20,Read more on Last.fm. User-contributed text is available under the Creative Commons By-SA License; additional terms may apply.,Te encontré,Unknown,https://www.youtube.com/watch?v=-6bsoQSEwYg&pp=ygUeQ2lybyB5IExvcyBQZXJzYXMgVGUgZW5jb250csOp
Naranja Persa,https://lastfm.freetls.fastly.net/i/u/300x300/f7c950faf05a90254586956ab2ca940f.jpg,Ciro y Los Persas,2016-09-27,Read more on Last.fm. User-contributed text is available under the Creative Commons By-SA License; additional terms may apply.,Amor Prohibido,Unknown,https://www.youtube.com/watch?v=KhiYPO4FsYM&pp=ygUgQ2lybyB5IExvcyBQZXJzYXMgQW1vciBQcm9oaWJpZG8%3D
Naranja Persa,https://lastfm.freetls.fastly.net/i/u/300x300/f7c950faf05a90254586956ab2ca940f.jpg,Ciro y Los Persas,2016-09-27,Read more on Last.fm. User-contributed text is available under the Creative Commons By-SA License; additional terms may apply.,Luz,Unknown,https://www.youtube.com/watch?v=0KLGaijdOgU&pp=ygUVQ2lybyB5IExvcyBQZXJzYXMgTHV6
Naranja Persa,https://lastfm.freetls.fastly.net/i/u/300x300/f7c950faf05a90254586956ab2ca940f.jpg,Ciro y Los Persas,2016-09-27,Read more on Last.fm. User-contributed text is available under the Creative Commons By-SA License; additional terms may apply.,¡Juira!,Unknown,https://www.youtube.com/watch?v=OtH9qqN1dGA&pp=ygUXQ2lybyB5IExvcyBQZXJzYXMgSnVpcmE%3D
Naranja Persa,https://lastfm.freetls.fastly.net/i/u/300x300/f7c950faf05a90254586956ab2ca940f.jpg,Ciro y Los Persas,2016-09-27,Read more on Last.fm. User-contributed text is available under the Creative Commons By-SA License; additional terms may apply.,La Rosa,Unknown,https://www.youtube.com/watch?v=x1PxsNbXiSU&pp=ygUZQ2lybyB5IExvcyBQZXJzYXMgTGEgUm9zYQ%3D%3D
Naranja Persa,https://lastfm.freetls.fastly.net/i/u/300x300/f7c950faf05a90254586956ab2ca940f.jpg,Ciro y Los Persas,2016-09-27,Read more on Last.fm. User-contributed text is available under the Creative Commons By-SA License; additional terms may apply.,Atún,Unknown,https://www.youtube.com/watch?v=OsrcWy3DMy8&pp=ygUXQ2lybyB5IExvcyBQZXJzYXMgQXTDum4%3D
El Garca,https://lastfm.freetls.fastly.net/i/u/300x300/f076c719f99c26f7fc0d29a0eed8622a.jpg,Ciro y Los Persas,2025-12-03,Read more on Last.fm. User-contributed text is available under the Creative Commons By-SA License; additional terms may apply.,El Garca,Unknown,https://www.youtube.com/watch?v=5lo2idKFPZ0&list=RD5lo2idKFPZ0&start_radio=1&pp=ygUaQ2lybyB5IExvcyBQZXJzYXMgRWwgR2FyY2GgBwE%3D
Mobile Estates,https://lastfm.freetls.fastly.net/i/u/300x300/8d4cd06b0ef9fe32ce76d334dd4b650f.png,Citizen King,1999-03-09,"Based in Milwaukee, Citizen King mix hip-hop, soul and punk in a style much like Fishbone (who they've toured with) on their 1995 debut album Brown Bag. Guitarist Kristian Riley, vocalist Matt Sims, pianist Dave Cooley and turntable expert Malcolm Michiles formed Citizen King in 1993 after their previous band Wild Kingdom broke up. Local praise for the group's live show caught the ear of Arrested Development's Speech, who produced several tracks on Brown Bag. After the five-song EP Count the Days and shows with Fishbone, Citizen King played at Austin's South by Southwest convention. Executives at the major-label subsidiary 510 were impressed, and signed the band; Count the Days followed in 1996, and they returned in 1999 with Mobile Estates. ~ John Bush",Better Days (And the Bottom Drops Out),Unknown,https://www.youtube.com/watch?v=DKxXHEx-XnU&pp=ygUxQ2l0aXplbiBLaW5nIEJldHRlciBEYXlzIEFuZCB0aGUgQm90dG9tIERyb3BzIE91dA%3D%3D
Get Outta Here!,https://lastfm.freetls.fastly.net/i/u/300x300/4076ecb2c8e30b845ac7d61c3915b531.jpg,Civil Rats,2025-06-06,,Dagger Dragger,Unknown,https://www.youtube.com/watch?v=iSp7eCM-PNs&list=RDiSp7eCM-PNs&start_radio=1&pp=ygUbQ2l2aWwgUmF0cyAtIERhZ2dlciBEcmFnZ2VyoAcB
Get Outta Here!,https://lastfm.freetls.fastly.net/i/u/300x300/4076ecb2c8e30b845ac7d61c3915b531.jpg,Civil Rats,2025-06-06,,Feed the Dream,Unknown,https://www.youtube.com/watch?v=0nOLbHD0Ea4&list=RD0nOLbHD0Ea4&start_radio=1&pp=ygUbQ2l2aWwgUmF0cyAtIEZlZWQgdGhlIERyZWFtoAcB
Get Outta Here!,https://lastfm.freetls.fastly.net/i/u/300x300/4076ecb2c8e30b845ac7d61c3915b531.jpg,Civil Rats,2025-06-06,,Couch Rats,Unknown,https://www.youtube.com/watch?v=meHmrVfZodo&list=RDmeHmrVfZodo&start_radio=1&pp=ygUXQ2l2aWwgUmF0cyAtIENvdWNoIFJhdHOgBwE%3D
Get Outta Here!,https://lastfm.freetls.fastly.net/i/u/300x300/4076ecb2c8e30b845ac7d61c3915b531.jpg,Civil Rats,2025-06-06,,Red Sands,Unknown,https://www.youtube.com/watch?v=Kyg4OpZ7vKk&list=RDKyg4OpZ7vKk&start_radio=1&pp=ygUWQ2l2aWwgUmF0cyAtIFJlZCBTYW5kc6AHAQ%3D%3D
Get Outta Here!,https://lastfm.freetls.fastly.net/i/u/300x300/4076ecb2c8e30b845ac7d61c3915b531.jpg,Civil Rats,2025-06-06,,The Mirror,Unknown,https://www.youtube.com/watch?v=0nOLbHD0Ea4&list=RD0nOLbHD0Ea4&start_radio=1&pp=ygUXQ2l2aWwgUmF0cyAtIFRoZSBNaXJyb3KgBwE%3D
Get Outta Here!,https://lastfm.freetls.fastly.net/i/u/300x300/4076ecb2c8e30b845ac7d61c3915b531.jpg,Civil Rats,2025-06-06,,Cry for Me,Unknown,https://www.youtube.com/watch?v=8wAQFNfFN4E&list=RD8wAQFNfFN4E&start_radio=1&pp=ygUVQ2l2aWwgUmF0cyBDcnkgZm9yIE1loAcB
Get Outta Here!,https://lastfm.freetls.fastly.net/i/u/300x300/4076ecb2c8e30b845ac7d61c3915b531.jpg,Civil Rats,2025-06-06,,Realm,Unknown,https://www.youtube.com/watch?v=92TXjDsG6gg&list=RD92TXjDsG6gg&start_radio=1&pp=ygUSQ2l2aWwgUmF0cyAtIFJlYWxtoAcB
Get Outta Here!,https://lastfm.freetls.fastly.net/i/u/300x300/4076ecb2c8e30b845ac7d61c3915b531.jpg,Civil Rats,2025-06-06,,Fresh Fur,Unknown,https://www.youtube.com/watch?v=0nOLbHD0Ea4&list=RD0nOLbHD0Ea4&start_radio=1&pp=ygUWQ2l2aWwgUmF0cyAtIEZyZXNoIEZ1cqAHAQ%3D%3D
Get Outta Here!,https://lastfm.freetls.fastly.net/i/u/300x300/4076ecb2c8e30b845ac7d61c3915b531.jpg,Civil Rats,2025-06-06,,Nightblood,Unknown,https://www.youtube.com/watch?v=_GHL73Cd4cA&list=RD_GHL73Cd4cA&start_radio=1&pp=ygUXQ2l2aWwgUmF0cyAtIE5pZ2h0Ymxvb2SgBwE%3D
Get Outta Here!,https://lastfm.freetls.fastly.net/i/u/300x300/4076ecb2c8e30b845ac7d61c3915b531.jpg,Civil Rats,2025-06-06,,We Are The Rats (M.O.T.O. Cover),Unknown,https://www.youtube.com/watch?v=Wgn4An8oZu8&list=RDWgn4An8oZu8&start_radio=1&pp=ygUtQ2l2aWwgUmF0cyAtIFdlIEFyZSBUaGUgUmF0cyAoTS5PLlQuTy4gQ292ZXIpoAcB
Get Outta Here!,https://lastfm.freetls.fastly.net/i/u/300x300/4076ecb2c8e30b845ac7d61c3915b531.jpg,Civil Rats,2025-06-06,,Dagger Dragger,Unknown,https://www.youtube.com/watch?v=iSp7eCM-PNs&list=RDiSp7eCM-PNs&start_radio=1&pp=ygUbQ2l2aWwgUmF0cyAtIERhZ2dlciBEcmFnZ2VyoAcB
Get Outta Here!,https://lastfm.freetls.fastly.net/i/u/300x300/4076ecb2c8e30b845ac7d61c3915b531.jpg,Civil Rats,2025-06-06,,Feed the Dream,Unknown,https://www.youtube.com/watch?v=0nOLbHD0Ea4&list=RD0nOLbHD0Ea4&start_radio=1&pp=ygUbQ2l2aWwgUmF0cyAtIEZlZWQgdGhlIERyZWFtoAcB
Get Outta Here!,https://lastfm.freetls.fastly.net/i/u/300x300/4076ecb2c8e30b845ac7d61c3915b531.jpg,Civil Rats,2025-06-06,,Couch Rats,Unknown,https://www.youtube.com/watch?v=meHmrVfZodo&list=RDmeHmrVfZodo&start_radio=1&pp=ygUXQ2l2aWwgUmF0cyAtIENvdWNoIFJhdHOgBwE%3D
Get Outta Here!,https://lastfm.freetls.fastly.net/i/u/300x300/4076ecb2c8e30b845ac7d61c3915b531.jpg,Civil Rats,2025-06-06,,Red Sands,Unknown,https://www.youtube.com/watch?v=Kyg4OpZ7vKk&list=RDKyg4OpZ7vKk&start_radio=1&pp=ygUWQ2l2aWwgUmF0cyAtIFJlZCBTYW5kc6AHAQ%3D%3D
Get Outta Here!,https://lastfm.freetls.fastly.net/i/u/300x300/4076ecb2c8e30b845ac7d61c3915b531.jpg,Civil Rats,2025-06-06,,The Mirror,Unknown,https://www.youtube.com/watch?v=0nOLbHD0Ea4&list=RD0nOLbHD0Ea4&start_radio=1&pp=ygUXQ2l2aWwgUmF0cyAtIFRoZSBNaXJyb3KgBwE%3D
Get Outta Here!,https://lastfm.freetls.fastly.net/i/u/300x300/4076ecb2c8e30b845ac7d61c3915b531.jpg,Civil Rats,2025-06-06,,Cry for Me,Unknown,https://www.youtube.com/watch?v=8wAQFNfFN4E&list=RD8wAQFNfFN4E&start_radio=1&pp=ygUVQ2l2aWwgUmF0cyBDcnkgZm9yIE1loAcB
Get Outta Here!,https://lastfm.freetls.fastly.net/i/u/300x300/4076ecb2c8e30b845ac7d61c3915b531.jpg,Civil Rats,2025-06-06,,Realm,Unknown,https://www.youtube.com/watch?v=92TXjDsG6gg&list=RD92TXjDsG6gg&start_radio=1&pp=ygUSQ2l2aWwgUmF0cyAtIFJlYWxtoAcB
Get Outta Here!,https://lastfm.freetls.fastly.net/i/u/300x300/4076ecb2c8e30b845ac7d61c3915b531.jpg,Civil Rats,2025-06-06,,Fresh Fur,Unknown,https://www.youtube.com/watch?v=0nOLbHD0Ea4&list=RD0nOLbHD0Ea4&start_radio=1&pp=ygUWQ2l2aWwgUmF0cyAtIEZyZXNoIEZ1cqAHAQ%3D%3D
Get Outta Here!,https://lastfm.freetls.fastly.net/i/u/300x300/4076ecb2c8e30b845ac7d61c3915b531.jpg,Civil Rats,2025-06-06,,Nightblood,Unknown,https://www.youtube.com/watch?v=_GHL73Cd4cA&list=RD_GHL73Cd4cA&start_radio=1&pp=ygUXQ2l2aWwgUmF0cyAtIE5pZ2h0Ymxvb2SgBwE%3D
Get Outta Here!,https://lastfm.freetls.fastly.net/i/u/300x300/4076ecb2c8e30b845ac7d61c3915b531.jpg,Civil Rats,2025-06-06,,We Are The Rats (M.O.T.O. Cover),Unknown,https://www.youtube.com/watch?v=Wgn4An8oZu8&list=RDWgn4An8oZu8&start_radio=1&pp=ygUtQ2l2aWwgUmF0cyAtIFdlIEFyZSBUaGUgUmF0cyAoTS5PLlQuTy4gQ292ZXIpoAcB
"Camp Kill Yourself, Vol.1",https://lastfm.freetls.fastly.net/i/u/300x300/ca7ff7ada903a5601516f2729076e325.png,CKY,1999-02-27,"Originally hailing from West Chester, Pennsylvania, CKY has roots that stretch back to 1992, when friends Deron Miller (vocals, guitar) and Jess Margera (drums) met in high-school math class, eventually forming the group Foreign Objects together; they issued the five-song EP The Undiscovered Numbers & Colors on the Distant Recordings label in fall 1995. By the next year, the two had begun releasing less metal, more radio-friendly music under the name Oil, though continuing to record Foreign Objects work on the side. Picking up their third live bassist, Ryan Bruni, they released two more EPs, 1996's Lifeline and a 1997 self-titled one.
During recording sessions for their debut full-length, the Oil trio met producer Chad I. Ginsburg (aka CIG), who was soon asked to join on permanently as their second guitarist. This addition marked Oil's 1998 dissolution and CKY's birth, as the guys stopped trying to appeal to the mainstream and changed their name to Camp Kill Yourself (Miller thought up the name, thinking it would make a perfect title for a horror movie). Demos were recorded and the quartet caught a break when Margera's pro-skateboarding brother, Bam, was featured doing wacky acts on the video Jump Off a Building, which featured a song (""Genesis 12a"") from CKY. Bam was offered to do other videos and called upon his brother's band to supply the soundtracks -- resulting in the release of the 1999's CKY, Vol. 1 and Vol. 2, which included all the songs from the videos.
Camp Kill Yourself appeared as part of the 1999 Warped Tour, though they were kicked off near the end after joining a fan-generated protest of tour vending prices. The band had also signed with Volcom, reissued Camp Kill Yourself, Vol. 1 with different artwork, and officially changed their name to CKY (quickly altering their original decision of Camp) on the request of Volcom by the first half of 2000. In February, they fired Bruni, disappointed in his performance, and signed up bassist Vern Zaborowski in his place in time for the summer's Warped Tour, also issuing a limited-edition EP, Disengage the Simulator. CKY's songs were also featured on the popular MTV show Jackass (which prominently featured good ol' Bam), and in 2001, both volumes of Camp Kill Yourself were reissued, just as the group was signed to Def Jam/Island.
When the Infiltrate Destroy Rebuild LP appeared in September 2002, CKY tried to support it as the opening act for Axl Rose's reconstituted Guns N' Roses. Naturally, that tour self-destructed almost immediately. But CKY carried on, and Infiltrate's heavy alt-metal sound helped distance them (somewhat) from being simply a ""skate"" band. The DVD Infiltrate Destroy Rebuild: The Video Album appeared in November 2003. Zaborowski exited the band in mid-2004 during sessions for their third album and (as when Bruni left earlier) Ginsburg handled bass until a replacement was found.
CKY returned in June 2005 with An Answer Can Be Found, unflagging in their self-promotional swagger -- Miller spent much of the run-up to the record posting Internet messages about his band's total awesomeness. Around the same time, they also revealed their newest member, ex-All That Remains bassist Matt Deis, who also became the first bass player to assist in songwriting. Touring ensued in support of the record, though CKY and Island parted ways in early 2006; the guys inked a deal with Roadrunner by the year's end and released Carver City in 2009. In 2010 Deis decided that he could ""no longer commit to the band,"" and was replaced by Matt Janaitis, who made his first studio appearance on the single ""Afterworld,"" which was written for the third Jackass film. The song was included on the band's 2011 B-Sides and Rarities compilation. A period of internal strife led to the departure of guitarist, lead vocalist, and co-founder Miller, and by 2016 the band was operating as a trio with Ginsburg, Margera, and Deis, the latter of whom had returned to the fold the year prior. In 2017 CKY released their long-awaited fifth studio long-player, the aptly named Phoenix. ~ Greg Prato",Disengage the Simulator,Unknown,https://www.youtube.com/watch?v=cK8Q9STFbOo&pp=ygUdQ0tZIC0gRGlzZW5nYWdlIHRoZSBTaW11bGF0b3I%3D
"Camp Kill Yourself, Vol.1",https://lastfm.freetls.fastly.net/i/u/300x300/ca7ff7ada903a5601516f2729076e325.png,CKY,1999-02-27,"Originally hailing from West Chester, Pennsylvania, CKY has roots that stretch back to 1992, when friends Deron Miller (vocals, guitar) and Jess Margera (drums) met in high-school math class, eventually forming the group Foreign Objects together; they issued the five-song EP The Undiscovered Numbers & Colors on the Distant Recordings label in fall 1995. By the next year, the two had begun releasing less metal, more radio-friendly music under the name Oil, though continuing to record Foreign Objects work on the side. Picking up their third live bassist, Ryan Bruni, they released two more EPs, 1996's Lifeline and a 1997 self-titled one.
During recording sessions for their debut full-length, the Oil trio met producer Chad I. Ginsburg (aka CIG), who was soon asked to join on permanently as their second guitarist. This addition marked Oil's 1998 dissolution and CKY's birth, as the guys stopped trying to appeal to the mainstream and changed their name to Camp Kill Yourself (Miller thought up the name, thinking it would make a perfect title for a horror movie). Demos were recorded and the quartet caught a break when Margera's pro-skateboarding brother, Bam, was featured doing wacky acts on the video Jump Off a Building, which featured a song (""Genesis 12a"") from CKY. Bam was offered to do other videos and called upon his brother's band to supply the soundtracks -- resulting in the release of the 1999's CKY, Vol. 1 and Vol. 2, which included all the songs from the videos.
Camp Kill Yourself appeared as part of the 1999 Warped Tour, though they were kicked off near the end after joining a fan-generated protest of tour vending prices. The band had also signed with Volcom, reissued Camp Kill Yourself, Vol. 1 with different artwork, and officially changed their name to CKY (quickly altering their original decision of Camp) on the request of Volcom by the first half of 2000. In February, they fired Bruni, disappointed in his performance, and signed up bassist Vern Zaborowski in his place in time for the summer's Warped Tour, also issuing a limited-edition EP, Disengage the Simulator. CKY's songs were also featured on the popular MTV show Jackass (which prominently featured good ol' Bam), and in 2001, both volumes of Camp Kill Yourself were reissued, just as the group was signed to Def Jam/Island.
When the Infiltrate Destroy Rebuild LP appeared in September 2002, CKY tried to support it as the opening act for Axl Rose's reconstituted Guns N' Roses. Naturally, that tour self-destructed almost immediately. But CKY carried on, and Infiltrate's heavy alt-metal sound helped distance them (somewhat) from being simply a ""skate"" band. The DVD Infiltrate Destroy Rebuild: The Video Album appeared in November 2003. Zaborowski exited the band in mid-2004 during sessions for their third album and (as when Bruni left earlier) Ginsburg handled bass until a replacement was found.
CKY returned in June 2005 with An Answer Can Be Found, unflagging in their self-promotional swagger -- Miller spent much of the run-up to the record posting Internet messages about his band's total awesomeness. Around the same time, they also revealed their newest member, ex-All That Remains bassist Matt Deis, who also became the first bass player to assist in songwriting. Touring ensued in support of the record, though CKY and Island parted ways in early 2006; the guys inked a deal with Roadrunner by the year's end and released Carver City in 2009. In 2010 Deis decided that he could ""no longer commit to the band,"" and was replaced by Matt Janaitis, who made his first studio appearance on the single ""Afterworld,"" which was written for the third Jackass film. The song was included on the band's 2011 B-Sides and Rarities compilation. A period of internal strife led to the departure of guitarist, lead vocalist, and co-founder Miller, and by 2016 the band was operating as a trio with Ginsburg, Margera, and Deis, the latter of whom had returned to the fold the year prior. In 2017 CKY released their long-awaited fifth studio long-player, the aptly named Phoenix. ~ Greg Prato",Lost in a Contraption,Unknown,https://www.youtube.com/watch?v=BHW7kjHeRo4&pp=ygUZQ0tZIExvc3QgaW4gYSBDb250cmFwdGlvbg%3D%3D
"Camp Kill Yourself, Vol.1",https://lastfm.freetls.fastly.net/i/u/300x300/ca7ff7ada903a5601516f2729076e325.png,CKY,1999-02-27,"Originally hailing from West Chester, Pennsylvania, CKY has roots that stretch back to 1992, when friends Deron Miller (vocals, guitar) and Jess Margera (drums) met in high-school math class, eventually forming the group Foreign Objects together; they issued the five-song EP The Undiscovered Numbers & Colors on the Distant Recordings label in fall 1995. By the next year, the two had begun releasing less metal, more radio-friendly music under the name Oil, though continuing to record Foreign Objects work on the side. Picking up their third live bassist, Ryan Bruni, they released two more EPs, 1996's Lifeline and a 1997 self-titled one.
During recording sessions for their debut full-length, the Oil trio met producer Chad I. Ginsburg (aka CIG), who was soon asked to join on permanently as their second guitarist. This addition marked Oil's 1998 dissolution and CKY's birth, as the guys stopped trying to appeal to the mainstream and changed their name to Camp Kill Yourself (Miller thought up the name, thinking it would make a perfect title for a horror movie). Demos were recorded and the quartet caught a break when Margera's pro-skateboarding brother, Bam, was featured doing wacky acts on the video Jump Off a Building, which featured a song (""Genesis 12a"") from CKY. Bam was offered to do other videos and called upon his brother's band to supply the soundtracks -- resulting in the release of the 1999's CKY, Vol. 1 and Vol. 2, which included all the songs from the videos.
Camp Kill Yourself appeared as part of the 1999 Warped Tour, though they were kicked off near the end after joining a fan-generated protest of tour vending prices. The band had also signed with Volcom, reissued Camp Kill Yourself, Vol. 1 with different artwork, and officially changed their name to CKY (quickly altering their original decision of Camp) on the request of Volcom by the first half of 2000. In February, they fired Bruni, disappointed in his performance, and signed up bassist Vern Zaborowski in his place in time for the summer's Warped Tour, also issuing a limited-edition EP, Disengage the Simulator. CKY's songs were also featured on the popular MTV show Jackass (which prominently featured good ol' Bam), and in 2001, both volumes of Camp Kill Yourself were reissued, just as the group was signed to Def Jam/Island.
When the Infiltrate Destroy Rebuild LP appeared in September 2002, CKY tried to support it as the opening act for Axl Rose's reconstituted Guns N' Roses. Naturally, that tour self-destructed almost immediately. But CKY carried on, and Infiltrate's heavy alt-metal sound helped distance them (somewhat) from being simply a ""skate"" band. The DVD Infiltrate Destroy Rebuild: The Video Album appeared in November 2003. Zaborowski exited the band in mid-2004 during sessions for their third album and (as when Bruni left earlier) Ginsburg handled bass until a replacement was found.
CKY returned in June 2005 with An Answer Can Be Found, unflagging in their self-promotional swagger -- Miller spent much of the run-up to the record posting Internet messages about his band's total awesomeness. Around the same time, they also revealed their newest member, ex-All That Remains bassist Matt Deis, who also became the first bass player to assist in songwriting. Touring ensued in support of the record, though CKY and Island parted ways in early 2006; the guys inked a deal with Roadrunner by the year's end and released Carver City in 2009. In 2010 Deis decided that he could ""no longer commit to the band,"" and was replaced by Matt Janaitis, who made his first studio appearance on the single ""Afterworld,"" which was written for the third Jackass film. The song was included on the band's 2011 B-Sides and Rarities compilation. A period of internal strife led to the departure of guitarist, lead vocalist, and co-founder Miller, and by 2016 the band was operating as a trio with Ginsburg, Margera, and Deis, the latter of whom had returned to the fold the year prior. In 2017 CKY released their long-awaited fifth studio long-player, the aptly named Phoenix. ~ Greg Prato",Knee Deep,Unknown,https://www.youtube.com/watch?v=k9X5FJ1PhF8&pp=ygUPQ0tZIC0gS25lZSBEZWVw
"Camp Kill Yourself, Vol.1",https://lastfm.freetls.fastly.net/i/u/300x300/ca7ff7ada903a5601516f2729076e325.png,CKY,1999-02-27,"Originally hailing from West Chester, Pennsylvania, CKY has roots that stretch back to 1992, when friends Deron Miller (vocals, guitar) and Jess Margera (drums) met in high-school math class, eventually forming the group Foreign Objects together; they issued the five-song EP The Undiscovered Numbers & Colors on the Distant Recordings label in fall 1995. By the next year, the two had begun releasing less metal, more radio-friendly music under the name Oil, though continuing to record Foreign Objects work on the side. Picking up their third live bassist, Ryan Bruni, they released two more EPs, 1996's Lifeline and a 1997 self-titled one.
During recording sessions for their debut full-length, the Oil trio met producer Chad I. Ginsburg (aka CIG), who was soon asked to join on permanently as their second guitarist. This addition marked Oil's 1998 dissolution and CKY's birth, as the guys stopped trying to appeal to the mainstream and changed their name to Camp Kill Yourself (Miller thought up the name, thinking it would make a perfect title for a horror movie). Demos were recorded and the quartet caught a break when Margera's pro-skateboarding brother, Bam, was featured doing wacky acts on the video Jump Off a Building, which featured a song (""Genesis 12a"") from CKY. Bam was offered to do other videos and called upon his brother's band to supply the soundtracks -- resulting in the release of the 1999's CKY, Vol. 1 and Vol. 2, which included all the songs from the videos.
Camp Kill Yourself appeared as part of the 1999 Warped Tour, though they were kicked off near the end after joining a fan-generated protest of tour vending prices. The band had also signed with Volcom, reissued Camp Kill Yourself, Vol. 1 with different artwork, and officially changed their name to CKY (quickly altering their original decision of Camp) on the request of Volcom by the first half of 2000. In February, they fired Bruni, disappointed in his performance, and signed up bassist Vern Zaborowski in his place in time for the summer's Warped Tour, also issuing a limited-edition EP, Disengage the Simulator. CKY's songs were also featured on the popular MTV show Jackass (which prominently featured good ol' Bam), and in 2001, both volumes of Camp Kill Yourself were reissued, just as the group was signed to Def Jam/Island.
When the Infiltrate Destroy Rebuild LP appeared in September 2002, CKY tried to support it as the opening act for Axl Rose's reconstituted Guns N' Roses. Naturally, that tour self-destructed almost immediately. But CKY carried on, and Infiltrate's heavy alt-metal sound helped distance them (somewhat) from being simply a ""skate"" band. The DVD Infiltrate Destroy Rebuild: The Video Album appeared in November 2003. Zaborowski exited the band in mid-2004 during sessions for their third album and (as when Bruni left earlier) Ginsburg handled bass until a replacement was found.
CKY returned in June 2005 with An Answer Can Be Found, unflagging in their self-promotional swagger -- Miller spent much of the run-up to the record posting Internet messages about his band's total awesomeness. Around the same time, they also revealed their newest member, ex-All That Remains bassist Matt Deis, who also became the first bass player to assist in songwriting. Touring ensued in support of the record, though CKY and Island parted ways in early 2006; the guys inked a deal with Roadrunner by the year's end and released Carver City in 2009. In 2010 Deis decided that he could ""no longer commit to the band,"" and was replaced by Matt Janaitis, who made his first studio appearance on the single ""Afterworld,"" which was written for the third Jackass film. The song was included on the band's 2011 B-Sides and Rarities compilation. A period of internal strife led to the departure of guitarist, lead vocalist, and co-founder Miller, and by 2016 the band was operating as a trio with Ginsburg, Margera, and Deis, the latter of whom had returned to the fold the year prior. In 2017 CKY released their long-awaited fifth studio long-player, the aptly named Phoenix. ~ Greg Prato",My Promiscuous Daughter,Unknown,https://www.youtube.com/watch?v=ie9ELd1oRYQ&pp=ygUbQ0tZIE15IFByb21pc2N1b3VzIERhdWdodGVy
Dead Channel Sky,https://lastfm.freetls.fastly.net/i/u/300x300/ed7fd62962ee0e28b8c26555d67521ba.png,clipping.,2025-03-14,"With an unconventional pairing of technical rap flows and abrasive noise, experimental trio clipping. approached hip-hop production from largely uncharted territory. Though the group would morph into something new with almost every subsequent release, they held on to their core of experimental and often-confrontational energy on independent cassette releases as well as more widely distributed albums like 2020's Sub Pop-issued Visions of Bodies Being Burned.
Clipping. were formed by producers Jonathan Snipes (Captain Ahab) and William Hutson (Rale) in 2009. The project initially existed as a series of remixes where the duo put the vocals from preexisting a cappella versions of commercially successful hip-hop tracks over new beats they made with noise and industrial elements. The harsh sounds of the project expanded the next year when rapper and long-term friend Daveed Diggs (also of True Neutral Crew) joined, completing the group's uncommon sound. After a few under-the-radar releases, the group's debut album, Midcity, was released in February 2013, available solely online and with no promotion or label backing. The sound was so innovative that within months the project inked a deal with Sub Pop, which delivered second album CLPPNG the next year. The record featured guest spots from ex-Three 6 Mafia MC Gangsta Boo, King T, Guce, and others. The group toured with Busdriver and Milo in support of the release.
In 2015, Diggs played Marquis de Lafayette and Thomas Jefferson in the off-Broadway musical Hamilton, reprising the roles during its initial Broadway run. Hamilton was an enormous success, winning 11 Tony Awards, the 2016 Pulitzer Prize for Drama, and a Grammy for Best Musical Theater Album. Despite this, Diggs left the Broadway cast during the summer of 2016.
Resuming activity that same summer, clipping. released the Wriggle EP (with a title track build around a Whitehouse sample and guest appearances by Antwon, Signor Benedick the Moor, and Cakes da Killa), as well as the full-length Splendor & Misery, both on Sub Pop. 2017 saw the release of the single ""The Deep,"" a futuristic electro-rap track that recalled the aquatic production of Drexciya. The next year, the group appeared on an extremely limited split 7"" with Metz, and an early cassette release from 2012 was reissued as Face. Along with three tracks from that early cassingle, the newly expanded release featured remixes of the song ""Face"" by artists like Duran Duran Duran, JPEGMAFIA, and FLANCH.
In 2019, the trio released There Existed an Addiction to Blood, a full-length influenced by hip-hop's horrorcore subgenre as well as John Carpenter's film scores. The next year, they edited audio captured during their 2017 tour opening for the Flaming Lips and released the results as Double Live. Unlike conventional concert documents, however, Double Live was a collage of sounds from hidden microphones, venue bathrooms, and other non-musical sources. Later that year, clipping. continued their fascination with horrorcore with the release of studio full-length Visions of Bodies Being Burned. The album again centered on ghastly stories of murder, paranoia, and dread taken from both classic horror movies and the group's collective imagination. ~ Fred Thomas & Paul Simpson",Dominator,Unknown,https://www.youtube.com/watch?v=rsxKz3uKgKY&pp=ygUVY2xpcHBpbmcuIC0gRG9taW5hdG9y
Dead Channel Sky,https://lastfm.freetls.fastly.net/i/u/300x300/ed7fd62962ee0e28b8c26555d67521ba.png,clipping.,2025-03-14,"With an unconventional pairing of technical rap flows and abrasive noise, experimental trio clipping. approached hip-hop production from largely uncharted territory. Though the group would morph into something new with almost every subsequent release, they held on to their core of experimental and often-confrontational energy on independent cassette releases as well as more widely distributed albums like 2020's Sub Pop-issued Visions of Bodies Being Burned.
Clipping. were formed by producers Jonathan Snipes (Captain Ahab) and William Hutson (Rale) in 2009. The project initially existed as a series of remixes where the duo put the vocals from preexisting a cappella versions of commercially successful hip-hop tracks over new beats they made with noise and industrial elements. The harsh sounds of the project expanded the next year when rapper and long-term friend Daveed Diggs (also of True Neutral Crew) joined, completing the group's uncommon sound. After a few under-the-radar releases, the group's debut album, Midcity, was released in February 2013, available solely online and with no promotion or label backing. The sound was so innovative that within months the project inked a deal with Sub Pop, which delivered second album CLPPNG the next year. The record featured guest spots from ex-Three 6 Mafia MC Gangsta Boo, King T, Guce, and others. The group toured with Busdriver and Milo in support of the release.
In 2015, Diggs played Marquis de Lafayette and Thomas Jefferson in the off-Broadway musical Hamilton, reprising the roles during its initial Broadway run. Hamilton was an enormous success, winning 11 Tony Awards, the 2016 Pulitzer Prize for Drama, and a Grammy for Best Musical Theater Album. Despite this, Diggs left the Broadway cast during the summer of 2016.
Resuming activity that same summer, clipping. released the Wriggle EP (with a title track build around a Whitehouse sample and guest appearances by Antwon, Signor Benedick the Moor, and Cakes da Killa), as well as the full-length Splendor & Misery, both on Sub Pop. 2017 saw the release of the single ""The Deep,"" a futuristic electro-rap track that recalled the aquatic production of Drexciya. The next year, the group appeared on an extremely limited split 7"" with Metz, and an early cassette release from 2012 was reissued as Face. Along with three tracks from that early cassingle, the newly expanded release featured remixes of the song ""Face"" by artists like Duran Duran Duran, JPEGMAFIA, and FLANCH.
In 2019, the trio released There Existed an Addiction to Blood, a full-length influenced by hip-hop's horrorcore subgenre as well as John Carpenter's film scores. The next year, they edited audio captured during their 2017 tour opening for the Flaming Lips and released the results as Double Live. Unlike conventional concert documents, however, Double Live was a collage of sounds from hidden microphones, venue bathrooms, and other non-musical sources. Later that year, clipping. continued their fascination with horrorcore with the release of studio full-length Visions of Bodies Being Burned. The album again centered on ghastly stories of murder, paranoia, and dread taken from both classic horror movies and the group's collective imagination. ~ Fred Thomas & Paul Simpson",Change the Channel,Unknown,https://www.youtube.com/watch?v=fwI1FqU_qk0&list=RDfwI1FqU_qk0&start_radio=1&pp=ygUbY2xpcHBpbmcgQ2hhbmdlIHRoZSBDaGFubmVsoAcB
Dead Channel Sky,https://lastfm.freetls.fastly.net/i/u/300x300/ed7fd62962ee0e28b8c26555d67521ba.png,clipping.,2025-03-14,"With an unconventional pairing of technical rap flows and abrasive noise, experimental trio clipping. approached hip-hop production from largely uncharted territory. Though the group would morph into something new with almost every subsequent release, they held on to their core of experimental and often-confrontational energy on independent cassette releases as well as more widely distributed albums like 2020's Sub Pop-issued Visions of Bodies Being Burned.
Clipping. were formed by producers Jonathan Snipes (Captain Ahab) and William Hutson (Rale) in 2009. The project initially existed as a series of remixes where the duo put the vocals from preexisting a cappella versions of commercially successful hip-hop tracks over new beats they made with noise and industrial elements. The harsh sounds of the project expanded the next year when rapper and long-term friend Daveed Diggs (also of True Neutral Crew) joined, completing the group's uncommon sound. After a few under-the-radar releases, the group's debut album, Midcity, was released in February 2013, available solely online and with no promotion or label backing. The sound was so innovative that within months the project inked a deal with Sub Pop, which delivered second album CLPPNG the next year. The record featured guest spots from ex-Three 6 Mafia MC Gangsta Boo, King T, Guce, and others. The group toured with Busdriver and Milo in support of the release.
In 2015, Diggs played Marquis de Lafayette and Thomas Jefferson in the off-Broadway musical Hamilton, reprising the roles during its initial Broadway run. Hamilton was an enormous success, winning 11 Tony Awards, the 2016 Pulitzer Prize for Drama, and a Grammy for Best Musical Theater Album. Despite this, Diggs left the Broadway cast during the summer of 2016.
Resuming activity that same summer, clipping. released the Wriggle EP (with a title track build around a Whitehouse sample and guest appearances by Antwon, Signor Benedick the Moor, and Cakes da Killa), as well as the full-length Splendor & Misery, both on Sub Pop. 2017 saw the release of the single ""The Deep,"" a futuristic electro-rap track that recalled the aquatic production of Drexciya. The next year, the group appeared on an extremely limited split 7"" with Metz, and an early cassette release from 2012 was reissued as Face. Along with three tracks from that early cassingle, the newly expanded release featured remixes of the song ""Face"" by artists like Duran Duran Duran, JPEGMAFIA, and FLANCH.
In 2019, the trio released There Existed an Addiction to Blood, a full-length influenced by hip-hop's horrorcore subgenre as well as John Carpenter's film scores. The next year, they edited audio captured during their 2017 tour opening for the Flaming Lips and released the results as Double Live. Unlike conventional concert documents, however, Double Live was a collage of sounds from hidden microphones, venue bathrooms, and other non-musical sources. Later that year, clipping. continued their fascination with horrorcore with the release of studio full-length Visions of Bodies Being Burned. The album again centered on ghastly stories of murder, paranoia, and dread taken from both classic horror movies and the group's collective imagination. ~ Fred Thomas & Paul Simpson",Run It,Unknown,https://www.youtube.com/watch?v=20OY9Clvhw4&pp=ygUPY2xpcHBpbmcgUnVuIEl0
Dead Channel Sky,https://lastfm.freetls.fastly.net/i/u/300x300/ed7fd62962ee0e28b8c26555d67521ba.png,clipping.,2025-03-14,"With an unconventional pairing of technical rap flows and abrasive noise, experimental trio clipping. approached hip-hop production from largely uncharted territory. Though the group would morph into something new with almost every subsequent release, they held on to their core of experimental and often-confrontational energy on independent cassette releases as well as more widely distributed albums like 2020's Sub Pop-issued Visions of Bodies Being Burned.
Clipping. were formed by producers Jonathan Snipes (Captain Ahab) and William Hutson (Rale) in 2009. The project initially existed as a series of remixes where the duo put the vocals from preexisting a cappella versions of commercially successful hip-hop tracks over new beats they made with noise and industrial elements. The harsh sounds of the project expanded the next year when rapper and long-term friend Daveed Diggs (also of True Neutral Crew) joined, completing the group's uncommon sound. After a few under-the-radar releases, the group's debut album, Midcity, was released in February 2013, available solely online and with no promotion or label backing. The sound was so innovative that within months the project inked a deal with Sub Pop, which delivered second album CLPPNG the next year. The record featured guest spots from ex-Three 6 Mafia MC Gangsta Boo, King T, Guce, and others. The group toured with Busdriver and Milo in support of the release.
In 2015, Diggs played Marquis de Lafayette and Thomas Jefferson in the off-Broadway musical Hamilton, reprising the roles during its initial Broadway run. Hamilton was an enormous success, winning 11 Tony Awards, the 2016 Pulitzer Prize for Drama, and a Grammy for Best Musical Theater Album. Despite this, Diggs left the Broadway cast during the summer of 2016.
Resuming activity that same summer, clipping. released the Wriggle EP (with a title track build around a Whitehouse sample and guest appearances by Antwon, Signor Benedick the Moor, and Cakes da Killa), as well as the full-length Splendor & Misery, both on Sub Pop. 2017 saw the release of the single ""The Deep,"" a futuristic electro-rap track that recalled the aquatic production of Drexciya. The next year, the group appeared on an extremely limited split 7"" with Metz, and an early cassette release from 2012 was reissued as Face. Along with three tracks from that early cassingle, the newly expanded release featured remixes of the song ""Face"" by artists like Duran Duran Duran, JPEGMAFIA, and FLANCH.
In 2019, the trio released There Existed an Addiction to Blood, a full-length influenced by hip-hop's horrorcore subgenre as well as John Carpenter's film scores. The next year, they edited audio captured during their 2017 tour opening for the Flaming Lips and released the results as Double Live. Unlike conventional concert documents, however, Double Live was a collage of sounds from hidden microphones, venue bathrooms, and other non-musical sources. Later that year, clipping. continued their fascination with horrorcore with the release of studio full-length Visions of Bodies Being Burned. The album again centered on ghastly stories of murder, paranoia, and dread taken from both classic horror movies and the group's collective imagination. ~ Fred Thomas & Paul Simpson",Go,Unknown,https://www.youtube.com/watch?v=sd5prDal-BA&pp=ygULY2xpcHBpbmcgR28%3D
Dead Channel Sky,https://lastfm.freetls.fastly.net/i/u/300x300/ed7fd62962ee0e28b8c26555d67521ba.png,clipping.,2025-03-14,"With an unconventional pairing of technical rap flows and abrasive noise, experimental trio clipping. approached hip-hop production from largely uncharted territory. Though the group would morph into something new with almost every subsequent release, they held on to their core of experimental and often-confrontational energy on independent cassette releases as well as more widely distributed albums like 2020's Sub Pop-issued Visions of Bodies Being Burned.
Clipping. were formed by producers Jonathan Snipes (Captain Ahab) and William Hutson (Rale) in 2009. The project initially existed as a series of remixes where the duo put the vocals from preexisting a cappella versions of commercially successful hip-hop tracks over new beats they made with noise and industrial elements. The harsh sounds of the project expanded the next year when rapper and long-term friend Daveed Diggs (also of True Neutral Crew) joined, completing the group's uncommon sound. After a few under-the-radar releases, the group's debut album, Midcity, was released in February 2013, available solely online and with no promotion or label backing. The sound was so innovative that within months the project inked a deal with Sub Pop, which delivered second album CLPPNG the next year. The record featured guest spots from ex-Three 6 Mafia MC Gangsta Boo, King T, Guce, and others. The group toured with Busdriver and Milo in support of the release.
In 2015, Diggs played Marquis de Lafayette and Thomas Jefferson in the off-Broadway musical Hamilton, reprising the roles during its initial Broadway run. Hamilton was an enormous success, winning 11 Tony Awards, the 2016 Pulitzer Prize for Drama, and a Grammy for Best Musical Theater Album. Despite this, Diggs left the Broadway cast during the summer of 2016.
Resuming activity that same summer, clipping. released the Wriggle EP (with a title track build around a Whitehouse sample and guest appearances by Antwon, Signor Benedick the Moor, and Cakes da Killa), as well as the full-length Splendor & Misery, both on Sub Pop. 2017 saw the release of the single ""The Deep,"" a futuristic electro-rap track that recalled the aquatic production of Drexciya. The next year, the group appeared on an extremely limited split 7"" with Metz, and an early cassette release from 2012 was reissued as Face. Along with three tracks from that early cassingle, the newly expanded release featured remixes of the song ""Face"" by artists like Duran Duran Duran, JPEGMAFIA, and FLANCH.
In 2019, the trio released There Existed an Addiction to Blood, a full-length influenced by hip-hop's horrorcore subgenre as well as John Carpenter's film scores. The next year, they edited audio captured during their 2017 tour opening for the Flaming Lips and released the results as Double Live. Unlike conventional concert documents, however, Double Live was a collage of sounds from hidden microphones, venue bathrooms, and other non-musical sources. Later that year, clipping. continued their fascination with horrorcore with the release of studio full-length Visions of Bodies Being Burned. The album again centered on ghastly stories of murder, paranoia, and dread taken from both classic horror movies and the group's collective imagination. ~ Fred Thomas & Paul Simpson",Simple Degradation (Plucks 1–13),Unknown,https://www.youtube.com/watch?v=HEaxWUxFuJ4&pp=ygUuY2xpcHBpbmcuIC0gU2ltcGxlIERlZ3JhZGF0aW9uIChQbHVja3MgMeKAkzEzKQ%3D%3D
Dead Channel Sky,https://lastfm.freetls.fastly.net/i/u/300x300/ed7fd62962ee0e28b8c26555d67521ba.png,clipping.,2025-03-14,"With an unconventional pairing of technical rap flows and abrasive noise, experimental trio clipping. approached hip-hop production from largely uncharted territory. Though the group would morph into something new with almost every subsequent release, they held on to their core of experimental and often-confrontational energy on independent cassette releases as well as more widely distributed albums like 2020's Sub Pop-issued Visions of Bodies Being Burned.
Clipping. were formed by producers Jonathan Snipes (Captain Ahab) and William Hutson (Rale) in 2009. The project initially existed as a series of remixes where the duo put the vocals from preexisting a cappella versions of commercially successful hip-hop tracks over new beats they made with noise and industrial elements. The harsh sounds of the project expanded the next year when rapper and long-term friend Daveed Diggs (also of True Neutral Crew) joined, completing the group's uncommon sound. After a few under-the-radar releases, the group's debut album, Midcity, was released in February 2013, available solely online and with no promotion or label backing. The sound was so innovative that within months the project inked a deal with Sub Pop, which delivered second album CLPPNG the next year. The record featured guest spots from ex-Three 6 Mafia MC Gangsta Boo, King T, Guce, and others. The group toured with Busdriver and Milo in support of the release.
In 2015, Diggs played Marquis de Lafayette and Thomas Jefferson in the off-Broadway musical Hamilton, reprising the roles during its initial Broadway run. Hamilton was an enormous success, winning 11 Tony Awards, the 2016 Pulitzer Prize for Drama, and a Grammy for Best Musical Theater Album. Despite this, Diggs left the Broadway cast during the summer of 2016.
Resuming activity that same summer, clipping. released the Wriggle EP (with a title track build around a Whitehouse sample and guest appearances by Antwon, Signor Benedick the Moor, and Cakes da Killa), as well as the full-length Splendor & Misery, both on Sub Pop. 2017 saw the release of the single ""The Deep,"" a futuristic electro-rap track that recalled the aquatic production of Drexciya. The next year, the group appeared on an extremely limited split 7"" with Metz, and an early cassette release from 2012 was reissued as Face. Along with three tracks from that early cassingle, the newly expanded release featured remixes of the song ""Face"" by artists like Duran Duran Duran, JPEGMAFIA, and FLANCH.
In 2019, the trio released There Existed an Addiction to Blood, a full-length influenced by hip-hop's horrorcore subgenre as well as John Carpenter's film scores. The next year, they edited audio captured during their 2017 tour opening for the Flaming Lips and released the results as Double Live. Unlike conventional concert documents, however, Double Live was a collage of sounds from hidden microphones, venue bathrooms, and other non-musical sources. Later that year, clipping. continued their fascination with horrorcore with the release of studio full-length Visions of Bodies Being Burned. The album again centered on ghastly stories of murder, paranoia, and dread taken from both classic horror movies and the group's collective imagination. ~ Fred Thomas & Paul Simpson",Code,Unknown,https://www.youtube.com/watch?v=PHfnFkRJX9Q&pp=ygUNY2xpcHBpbmcgQ29kZQ%3D%3D
Dead Channel Sky,https://lastfm.freetls.fastly.net/i/u/300x300/ed7fd62962ee0e28b8c26555d67521ba.png,clipping.,2025-03-14,"With an unconventional pairing of technical rap flows and abrasive noise, experimental trio clipping. approached hip-hop production from largely uncharted territory. Though the group would morph into something new with almost every subsequent release, they held on to their core of experimental and often-confrontational energy on independent cassette releases as well as more widely distributed albums like 2020's Sub Pop-issued Visions of Bodies Being Burned.
Clipping. were formed by producers Jonathan Snipes (Captain Ahab) and William Hutson (Rale) in 2009. The project initially existed as a series of remixes where the duo put the vocals from preexisting a cappella versions of commercially successful hip-hop tracks over new beats they made with noise and industrial elements. The harsh sounds of the project expanded the next year when rapper and long-term friend Daveed Diggs (also of True Neutral Crew) joined, completing the group's uncommon sound. After a few under-the-radar releases, the group's debut album, Midcity, was released in February 2013, available solely online and with no promotion or label backing. The sound was so innovative that within months the project inked a deal with Sub Pop, which delivered second album CLPPNG the next year. The record featured guest spots from ex-Three 6 Mafia MC Gangsta Boo, King T, Guce, and others. The group toured with Busdriver and Milo in support of the release.
In 2015, Diggs played Marquis de Lafayette and Thomas Jefferson in the off-Broadway musical Hamilton, reprising the roles during its initial Broadway run. Hamilton was an enormous success, winning 11 Tony Awards, the 2016 Pulitzer Prize for Drama, and a Grammy for Best Musical Theater Album. Despite this, Diggs left the Broadway cast during the summer of 2016.
Resuming activity that same summer, clipping. released the Wriggle EP (with a title track build around a Whitehouse sample and guest appearances by Antwon, Signor Benedick the Moor, and Cakes da Killa), as well as the full-length Splendor & Misery, both on Sub Pop. 2017 saw the release of the single ""The Deep,"" a futuristic electro-rap track that recalled the aquatic production of Drexciya. The next year, the group appeared on an extremely limited split 7"" with Metz, and an early cassette release from 2012 was reissued as Face. Along with three tracks from that early cassingle, the newly expanded release featured remixes of the song ""Face"" by artists like Duran Duran Duran, JPEGMAFIA, and FLANCH.
In 2019, the trio released There Existed an Addiction to Blood, a full-length influenced by hip-hop's horrorcore subgenre as well as John Carpenter's film scores. The next year, they edited audio captured during their 2017 tour opening for the Flaming Lips and released the results as Double Live. Unlike conventional concert documents, however, Double Live was a collage of sounds from hidden microphones, venue bathrooms, and other non-musical sources. Later that year, clipping. continued their fascination with horrorcore with the release of studio full-length Visions of Bodies Being Burned. The album again centered on ghastly stories of murder, paranoia, and dread taken from both classic horror movies and the group's collective imagination. ~ Fred Thomas & Paul Simpson",Dodger,Unknown,https://www.youtube.com/watch?v=Dvp5mSVs3Cs&pp=ygUPY2xpcHBpbmcgRG9kZ2Vy
Dead Channel Sky,https://lastfm.freetls.fastly.net/i/u/300x300/ed7fd62962ee0e28b8c26555d67521ba.png,clipping.,2025-03-14,"With an unconventional pairing of technical rap flows and abrasive noise, experimental trio clipping. approached hip-hop production from largely uncharted territory. Though the group would morph into something new with almost every subsequent release, they held on to their core of experimental and often-confrontational energy on independent cassette releases as well as more widely distributed albums like 2020's Sub Pop-issued Visions of Bodies Being Burned.
Clipping. were formed by producers Jonathan Snipes (Captain Ahab) and William Hutson (Rale) in 2009. The project initially existed as a series of remixes where the duo put the vocals from preexisting a cappella versions of commercially successful hip-hop tracks over new beats they made with noise and industrial elements. The harsh sounds of the project expanded the next year when rapper and long-term friend Daveed Diggs (also of True Neutral Crew) joined, completing the group's uncommon sound. After a few under-the-radar releases, the group's debut album, Midcity, was released in February 2013, available solely online and with no promotion or label backing. The sound was so innovative that within months the project inked a deal with Sub Pop, which delivered second album CLPPNG the next year. The record featured guest spots from ex-Three 6 Mafia MC Gangsta Boo, King T, Guce, and others. The group toured with Busdriver and Milo in support of the release.
In 2015, Diggs played Marquis de Lafayette and Thomas Jefferson in the off-Broadway musical Hamilton, reprising the roles during its initial Broadway run. Hamilton was an enormous success, winning 11 Tony Awards, the 2016 Pulitzer Prize for Drama, and a Grammy for Best Musical Theater Album. Despite this, Diggs left the Broadway cast during the summer of 2016.
Resuming activity that same summer, clipping. released the Wriggle EP (with a title track build around a Whitehouse sample and guest appearances by Antwon, Signor Benedick the Moor, and Cakes da Killa), as well as the full-length Splendor & Misery, both on Sub Pop. 2017 saw the release of the single ""The Deep,"" a futuristic electro-rap track that recalled the aquatic production of Drexciya. The next year, the group appeared on an extremely limited split 7"" with Metz, and an early cassette release from 2012 was reissued as Face. Along with three tracks from that early cassingle, the newly expanded release featured remixes of the song ""Face"" by artists like Duran Duran Duran, JPEGMAFIA, and FLANCH.
In 2019, the trio released There Existed an Addiction to Blood, a full-length influenced by hip-hop's horrorcore subgenre as well as John Carpenter's film scores. The next year, they edited audio captured during their 2017 tour opening for the Flaming Lips and released the results as Double Live. Unlike conventional concert documents, however, Double Live was a collage of sounds from hidden microphones, venue bathrooms, and other non-musical sources. Later that year, clipping. continued their fascination with horrorcore with the release of studio full-length Visions of Bodies Being Burned. The album again centered on ghastly stories of murder, paranoia, and dread taken from both classic horror movies and the group's collective imagination. ~ Fred Thomas & Paul Simpson",Malleus,Unknown,https://www.youtube.com/watch?v=FSPGNvnLmds&pp=ygUQY2xpcHBpbmcgTWFsbGV1cw%3D%3D
Dead Channel Sky,https://lastfm.freetls.fastly.net/i/u/300x300/ed7fd62962ee0e28b8c26555d67521ba.png,clipping.,2025-03-14,"With an unconventional pairing of technical rap flows and abrasive noise, experimental trio clipping. approached hip-hop production from largely uncharted territory. Though the group would morph into something new with almost every subsequent release, they held on to their core of experimental and often-confrontational energy on independent cassette releases as well as more widely distributed albums like 2020's Sub Pop-issued Visions of Bodies Being Burned.
Clipping. were formed by producers Jonathan Snipes (Captain Ahab) and William Hutson (Rale) in 2009. The project initially existed as a series of remixes where the duo put the vocals from preexisting a cappella versions of commercially successful hip-hop tracks over new beats they made with noise and industrial elements. The harsh sounds of the project expanded the next year when rapper and long-term friend Daveed Diggs (also of True Neutral Crew) joined, completing the group's uncommon sound. After a few under-the-radar releases, the group's debut album, Midcity, was released in February 2013, available solely online and with no promotion or label backing. The sound was so innovative that within months the project inked a deal with Sub Pop, which delivered second album CLPPNG the next year. The record featured guest spots from ex-Three 6 Mafia MC Gangsta Boo, King T, Guce, and others. The group toured with Busdriver and Milo in support of the release.
In 2015, Diggs played Marquis de Lafayette and Thomas Jefferson in the off-Broadway musical Hamilton, reprising the roles during its initial Broadway run. Hamilton was an enormous success, winning 11 Tony Awards, the 2016 Pulitzer Prize for Drama, and a Grammy for Best Musical Theater Album. Despite this, Diggs left the Broadway cast during the summer of 2016.
Resuming activity that same summer, clipping. released the Wriggle EP (with a title track build around a Whitehouse sample and guest appearances by Antwon, Signor Benedick the Moor, and Cakes da Killa), as well as the full-length Splendor & Misery, both on Sub Pop. 2017 saw the release of the single ""The Deep,"" a futuristic electro-rap track that recalled the aquatic production of Drexciya. The next year, the group appeared on an extremely limited split 7"" with Metz, and an early cassette release from 2012 was reissued as Face. Along with three tracks from that early cassingle, the newly expanded release featured remixes of the song ""Face"" by artists like Duran Duran Duran, JPEGMAFIA, and FLANCH.
In 2019, the trio released There Existed an Addiction to Blood, a full-length influenced by hip-hop's horrorcore subgenre as well as John Carpenter's film scores. The next year, they edited audio captured during their 2017 tour opening for the Flaming Lips and released the results as Double Live. Unlike conventional concert documents, however, Double Live was a collage of sounds from hidden microphones, venue bathrooms, and other non-musical sources. Later that year, clipping. continued their fascination with horrorcore with the release of studio full-length Visions of Bodies Being Burned. The album again centered on ghastly stories of murder, paranoia, and dread taken from both classic horror movies and the group's collective imagination. ~ Fred Thomas & Paul Simpson",Keep Pushing,Unknown,https://www.youtube.com/watch?v=LIQ_PcH3YuU&pp=ygUVY2xpcHBpbmcgS2VlcCBQdXNoaW5n
Dead Channel Sky,https://lastfm.freetls.fastly.net/i/u/300x300/ed7fd62962ee0e28b8c26555d67521ba.png,clipping.,2025-03-14,"With an unconventional pairing of technical rap flows and abrasive noise, experimental trio clipping. approached hip-hop production from largely uncharted territory. Though the group would morph into something new with almost every subsequent release, they held on to their core of experimental and often-confrontational energy on independent cassette releases as well as more widely distributed albums like 2020's Sub Pop-issued Visions of Bodies Being Burned.
Clipping. were formed by producers Jonathan Snipes (Captain Ahab) and William Hutson (Rale) in 2009. The project initially existed as a series of remixes where the duo put the vocals from preexisting a cappella versions of commercially successful hip-hop tracks over new beats they made with noise and industrial elements. The harsh sounds of the project expanded the next year when rapper and long-term friend Daveed Diggs (also of True Neutral Crew) joined, completing the group's uncommon sound. After a few under-the-radar releases, the group's debut album, Midcity, was released in February 2013, available solely online and with no promotion or label backing. The sound was so innovative that within months the project inked a deal with Sub Pop, which delivered second album CLPPNG the next year. The record featured guest spots from ex-Three 6 Mafia MC Gangsta Boo, King T, Guce, and others. The group toured with Busdriver and Milo in support of the release.
In 2015, Diggs played Marquis de Lafayette and Thomas Jefferson in the off-Broadway musical Hamilton, reprising the roles during its initial Broadway run. Hamilton was an enormous success, winning 11 Tony Awards, the 2016 Pulitzer Prize for Drama, and a Grammy for Best Musical Theater Album. Despite this, Diggs left the Broadway cast during the summer of 2016.
Resuming activity that same summer, clipping. released the Wriggle EP (with a title track build around a Whitehouse sample and guest appearances by Antwon, Signor Benedick the Moor, and Cakes da Killa), as well as the full-length Splendor & Misery, both on Sub Pop. 2017 saw the release of the single ""The Deep,"" a futuristic electro-rap track that recalled the aquatic production of Drexciya. The next year, the group appeared on an extremely limited split 7"" with Metz, and an early cassette release from 2012 was reissued as Face. Along with three tracks from that early cassingle, the newly expanded release featured remixes of the song ""Face"" by artists like Duran Duran Duran, JPEGMAFIA, and FLANCH.
In 2019, the trio released There Existed an Addiction to Blood, a full-length influenced by hip-hop's horrorcore subgenre as well as John Carpenter's film scores. The next year, they edited audio captured during their 2017 tour opening for the Flaming Lips and released the results as Double Live. Unlike conventional concert documents, however, Double Live was a collage of sounds from hidden microphones, venue bathrooms, and other non-musical sources. Later that year, clipping. continued their fascination with horrorcore with the release of studio full-length Visions of Bodies Being Burned. The album again centered on ghastly stories of murder, paranoia, and dread taken from both classic horror movies and the group's collective imagination. ~ Fred Thomas & Paul Simpson",“From Bright Bodies” (interlude),Unknown,https://www.youtube.com/watch?v=LIQ_PcH3YuU&pp=ygUlY2xpcHBpbmcgRnJvbSBCcmlnaHQgQm9kaWVzIGludGVybHVkZQ%3D%3D
Dead Channel Sky,https://lastfm.freetls.fastly.net/i/u/300x300/ed7fd62962ee0e28b8c26555d67521ba.png,clipping.,2025-03-14,"With an unconventional pairing of technical rap flows and abrasive noise, experimental trio clipping. approached hip-hop production from largely uncharted territory. Though the group would morph into something new with almost every subsequent release, they held on to their core of experimental and often-confrontational energy on independent cassette releases as well as more widely distributed albums like 2020's Sub Pop-issued Visions of Bodies Being Burned.
Clipping. were formed by producers Jonathan Snipes (Captain Ahab) and William Hutson (Rale) in 2009. The project initially existed as a series of remixes where the duo put the vocals from preexisting a cappella versions of commercially successful hip-hop tracks over new beats they made with noise and industrial elements. The harsh sounds of the project expanded the next year when rapper and long-term friend Daveed Diggs (also of True Neutral Crew) joined, completing the group's uncommon sound. After a few under-the-radar releases, the group's debut album, Midcity, was released in February 2013, available solely online and with no promotion or label backing. The sound was so innovative that within months the project inked a deal with Sub Pop, which delivered second album CLPPNG the next year. The record featured guest spots from ex-Three 6 Mafia MC Gangsta Boo, King T, Guce, and others. The group toured with Busdriver and Milo in support of the release.
In 2015, Diggs played Marquis de Lafayette and Thomas Jefferson in the off-Broadway musical Hamilton, reprising the roles during its initial Broadway run. Hamilton was an enormous success, winning 11 Tony Awards, the 2016 Pulitzer Prize for Drama, and a Grammy for Best Musical Theater Album. Despite this, Diggs left the Broadway cast during the summer of 2016.
Resuming activity that same summer, clipping. released the Wriggle EP (with a title track build around a Whitehouse sample and guest appearances by Antwon, Signor Benedick the Moor, and Cakes da Killa), as well as the full-length Splendor & Misery, both on Sub Pop. 2017 saw the release of the single ""The Deep,"" a futuristic electro-rap track that recalled the aquatic production of Drexciya. The next year, the group appeared on an extremely limited split 7"" with Metz, and an early cassette release from 2012 was reissued as Face. Along with three tracks from that early cassingle, the newly expanded release featured remixes of the song ""Face"" by artists like Duran Duran Duran, JPEGMAFIA, and FLANCH.
In 2019, the trio released There Existed an Addiction to Blood, a full-length influenced by hip-hop's horrorcore subgenre as well as John Carpenter's film scores. The next year, they edited audio captured during their 2017 tour opening for the Flaming Lips and released the results as Double Live. Unlike conventional concert documents, however, Double Live was a collage of sounds from hidden microphones, venue bathrooms, and other non-musical sources. Later that year, clipping. continued their fascination with horrorcore with the release of studio full-length Visions of Bodies Being Burned. The album again centered on ghastly stories of murder, paranoia, and dread taken from both classic horror movies and the group's collective imagination. ~ Fred Thomas & Paul Simpson",Mood Organ,Unknown,https://www.youtube.com/watch?v=fPhWrBaBfcw&pp=ygUTY2xpcHBpbmcgTW9vZCBPcmdhbg%3D%3D
Dead Channel Sky,https://lastfm.freetls.fastly.net/i/u/300x300/ed7fd62962ee0e28b8c26555d67521ba.png,clipping.,2025-03-14,"With an unconventional pairing of technical rap flows and abrasive noise, experimental trio clipping. approached hip-hop production from largely uncharted territory. Though the group would morph into something new with almost every subsequent release, they held on to their core of experimental and often-confrontational energy on independent cassette releases as well as more widely distributed albums like 2020's Sub Pop-issued Visions of Bodies Being Burned.
Clipping. were formed by producers Jonathan Snipes (Captain Ahab) and William Hutson (Rale) in 2009. The project initially existed as a series of remixes where the duo put the vocals from preexisting a cappella versions of commercially successful hip-hop tracks over new beats they made with noise and industrial elements. The harsh sounds of the project expanded the next year when rapper and long-term friend Daveed Diggs (also of True Neutral Crew) joined, completing the group's uncommon sound. After a few under-the-radar releases, the group's debut album, Midcity, was released in February 2013, available solely online and with no promotion or label backing. The sound was so innovative that within months the project inked a deal with Sub Pop, which delivered second album CLPPNG the next year. The record featured guest spots from ex-Three 6 Mafia MC Gangsta Boo, King T, Guce, and others. The group toured with Busdriver and Milo in support of the release.
In 2015, Diggs played Marquis de Lafayette and Thomas Jefferson in the off-Broadway musical Hamilton, reprising the roles during its initial Broadway run. Hamilton was an enormous success, winning 11 Tony Awards, the 2016 Pulitzer Prize for Drama, and a Grammy for Best Musical Theater Album. Despite this, Diggs left the Broadway cast during the summer of 2016.
Resuming activity that same summer, clipping. released the Wriggle EP (with a title track build around a Whitehouse sample and guest appearances by Antwon, Signor Benedick the Moor, and Cakes da Killa), as well as the full-length Splendor & Misery, both on Sub Pop. 2017 saw the release of the single ""The Deep,"" a futuristic electro-rap track that recalled the aquatic production of Drexciya. The next year, the group appeared on an extremely limited split 7"" with Metz, and an early cassette release from 2012 was reissued as Face. Along with three tracks from that early cassingle, the newly expanded release featured remixes of the song ""Face"" by artists like Duran Duran Duran, JPEGMAFIA, and FLANCH.
In 2019, the trio released There Existed an Addiction to Blood, a full-length influenced by hip-hop's horrorcore subgenre as well as John Carpenter's film scores. The next year, they edited audio captured during their 2017 tour opening for the Flaming Lips and released the results as Double Live. Unlike conventional concert documents, however, Double Live was a collage of sounds from hidden microphones, venue bathrooms, and other non-musical sources. Later that year, clipping. continued their fascination with horrorcore with the release of studio full-length Visions of Bodies Being Burned. The album again centered on ghastly stories of murder, paranoia, and dread taken from both classic horror movies and the group's collective imagination. ~ Fred Thomas & Paul Simpson",Polaroids,Unknown,https://www.youtube.com/watch?v=VnvU2Su-7g4&pp=ygUSY2xpcHBpbmcgUG9sYXJvaWRz
Dead Channel Sky,https://lastfm.freetls.fastly.net/i/u/300x300/ed7fd62962ee0e28b8c26555d67521ba.png,clipping.,2025-03-14,"With an unconventional pairing of technical rap flows and abrasive noise, experimental trio clipping. approached hip-hop production from largely uncharted territory. Though the group would morph into something new with almost every subsequent release, they held on to their core of experimental and often-confrontational energy on independent cassette releases as well as more widely distributed albums like 2020's Sub Pop-issued Visions of Bodies Being Burned.
Clipping. were formed by producers Jonathan Snipes (Captain Ahab) and William Hutson (Rale) in 2009. The project initially existed as a series of remixes where the duo put the vocals from preexisting a cappella versions of commercially successful hip-hop tracks over new beats they made with noise and industrial elements. The harsh sounds of the project expanded the next year when rapper and long-term friend Daveed Diggs (also of True Neutral Crew) joined, completing the group's uncommon sound. After a few under-the-radar releases, the group's debut album, Midcity, was released in February 2013, available solely online and with no promotion or label backing. The sound was so innovative that within months the project inked a deal with Sub Pop, which delivered second album CLPPNG the next year. The record featured guest spots from ex-Three 6 Mafia MC Gangsta Boo, King T, Guce, and others. The group toured with Busdriver and Milo in support of the release.
In 2015, Diggs played Marquis de Lafayette and Thomas Jefferson in the off-Broadway musical Hamilton, reprising the roles during its initial Broadway run. Hamilton was an enormous success, winning 11 Tony Awards, the 2016 Pulitzer Prize for Drama, and a Grammy for Best Musical Theater Album. Despite this, Diggs left the Broadway cast during the summer of 2016.
Resuming activity that same summer, clipping. released the Wriggle EP (with a title track build around a Whitehouse sample and guest appearances by Antwon, Signor Benedick the Moor, and Cakes da Killa), as well as the full-length Splendor & Misery, both on Sub Pop. 2017 saw the release of the single ""The Deep,"" a futuristic electro-rap track that recalled the aquatic production of Drexciya. The next year, the group appeared on an extremely limited split 7"" with Metz, and an early cassette release from 2012 was reissued as Face. Along with three tracks from that early cassingle, the newly expanded release featured remixes of the song ""Face"" by artists like Duran Duran Duran, JPEGMAFIA, and FLANCH.
In 2019, the trio released There Existed an Addiction to Blood, a full-length influenced by hip-hop's horrorcore subgenre as well as John Carpenter's film scores. The next year, they edited audio captured during their 2017 tour opening for the Flaming Lips and released the results as Double Live. Unlike conventional concert documents, however, Double Live was a collage of sounds from hidden microphones, venue bathrooms, and other non-musical sources. Later that year, clipping. continued their fascination with horrorcore with the release of studio full-length Visions of Bodies Being Burned. The album again centered on ghastly stories of murder, paranoia, and dread taken from both classic horror movies and the group's collective imagination. ~ Fred Thomas & Paul Simpson",Simple Degradation (Plucks 14–18),Unknown,https://www.youtube.com/watch?v=T_mNBnYB5rg&pp=ygUvY2xpcHBpbmcuIC0gU2ltcGxlIERlZ3JhZGF0aW9uIChQbHVja3MgMTTigJMxOCnSBwkJhAkBhyohjO8%3D
Dead Channel Sky,https://lastfm.freetls.fastly.net/i/u/300x300/ed7fd62962ee0e28b8c26555d67521ba.png,clipping.,2025-03-14,"With an unconventional pairing of technical rap flows and abrasive noise, experimental trio clipping. approached hip-hop production from largely uncharted territory. Though the group would morph into something new with almost every subsequent release, they held on to their core of experimental and often-confrontational energy on independent cassette releases as well as more widely distributed albums like 2020's Sub Pop-issued Visions of Bodies Being Burned.
Clipping. were formed by producers Jonathan Snipes (Captain Ahab) and William Hutson (Rale) in 2009. The project initially existed as a series of remixes where the duo put the vocals from preexisting a cappella versions of commercially successful hip-hop tracks over new beats they made with noise and industrial elements. The harsh sounds of the project expanded the next year when rapper and long-term friend Daveed Diggs (also of True Neutral Crew) joined, completing the group's uncommon sound. After a few under-the-radar releases, the group's debut album, Midcity, was released in February 2013, available solely online and with no promotion or label backing. The sound was so innovative that within months the project inked a deal with Sub Pop, which delivered second album CLPPNG the next year. The record featured guest spots from ex-Three 6 Mafia MC Gangsta Boo, King T, Guce, and others. The group toured with Busdriver and Milo in support of the release.
In 2015, Diggs played Marquis de Lafayette and Thomas Jefferson in the off-Broadway musical Hamilton, reprising the roles during its initial Broadway run. Hamilton was an enormous success, winning 11 Tony Awards, the 2016 Pulitzer Prize for Drama, and a Grammy for Best Musical Theater Album. Despite this, Diggs left the Broadway cast during the summer of 2016.
Resuming activity that same summer, clipping. released the Wriggle EP (with a title track build around a Whitehouse sample and guest appearances by Antwon, Signor Benedick the Moor, and Cakes da Killa), as well as the full-length Splendor & Misery, both on Sub Pop. 2017 saw the release of the single ""The Deep,"" a futuristic electro-rap track that recalled the aquatic production of Drexciya. The next year, the group appeared on an extremely limited split 7"" with Metz, and an early cassette release from 2012 was reissued as Face. Along with three tracks from that early cassingle, the newly expanded release featured remixes of the song ""Face"" by artists like Duran Duran Duran, JPEGMAFIA, and FLANCH.
In 2019, the trio released There Existed an Addiction to Blood, a full-length influenced by hip-hop's horrorcore subgenre as well as John Carpenter's film scores. The next year, they edited audio captured during their 2017 tour opening for the Flaming Lips and released the results as Double Live. Unlike conventional concert documents, however, Double Live was a collage of sounds from hidden microphones, venue bathrooms, and other non-musical sources. Later that year, clipping. continued their fascination with horrorcore with the release of studio full-length Visions of Bodies Being Burned. The album again centered on ghastly stories of murder, paranoia, and dread taken from both classic horror movies and the group's collective imagination. ~ Fred Thomas & Paul Simpson",Madcap,Unknown,https://www.youtube.com/watch?v=0gtlIznfwUI&pp=ygUSY2xpcHBpbmcuIC0gTWFkY2Fw
Dead Channel Sky,https://lastfm.freetls.fastly.net/i/u/300x300/ed7fd62962ee0e28b8c26555d67521ba.png,clipping.,2025-03-14,"With an unconventional pairing of technical rap flows and abrasive noise, experimental trio clipping. approached hip-hop production from largely uncharted territory. Though the group would morph into something new with almost every subsequent release, they held on to their core of experimental and often-confrontational energy on independent cassette releases as well as more widely distributed albums like 2020's Sub Pop-issued Visions of Bodies Being Burned.
Clipping. were formed by producers Jonathan Snipes (Captain Ahab) and William Hutson (Rale) in 2009. The project initially existed as a series of remixes where the duo put the vocals from preexisting a cappella versions of commercially successful hip-hop tracks over new beats they made with noise and industrial elements. The harsh sounds of the project expanded the next year when rapper and long-term friend Daveed Diggs (also of True Neutral Crew) joined, completing the group's uncommon sound. After a few under-the-radar releases, the group's debut album, Midcity, was released in February 2013, available solely online and with no promotion or label backing. The sound was so innovative that within months the project inked a deal with Sub Pop, which delivered second album CLPPNG the next year. The record featured guest spots from ex-Three 6 Mafia MC Gangsta Boo, King T, Guce, and others. The group toured with Busdriver and Milo in support of the release.
In 2015, Diggs played Marquis de Lafayette and Thomas Jefferson in the off-Broadway musical Hamilton, reprising the roles during its initial Broadway run. Hamilton was an enormous success, winning 11 Tony Awards, the 2016 Pulitzer Prize for Drama, and a Grammy for Best Musical Theater Album. Despite this, Diggs left the Broadway cast during the summer of 2016.
Resuming activity that same summer, clipping. released the Wriggle EP (with a title track build around a Whitehouse sample and guest appearances by Antwon, Signor Benedick the Moor, and Cakes da Killa), as well as the full-length Splendor & Misery, both on Sub Pop. 2017 saw the release of the single ""The Deep,"" a futuristic electro-rap track that recalled the aquatic production of Drexciya. The next year, the group appeared on an extremely limited split 7"" with Metz, and an early cassette release from 2012 was reissued as Face. Along with three tracks from that early cassingle, the newly expanded release featured remixes of the song ""Face"" by artists like Duran Duran Duran, JPEGMAFIA, and FLANCH.
In 2019, the trio released There Existed an Addiction to Blood, a full-length influenced by hip-hop's horrorcore subgenre as well as John Carpenter's film scores. The next year, they edited audio captured during their 2017 tour opening for the Flaming Lips and released the results as Double Live. Unlike conventional concert documents, however, Double Live was a collage of sounds from hidden microphones, venue bathrooms, and other non-musical sources. Later that year, clipping. continued their fascination with horrorcore with the release of studio full-length Visions of Bodies Being Burned. The album again centered on ghastly stories of murder, paranoia, and dread taken from both classic horror movies and the group's collective imagination. ~ Fred Thomas & Paul Simpson",Mirrorshades Pt. 2,Unknown,https://www.youtube.com/watch?v=StIcDroU2nY&pp=ygUeY2xpcHBpbmcuIC0gTWlycm9yc2hhZGVzIFB0LiAy
Dead Channel Sky,https://lastfm.freetls.fastly.net/i/u/300x300/ed7fd62962ee0e28b8c26555d67521ba.png,clipping.,2025-03-14,"With an unconventional pairing of technical rap flows and abrasive noise, experimental trio clipping. approached hip-hop production from largely uncharted territory. Though the group would morph into something new with almost every subsequent release, they held on to their core of experimental and often-confrontational energy on independent cassette releases as well as more widely distributed albums like 2020's Sub Pop-issued Visions of Bodies Being Burned.
Clipping. were formed by producers Jonathan Snipes (Captain Ahab) and William Hutson (Rale) in 2009. The project initially existed as a series of remixes where the duo put the vocals from preexisting a cappella versions of commercially successful hip-hop tracks over new beats they made with noise and industrial elements. The harsh sounds of the project expanded the next year when rapper and long-term friend Daveed Diggs (also of True Neutral Crew) joined, completing the group's uncommon sound. After a few under-the-radar releases, the group's debut album, Midcity, was released in February 2013, available solely online and with no promotion or label backing. The sound was so innovative that within months the project inked a deal with Sub Pop, which delivered second album CLPPNG the next year. The record featured guest spots from ex-Three 6 Mafia MC Gangsta Boo, King T, Guce, and others. The group toured with Busdriver and Milo in support of the release.
In 2015, Diggs played Marquis de Lafayette and Thomas Jefferson in the off-Broadway musical Hamilton, reprising the roles during its initial Broadway run. Hamilton was an enormous success, winning 11 Tony Awards, the 2016 Pulitzer Prize for Drama, and a Grammy for Best Musical Theater Album. Despite this, Diggs left the Broadway cast during the summer of 2016.
Resuming activity that same summer, clipping. released the Wriggle EP (with a title track build around a Whitehouse sample and guest appearances by Antwon, Signor Benedick the Moor, and Cakes da Killa), as well as the full-length Splendor & Misery, both on Sub Pop. 2017 saw the release of the single ""The Deep,"" a futuristic electro-rap track that recalled the aquatic production of Drexciya. The next year, the group appeared on an extremely limited split 7"" with Metz, and an early cassette release from 2012 was reissued as Face. Along with three tracks from that early cassingle, the newly expanded release featured remixes of the song ""Face"" by artists like Duran Duran Duran, JPEGMAFIA, and FLANCH.
In 2019, the trio released There Existed an Addiction to Blood, a full-length influenced by hip-hop's horrorcore subgenre as well as John Carpenter's film scores. The next year, they edited audio captured during their 2017 tour opening for the Flaming Lips and released the results as Double Live. Unlike conventional concert documents, however, Double Live was a collage of sounds from hidden microphones, venue bathrooms, and other non-musical sources. Later that year, clipping. continued their fascination with horrorcore with the release of studio full-length Visions of Bodies Being Burned. The album again centered on ghastly stories of murder, paranoia, and dread taken from both classic horror movies and the group's collective imagination. ~ Fred Thomas & Paul Simpson",“And You Called” (interlude),Unknown,https://www.youtube.com/watch?v=NgfKNCyzCn4&pp=ygUhY2xpcHBpbmcgQW5kIFlvdSBDYWxsZWQgaW50ZXJsdWRl
Dead Channel Sky,https://lastfm.freetls.fastly.net/i/u/300x300/ed7fd62962ee0e28b8c26555d67521ba.png,clipping.,2025-03-14,"With an unconventional pairing of technical rap flows and abrasive noise, experimental trio clipping. approached hip-hop production from largely uncharted territory. Though the group would morph into something new with almost every subsequent release, they held on to their core of experimental and often-confrontational energy on independent cassette releases as well as more widely distributed albums like 2020's Sub Pop-issued Visions of Bodies Being Burned.
Clipping. were formed by producers Jonathan Snipes (Captain Ahab) and William Hutson (Rale) in 2009. The project initially existed as a series of remixes where the duo put the vocals from preexisting a cappella versions of commercially successful hip-hop tracks over new beats they made with noise and industrial elements. The harsh sounds of the project expanded the next year when rapper and long-term friend Daveed Diggs (also of True Neutral Crew) joined, completing the group's uncommon sound. After a few under-the-radar releases, the group's debut album, Midcity, was released in February 2013, available solely online and with no promotion or label backing. The sound was so innovative that within months the project inked a deal with Sub Pop, which delivered second album CLPPNG the next year. The record featured guest spots from ex-Three 6 Mafia MC Gangsta Boo, King T, Guce, and others. The group toured with Busdriver and Milo in support of the release.
In 2015, Diggs played Marquis de Lafayette and Thomas Jefferson in the off-Broadway musical Hamilton, reprising the roles during its initial Broadway run. Hamilton was an enormous success, winning 11 Tony Awards, the 2016 Pulitzer Prize for Drama, and a Grammy for Best Musical Theater Album. Despite this, Diggs left the Broadway cast during the summer of 2016.
Resuming activity that same summer, clipping. released the Wriggle EP (with a title track build around a Whitehouse sample and guest appearances by Antwon, Signor Benedick the Moor, and Cakes da Killa), as well as the full-length Splendor & Misery, both on Sub Pop. 2017 saw the release of the single ""The Deep,"" a futuristic electro-rap track that recalled the aquatic production of Drexciya. The next year, the group appeared on an extremely limited split 7"" with Metz, and an early cassette release from 2012 was reissued as Face. Along with three tracks from that early cassingle, the newly expanded release featured remixes of the song ""Face"" by artists like Duran Duran Duran, JPEGMAFIA, and FLANCH.
In 2019, the trio released There Existed an Addiction to Blood, a full-length influenced by hip-hop's horrorcore subgenre as well as John Carpenter's film scores. The next year, they edited audio captured during their 2017 tour opening for the Flaming Lips and released the results as Double Live. Unlike conventional concert documents, however, Double Live was a collage of sounds from hidden microphones, venue bathrooms, and other non-musical sources. Later that year, clipping. continued their fascination with horrorcore with the release of studio full-length Visions of Bodies Being Burned. The album again centered on ghastly stories of murder, paranoia, and dread taken from both classic horror movies and the group's collective imagination. ~ Fred Thomas & Paul Simpson",Welcome Home Warrior,Unknown,https://www.youtube.com/watch?v=py9B1ePmpVs&pp=ygUdY2xpcHBpbmcgV2VsY29tZSBIb21lIFdhcnJpb3I%3D
Dead Channel Sky,https://lastfm.freetls.fastly.net/i/u/300x300/ed7fd62962ee0e28b8c26555d67521ba.png,clipping.,2025-03-14,"With an unconventional pairing of technical rap flows and abrasive noise, experimental trio clipping. approached hip-hop production from largely uncharted territory. Though the group would morph into something new with almost every subsequent release, they held on to their core of experimental and often-confrontational energy on independent cassette releases as well as more widely distributed albums like 2020's Sub Pop-issued Visions of Bodies Being Burned.
Clipping. were formed by producers Jonathan Snipes (Captain Ahab) and William Hutson (Rale) in 2009. The project initially existed as a series of remixes where the duo put the vocals from preexisting a cappella versions of commercially successful hip-hop tracks over new beats they made with noise and industrial elements. The harsh sounds of the project expanded the next year when rapper and long-term friend Daveed Diggs (also of True Neutral Crew) joined, completing the group's uncommon sound. After a few under-the-radar releases, the group's debut album, Midcity, was released in February 2013, available solely online and with no promotion or label backing. The sound was so innovative that within months the project inked a deal with Sub Pop, which delivered second album CLPPNG the next year. The record featured guest spots from ex-Three 6 Mafia MC Gangsta Boo, King T, Guce, and others. The group toured with Busdriver and Milo in support of the release.
In 2015, Diggs played Marquis de Lafayette and Thomas Jefferson in the off-Broadway musical Hamilton, reprising the roles during its initial Broadway run. Hamilton was an enormous success, winning 11 Tony Awards, the 2016 Pulitzer Prize for Drama, and a Grammy for Best Musical Theater Album. Despite this, Diggs left the Broadway cast during the summer of 2016.
Resuming activity that same summer, clipping. released the Wriggle EP (with a title track build around a Whitehouse sample and guest appearances by Antwon, Signor Benedick the Moor, and Cakes da Killa), as well as the full-length Splendor & Misery, both on Sub Pop. 2017 saw the release of the single ""The Deep,"" a futuristic electro-rap track that recalled the aquatic production of Drexciya. The next year, the group appeared on an extremely limited split 7"" with Metz, and an early cassette release from 2012 was reissued as Face. Along with three tracks from that early cassingle, the newly expanded release featured remixes of the song ""Face"" by artists like Duran Duran Duran, JPEGMAFIA, and FLANCH.
In 2019, the trio released There Existed an Addiction to Blood, a full-length influenced by hip-hop's horrorcore subgenre as well as John Carpenter's film scores. The next year, they edited audio captured during their 2017 tour opening for the Flaming Lips and released the results as Double Live. Unlike conventional concert documents, however, Double Live was a collage of sounds from hidden microphones, venue bathrooms, and other non-musical sources. Later that year, clipping. continued their fascination with horrorcore with the release of studio full-length Visions of Bodies Being Burned. The album again centered on ghastly stories of murder, paranoia, and dread taken from both classic horror movies and the group's collective imagination. ~ Fred Thomas & Paul Simpson",Ask What Happened,Unknown,https://www.youtube.com/watch?v=8SgG6hdqrLU&pp=ygUdY2xpcHBpbmcuIC0gQXNrIFdoYXQgSGFwcGVuZWQ%3D
CLPPNG,https://lastfm.freetls.fastly.net/i/u/300x300/a79787a578140e1618471ce20ef3efb9.jpg,clipping.,2014-06-04,"With an unconventional pairing of technical rap flows and abrasive noise, experimental trio clipping. approach hip-hop production from largely uncharted territory. Though the group morph into something new with almost every release, they hold on to their core of experimental and often-confrontational energy. Debuting with independent cassette and digital releases during the early 2010s, their proper debut album, CLPPNG, appeared in 2014, followed by the Afrofuturist space opera Splendor & Misery in 2016. Two related albums, 2019's There Existed an Addiction to Blood and 2020's Visions of Bodies Being Burned, were heavily influenced by horrorcore, and 2025's Dead Channel Sky drew from cyberpunk and '90s techno.
Clipping. were formed by producers Jonathan Snipes (Captain Ahab) and William Hutson (Rale) in 2009. The project initially existed as a series of remixes where the duo put the vocals from preexisting a cappella versions of commercially successful hip-hop tracks over new beats they made with noise and industrial elements. The harsh sounds of the project expanded the next year when rapper and long-term friend Daveed Diggs (also of True Neutral Crew) joined, completing the group's uncommon sound. After a few under-the-radar releases, the group's debut album, Midcity, was released in February 2013, available solely online and with no promotion or label backing. The sound was so innovative that within months the project inked a deal with Sub Pop, which delivered second album CLPPNG the next year. The record featured guest spots from ex-Three 6 Mafia MC Gangsta Boo, King T, Guce, and others. The group toured with Busdriver and Milo in support of the release.
In 2015, Diggs played Marquis de Lafayette and Thomas Jefferson in the off-Broadway musical Hamilton, reprising the roles during its initial Broadway run. Hamilton was an enormous success, winning 11 Tony Awards, the 2016 Pulitzer Prize for Drama, and a Grammy for Best Musical Theater Album. Despite this, Diggs left the Broadway cast during the summer of 2016.
Resuming activity that same summer, clipping. released the Wriggle EP (with a title track build around a Whitehouse sample and guest appearances by Antwon, Signor Benedick the Moor, and Cakes da Killa), as well as the full-length Splendor & Misery, both on Sub Pop. 2017 saw the release of the single ""The Deep,"" a futuristic electro-rap track that recalled the aquatic production of Drexciya. The next year, the group appeared on an extremely limited split 7"" with Metz, and an early cassette release from 2012 was reissued as Face. Along with three tracks from that early cassingle, the newly expanded release featured remixes of the song ""Face"" by artists like Duran Duran Duran, JPEGMAFIA, and FLANCH.
In 2019, the trio released There Existed an Addiction to Blood, a full-length influenced by hip-hop's horrorcore subgenre as well as John Carpenter's film scores. The next year, they edited audio captured during their 2017 tour opening for the Flaming Lips and released the results as Double Live. Unlike conventional concert documents, however, Double Live was a collage of sounds from hidden microphones, venue bathrooms, and other non-musical sources. Later that year, clipping. continued their fascination with horrorcore with the release of studio full-length Visions of Bodies Being Burned. The album again centered on ghastly stories of murder, paranoia, and dread taken from both classic horror movies and the group's collective imagination. Following a deluxe reissue of Wriggle and a series of remix EPs, clipping. released a cover of J-Kwon's hit ""Tipsy"" in 2024. Dead Channel Sky, the trio's 2025 full-length, channeled influences such as old-school electro, big beat, and drum'n'bass. The album's guests included Aesop Rock, Nels Cline, and Cartel Madras. ~ Fred Thomas & Paul Simpson",Intro,Unknown,https://www.youtube.com/watch?v=n4HQb7DZI0I&list=RDn4HQb7DZI0I&start_radio=1&pp=ygUOY2xpcHBpbmcgSW50cm-gBwHSBwkJogoBhyohjO8%3D
CLPPNG,https://lastfm.freetls.fastly.net/i/u/300x300/a79787a578140e1618471ce20ef3efb9.jpg,clipping.,2014-06-04,"With an unconventional pairing of technical rap flows and abrasive noise, experimental trio clipping. approach hip-hop production from largely uncharted territory. Though the group morph into something new with almost every release, they hold on to their core of experimental and often-confrontational energy. Debuting with independent cassette and digital releases during the early 2010s, their proper debut album, CLPPNG, appeared in 2014, followed by the Afrofuturist space opera Splendor & Misery in 2016. Two related albums, 2019's There Existed an Addiction to Blood and 2020's Visions of Bodies Being Burned, were heavily influenced by horrorcore, and 2025's Dead Channel Sky drew from cyberpunk and '90s techno.
Clipping. were formed by producers Jonathan Snipes (Captain Ahab) and William Hutson (Rale) in 2009. The project initially existed as a series of remixes where the duo put the vocals from preexisting a cappella versions of commercially successful hip-hop tracks over new beats they made with noise and industrial elements. The harsh sounds of the project expanded the next year when rapper and long-term friend Daveed Diggs (also of True Neutral Crew) joined, completing the group's uncommon sound. After a few under-the-radar releases, the group's debut album, Midcity, was released in February 2013, available solely online and with no promotion or label backing. The sound was so innovative that within months the project inked a deal with Sub Pop, which delivered second album CLPPNG the next year. The record featured guest spots from ex-Three 6 Mafia MC Gangsta Boo, King T, Guce, and others. The group toured with Busdriver and Milo in support of the release.
In 2015, Diggs played Marquis de Lafayette and Thomas Jefferson in the off-Broadway musical Hamilton, reprising the roles during its initial Broadway run. Hamilton was an enormous success, winning 11 Tony Awards, the 2016 Pulitzer Prize for Drama, and a Grammy for Best Musical Theater Album. Despite this, Diggs left the Broadway cast during the summer of 2016.
Resuming activity that same summer, clipping. released the Wriggle EP (with a title track build around a Whitehouse sample and guest appearances by Antwon, Signor Benedick the Moor, and Cakes da Killa), as well as the full-length Splendor & Misery, both on Sub Pop. 2017 saw the release of the single ""The Deep,"" a futuristic electro-rap track that recalled the aquatic production of Drexciya. The next year, the group appeared on an extremely limited split 7"" with Metz, and an early cassette release from 2012 was reissued as Face. Along with three tracks from that early cassingle, the newly expanded release featured remixes of the song ""Face"" by artists like Duran Duran Duran, JPEGMAFIA, and FLANCH.
In 2019, the trio released There Existed an Addiction to Blood, a full-length influenced by hip-hop's horrorcore subgenre as well as John Carpenter's film scores. The next year, they edited audio captured during their 2017 tour opening for the Flaming Lips and released the results as Double Live. Unlike conventional concert documents, however, Double Live was a collage of sounds from hidden microphones, venue bathrooms, and other non-musical sources. Later that year, clipping. continued their fascination with horrorcore with the release of studio full-length Visions of Bodies Being Burned. The album again centered on ghastly stories of murder, paranoia, and dread taken from both classic horror movies and the group's collective imagination. Following a deluxe reissue of Wriggle and a series of remix EPs, clipping. released a cover of J-Kwon's hit ""Tipsy"" in 2024. Dead Channel Sky, the trio's 2025 full-length, channeled influences such as old-school electro, big beat, and drum'n'bass. The album's guests included Aesop Rock, Nels Cline, and Cartel Madras. ~ Fred Thomas & Paul Simpson",Body & Blood,Unknown,https://www.youtube.com/watch?v=nuto-ksyDmQ&list=RDnuto-ksyDmQ&start_radio=1&pp=ygUTY2xpcHBpbmcgQm9keSBCbG9vZKAHAdIHCQmiCgGHKiGM7w%3D%3D
CLPPNG,https://lastfm.freetls.fastly.net/i/u/300x300/a79787a578140e1618471ce20ef3efb9.jpg,clipping.,2014-06-04,"With an unconventional pairing of technical rap flows and abrasive noise, experimental trio clipping. approach hip-hop production from largely uncharted territory. Though the group morph into something new with almost every release, they hold on to their core of experimental and often-confrontational energy. Debuting with independent cassette and digital releases during the early 2010s, their proper debut album, CLPPNG, appeared in 2014, followed by the Afrofuturist space opera Splendor & Misery in 2016. Two related albums, 2019's There Existed an Addiction to Blood and 2020's Visions of Bodies Being Burned, were heavily influenced by horrorcore, and 2025's Dead Channel Sky drew from cyberpunk and '90s techno.
Clipping. were formed by producers Jonathan Snipes (Captain Ahab) and William Hutson (Rale) in 2009. The project initially existed as a series of remixes where the duo put the vocals from preexisting a cappella versions of commercially successful hip-hop tracks over new beats they made with noise and industrial elements. The harsh sounds of the project expanded the next year when rapper and long-term friend Daveed Diggs (also of True Neutral Crew) joined, completing the group's uncommon sound. After a few under-the-radar releases, the group's debut album, Midcity, was released in February 2013, available solely online and with no promotion or label backing. The sound was so innovative that within months the project inked a deal with Sub Pop, which delivered second album CLPPNG the next year. The record featured guest spots from ex-Three 6 Mafia MC Gangsta Boo, King T, Guce, and others. The group toured with Busdriver and Milo in support of the release.
In 2015, Diggs played Marquis de Lafayette and Thomas Jefferson in the off-Broadway musical Hamilton, reprising the roles during its initial Broadway run. Hamilton was an enormous success, winning 11 Tony Awards, the 2016 Pulitzer Prize for Drama, and a Grammy for Best Musical Theater Album. Despite this, Diggs left the Broadway cast during the summer of 2016.
Resuming activity that same summer, clipping. released the Wriggle EP (with a title track build around a Whitehouse sample and guest appearances by Antwon, Signor Benedick the Moor, and Cakes da Killa), as well as the full-length Splendor & Misery, both on Sub Pop. 2017 saw the release of the single ""The Deep,"" a futuristic electro-rap track that recalled the aquatic production of Drexciya. The next year, the group appeared on an extremely limited split 7"" with Metz, and an early cassette release from 2012 was reissued as Face. Along with three tracks from that early cassingle, the newly expanded release featured remixes of the song ""Face"" by artists like Duran Duran Duran, JPEGMAFIA, and FLANCH.
In 2019, the trio released There Existed an Addiction to Blood, a full-length influenced by hip-hop's horrorcore subgenre as well as John Carpenter's film scores. The next year, they edited audio captured during their 2017 tour opening for the Flaming Lips and released the results as Double Live. Unlike conventional concert documents, however, Double Live was a collage of sounds from hidden microphones, venue bathrooms, and other non-musical sources. Later that year, clipping. continued their fascination with horrorcore with the release of studio full-length Visions of Bodies Being Burned. The album again centered on ghastly stories of murder, paranoia, and dread taken from both classic horror movies and the group's collective imagination. Following a deluxe reissue of Wriggle and a series of remix EPs, clipping. released a cover of J-Kwon's hit ""Tipsy"" in 2024. Dead Channel Sky, the trio's 2025 full-length, channeled influences such as old-school electro, big beat, and drum'n'bass. The album's guests included Aesop Rock, Nels Cline, and Cartel Madras. ~ Fred Thomas & Paul Simpson",Taking Off,Unknown,https://www.youtube.com/watch?v=eS-3_C3W-YA&list=RDeS-3_C3W-YA&start_radio=1&pp=ygUWY2xpcHBpbmcuIC0gVGFraW5nIE9mZqAHAQ%3D%3D
CLPPNG,https://lastfm.freetls.fastly.net/i/u/300x300/a79787a578140e1618471ce20ef3efb9.jpg,clipping.,2014-06-04,"With an unconventional pairing of technical rap flows and abrasive noise, experimental trio clipping. approach hip-hop production from largely uncharted territory. Though the group morph into something new with almost every release, they hold on to their core of experimental and often-confrontational energy. Debuting with independent cassette and digital releases during the early 2010s, their proper debut album, CLPPNG, appeared in 2014, followed by the Afrofuturist space opera Splendor & Misery in 2016. Two related albums, 2019's There Existed an Addiction to Blood and 2020's Visions of Bodies Being Burned, were heavily influenced by horrorcore, and 2025's Dead Channel Sky drew from cyberpunk and '90s techno.
Clipping. were formed by producers Jonathan Snipes (Captain Ahab) and William Hutson (Rale) in 2009. The project initially existed as a series of remixes where the duo put the vocals from preexisting a cappella versions of commercially successful hip-hop tracks over new beats they made with noise and industrial elements. The harsh sounds of the project expanded the next year when rapper and long-term friend Daveed Diggs (also of True Neutral Crew) joined, completing the group's uncommon sound. After a few under-the-radar releases, the group's debut album, Midcity, was released in February 2013, available solely online and with no promotion or label backing. The sound was so innovative that within months the project inked a deal with Sub Pop, which delivered second album CLPPNG the next year. The record featured guest spots from ex-Three 6 Mafia MC Gangsta Boo, King T, Guce, and others. The group toured with Busdriver and Milo in support of the release.
In 2015, Diggs played Marquis de Lafayette and Thomas Jefferson in the off-Broadway musical Hamilton, reprising the roles during its initial Broadway run. Hamilton was an enormous success, winning 11 Tony Awards, the 2016 Pulitzer Prize for Drama, and a Grammy for Best Musical Theater Album. Despite this, Diggs left the Broadway cast during the summer of 2016.
Resuming activity that same summer, clipping. released the Wriggle EP (with a title track build around a Whitehouse sample and guest appearances by Antwon, Signor Benedick the Moor, and Cakes da Killa), as well as the full-length Splendor & Misery, both on Sub Pop. 2017 saw the release of the single ""The Deep,"" a futuristic electro-rap track that recalled the aquatic production of Drexciya. The next year, the group appeared on an extremely limited split 7"" with Metz, and an early cassette release from 2012 was reissued as Face. Along with three tracks from that early cassingle, the newly expanded release featured remixes of the song ""Face"" by artists like Duran Duran Duran, JPEGMAFIA, and FLANCH.
In 2019, the trio released There Existed an Addiction to Blood, a full-length influenced by hip-hop's horrorcore subgenre as well as John Carpenter's film scores. The next year, they edited audio captured during their 2017 tour opening for the Flaming Lips and released the results as Double Live. Unlike conventional concert documents, however, Double Live was a collage of sounds from hidden microphones, venue bathrooms, and other non-musical sources. Later that year, clipping. continued their fascination with horrorcore with the release of studio full-length Visions of Bodies Being Burned. The album again centered on ghastly stories of murder, paranoia, and dread taken from both classic horror movies and the group's collective imagination. Following a deluxe reissue of Wriggle and a series of remix EPs, clipping. released a cover of J-Kwon's hit ""Tipsy"" in 2024. Dead Channel Sky, the trio's 2025 full-length, channeled influences such as old-school electro, big beat, and drum'n'bass. The album's guests included Aesop Rock, Nels Cline, and Cartel Madras. ~ Fred Thomas & Paul Simpson",Story 2,Unknown,https://www.youtube.com/watch?v=XbU9UUwxBxA&list=RDXbU9UUwxBxA&start_radio=1&pp=ygUQY2xpcHBpbmcgU3RvcnkgMqAHAQ%3D%3D
CLPPNG,https://lastfm.freetls.fastly.net/i/u/300x300/a79787a578140e1618471ce20ef3efb9.jpg,clipping.,2014-06-04,"With an unconventional pairing of technical rap flows and abrasive noise, experimental trio clipping. approach hip-hop production from largely uncharted territory. Though the group morph into something new with almost every release, they hold on to their core of experimental and often-confrontational energy. Debuting with independent cassette and digital releases during the early 2010s, their proper debut album, CLPPNG, appeared in 2014, followed by the Afrofuturist space opera Splendor & Misery in 2016. Two related albums, 2019's There Existed an Addiction to Blood and 2020's Visions of Bodies Being Burned, were heavily influenced by horrorcore, and 2025's Dead Channel Sky drew from cyberpunk and '90s techno.
Clipping. were formed by producers Jonathan Snipes (Captain Ahab) and William Hutson (Rale) in 2009. The project initially existed as a series of remixes where the duo put the vocals from preexisting a cappella versions of commercially successful hip-hop tracks over new beats they made with noise and industrial elements. The harsh sounds of the project expanded the next year when rapper and long-term friend Daveed Diggs (also of True Neutral Crew) joined, completing the group's uncommon sound. After a few under-the-radar releases, the group's debut album, Midcity, was released in February 2013, available solely online and with no promotion or label backing. The sound was so innovative that within months the project inked a deal with Sub Pop, which delivered second album CLPPNG the next year. The record featured guest spots from ex-Three 6 Mafia MC Gangsta Boo, King T, Guce, and others. The group toured with Busdriver and Milo in support of the release.
In 2015, Diggs played Marquis de Lafayette and Thomas Jefferson in the off-Broadway musical Hamilton, reprising the roles during its initial Broadway run. Hamilton was an enormous success, winning 11 Tony Awards, the 2016 Pulitzer Prize for Drama, and a Grammy for Best Musical Theater Album. Despite this, Diggs left the Broadway cast during the summer of 2016.
Resuming activity that same summer, clipping. released the Wriggle EP (with a title track build around a Whitehouse sample and guest appearances by Antwon, Signor Benedick the Moor, and Cakes da Killa), as well as the full-length Splendor & Misery, both on Sub Pop. 2017 saw the release of the single ""The Deep,"" a futuristic electro-rap track that recalled the aquatic production of Drexciya. The next year, the group appeared on an extremely limited split 7"" with Metz, and an early cassette release from 2012 was reissued as Face. Along with three tracks from that early cassingle, the newly expanded release featured remixes of the song ""Face"" by artists like Duran Duran Duran, JPEGMAFIA, and FLANCH.
In 2019, the trio released There Existed an Addiction to Blood, a full-length influenced by hip-hop's horrorcore subgenre as well as John Carpenter's film scores. The next year, they edited audio captured during their 2017 tour opening for the Flaming Lips and released the results as Double Live. Unlike conventional concert documents, however, Double Live was a collage of sounds from hidden microphones, venue bathrooms, and other non-musical sources. Later that year, clipping. continued their fascination with horrorcore with the release of studio full-length Visions of Bodies Being Burned. The album again centered on ghastly stories of murder, paranoia, and dread taken from both classic horror movies and the group's collective imagination. Following a deluxe reissue of Wriggle and a series of remix EPs, clipping. released a cover of J-Kwon's hit ""Tipsy"" in 2024. Dead Channel Sky, the trio's 2025 full-length, channeled influences such as old-school electro, big beat, and drum'n'bass. The album's guests included Aesop Rock, Nels Cline, and Cartel Madras. ~ Fred Thomas & Paul Simpson",Ends,Unknown,https://www.youtube.com/watch?v=URXgyOUuHEs&list=RDURXgyOUuHEs&start_radio=1&pp=ygUQY2xpcHBpbmcuIC0gRW5kc6AHAQ%3D%3D
Last Leg of the Human Table,https://lastfm.freetls.fastly.net/i/u/300x300/1f700a17aafceeb7fcb756250b9d6b1d.jpg,Cloakroom,2025-02-28,"Cloakroom use the term ""stoner emo"" to describe their lurching, guitar-heavy sound that borrows equally from hardcore's brawniness, the dreamy sound-webs of shoegaze, and sad-hearted '90s indie rock groups like Hum and Red House Painters. Since debuting in 2013, Cloakroom have issued two EPs and multiple studio albums, including 2015's Further Out, 2022's Dissolution Wave, and 2025's Last Leg of the Human Table.
Forming in Michigan City, Indiana, in 2012, the band consisted of guitarist/vocalist Doyle Martin, who had formerly fronted pop-punk act the Grown-Ups, as well as drummer Brian Busch and bassist Bobby Markos. The group's debut EP, Infinity, arrived in 2013 and was followed in 2015 by the more developed double album Further Out -- both efforts were released via Run for Cover. Cloakroom inked a deal with Relapse ahead of the arrival of their sophomore full-length effort, 2017's Time Well, which they promoted with a European tour alongside Canadian post-rockers Caspian. In 2019, drummer Busch left the band and was replaced by Tim Remis. 2021 saw the release of the hard-hitting single ""A Force at Play,"" which appeared on the group's third long-player, 2022's space Western-themed Dissolution Wave. In 2025, Cloakroom returned with their fourth full-length album, Last Leg of the Human Table. The set was recorded in part at Steve Albini's Electrical Audio studios in Chicago. ~ Fred Thomas",The Pilot,Unknown,https://www.youtube.com/watch?v=q8r5pA1aasw&pp=ygUTQ2xvYWtyb29tIFRoZSBQaWxvdA%3D%3D
Last Leg of the Human Table,https://lastfm.freetls.fastly.net/i/u/300x300/1f700a17aafceeb7fcb756250b9d6b1d.jpg,Cloakroom,2025-02-28,"Cloakroom use the term ""stoner emo"" to describe their lurching, guitar-heavy sound that borrows equally from hardcore's brawniness, the dreamy sound-webs of shoegaze, and sad-hearted '90s indie rock groups like Hum and Red House Painters. Since debuting in 2013, Cloakroom have issued two EPs and multiple studio albums, including 2015's Further Out, 2022's Dissolution Wave, and 2025's Last Leg of the Human Table.
Forming in Michigan City, Indiana, in 2012, the band consisted of guitarist/vocalist Doyle Martin, who had formerly fronted pop-punk act the Grown-Ups, as well as drummer Brian Busch and bassist Bobby Markos. The group's debut EP, Infinity, arrived in 2013 and was followed in 2015 by the more developed double album Further Out -- both efforts were released via Run for Cover. Cloakroom inked a deal with Relapse ahead of the arrival of their sophomore full-length effort, 2017's Time Well, which they promoted with a European tour alongside Canadian post-rockers Caspian. In 2019, drummer Busch left the band and was replaced by Tim Remis. 2021 saw the release of the hard-hitting single ""A Force at Play,"" which appeared on the group's third long-player, 2022's space Western-themed Dissolution Wave. In 2025, Cloakroom returned with their fourth full-length album, Last Leg of the Human Table. The set was recorded in part at Steve Albini's Electrical Audio studios in Chicago. ~ Fred Thomas",Ester Wind,Unknown,https://www.youtube.com/watch?v=9QMpa_c9q_U&pp=ygUWQ2xvYWtyb29tIC0gRXN0ZXIgV2luZA%3D%3D
Last Leg of the Human Table,https://lastfm.freetls.fastly.net/i/u/300x300/1f700a17aafceeb7fcb756250b9d6b1d.jpg,Cloakroom,2025-02-28,"Cloakroom use the term ""stoner emo"" to describe their lurching, guitar-heavy sound that borrows equally from hardcore's brawniness, the dreamy sound-webs of shoegaze, and sad-hearted '90s indie rock groups like Hum and Red House Painters. Since debuting in 2013, Cloakroom have issued two EPs and multiple studio albums, including 2015's Further Out, 2022's Dissolution Wave, and 2025's Last Leg of the Human Table.
Forming in Michigan City, Indiana, in 2012, the band consisted of guitarist/vocalist Doyle Martin, who had formerly fronted pop-punk act the Grown-Ups, as well as drummer Brian Busch and bassist Bobby Markos. The group's debut EP, Infinity, arrived in 2013 and was followed in 2015 by the more developed double album Further Out -- both efforts were released via Run for Cover. Cloakroom inked a deal with Relapse ahead of the arrival of their sophomore full-length effort, 2017's Time Well, which they promoted with a European tour alongside Canadian post-rockers Caspian. In 2019, drummer Busch left the band and was replaced by Tim Remis. 2021 saw the release of the hard-hitting single ""A Force at Play,"" which appeared on the group's third long-player, 2022's space Western-themed Dissolution Wave. In 2025, Cloakroom returned with their fourth full-length album, Last Leg of the Human Table. The set was recorded in part at Steve Albini's Electrical Audio studios in Chicago. ~ Fred Thomas",On Joy and Unbelieving,Unknown,https://www.youtube.com/watch?v=pES5An0hEYo&pp=ygUiQ2xvYWtyb29tIC0gT24gSm95IGFuZCBVbmJlbGlldmluZw%3D%3D
Last Leg of the Human Table,https://lastfm.freetls.fastly.net/i/u/300x300/1f700a17aafceeb7fcb756250b9d6b1d.jpg,Cloakroom,2025-02-28,"Cloakroom use the term ""stoner emo"" to describe their lurching, guitar-heavy sound that borrows equally from hardcore's brawniness, the dreamy sound-webs of shoegaze, and sad-hearted '90s indie rock groups like Hum and Red House Painters. Since debuting in 2013, Cloakroom have issued two EPs and multiple studio albums, including 2015's Further Out, 2022's Dissolution Wave, and 2025's Last Leg of the Human Table.
Forming in Michigan City, Indiana, in 2012, the band consisted of guitarist/vocalist Doyle Martin, who had formerly fronted pop-punk act the Grown-Ups, as well as drummer Brian Busch and bassist Bobby Markos. The group's debut EP, Infinity, arrived in 2013 and was followed in 2015 by the more developed double album Further Out -- both efforts were released via Run for Cover. Cloakroom inked a deal with Relapse ahead of the arrival of their sophomore full-length effort, 2017's Time Well, which they promoted with a European tour alongside Canadian post-rockers Caspian. In 2019, drummer Busch left the band and was replaced by Tim Remis. 2021 saw the release of the hard-hitting single ""A Force at Play,"" which appeared on the group's third long-player, 2022's space Western-themed Dissolution Wave. In 2025, Cloakroom returned with their fourth full-length album, Last Leg of the Human Table. The set was recorded in part at Steve Albini's Electrical Audio studios in Chicago. ~ Fred Thomas",Unbelonging,Unknown,https://www.youtube.com/watch?v=q8r5pA1aasw&pp=ygUVQ2xvYWtyb29tIFVuYmVsb25naW5n
Last Leg of the Human Table,https://lastfm.freetls.fastly.net/i/u/300x300/1f700a17aafceeb7fcb756250b9d6b1d.jpg,Cloakroom,2025-02-28,"Cloakroom use the term ""stoner emo"" to describe their lurching, guitar-heavy sound that borrows equally from hardcore's brawniness, the dreamy sound-webs of shoegaze, and sad-hearted '90s indie rock groups like Hum and Red House Painters. Since debuting in 2013, Cloakroom have issued two EPs and multiple studio albums, including 2015's Further Out, 2022's Dissolution Wave, and 2025's Last Leg of the Human Table.
Forming in Michigan City, Indiana, in 2012, the band consisted of guitarist/vocalist Doyle Martin, who had formerly fronted pop-punk act the Grown-Ups, as well as drummer Brian Busch and bassist Bobby Markos. The group's debut EP, Infinity, arrived in 2013 and was followed in 2015 by the more developed double album Further Out -- both efforts were released via Run for Cover. Cloakroom inked a deal with Relapse ahead of the arrival of their sophomore full-length effort, 2017's Time Well, which they promoted with a European tour alongside Canadian post-rockers Caspian. In 2019, drummer Busch left the band and was replaced by Tim Remis. 2021 saw the release of the hard-hitting single ""A Force at Play,"" which appeared on the group's third long-player, 2022's space Western-themed Dissolution Wave. In 2025, Cloakroom returned with their fourth full-length album, Last Leg of the Human Table. The set was recorded in part at Steve Albini's Electrical Audio studios in Chicago. ~ Fred Thomas",The Lights Are On,Unknown,https://www.youtube.com/watch?v=oMg_1_HyJDg&pp=ygUdQ2xvYWtyb29tIC0gVGhlIExpZ2h0cyBBcmUgT24%3D
Last Leg of the Human Table,https://lastfm.freetls.fastly.net/i/u/300x300/1f700a17aafceeb7fcb756250b9d6b1d.jpg,Cloakroom,2025-02-28,"Cloakroom use the term ""stoner emo"" to describe their lurching, guitar-heavy sound that borrows equally from hardcore's brawniness, the dreamy sound-webs of shoegaze, and sad-hearted '90s indie rock groups like Hum and Red House Painters. Since debuting in 2013, Cloakroom have issued two EPs and multiple studio albums, including 2015's Further Out, 2022's Dissolution Wave, and 2025's Last Leg of the Human Table.
Forming in Michigan City, Indiana, in 2012, the band consisted of guitarist/vocalist Doyle Martin, who had formerly fronted pop-punk act the Grown-Ups, as well as drummer Brian Busch and bassist Bobby Markos. The group's debut EP, Infinity, arrived in 2013 and was followed in 2015 by the more developed double album Further Out -- both efforts were released via Run for Cover. Cloakroom inked a deal with Relapse ahead of the arrival of their sophomore full-length effort, 2017's Time Well, which they promoted with a European tour alongside Canadian post-rockers Caspian. In 2019, drummer Busch left the band and was replaced by Tim Remis. 2021 saw the release of the hard-hitting single ""A Force at Play,"" which appeared on the group's third long-player, 2022's space Western-themed Dissolution Wave. In 2025, Cloakroom returned with their fourth full-length album, Last Leg of the Human Table. The set was recorded in part at Steve Albini's Electrical Audio studios in Chicago. ~ Fred Thomas",Story of the Egg,Unknown,https://www.youtube.com/watch?v=qXTO-1ui0Ug&pp=ygUcQ2xvYWtyb29tIC0gU3Rvcnkgb2YgdGhlIEVnZw%3D%3D
Last Leg of the Human Table,https://lastfm.freetls.fastly.net/i/u/300x300/1f700a17aafceeb7fcb756250b9d6b1d.jpg,Cloakroom,2025-02-28,"Cloakroom use the term ""stoner emo"" to describe their lurching, guitar-heavy sound that borrows equally from hardcore's brawniness, the dreamy sound-webs of shoegaze, and sad-hearted '90s indie rock groups like Hum and Red House Painters. Since debuting in 2013, Cloakroom have issued two EPs and multiple studio albums, including 2015's Further Out, 2022's Dissolution Wave, and 2025's Last Leg of the Human Table.
Forming in Michigan City, Indiana, in 2012, the band consisted of guitarist/vocalist Doyle Martin, who had formerly fronted pop-punk act the Grown-Ups, as well as drummer Brian Busch and bassist Bobby Markos. The group's debut EP, Infinity, arrived in 2013 and was followed in 2015 by the more developed double album Further Out -- both efforts were released via Run for Cover. Cloakroom inked a deal with Relapse ahead of the arrival of their sophomore full-length effort, 2017's Time Well, which they promoted with a European tour alongside Canadian post-rockers Caspian. In 2019, drummer Busch left the band and was replaced by Tim Remis. 2021 saw the release of the hard-hitting single ""A Force at Play,"" which appeared on the group's third long-player, 2022's space Western-themed Dissolution Wave. In 2025, Cloakroom returned with their fourth full-length album, Last Leg of the Human Table. The set was recorded in part at Steve Albini's Electrical Audio studios in Chicago. ~ Fred Thomas",Cloverlooper,Unknown,https://www.youtube.com/watch?v=uShbKDUbUKw&pp=ygUYQ2xvYWtyb29tIC0gQ2xvdmVybG9vcGVy
Last Leg of the Human Table,https://lastfm.freetls.fastly.net/i/u/300x300/1f700a17aafceeb7fcb756250b9d6b1d.jpg,Cloakroom,2025-02-28,"Cloakroom use the term ""stoner emo"" to describe their lurching, guitar-heavy sound that borrows equally from hardcore's brawniness, the dreamy sound-webs of shoegaze, and sad-hearted '90s indie rock groups like Hum and Red House Painters. Since debuting in 2013, Cloakroom have issued two EPs and multiple studio albums, including 2015's Further Out, 2022's Dissolution Wave, and 2025's Last Leg of the Human Table.
Forming in Michigan City, Indiana, in 2012, the band consisted of guitarist/vocalist Doyle Martin, who had formerly fronted pop-punk act the Grown-Ups, as well as drummer Brian Busch and bassist Bobby Markos. The group's debut EP, Infinity, arrived in 2013 and was followed in 2015 by the more developed double album Further Out -- both efforts were released via Run for Cover. Cloakroom inked a deal with Relapse ahead of the arrival of their sophomore full-length effort, 2017's Time Well, which they promoted with a European tour alongside Canadian post-rockers Caspian. In 2019, drummer Busch left the band and was replaced by Tim Remis. 2021 saw the release of the hard-hitting single ""A Force at Play,"" which appeared on the group's third long-player, 2022's space Western-themed Dissolution Wave. In 2025, Cloakroom returned with their fourth full-length album, Last Leg of the Human Table. The set was recorded in part at Steve Albini's Electrical Audio studios in Chicago. ~ Fred Thomas",Turbine Song,Unknown,https://www.youtube.com/watch?v=5LqaXWCBRUg&pp=ygUYQ2xvYWtyb29tIC0gVHVyYmluZSBTb25n0gcJCYQJAYcqIYzv
Heatwave,https://lastfm.freetls.fastly.net/i/u/300x300/f852242ef84f52698270af52fff0b808.png,Cobra Man,2020-09-09,"Inspired by a request from Los Angeles skateboarding collective the Worble, musician Andy Harry formed electro-punk duo Cobra Man with his friend Sarah Rayne. The group's first task was to write a score for the Worble's video about a human skate ramp. The instrumental ""Manramp"" introduced Cobra Man's thrashy, disco-punk synth and bass approach, which they employed again on the Worble's next video venture, New Driveway. In early 2017, Memphis label Goner Records, signed the duo and released the New Driveway soundtrack as the band's debut album in August of that year. ~ Timothy Monger",Heatwave,Unknown,https://www.youtube.com/watch?v=o5i6fHlvtL0&pp=ygUSQ29icmEgTWFuIEhlYXR3YXZl
New Paradise I,https://lastfm.freetls.fastly.net/i/u/300x300/2407d804078c8456dc8c615f8f33195a.jpg,Cobra Man,2023-05-19,"Inspired by a request from Los Angeles skateboarding collective the Worble, musician Andy Harry formed electro-punk duo Cobra Man with his friend Sarah Rayne. The group's first task was to write a score for the Worble's video about a human skate ramp. The instrumental ""Manramp"" introduced Cobra Man's thrashy, disco-punk synth and bass approach, which they employed again on the Worble's next video venture, New Driveway. In early 2017, Memphis label Goner Records, signed the duo and released the New Driveway soundtrack as the band's debut album in August of that year. ~ Timothy Monger",Destroyer,Unknown,https://www.youtube.com/watch?v=HbkqnUqP15A&pp=ygUTQ29icmEgTWFuIERlc3Ryb3llcg%3D%3D
New Paradise I,https://lastfm.freetls.fastly.net/i/u/300x300/2407d804078c8456dc8c615f8f33195a.jpg,Cobra Man,2023-05-19,"Inspired by a request from Los Angeles skateboarding collective the Worble, musician Andy Harry formed electro-punk duo Cobra Man with his friend Sarah Rayne. The group's first task was to write a score for the Worble's video about a human skate ramp. The instrumental ""Manramp"" introduced Cobra Man's thrashy, disco-punk synth and bass approach, which they employed again on the Worble's next video venture, New Driveway. In early 2017, Memphis label Goner Records, signed the duo and released the New Driveway soundtrack as the band's debut album in August of that year. ~ Timothy Monger",Cadillac,Unknown,https://www.youtube.com/watch?v=yFQbOX_d39s&pp=ygUUQ29icmEgTWFuIC0gQ2FkaWxsYWM%3D
Thin Ice,https://lastfm.freetls.fastly.net/i/u/300x300/5c9291faec59e024ec5cfe561c16ce2e.jpg,Cobra Man,2023-04-19,"Inspired by a request from Los Angeles skateboarding collective the Worble, musician Andy Harry formed electro-punk duo Cobra Man with his friend Sarah Rayne. The group's first task was to write a score for the Worble's video about a human skate ramp. The instrumental ""Manramp"" introduced Cobra Man's thrashy, disco-punk synth and bass approach, which they employed again on the Worble's next video venture, New Driveway. In early 2017, Memphis label Goner Records, signed the duo and released the New Driveway soundtrack as the band's debut album in August of that year. ~ Timothy Monger",Thin Ice,Unknown,https://www.youtube.com/watch?v=vckVfjHrujs&pp=ygUSQ29icmEgTWFuIFRoaW4gSWNl0gcJCX4JAYcqIYzv
Toxic Planet,https://lastfm.freetls.fastly.net/i/u/300x300/2215452a3f93431632f8418959daad36.jpg,Cobra Man,2018-08-27,"Inspired by a request from Los Angeles skateboarding collective the Worble, musician Andy Harry formed electro-punk duo Cobra Man with his friend Sarah Rayne. The group's first task was to write a score for the Worble's video about a human skate ramp. The instrumental ""Manramp"" introduced Cobra Man's thrashy, disco-punk synth and bass approach, which they employed again on the Worble's next video venture, New Driveway. In early 2017, Memphis label Goner Records, signed the duo and released the New Driveway soundtrack as the band's debut album in August of that year. ~ Timothy Monger",Bad Feeling,Unknown,https://www.youtube.com/watch?v=I4rG5nyr5SM&pp=ygUXQ29icmEgTWFuIC0gQmFkIEZlZWxpbmc%3D
Toxic Planet,https://lastfm.freetls.fastly.net/i/u/300x300/2215452a3f93431632f8418959daad36.jpg,Cobra Man,2018-08-27,"Inspired by a request from Los Angeles skateboarding collective the Worble, musician Andy Harry formed electro-punk duo Cobra Man with his friend Sarah Rayne. The group's first task was to write a score for the Worble's video about a human skate ramp. The instrumental ""Manramp"" introduced Cobra Man's thrashy, disco-punk synth and bass approach, which they employed again on the Worble's next video venture, New Driveway. In early 2017, Memphis label Goner Records, signed the duo and released the New Driveway soundtrack as the band's debut album in August of that year. ~ Timothy Monger",Chain Reaction,Unknown,https://www.youtube.com/watch?v=Mg2aInrEzTk&pp=ygUaQ29icmEgTWFuIC0gQ2hhaW4gUmVhY3Rpb24%3D
Toxic Planet,https://lastfm.freetls.fastly.net/i/u/300x300/2215452a3f93431632f8418959daad36.jpg,Cobra Man,2018-08-27,"Inspired by a request from Los Angeles skateboarding collective the Worble, musician Andy Harry formed electro-punk duo Cobra Man with his friend Sarah Rayne. The group's first task was to write a score for the Worble's video about a human skate ramp. The instrumental ""Manramp"" introduced Cobra Man's thrashy, disco-punk synth and bass approach, which they employed again on the Worble's next video venture, New Driveway. In early 2017, Memphis label Goner Records, signed the duo and released the New Driveway soundtrack as the band's debut album in August of that year. ~ Timothy Monger",We Got It Goin On,Unknown,https://www.youtube.com/watch?v=ejHJeSM-srQ&pp=ygUbQ29icmEgTWFuIFdlIEdvdCBJdCBHb2luIE9u
Head Over Heels,https://lastfm.freetls.fastly.net/i/u/300x300/59a88d33543c40939590b76bcf721c83.png,Cocteau Twins,1983-10-24,"A group whose distinctly ethereal and gossamer sound virtually defined the enigmatic image of the record label 4AD, Cocteau Twins were founded in Grangemouth, Scotland, in 1979. Taking their name from an obscure song from fellow Scots Simple Minds, the Cocteaus were originally formed by guitarist Robin Guthrie and bassist Will Heggie and later rounded out by Guthrie's girlfriend Elizabeth Fraser, an utterly unique performer whose swooping, operatic vocals relied less on any recognizable language than on the subjective sounds and textures of verbalized emotions.
In 1982, the trio signed to 4AD, the arty British label then best known as the home of the Birthday Party, whose members helped the Cocteaus win a contract. The group debuted with Garlands, which offered an embryonic taste of their rapidly developing, atmospheric sound, crafted around Guthrie's creative use of distorted guitars, tape loops, and echo boxes and anchored in Heggie's rhythmic bass as well as an omnipresent Roland 808 drum machine. Shortly after the release of the Peppermint Pig EP, Heggie left the group, and Guthrie and Fraser cut 1983's Head Over Heels as a duo; nonetheless, the album largely perfected the Cocteaus' gauzy formula, and established the foundation from which the group would continue to work for the duration of its career.
In late 1983, ex-Drowning Craze bassist Simon Raymonde joined the band to record the EP The Spangle Maker; as time wore on, Raymonde became an increasingly essential component of Cocteau Twins, gradually assuming an active role as a writer, arranger, and producer. With their lineup firmly solidified, they issued The Spangle Maker, followed by the LP Treasure, their most mature and consistent work yet. A burst of creativity followed, as the Twins issued three separate EPs -- Aikea-Guinea, Tiny Dynamine, and Echoes in a Shallow Bay -- in 1985, trailed a year later by the acoustic Victorialand album, the Love's Easy Tears EP, and The Moon and the Melodies, a collaborative effort with minimalist composer Harold Budd.
With 1988's sophisticated Blue Bell Knoll, the trio signed an international contract with Capitol Records, which greatly elevated their commercial visibility. After 1990's Heaven or Las Vegas, the Cocteaus severed their long-standing relationship with 4AD; notably, the album also found Fraser's vocals offering the occasional comprehensible turn of phrase, a trend continued on 1993's Four-Calendar Cafe. In 1995, they explored a pair of differing musical approaches on simultaneously released EPs: while Twinlights offered subtle acoustic sounds, Otherness tackled ambient grooves, remixed by Seefeel's Mark Clifford. On the other hand, 1996's Milk & Kisses LP marked a return to the band's archetypal style. Cocteau Twins quietly disbanded while working on an uncompleted follow-up. Posthumous releases followed, such as 1999's BBC Sessions, 2000's Stars and Topsoil, and 2005's Lullabies to Violaine. ~ Jason Ankeny",In Our Angelhood,Unknown,https://www.youtube.com/watch?v=JVx0li_Hihk&pp=ygUgQ29jdGVhdSBUd2lucyAtIEluIE91ciBBbmdlbGhvb2Q%3D
Milk & Kisses,,Cocteau Twins,1996-03-01,"A group whose distinctly ethereal and gossamer sound virtually defined the enigmatic image of the record label 4AD, Cocteau Twins were founded in Grangemouth, Scotland, in 1979. Taking their name from an obscure song from fellow Scots Simple Minds, the Cocteaus were originally formed by guitarist Robin Guthrie and bassist Will Heggie and later rounded out by Guthrie's girlfriend Elizabeth Fraser, an utterly unique performer whose swooping, operatic vocals relied less on any recognizable language than on the subjective sounds and textures of verbalized emotions.
In 1982, the trio signed to 4AD, the arty British label then best known as the home of the Birthday Party, whose members helped the Cocteaus win a contract. The group debuted with Garlands, which offered an embryonic taste of their rapidly developing, atmospheric sound, crafted around Guthrie's creative use of distorted guitars, tape loops, and echo boxes and anchored in Heggie's rhythmic bass as well as an omnipresent Roland 808 drum machine. Shortly after the release of the Peppermint Pig EP, Heggie left the group, and Guthrie and Fraser cut 1983's Head Over Heels as a duo; nonetheless, the album largely perfected the Cocteaus' gauzy formula, and established the foundation from which the group would continue to work for the duration of its career.
In late 1983, ex-Drowning Craze bassist Simon Raymonde joined the band to record the EP The Spangle Maker; as time wore on, Raymonde became an increasingly essential component of Cocteau Twins, gradually assuming an active role as a writer, arranger, and producer. With their lineup firmly solidified, they issued The Spangle Maker, followed by the LP Treasure, their most mature and consistent work yet. A burst of creativity followed, as the Twins issued three separate EPs -- Aikea-Guinea, Tiny Dynamine, and Echoes in a Shallow Bay -- in 1985, trailed a year later by the acoustic Victorialand album, the Love's Easy Tears EP, and The Moon and the Melodies, a collaborative effort with minimalist composer Harold Budd.
With 1988's sophisticated Blue Bell Knoll, the trio signed an international contract with Capitol Records, which greatly elevated their commercial visibility. After 1990's Heaven or Las Vegas, the Cocteaus severed their long-standing relationship with 4AD; notably, the album also found Fraser's vocals offering the occasional comprehensible turn of phrase, a trend continued on 1993's Four-Calendar Cafe. In 1995, they explored a pair of differing musical approaches on simultaneously released EPs: while Twinlights offered subtle acoustic sounds, Otherness tackled ambient grooves, remixed by Seefeel's Mark Clifford. On the other hand, 1996's Milk & Kisses LP marked a return to the band's archetypal style. Cocteau Twins quietly disbanded while working on an uncompleted follow-up. Posthumous releases followed, such as 1999's BBC Sessions, 2000's Stars and Topsoil, and 2005's Lullabies to Violaine. ~ Jason Ankeny",Calfskin Smack,Unknown,https://www.youtube.com/watch?v=KcMcZ_xjwT4&pp=ygUeQ29jdGVhdSBUd2lucyAtIENhbGZza2luIFNtYWNr0gcJCYQJAYcqIYzv
The Last Waltz for Me,,CoLD SToRAGE,2025-07-29,"Tim Wright exhibited musical aspirations at the tender age of 3, singing self-penned songs into a portable cassette recorder. Through the '70s and early '80s, he underwent formal piano training and wrote songs for a handful of short-lived pop/electro bands. The late '80s saw Wright’s career really gain pace, as he penned memorable and often award-winning compositions for over 50 computer and video games, beginning with freelance work on Commodore Amiga titles. He then went on to work full-time at Psygnosis Ltd. (Now SCEE) on projects such as Lemmings, Wipeout, Wipeout 2097 and Colony Wars. Leaving Psygnosis in ’95, Wright helped form Jester Interactive Ltd. with the intention of bringing music creation and mixing to the masses on Sony’s original PlayStation console. Highly innovative and easy to use, the simply titled Music received many awards and accolades, and spawned five more incarnations before Wright finally departed in search of greener pastures. In 2003, Wright formed his own multimedia company called Tantrumedia Ltd., an outlet for all his creative aspirations: Web site creation, software production, design and print, and, of course, music. Indeed, Wright’s enduring love of songwriting led him to set up a Web site to host much of his musical output under the name CoLD SToRAGE. The year 2005 was busy for Wright. In addition to releasing his long-awaited CoLD SToRAGE double album ""MELT,"" he designed a brand new version of the dance and hip-hop eJay music software for Empire Interactive. He also made a welcome return to Wipeout, this time for the Sony PSP's Wipeout Pure. In 2006, hip-hop and techno eJay products were developed. Work began on the new album, ""ANDROID CHILD,"" and a video for ""ASIMOV"" from the ""MELT"" album is complete and available from many sites (youtube.com, myspace.com and coldstorage.org.uk). 2007 proves to be an ""eJay explosion!"" with a revamp for the product range and VMS and R&B launched. 2008 Finally the album ""Android Child"" is launched in March, followed a few months later by the eagerly anticipated ""CoLD SToRAGE HD"" - an unofficial 6 track album for the game ""Wipeout HD"". 2009 A new album is released to rave review ""Project Moonbounce 2009"" and music tracks are being penned for the Sony PS3/PSP game ""Gravity Crash"". Free tracks can be downloaded from his official website, http://www.coldstorage.org.uk. Read more on Last.fm. User-contributed text is available under the Creative Commons By-SA License; additional terms may apply.",The Last Waltz for Me,Unknown,https://www.youtube.com/watch?v=rraLLWXoZ94&list=RDrraLLWXoZ94&start_radio=1&pp=ygUkQ29MRCBTVG9SQUdFIC0gVGhlIExhc3QgV2FsdHogZm9yIE1loAcB
"Hints, Allegations & Things Left Unsaid",,Collective Soul,1994-03-29,"When Seattle grunge went mainstream, it was only a matter of time before the ripple effect spread to regions other than the Pacific Northwest. The Georgia-based quintet Collective Soul developed the genre into a succinct type of angst, turning the sonic cacophony of grunge into radio-friendly hard rock. After rising to popularity with their debut album, 1994's Hints, Allegations & Things Left Unsaid, the band enjoyed a number of hit singles during the '90s, including ""Shine,"" ""The World I Know,"" and ""December."" As the nu-metal scene increased in popularity and threatened Collective Soul's audience, the group began experimenting with their sound, but returned to their rockier roots with 2004's Youth. From that point forward, Collective Soul worked steadily, balancing touring with new albums and eventually setting up their own indie imprint called Fuzze-Flex, where they released such vigorous albums as 2022's Vibrating and 2024's Here to Eternity.
Collective Soul (whose name borrowed from a line in Ayn Rand's book The Fountainhead) were formed in the small town of Stockbridge in the early '90s by principal songwriter Ed Roland (lead vocals/keyboards/guitars), guitarists Dean Roland and Ross Childress, and rhythm section Will Turpin (bass/percussion) and Shane Evans (drums/percussion). Originally released in 1993 on the Atlanta indie label Rising Storm, the debut effort Hints, Allegations & Things Left Unsaid proved popular enough on the local level that it was picked up the following year by Atlantic. Within months of its major-label release, ""Shine"" became a modern rock and MTV staple, and Collective Soul found themselves laden with a platinum debut, an arena tour alongside Aerosmith, and a spot on the roster for Woodstock 1994.
The bandmates released an eponymous sophomore effort the following year, which spawned five Top Ten hits on the Hot Mainstream Rock chart. Two such singles, ""December"" and the symphonic ""World I Know,"" also charted in the Hot 100 Top 40, demonstrating the band's crossover appeal and gathering multi-platinum sales for the album. Although Collective Soul's fan base began to wane upon the release of 1997's Disciplined Breakdown, the 1999 effort Dosage was a return to form, yielding the hit singles ""Run"" (another crossover hit) and ""Heavy."" Despite the band's best efforts, however, the post-grunge style had begun to suffer under the weight of the emerging nu-metal scene, and the band's heyday drew to a slow close.
Collective Soul returned in 2000 with Blender, an image-seeking misfire that saw the group attempting a clean-cut (no facial hair) image while mixing heavily produced AOR with elements of dance-pop, even performing a duet with Elton John. The album nevertheless went gold, and the following year, Collective Soul concluded their contractual obligation to Atlantic with the release of 7even Year Itch: Collective Soul's Greatest Hits 1994-2001. The musicians then returned to their roots in 2004, bringing in new guitar player Joel Kosche and releasing the stripped-down and dynamic album Youth on their own El Music Group imprint. An eight-song EP, From the Ground Up, arrived the following year. In early 2007, it was announced that the band had teamed up with Target, which became the ""exclusive physical retailer"" of the band's next album, Afterwords. One year after its release, the album was reissued at other retail outlets. Collective Soul's eponymous eighth album was issued in 2009 on Roadrunner.
The band toured regularly into the next decade while working on numerous side projects. Kosche and Turpin released solo albums, and Ed Roland & the Sweet Tea Project released a debut LP, among other member ventures. Meanwhile, Johnny Rabb took over on drums, and guitarist Jesse Triplett replaced Kosche before Collective Soul returned with the LP See What You Started by Continuing in October 2015 on Vanguard. This lineup of Collective Soul continued on the 2019 album Blood, which was released the year the band celebrated their 25th anniversary. Hot off their tour supporting Blood, the band issued the 2020 EP Half & Half, which paired new originals with covers of R.E.M. and Neil Young songs. The group's next LP, 2022's Vibrating, accentuated their heavier rock elements without abandoning the hooks that are one of their hallmarks. Two years later, Collective Soul realized a long-held ambition to release a double album. Clocking in at 20 songs, 2024's Here to Eternity offered the breadth of the band's sonic range. It was recorded at Elvis Presley's Palm Springs estate. ~ James Christopher Monger",Shine,Unknown,https://www.youtube.com/watch?v=_m0bI82Rz_k&pp=ygUVQ29sbGVjdGl2ZSBTb3VsIFNoaW5l
"Hints, Allegations & Things Left Unsaid",,Collective Soul,1994-03-29,"When Seattle grunge went mainstream, it was only a matter of time before the ripple effect spread to regions other than the Pacific Northwest. The Georgia-based quintet Collective Soul developed the genre into a succinct type of angst, turning the sonic cacophony of grunge into radio-friendly hard rock. After rising to popularity with their debut album, 1994's Hints, Allegations & Things Left Unsaid, the band enjoyed a number of hit singles during the '90s, including ""Shine,"" ""The World I Know,"" and ""December."" As the nu-metal scene increased in popularity and threatened Collective Soul's audience, the group began experimenting with their sound, but returned to their rockier roots with 2004's Youth. From that point forward, Collective Soul worked steadily, balancing touring with new albums and eventually setting up their own indie imprint called Fuzze-Flex, where they released such vigorous albums as 2022's Vibrating and 2024's Here to Eternity.
Collective Soul (whose name borrowed from a line in Ayn Rand's book The Fountainhead) were formed in the small town of Stockbridge in the early '90s by principal songwriter Ed Roland (lead vocals/keyboards/guitars), guitarists Dean Roland and Ross Childress, and rhythm section Will Turpin (bass/percussion) and Shane Evans (drums/percussion). Originally released in 1993 on the Atlanta indie label Rising Storm, the debut effort Hints, Allegations & Things Left Unsaid proved popular enough on the local level that it was picked up the following year by Atlantic. Within months of its major-label release, ""Shine"" became a modern rock and MTV staple, and Collective Soul found themselves laden with a platinum debut, an arena tour alongside Aerosmith, and a spot on the roster for Woodstock 1994.
The bandmates released an eponymous sophomore effort the following year, which spawned five Top Ten hits on the Hot Mainstream Rock chart. Two such singles, ""December"" and the symphonic ""World I Know,"" also charted in the Hot 100 Top 40, demonstrating the band's crossover appeal and gathering multi-platinum sales for the album. Although Collective Soul's fan base began to wane upon the release of 1997's Disciplined Breakdown, the 1999 effort Dosage was a return to form, yielding the hit singles ""Run"" (another crossover hit) and ""Heavy."" Despite the band's best efforts, however, the post-grunge style had begun to suffer under the weight of the emerging nu-metal scene, and the band's heyday drew to a slow close.
Collective Soul returned in 2000 with Blender, an image-seeking misfire that saw the group attempting a clean-cut (no facial hair) image while mixing heavily produced AOR with elements of dance-pop, even performing a duet with Elton John. The album nevertheless went gold, and the following year, Collective Soul concluded their contractual obligation to Atlantic with the release of 7even Year Itch: Collective Soul's Greatest Hits 1994-2001. The musicians then returned to their roots in 2004, bringing in new guitar player Joel Kosche and releasing the stripped-down and dynamic album Youth on their own El Music Group imprint. An eight-song EP, From the Ground Up, arrived the following year. In early 2007, it was announced that the band had teamed up with Target, which became the ""exclusive physical retailer"" of the band's next album, Afterwords. One year after its release, the album was reissued at other retail outlets. Collective Soul's eponymous eighth album was issued in 2009 on Roadrunner.
The band toured regularly into the next decade while working on numerous side projects. Kosche and Turpin released solo albums, and Ed Roland & the Sweet Tea Project released a debut LP, among other member ventures. Meanwhile, Johnny Rabb took over on drums, and guitarist Jesse Triplett replaced Kosche before Collective Soul returned with the LP See What You Started by Continuing in October 2015 on Vanguard. This lineup of Collective Soul continued on the 2019 album Blood, which was released the year the band celebrated their 25th anniversary. Hot off their tour supporting Blood, the band issued the 2020 EP Half & Half, which paired new originals with covers of R.E.M. and Neil Young songs. The group's next LP, 2022's Vibrating, accentuated their heavier rock elements without abandoning the hooks that are one of their hallmarks. Two years later, Collective Soul realized a long-held ambition to release a double album. Clocking in at 20 songs, 2024's Here to Eternity offered the breadth of the band's sonic range. It was recorded at Elvis Presley's Palm Springs estate. ~ James Christopher Monger",The World I Know,Unknown,https://www.youtube.com/watch?v=n7TLTjqUyog&pp=ygUgQ29sbGVjdGl2ZSBTb3VsIFRoZSBXb3JsZCBJIEtub3c%3D
In Decay,https://lastfm.freetls.fastly.net/i/u/300x300/e6ba6cf33c4ec075d76b489c6efa3945.png,Com Truise,2012-07-16,"New York-born, Los Angeles-based producer Seth Haley produces ""slow-motion funk"" -- warped, bass-heavy tracks that are sludgy but leavened with bright synthesizer melodies -- under the name Com Truise. Using an arsenal of analog and digital synths, his music blends new wave and cinematic influences with sophisticated downtempo beat patterns. Touring and releasing music frequently, he's found favor among fans of synthwave, chillwave, and indie electronic. Beginning with 2010's Cyanide Sisters, his increasingly wide-screen releases followed the saga of a ""synthetic astronaut"" named Com Truise. While the saga ended with 2017's Iteration, Haley continued using the moniker, returning with Persuasion System in 2019. Aside from his main releases, he's also drawn from his extensive archive of early productions for 2012's In Decay and 2020's In Decay, Too. 2023's Brokendate revisited an enduring favorite from his catalog, including a version featuring Doja Cat.
Com Truise's first release was the 2010 EP Cyanide Sisters, issued digitally through AMDISCS. Ghostly International gave it a proper release in January 2011 and added four tracks. Two months later, Ghostly issued Haley's Fairlight, a three-track digital release, which acted as a teaser for the full-length Galactic Melt. When the album came out in June 2011, Haley had remixed several artists, including Neon Indian (""Sleep Paralysist""), Twin Shadow (""Castles in the Snow""), and Daft Punk (""Encom, Pt. 2""). The download-only In Decay, a compilation of previously unreleased material, was released by Ghostly in July 2012. A month later, he was part of Adult Swim's Singles Program with the download-only track ""Chemical Legs."" After a handful of remixes, including work for Sally Shapiro (""What Can I Do"") and Bloodgroup (""Mysteries Undone""), Wave 1, another colorful EP, was released on Ghostly in February 2014. In Decay was given a vinyl issue later in the year.
Com Truise returned in 2016 with an EP, Silicon Tare, and the following year he issued his second official album, Iteration. More refined than his previous works, the release was touted as the final chapter in the Com Truise saga. He remained active, however, and after switching up his workstation a bit, he resumed activity with Persuasion System in 2019. In Decay, Too, a set of early, non-album cuts from Haley's vaults, was released in 2020. Galactic Melt was reissued in 2022. One of its tracks, ""Brokendate,"" had been sampled by Doja Cat for a song called ""4 Morant (Better Luck Next Time),"" which became a viral hit on TikTok. Years after it first surfaced online, the song was given an official release on Com Truise's 2023 EP Brokendate, which also included the original track and other alternate versions. ~ Andy Kellman & Paul Simpson",Open,Unknown,https://www.youtube.com/watch?v=t-hkTPdftT0&pp=ygUPQ29tIFRydWlzZSBPcGVu
In Decay,https://lastfm.freetls.fastly.net/i/u/300x300/e6ba6cf33c4ec075d76b489c6efa3945.png,Com Truise,2012-07-16,"New York-born, Los Angeles-based producer Seth Haley produces ""slow-motion funk"" -- warped, bass-heavy tracks that are sludgy but leavened with bright synthesizer melodies -- under the name Com Truise. Using an arsenal of analog and digital synths, his music blends new wave and cinematic influences with sophisticated downtempo beat patterns. Touring and releasing music frequently, he's found favor among fans of synthwave, chillwave, and indie electronic. Beginning with 2010's Cyanide Sisters, his increasingly wide-screen releases followed the saga of a ""synthetic astronaut"" named Com Truise. While the saga ended with 2017's Iteration, Haley continued using the moniker, returning with Persuasion System in 2019. Aside from his main releases, he's also drawn from his extensive archive of early productions for 2012's In Decay and 2020's In Decay, Too. 2023's Brokendate revisited an enduring favorite from his catalog, including a version featuring Doja Cat.
Com Truise's first release was the 2010 EP Cyanide Sisters, issued digitally through AMDISCS. Ghostly International gave it a proper release in January 2011 and added four tracks. Two months later, Ghostly issued Haley's Fairlight, a three-track digital release, which acted as a teaser for the full-length Galactic Melt. When the album came out in June 2011, Haley had remixed several artists, including Neon Indian (""Sleep Paralysist""), Twin Shadow (""Castles in the Snow""), and Daft Punk (""Encom, Pt. 2""). The download-only In Decay, a compilation of previously unreleased material, was released by Ghostly in July 2012. A month later, he was part of Adult Swim's Singles Program with the download-only track ""Chemical Legs."" After a handful of remixes, including work for Sally Shapiro (""What Can I Do"") and Bloodgroup (""Mysteries Undone""), Wave 1, another colorful EP, was released on Ghostly in February 2014. In Decay was given a vinyl issue later in the year.
Com Truise returned in 2016 with an EP, Silicon Tare, and the following year he issued his second official album, Iteration. More refined than his previous works, the release was touted as the final chapter in the Com Truise saga. He remained active, however, and after switching up his workstation a bit, he resumed activity with Persuasion System in 2019. In Decay, Too, a set of early, non-album cuts from Haley's vaults, was released in 2020. Galactic Melt was reissued in 2022. One of its tracks, ""Brokendate,"" had been sampled by Doja Cat for a song called ""4 Morant (Better Luck Next Time),"" which became a viral hit on TikTok. Years after it first surfaced online, the song was given an official release on Com Truise's 2023 EP Brokendate, which also included the original track and other alternate versions. ~ Andy Kellman & Paul Simpson",Dreambender,Unknown,https://www.youtube.com/watch?v=ptl_ft2Wj3I&pp=ygUWQ29tIFRydWlzZSBEcmVhbWJlbmRlcg%3D%3D
In Decay,https://lastfm.freetls.fastly.net/i/u/300x300/e6ba6cf33c4ec075d76b489c6efa3945.png,Com Truise,2012-07-16,"New York-born, Los Angeles-based producer Seth Haley produces ""slow-motion funk"" -- warped, bass-heavy tracks that are sludgy but leavened with bright synthesizer melodies -- under the name Com Truise. Using an arsenal of analog and digital synths, his music blends new wave and cinematic influences with sophisticated downtempo beat patterns. Touring and releasing music frequently, he's found favor among fans of synthwave, chillwave, and indie electronic. Beginning with 2010's Cyanide Sisters, his increasingly wide-screen releases followed the saga of a ""synthetic astronaut"" named Com Truise. While the saga ended with 2017's Iteration, Haley continued using the moniker, returning with Persuasion System in 2019. Aside from his main releases, he's also drawn from his extensive archive of early productions for 2012's In Decay and 2020's In Decay, Too. 2023's Brokendate revisited an enduring favorite from his catalog, including a version featuring Doja Cat.
Com Truise's first release was the 2010 EP Cyanide Sisters, issued digitally through AMDISCS. Ghostly International gave it a proper release in January 2011 and added four tracks. Two months later, Ghostly issued Haley's Fairlight, a three-track digital release, which acted as a teaser for the full-length Galactic Melt. When the album came out in June 2011, Haley had remixed several artists, including Neon Indian (""Sleep Paralysist""), Twin Shadow (""Castles in the Snow""), and Daft Punk (""Encom, Pt. 2""). The download-only In Decay, a compilation of previously unreleased material, was released by Ghostly in July 2012. A month later, he was part of Adult Swim's Singles Program with the download-only track ""Chemical Legs."" After a handful of remixes, including work for Sally Shapiro (""What Can I Do"") and Bloodgroup (""Mysteries Undone""), Wave 1, another colorful EP, was released on Ghostly in February 2014. In Decay was given a vinyl issue later in the year.
Com Truise returned in 2016 with an EP, Silicon Tare, and the following year he issued his second official album, Iteration. More refined than his previous works, the release was touted as the final chapter in the Com Truise saga. He remained active, however, and after switching up his workstation a bit, he resumed activity with Persuasion System in 2019. In Decay, Too, a set of early, non-album cuts from Haley's vaults, was released in 2020. Galactic Melt was reissued in 2022. One of its tracks, ""Brokendate,"" had been sampled by Doja Cat for a song called ""4 Morant (Better Luck Next Time),"" which became a viral hit on TikTok. Years after it first surfaced online, the song was given an official release on Com Truise's 2023 EP Brokendate, which also included the original track and other alternate versions. ~ Andy Kellman & Paul Simpson",Smily Cyclops,Unknown,https://www.youtube.com/watch?v=NxtFM2CNO_E&pp=ygUYQ29tIFRydWlzZSBTbWlseSBDeWNsb3Bz
In Decay,https://lastfm.freetls.fastly.net/i/u/300x300/e6ba6cf33c4ec075d76b489c6efa3945.png,Com Truise,2012-07-16,"New York-born, Los Angeles-based producer Seth Haley produces ""slow-motion funk"" -- warped, bass-heavy tracks that are sludgy but leavened with bright synthesizer melodies -- under the name Com Truise. Using an arsenal of analog and digital synths, his music blends new wave and cinematic influences with sophisticated downtempo beat patterns. Touring and releasing music frequently, he's found favor among fans of synthwave, chillwave, and indie electronic. Beginning with 2010's Cyanide Sisters, his increasingly wide-screen releases followed the saga of a ""synthetic astronaut"" named Com Truise. While the saga ended with 2017's Iteration, Haley continued using the moniker, returning with Persuasion System in 2019. Aside from his main releases, he's also drawn from his extensive archive of early productions for 2012's In Decay and 2020's In Decay, Too. 2023's Brokendate revisited an enduring favorite from his catalog, including a version featuring Doja Cat.
Com Truise's first release was the 2010 EP Cyanide Sisters, issued digitally through AMDISCS. Ghostly International gave it a proper release in January 2011 and added four tracks. Two months later, Ghostly issued Haley's Fairlight, a three-track digital release, which acted as a teaser for the full-length Galactic Melt. When the album came out in June 2011, Haley had remixed several artists, including Neon Indian (""Sleep Paralysist""), Twin Shadow (""Castles in the Snow""), and Daft Punk (""Encom, Pt. 2""). The download-only In Decay, a compilation of previously unreleased material, was released by Ghostly in July 2012. A month later, he was part of Adult Swim's Singles Program with the download-only track ""Chemical Legs."" After a handful of remixes, including work for Sally Shapiro (""What Can I Do"") and Bloodgroup (""Mysteries Undone""), Wave 1, another colorful EP, was released on Ghostly in February 2014. In Decay was given a vinyl issue later in the year.
Com Truise returned in 2016 with an EP, Silicon Tare, and the following year he issued his second official album, Iteration. More refined than his previous works, the release was touted as the final chapter in the Com Truise saga. He remained active, however, and after switching up his workstation a bit, he resumed activity with Persuasion System in 2019. In Decay, Too, a set of early, non-album cuts from Haley's vaults, was released in 2020. Galactic Melt was reissued in 2022. One of its tracks, ""Brokendate,"" had been sampled by Doja Cat for a song called ""4 Morant (Better Luck Next Time),"" which became a viral hit on TikTok. Years after it first surfaced online, the song was given an official release on Com Truise's 2023 EP Brokendate, which also included the original track and other alternate versions. ~ Andy Kellman & Paul Simpson",Data Kiss,Unknown,https://www.youtube.com/watch?v=lEpJPrXiiYA&pp=ygUUQ29tIFRydWlzZSBEYXRhIEtpc3PSBwkJfgkBhyohjO8%3D
Never Surrender,https://lastfm.freetls.fastly.net/i/u/300x300/93fefee27273449d8182470379156e76.jpg,Combichrist,2010-08-06,"One of the most popular acts in the electro-industrial-related ""aggrotech"" movement, Combichrist is an American metal band formed by Norwegian Icon of Coil founder Andy LaPlegua, who is the main force in the studio, assisted by a revolving cast of bandmates on-stage. Falling somewhere between KMFDM and Ministry, the project began with the 2003 debut LP The Joy of Gunz, a caustic blend of head-splitting noise and pulsing dance beats. Their aggressive, violent style would define subsequent releases, with their overall sound getting progressively heavier and darker on albums such as 2007's What the Fk Is Wrong with You People? and 2010's Making Monsters. After the release of 2019's One Fire, the project worked through lineup and management changes, as well as the global pandemic, returning in 2024 with tenth album CMBCRST.
Getting his start with numerous bands in his home nation of Norway (including Icon of Coil), LaPlegua launched this Atlanta-based project in 2003 with the album The Joy of Gunz, released by the German label Out of Line. Two years later, Everybody Hates You became Combichrist's first release on the American label Metropolis. The ""Get Your Body Beat"" single was purposefully released on July 6, 2006 (6/6/6) and gave the band their first Billboard chart position with six weeks on the magazine's dance chart. The track landed on their 2007 album, What the Fk Is Wrong with You People?, a breakthrough effort which also featured the club hits ""Electrohead"" and ""Deathbed."" The year 2008 saw their audience increase thanks to a support slot on Mindless Self Indulgence's tour of the U.S., along with their Frost EP: Sent to Destroy. An appearance on the Underworld: Rise of the Lycans soundtrack, plus a new album, Today We Are All Demons, kicked off 2009. That year, they toured with Wes Borland's Black Light Burns and joined Rammstein for a European jaunt, which led to an opening slot on the German industrial metal band's U.S. tour, including a series of sold-out Madison Square Garden shows. In 2010, they also released the throbbing Making Monsters, which included songs composed by LaPlegua that went on to be featured on No Redemption, the soundtrack to the video game Devil May Cry.
Combichrist's seventh LP, We Love You, was released in 2014. It featured added electronic flourishes reminiscent of dubstep while retaining the hard crunch of their previous releases. Two years later, after announcing their eighth album, LaPlegua performed a solo gig at Complex in Glendale, California. The set list comprised rarities and remixes. Later that year, This Is Where Death Begins arrived. Produced by Oumi Kapila (Filter) and LaPlegua, the effort was followed by an extensive tour. In 2017, Combichrist released the single ""Broken: United."" That track reappeared on the band's ninth album, One Fire, which was released two years later. A retrospective of sorts, it saw LaPlegua drawing on ideas from across the breadth of the group's 15-plus-year career. Not much was heard from the project in the coming years. Their first new music released following the COVID-19 pandemic was the 2022 single ""Heads Off,"" which eventually landed on their tenth full-length, 2024's CMBCRST. ~ David Jeffries & Neil Z. Yeung",Never Surrender (album version),Unknown,https://www.youtube.com/watch?v=jbVmzgDb3QI&pp=ygUpQ29tYmljaHJpc3QgTmV2ZXIgU3VycmVuZGVyIGFsYnVtIHZlcnNpb24%3D
Tabula Rasa Elettrificata,https://lastfm.freetls.fastly.net/i/u/300x300/2e304a39a6c6421d8c27c565915bcd89.jpg,Consorzio Suonatori Indipendenti,1997-01-01,"This is an incorrect tag for C.S.I.. If this non-artist appears in your charts, do last.fm and yourself a favor. Fix your artist tags. Read more on Last.fm. User-contributed text is available under the Creative Commons By-SA License; additional terms may apply.",Unita' Di Produzione,Unknown,https://www.youtube.com/watch?v=1-GOa6cqCb0&pp=ygU0Q29uc29yemlvIFN1b25hdG9yaSBJbmRpcGVuZGVudGkgVW5pdGEgRGkgUHJvZHV6aW9uZQ%3D%3D
Tabula Rasa Elettrificata,https://lastfm.freetls.fastly.net/i/u/300x300/2e304a39a6c6421d8c27c565915bcd89.jpg,Consorzio Suonatori Indipendenti,1997-01-01,"This is an incorrect tag for C.S.I.. If this non-artist appears in your charts, do last.fm and yourself a favor. Fix your artist tags. Read more on Last.fm. User-contributed text is available under the Creative Commons By-SA License; additional terms may apply.",Forma E Sostanza,Unknown,https://www.youtube.com/watch?v=RQ7LEnxv2Bw&pp=ygUxQ29uc29yemlvIFN1b25hdG9yaSBJbmRpcGVuZGVudGkgRm9ybWEgRSBTb3N0YW56YQ%3D%3D
My Soul,https://lastfm.freetls.fastly.net/i/u/300x300/f281a0836147169e042155470ce597d3.jpg,Coolio,1997-08-26,"Coolio was one of the first rappers to balance pop accessibility with gritty, street-level subject matter and language. Despite his nods to hardcore, his music was clearly more happy-go-lucky at heart; he shared the West Coast scene's love of laid-back '70s funk, and that attitude translated to his music far more often than Dr. Dre's Death Row/G-funk axis. Save for the somber Grammy-winning chart-topper ""Gangsta's Paradise,"" most of Coolio's hits were exuberant, good-time party anthems, and he created an ingratiating, fun-loving persona in the videos that supported them. He was also popular with younger audiences and became a favorite on Nickelodeon comedy shows. In the process, Coolio took the sound of West Coast hip-hop to wider audiences than ever before, including those put off by -- or too young for -- the rougher aspects of G-funk. Coolio helped lay the groundwork for an explosion of hardcore-themed pop-rap (most notably Puff Daddy's Bad Boy empire), and played an underappreciated role in making hip-hop the mainstream pop music of choice for a new generation. Known most for his first two full-lengths, the Top Ten hits It Takes a Thief (1994) and Gangsta's Paradise (1995), Coolio bowed out with From the Bottom 2 the Top (2009), though he continued to contribute guest verses to tracks through the late 2010s, a few years before his death in 2022.
Coolio was born Artis Leon Ivey, Jr. on August 1, 1963, in the South Central L.A. area of Compton. As a young boy, he was small, asthmatic, highly intelligent, and a bookworm, which often made life outside the home difficult. His parents divorced when he was 11, and searching for a way to fit in at school, he started running with the Baby Crips and getting into trouble. Even so, he still wasn't really accepted and was never formally inducted into the gang; he tried to make up for it by creating a menacing, unstable persona and carrying weapons to school, and his once-promising scholastic career wound up falling victim to his violent, poverty-stricken environment. At 17, he spent several months in jail for larceny (apparently after trying to cash a money order that had actually been stolen by one of his friends). After high school, he studied at Compton Community College; he also began taking his high school interest in rap to the stage and took his performing name from a dozen contests in which someone called him ""Coolio Iglesias."" He became a regular on Los Angeles rap radio station KDAY and cut one of the earlier SoCal rap singles, ""Watcha Gonna Do."" He also fell prey to crack cocaine addiction, which derailed his music career. Coolio entered rehab and straightened himself out by taking a job as a firefighter in the forests of northern California. Upon returning to L.A. a year later, he worked various odd jobs -- including security at Los Angeles International Airport -- while getting his rap career back on track.
Coolio cut another single, ""You're Gonna Miss Me,"" that went nowhere. However, he began making connections in the L.A. hip-hop scene, meeting up with WC and the Maad Circle and guesting on their 1991 debut album, Ain't a Damn Thang Changed. He then joined a collective dubbed the 40 Thevz and wound up landing a deal with Tommy Boy. Accompanied by DJ Brian ""Wino"" Dobbs, Coolio recorded his debut album, It Takes a Thief, which was released in 1994. The lead single, ""County Line,"" was a humorous recounting of the indignities of welfare, but the record really took off when ""Fantastic Voyage,"" a rap remake of the funk classic by Lakeside, was released as a single. Accompanied by a typically playful video, ""Fantastic Voyage"" rocketed to number three on the pop chart, pushing It Takes a Thief into the Top Ten and past the platinum sales mark. Many critics and listeners welcomed his friendlier, gentler approach to the gangsta-dominated West Coast sound, in spite of the fact that some of his album cuts tackled hardcore themes in a similarly profane manner.
Following up his breakthrough success, Coolio teamed up with gospel-trained singer L.V. on a tune based on Stevie Wonder's Songs in the Key of Life cut ""Pastime Paradise."" ""Gangsta's Paradise"" was a social statement about ghetto life, and the music was dark, haunting, and spellbindingly atmospheric. In other words, it was nothing like what the public had come to expect from Coolio, and a less than enthusiastic Tommy Boy discouraged him from putting it on an album, instead placing it on the soundtrack to the film Dangerous Minds, which starred Michelle Pfeiffer as a tough inner-city teacher. Released as a single, ""Gangsta's Paradise"" was a staggeringly huge hit. It became Coolio's first number one pop single and was equally successful in the U.K. Its chart longevity in the U.S. was such that, even with the Mariah Carey/Boyz II Men duet ""One Sweet Day"" setting a new record for most weeks at number one that year, ""Gangsta's Paradise"" still managed to beat it out as the number one single of 1995. It was such a phenomenon that when Weird Al Yankovic recorded the parody ""Amish Paradise"" (authorized by Tommy Boy but not Coolio, leading to much discord), the accompanying album Bad Hair Day became his biggest-selling record ever. Naturally, ""Gangsta's Paradise"" was featured on Coolio's next album, released toward the end of 1995, and naturally, it was the title track. It later won a Grammy for Best Solo Rap Performance.
The triple-platinum Gangsta's Paradise album kept the hits coming: the bright party anthem ""1, 2, 3, 4 (Sumpin' New)"" hit the Top Ten in 1996, and the safe-sex anthem ""Too Hot"" was fairly popular as well. Meanwhile, Coolio toured the world, contributed the theme song to the Nickelodeon comedy series Kenan and Kel, and began pursuing an acting career, making his screen debut with a cameo in the 1996 comedy Phat Beach. He would also land a small role in the following year's Batman & Robin. Coolio's third album, My Soul, could well have been expected to be a major event, given his massive success last time out. However, things had changed drastically by the summer of 1997: the specter of the 2Pac/Biggie murders still hung heavily over the hip-hop landscape, and Puff Daddy was rapidly becoming a breakout star with the young audience that had previously belonged to Coolio. My Soul's lead single, the elegiac ""C U When U Get There"" (which sampled Pachelbel's ""Canon in D""), fit the mood of the times and reached number 12. The album debuted at number 39 and was eventually certified gold.
Coolio appeared regularly on the revived Hollywood Squares and set up his own label, Crowbar, which in 1999 issued Coolio's Crowbar Records Presents, a showcase for the short-lived label's numerous signees. Also in '99, Coolio played triplets in the film Tyrone. He continued to take a number of small film roles, but his much-delayed fourth album remained only a rumor until 2001, when Japan's Victor label issued Coolio.com. Some of the material from that album reappeared on El Cool Magnifico, issued in the States on Dragon Riders in 2002. Among the guest artists were Daz Dillinger, B Real, and Krayzie Bone, while Kenny Rogers was featured on ""The Hustler."" Coolio recorded for a series of independents through the rest of the decade, issuing The Return of the Gangsta, Steal Hear, and From the Bottom 2 the Top. The last of these projects arrived between the first episodes of the reality television program Coolio's Rules and the web series Cookin' with Coolio (the latter of which coincided with a book of the same title). Small roles on film and television, and assorted guest verses, followed into the early 2020s. On September 28, 2022, Coolio was discovered unconscious at a friend's house in Los Angeles, and was pronounced dead at the scene. He was 59 years of age. ~ Steve Huey",C U When U Get There,Unknown,https://www.youtube.com/watch?v=VzDN7mCDoC0&pp=ygUbQ29vbGlvIEMgVSBXaGVuIFUgR2V0IFRoZXJl
Dangerous Minds,https://lastfm.freetls.fastly.net/i/u/300x300/f8ce33d722eb4d5682078c2a606a4546.jpg,Coolio,1995-08-01,"Coolio was one of the first rappers to balance pop accessibility with gritty, street-level subject matter and language. Despite his nods to hardcore, his music was clearly more happy-go-lucky at heart; he shared the West Coast scene's love of laid-back '70s funk, and that attitude translated to his music far more often than Dr. Dre's Death Row/G-funk axis. Save for the somber Grammy-winning chart-topper ""Gangsta's Paradise,"" most of Coolio's hits were exuberant, good-time party anthems, and he created an ingratiating, fun-loving persona in the videos that supported them. He was also popular with younger audiences and became a favorite on Nickelodeon comedy shows. In the process, Coolio took the sound of West Coast hip-hop to wider audiences than ever before, including those put off by -- or too young for -- the rougher aspects of G-funk. Coolio helped lay the groundwork for an explosion of hardcore-themed pop-rap (most notably Puff Daddy's Bad Boy empire), and played an underappreciated role in making hip-hop the mainstream pop music of choice for a new generation. Known most for his first two full-lengths, the Top Ten hits It Takes a Thief (1994) and Gangsta's Paradise (1995), Coolio bowed out with From the Bottom 2 the Top (2009), though he continued to contribute guest verses to tracks through the late 2010s, a few years before his death in 2022.
Coolio was born Artis Leon Ivey, Jr. on August 1, 1963, in the South Central L.A. area of Compton. As a young boy, he was small, asthmatic, highly intelligent, and a bookworm, which often made life outside the home difficult. His parents divorced when he was 11, and searching for a way to fit in at school, he started running with the Baby Crips and getting into trouble. Even so, he still wasn't really accepted and was never formally inducted into the gang; he tried to make up for it by creating a menacing, unstable persona and carrying weapons to school, and his once-promising scholastic career wound up falling victim to his violent, poverty-stricken environment. At 17, he spent several months in jail for larceny (apparently after trying to cash a money order that had actually been stolen by one of his friends). After high school, he studied at Compton Community College; he also began taking his high school interest in rap to the stage and took his performing name from a dozen contests in which someone called him ""Coolio Iglesias."" He became a regular on Los Angeles rap radio station KDAY and cut one of the earlier SoCal rap singles, ""Watcha Gonna Do."" He also fell prey to crack cocaine addiction, which derailed his music career. Coolio entered rehab and straightened himself out by taking a job as a firefighter in the forests of northern California. Upon returning to L.A. a year later, he worked various odd jobs -- including security at Los Angeles International Airport -- while getting his rap career back on track.
Coolio cut another single, ""You're Gonna Miss Me,"" that went nowhere. However, he began making connections in the L.A. hip-hop scene, meeting up with WC and the Maad Circle and guesting on their 1991 debut album, Ain't a Damn Thang Changed. He then joined a collective dubbed the 40 Thevz and wound up landing a deal with Tommy Boy. Accompanied by DJ Brian ""Wino"" Dobbs, Coolio recorded his debut album, It Takes a Thief, which was released in 1994. The lead single, ""County Line,"" was a humorous recounting of the indignities of welfare, but the record really took off when ""Fantastic Voyage,"" a rap remake of the funk classic by Lakeside, was released as a single. Accompanied by a typically playful video, ""Fantastic Voyage"" rocketed to number three on the pop chart, pushing It Takes a Thief into the Top Ten and past the platinum sales mark. Many critics and listeners welcomed his friendlier, gentler approach to the gangsta-dominated West Coast sound, in spite of the fact that some of his album cuts tackled hardcore themes in a similarly profane manner.
Following up his breakthrough success, Coolio teamed up with gospel-trained singer L.V. on a tune based on Stevie Wonder's Songs in the Key of Life cut ""Pastime Paradise."" ""Gangsta's Paradise"" was a social statement about ghetto life, and the music was dark, haunting, and spellbindingly atmospheric. In other words, it was nothing like what the public had come to expect from Coolio, and a less than enthusiastic Tommy Boy discouraged him from putting it on an album, instead placing it on the soundtrack to the film Dangerous Minds, which starred Michelle Pfeiffer as a tough inner-city teacher. Released as a single, ""Gangsta's Paradise"" was a staggeringly huge hit. It became Coolio's first number one pop single and was equally successful in the U.K. Its chart longevity in the U.S. was such that, even with the Mariah Carey/Boyz II Men duet ""One Sweet Day"" setting a new record for most weeks at number one that year, ""Gangsta's Paradise"" still managed to beat it out as the number one single of 1995. It was such a phenomenon that when Weird Al Yankovic recorded the parody ""Amish Paradise"" (authorized by Tommy Boy but not Coolio, leading to much discord), the accompanying album Bad Hair Day became his biggest-selling record ever. Naturally, ""Gangsta's Paradise"" was featured on Coolio's next album, released toward the end of 1995, and naturally, it was the title track. It later won a Grammy for Best Solo Rap Performance.
The triple-platinum Gangsta's Paradise album kept the hits coming: the bright party anthem ""1, 2, 3, 4 (Sumpin' New)"" hit the Top Ten in 1996, and the safe-sex anthem ""Too Hot"" was fairly popular as well. Meanwhile, Coolio toured the world, contributed the theme song to the Nickelodeon comedy series Kenan and Kel, and began pursuing an acting career, making his screen debut with a cameo in the 1996 comedy Phat Beach. He would also land a small role in the following year's Batman & Robin. Coolio's third album, My Soul, could well have been expected to be a major event, given his massive success last time out. However, things had changed drastically by the summer of 1997: the specter of the 2Pac/Biggie murders still hung heavily over the hip-hop landscape, and Puff Daddy was rapidly becoming a breakout star with the young audience that had previously belonged to Coolio. My Soul's lead single, the elegiac ""C U When U Get There"" (which sampled Pachelbel's ""Canon in D""), fit the mood of the times and reached number 12. The album debuted at number 39 and was eventually certified gold.
Coolio appeared regularly on the revived Hollywood Squares and set up his own label, Crowbar, which in 1999 issued Coolio's Crowbar Records Presents, a showcase for the short-lived label's numerous signees. Also in '99, Coolio played triplets in the film Tyrone. He continued to take a number of small film roles, but his much-delayed fourth album remained only a rumor until 2001, when Japan's Victor label issued Coolio.com. Some of the material from that album reappeared on El Cool Magnifico, issued in the States on Dragon Riders in 2002. Among the guest artists were Daz Dillinger, B Real, and Krayzie Bone, while Kenny Rogers was featured on ""The Hustler."" Coolio recorded for a series of independents through the rest of the decade, issuing The Return of the Gangsta, Steal Hear, and From the Bottom 2 the Top. The last of these projects arrived between the first episodes of the reality television program Coolio's Rules and the web series Cookin' with Coolio (the latter of which coincided with a book of the same title). Small roles on film and television, and assorted guest verses, followed into the early 2020s. On September 28, 2022, Coolio was discovered unconscious at a friend's house in Los Angeles, and was pronounced dead at the scene. He was 59 years of age. ~ Steve Huey",Gangstas Paradise,Unknown,https://www.youtube.com/watch?v=fPO76Jlnz6c&list=RDfPO76Jlnz6c&start_radio=1&pp=ygUYQ29vbGlvIEdhbmdzdGFzIFBhcmFkaXNloAcB
Cunning Stunts,https://lastfm.freetls.fastly.net/i/u/300x300/7328eccbe90f09c403fe1953f4b69b63.jpg,Cows,1992-09-09,"Longtime denizens of the Minneapolis rock scene, the Cows are one of America's great degenerate punk rock bands. Starting off as near-total incompetents, they have become more technically polished musicians during the '90s, but their white-hot noise rock has not been tamed one bit. In many ways, the Cows remain as gloriously messy, primitive, and exciting as they were the day they started. Formed in the mid-'80s by idiosyncratic lead singer Shannon Selberg, the Cows appropriated the hardcore guitar blur that characterized fellow-Twin Citians Hüsker Dü, but stripped away any and all concessions to melodies, hooks, riffs -- essentially anything that remotely resembled pop. What they offered was a blazing wall of distortion that was punk rock at its crudest; a feral racket that sounded as if the guitars were being played with metal files. Above the din was Selberg, free-associating surreal vignettes about, well, God knows what, but his squealing, shrieking, and general lunacy provided the bizarre, often engaging, focus. He plays trumpet, too -- well, not so much plays as blasts a note or two when he's tired of ranting. After the release of their first album in 1987, the Cows were roundly derided as a talentless, tasteless joke (a charge that would be leveled a few years later against Babes in Toyland). However, they've stayed true to their anti-commercial stance and punk roots, releasing a handful of weird, loud, gleefully unhinged records that seem to get better (i.e., more focused and less obtuse) and retain the band's devotion to mania. ~ John Dougan",Heave Ho,Unknown,https://www.youtube.com/watch?v=_NRYAn8whBU&pp=ygUNQ293cyBIZWF2ZSBIbw%3D%3D
Pain Olympics,https://lastfm.freetls.fastly.net/i/u/300x300/b2bb67bece689115e77ecec20d9ea439.jpg,Crack Cloud,2020-07-17,"Vancouver-based multimedia collective Crack Cloud utilize the combined talents of various artists, filmmakers, musicians, and designers to deliver striking visuals and a core band that straddles art rock and post-punk. After an exploratory 2018 set comprised of two independently released EPs, they found their footing on 2020's visceral Pain Olympics and its 2022 follow-up, the raucous Tough Baby. Although uncertain about their future, they released a fourth album, Red Mile, in 2024.
Crack Cloud was originally formed by vocalist and drummer Zach Choy and keyboardist Mohammed Ali Sharar, who wanted an outlet to distract them from their spiraling drug habits. They quickly found other individuals with drug-related issues and some who were mental health workers, all of them wanting a project that would cultivate self-betterment and collectivism; among the second wave of members were guitarist Jon Varley and multi-instrumentalist Daniel Robertson. Although the lineup was nebulous by nature, they quickly put together two EPs, Crack Cloud and Anchoring Point, which they collated on their eponymous debut album in 2018. Comprising over 20 members -- with seven of those dedicated to touring -- they began to expand on their sound and production technique ahead of 2020's cathartic Pain Olympics, their first proper full-length release. Released two years later, Crack Cloud's sophomore LP, Tough Baby, explored continuing themes of emotional evolution, healing, and resiliency. During the subsequent tour, they could be heard both on-stage and in interviews remarking on the strain that touring was putting on the group. When they emerged from the studio with a fourth album, 2024's Red Mile, it came as a welcome surprise. The album tracked their re-orientation as a band and landed them in a healthy place to continue making music. ~ Liam Martin",Post Truth,Unknown,https://www.youtube.com/watch?v=jgQAMih0wMc&pp=ygUWQ3JhY2sgQ2xvdWQgUG9zdCBUcnV0aA%3D%3D
Pain Olympics,https://lastfm.freetls.fastly.net/i/u/300x300/b2bb67bece689115e77ecec20d9ea439.jpg,Crack Cloud,2020-07-17,"Vancouver-based multimedia collective Crack Cloud utilize the combined talents of various artists, filmmakers, musicians, and designers to deliver striking visuals and a core band that straddles art rock and post-punk. After an exploratory 2018 set comprised of two independently released EPs, they found their footing on 2020's visceral Pain Olympics and its 2022 follow-up, the raucous Tough Baby. Although uncertain about their future, they released a fourth album, Red Mile, in 2024.
Crack Cloud was originally formed by vocalist and drummer Zach Choy and keyboardist Mohammed Ali Sharar, who wanted an outlet to distract them from their spiraling drug habits. They quickly found other individuals with drug-related issues and some who were mental health workers, all of them wanting a project that would cultivate self-betterment and collectivism; among the second wave of members were guitarist Jon Varley and multi-instrumentalist Daniel Robertson. Although the lineup was nebulous by nature, they quickly put together two EPs, Crack Cloud and Anchoring Point, which they collated on their eponymous debut album in 2018. Comprising over 20 members -- with seven of those dedicated to touring -- they began to expand on their sound and production technique ahead of 2020's cathartic Pain Olympics, their first proper full-length release. Released two years later, Crack Cloud's sophomore LP, Tough Baby, explored continuing themes of emotional evolution, healing, and resiliency. During the subsequent tour, they could be heard both on-stage and in interviews remarking on the strain that touring was putting on the group. When they emerged from the studio with a fourth album, 2024's Red Mile, it came as a welcome surprise. The album tracked their re-orientation as a band and landed them in a healthy place to continue making music. ~ Liam Martin",Favour Your Fortune,Unknown,https://www.youtube.com/watch?v=0VXYIN6sMYg&pp=ygUhQ3JhY2sgQ2xvdWQgLSBGYXZvdXIgWW91ciBGb3J0dW5l
the killer,,Crime & the City Solution,2023-10-20,"The ever-evolving Crime & the City Solution emerged in the wake of the dissolution of the seminal Birthday Party. Founded and led by evocative singer/songwriter Simon Bonney, a Melbourne, Australia native and his partner, violinist/vocalist Bronwyn Adams, they enlisted ex-Birthday Party members Mick Harvey and Rowland S. Howard, as well as the latter's bassist brother Harry Howard. Between 1985 and 1991 they issued seven multi-track EPs, appeared in Wim Wenders' film Wings of Desire, and released five long-playing albums that included Room of Lights (1986), The Bride Ship (1989), and Paradise Discoteque (1990). They split in in 1992. Bonney and Adams assembled a new version of the band to release 2013's Detroit-recorded American Twilight. A decade later, another incarnation recorded The Killer in Berlin with producer Martin J. Fiedler.
In 1985, the quartet debuted with The Dangling Man, a self-produced EP quickly establishing the band's moody, atmospheric, blues-based aesthetic. Former Swell Maps drummer Epic Soundtracks joined Crime after the EP's release, freeing Harvey to alternate among a variety of instruments for the haunting follow-up, Just South of Heaven. Their full-length bow, Room of Lights, appeared in 1986 and featured the remarkable ""Six Bells Chime,"" which so impressed the acclaimed filmmaker Wim Wenders that he invited the band to perform the song live in his 1988 masterpiece Wings of Desire.
By the time the film appeared, however, the incarnation of Crime & the City Solution presented onscreen was no more; after Room of Lights, the Howard brothers and Soundtracks exited to form These Immortal Souls, leaving Bonney, Harvey, and violinist Bronwyn Adams (also Bonney's wife and songwriting partner) to relocate to Berlin, where they recruited a number of local musicians, including Einstürzende Neubauten guitarist Alexander Hacke, to cut 1988's ornate, intoxicating Shine. Even more Baroque was the follow-up, 1989's The Bride Ship.
In 1990, Crime returned to the studio one final time to record Paradise Discotheque, a record built around Bonney's ambitious four-part suite ""The Last Dictator,"" a song cycle inspired by the downfall of Romanian warlord Nicolae Ceausescu. After contributing ""The Adversary"" to the soundtrack of Wenders' Until the End of the World, Crime & the City Solution disbanded. Harvey continued to record and perform with former Birthday Party mate Nick Cave in the Bad Seeds, Bonney began work on his 1992 solo debut Forever and followed it with Everyman in 1995.
Bonney, Adams, and Hacke re-formed the band in 2011 for the purpose of recording and touring. They enlisted David Eugene Edwards (16 Horsepower, Woven Hand), Jim White (Dirty Three), Troy Gregory (Dirtbombs, Swans, Spiritualized), and Matt Smith (Outrageous Cherry, Andre Williams) to record and tour. In anticipation of a forthcoming album, Mute Records released the compilation A History of Crime: Berlin 1987-1991: An Introduction to Crime & the City Solution in the fall of 2012. In March of 2013, American Twilight was released.
Following intermittent spates of global touring, the international ensemble went idle. During the pandemic in 2020, Bonney decided to submit a PhD application as an extension of his work, delivering aid programs across the Indo-Pacific region, where he visited geographical locales that were under threat of extreme violence. His application eventually gave way to songs written to process the effect of his work on his psyche.
Bonney and Adams assembled a second Berlin incarnation of Crime & the City Solution. The pair were joined by keyboardist/bassist Frederic Lyenn, guitarist Donald Baldie, guitarist/synthesist Georgio Valentino, drummer and percussionist Chris Hughes, and pianist/guitarist Joshua Murphy. Titled The Killer, it was produced by Martin J. Fiedler at Klangbild Studios and marked the very first time CCS had worked with a producer. ~ Jason Ankeny",Rivers of Blood,Unknown,https://www.youtube.com/watch?v=hkjf1qf6ta8&pp=ygUnQ3JpbWUgdGhlIENpdHkgU29sdXRpb24gUml2ZXJzIG9mIEJsb29k
the killer,,Crime & the City Solution,2023-10-20,"The ever-evolving Crime & the City Solution emerged in the wake of the dissolution of the seminal Birthday Party. Founded and led by evocative singer/songwriter Simon Bonney, a Melbourne, Australia native and his partner, violinist/vocalist Bronwyn Adams, they enlisted ex-Birthday Party members Mick Harvey and Rowland S. Howard, as well as the latter's bassist brother Harry Howard. Between 1985 and 1991 they issued seven multi-track EPs, appeared in Wim Wenders' film Wings of Desire, and released five long-playing albums that included Room of Lights (1986), The Bride Ship (1989), and Paradise Discoteque (1990). They split in in 1992. Bonney and Adams assembled a new version of the band to release 2013's Detroit-recorded American Twilight. A decade later, another incarnation recorded The Killer in Berlin with producer Martin J. Fiedler.
In 1985, the quartet debuted with The Dangling Man, a self-produced EP quickly establishing the band's moody, atmospheric, blues-based aesthetic. Former Swell Maps drummer Epic Soundtracks joined Crime after the EP's release, freeing Harvey to alternate among a variety of instruments for the haunting follow-up, Just South of Heaven. Their full-length bow, Room of Lights, appeared in 1986 and featured the remarkable ""Six Bells Chime,"" which so impressed the acclaimed filmmaker Wim Wenders that he invited the band to perform the song live in his 1988 masterpiece Wings of Desire.
By the time the film appeared, however, the incarnation of Crime & the City Solution presented onscreen was no more; after Room of Lights, the Howard brothers and Soundtracks exited to form These Immortal Souls, leaving Bonney, Harvey, and violinist Bronwyn Adams (also Bonney's wife and songwriting partner) to relocate to Berlin, where they recruited a number of local musicians, including Einstürzende Neubauten guitarist Alexander Hacke, to cut 1988's ornate, intoxicating Shine. Even more Baroque was the follow-up, 1989's The Bride Ship.
In 1990, Crime returned to the studio one final time to record Paradise Discotheque, a record built around Bonney's ambitious four-part suite ""The Last Dictator,"" a song cycle inspired by the downfall of Romanian warlord Nicolae Ceausescu. After contributing ""The Adversary"" to the soundtrack of Wenders' Until the End of the World, Crime & the City Solution disbanded. Harvey continued to record and perform with former Birthday Party mate Nick Cave in the Bad Seeds, Bonney began work on his 1992 solo debut Forever and followed it with Everyman in 1995.
Bonney, Adams, and Hacke re-formed the band in 2011 for the purpose of recording and touring. They enlisted David Eugene Edwards (16 Horsepower, Woven Hand), Jim White (Dirty Three), Troy Gregory (Dirtbombs, Swans, Spiritualized), and Matt Smith (Outrageous Cherry, Andre Williams) to record and tour. In anticipation of a forthcoming album, Mute Records released the compilation A History of Crime: Berlin 1987-1991: An Introduction to Crime & the City Solution in the fall of 2012. In March of 2013, American Twilight was released.
Following intermittent spates of global touring, the international ensemble went idle. During the pandemic in 2020, Bonney decided to submit a PhD application as an extension of his work, delivering aid programs across the Indo-Pacific region, where he visited geographical locales that were under threat of extreme violence. His application eventually gave way to songs written to process the effect of his work on his psyche.
Bonney and Adams assembled a second Berlin incarnation of Crime & the City Solution. The pair were joined by keyboardist/bassist Frederic Lyenn, guitarist Donald Baldie, guitarist/synthesist Georgio Valentino, drummer and percussionist Chris Hughes, and pianist/guitarist Joshua Murphy. Titled The Killer, it was produced by Martin J. Fiedler at Klangbild Studios and marked the very first time CCS had worked with a producer. ~ Jason Ankeny","Hurt You, Hurt Me",Unknown,https://www.youtube.com/watch?v=0enG9kcmsnY&list=RD0enG9kcmsnY&start_radio=1&pp=ygUoQ3JpbWUgdGhlIENpdHkgU29sdXRpb24gSHVydCBZb3UgSHVydCBNZaAHAQ%3D%3D
the killer,,Crime & the City Solution,2023-10-20,"The ever-evolving Crime & the City Solution emerged in the wake of the dissolution of the seminal Birthday Party. Founded and led by evocative singer/songwriter Simon Bonney, a Melbourne, Australia native and his partner, violinist/vocalist Bronwyn Adams, they enlisted ex-Birthday Party members Mick Harvey and Rowland S. Howard, as well as the latter's bassist brother Harry Howard. Between 1985 and 1991 they issued seven multi-track EPs, appeared in Wim Wenders' film Wings of Desire, and released five long-playing albums that included Room of Lights (1986), The Bride Ship (1989), and Paradise Discoteque (1990). They split in in 1992. Bonney and Adams assembled a new version of the band to release 2013's Detroit-recorded American Twilight. A decade later, another incarnation recorded The Killer in Berlin with producer Martin J. Fiedler.
In 1985, the quartet debuted with The Dangling Man, a self-produced EP quickly establishing the band's moody, atmospheric, blues-based aesthetic. Former Swell Maps drummer Epic Soundtracks joined Crime after the EP's release, freeing Harvey to alternate among a variety of instruments for the haunting follow-up, Just South of Heaven. Their full-length bow, Room of Lights, appeared in 1986 and featured the remarkable ""Six Bells Chime,"" which so impressed the acclaimed filmmaker Wim Wenders that he invited the band to perform the song live in his 1988 masterpiece Wings of Desire.
By the time the film appeared, however, the incarnation of Crime & the City Solution presented onscreen was no more; after Room of Lights, the Howard brothers and Soundtracks exited to form These Immortal Souls, leaving Bonney, Harvey, and violinist Bronwyn Adams (also Bonney's wife and songwriting partner) to relocate to Berlin, where they recruited a number of local musicians, including Einstürzende Neubauten guitarist Alexander Hacke, to cut 1988's ornate, intoxicating Shine. Even more Baroque was the follow-up, 1989's The Bride Ship.
In 1990, Crime returned to the studio one final time to record Paradise Discotheque, a record built around Bonney's ambitious four-part suite ""The Last Dictator,"" a song cycle inspired by the downfall of Romanian warlord Nicolae Ceausescu. After contributing ""The Adversary"" to the soundtrack of Wenders' Until the End of the World, Crime & the City Solution disbanded. Harvey continued to record and perform with former Birthday Party mate Nick Cave in the Bad Seeds, Bonney began work on his 1992 solo debut Forever and followed it with Everyman in 1995.
Bonney, Adams, and Hacke re-formed the band in 2011 for the purpose of recording and touring. They enlisted David Eugene Edwards (16 Horsepower, Woven Hand), Jim White (Dirty Three), Troy Gregory (Dirtbombs, Swans, Spiritualized), and Matt Smith (Outrageous Cherry, Andre Williams) to record and tour. In anticipation of a forthcoming album, Mute Records released the compilation A History of Crime: Berlin 1987-1991: An Introduction to Crime & the City Solution in the fall of 2012. In March of 2013, American Twilight was released.
Following intermittent spates of global touring, the international ensemble went idle. During the pandemic in 2020, Bonney decided to submit a PhD application as an extension of his work, delivering aid programs across the Indo-Pacific region, where he visited geographical locales that were under threat of extreme violence. His application eventually gave way to songs written to process the effect of his work on his psyche.
Bonney and Adams assembled a second Berlin incarnation of Crime & the City Solution. The pair were joined by keyboardist/bassist Frederic Lyenn, guitarist Donald Baldie, guitarist/synthesist Georgio Valentino, drummer and percussionist Chris Hughes, and pianist/guitarist Joshua Murphy. Titled The Killer, it was produced by Martin J. Fiedler at Klangbild Studios and marked the very first time CCS had worked with a producer. ~ Jason Ankeny",River of God,Unknown,https://www.youtube.com/watch?v=5TeX_vZ2bkc&pp=ygUkQ3JpbWUgdGhlIENpdHkgU29sdXRpb24gUml2ZXIgb2YgR29k
the killer,,Crime & the City Solution,2023-10-20,"The ever-evolving Crime & the City Solution emerged in the wake of the dissolution of the seminal Birthday Party. Founded and led by evocative singer/songwriter Simon Bonney, a Melbourne, Australia native and his partner, violinist/vocalist Bronwyn Adams, they enlisted ex-Birthday Party members Mick Harvey and Rowland S. Howard, as well as the latter's bassist brother Harry Howard. Between 1985 and 1991 they issued seven multi-track EPs, appeared in Wim Wenders' film Wings of Desire, and released five long-playing albums that included Room of Lights (1986), The Bride Ship (1989), and Paradise Discoteque (1990). They split in in 1992. Bonney and Adams assembled a new version of the band to release 2013's Detroit-recorded American Twilight. A decade later, another incarnation recorded The Killer in Berlin with producer Martin J. Fiedler.
In 1985, the quartet debuted with The Dangling Man, a self-produced EP quickly establishing the band's moody, atmospheric, blues-based aesthetic. Former Swell Maps drummer Epic Soundtracks joined Crime after the EP's release, freeing Harvey to alternate among a variety of instruments for the haunting follow-up, Just South of Heaven. Their full-length bow, Room of Lights, appeared in 1986 and featured the remarkable ""Six Bells Chime,"" which so impressed the acclaimed filmmaker Wim Wenders that he invited the band to perform the song live in his 1988 masterpiece Wings of Desire.
By the time the film appeared, however, the incarnation of Crime & the City Solution presented onscreen was no more; after Room of Lights, the Howard brothers and Soundtracks exited to form These Immortal Souls, leaving Bonney, Harvey, and violinist Bronwyn Adams (also Bonney's wife and songwriting partner) to relocate to Berlin, where they recruited a number of local musicians, including Einstürzende Neubauten guitarist Alexander Hacke, to cut 1988's ornate, intoxicating Shine. Even more Baroque was the follow-up, 1989's The Bride Ship.
In 1990, Crime returned to the studio one final time to record Paradise Discotheque, a record built around Bonney's ambitious four-part suite ""The Last Dictator,"" a song cycle inspired by the downfall of Romanian warlord Nicolae Ceausescu. After contributing ""The Adversary"" to the soundtrack of Wenders' Until the End of the World, Crime & the City Solution disbanded. Harvey continued to record and perform with former Birthday Party mate Nick Cave in the Bad Seeds, Bonney began work on his 1992 solo debut Forever and followed it with Everyman in 1995.
Bonney, Adams, and Hacke re-formed the band in 2011 for the purpose of recording and touring. They enlisted David Eugene Edwards (16 Horsepower, Woven Hand), Jim White (Dirty Three), Troy Gregory (Dirtbombs, Swans, Spiritualized), and Matt Smith (Outrageous Cherry, Andre Williams) to record and tour. In anticipation of a forthcoming album, Mute Records released the compilation A History of Crime: Berlin 1987-1991: An Introduction to Crime & the City Solution in the fall of 2012. In March of 2013, American Twilight was released.
Following intermittent spates of global touring, the international ensemble went idle. During the pandemic in 2020, Bonney decided to submit a PhD application as an extension of his work, delivering aid programs across the Indo-Pacific region, where he visited geographical locales that were under threat of extreme violence. His application eventually gave way to songs written to process the effect of his work on his psyche.
Bonney and Adams assembled a second Berlin incarnation of Crime & the City Solution. The pair were joined by keyboardist/bassist Frederic Lyenn, guitarist Donald Baldie, guitarist/synthesist Georgio Valentino, drummer and percussionist Chris Hughes, and pianist/guitarist Joshua Murphy. Titled The Killer, it was produced by Martin J. Fiedler at Klangbild Studios and marked the very first time CCS had worked with a producer. ~ Jason Ankeny",Brave Hearted Woman,Unknown,https://www.youtube.com/watch?v=HLF9h995yX8&pp=ygUrQ3JpbWUgdGhlIENpdHkgU29sdXRpb24gQnJhdmUgSGVhcnRlZCBXb21hbg%3D%3D
the killer,,Crime & the City Solution,2023-10-20,"The ever-evolving Crime & the City Solution emerged in the wake of the dissolution of the seminal Birthday Party. Founded and led by evocative singer/songwriter Simon Bonney, a Melbourne, Australia native and his partner, violinist/vocalist Bronwyn Adams, they enlisted ex-Birthday Party members Mick Harvey and Rowland S. Howard, as well as the latter's bassist brother Harry Howard. Between 1985 and 1991 they issued seven multi-track EPs, appeared in Wim Wenders' film Wings of Desire, and released five long-playing albums that included Room of Lights (1986), The Bride Ship (1989), and Paradise Discoteque (1990). They split in in 1992. Bonney and Adams assembled a new version of the band to release 2013's Detroit-recorded American Twilight. A decade later, another incarnation recorded The Killer in Berlin with producer Martin J. Fiedler.
In 1985, the quartet debuted with The Dangling Man, a self-produced EP quickly establishing the band's moody, atmospheric, blues-based aesthetic. Former Swell Maps drummer Epic Soundtracks joined Crime after the EP's release, freeing Harvey to alternate among a variety of instruments for the haunting follow-up, Just South of Heaven. Their full-length bow, Room of Lights, appeared in 1986 and featured the remarkable ""Six Bells Chime,"" which so impressed the acclaimed filmmaker Wim Wenders that he invited the band to perform the song live in his 1988 masterpiece Wings of Desire.
By the time the film appeared, however, the incarnation of Crime & the City Solution presented onscreen was no more; after Room of Lights, the Howard brothers and Soundtracks exited to form These Immortal Souls, leaving Bonney, Harvey, and violinist Bronwyn Adams (also Bonney's wife and songwriting partner) to relocate to Berlin, where they recruited a number of local musicians, including Einstürzende Neubauten guitarist Alexander Hacke, to cut 1988's ornate, intoxicating Shine. Even more Baroque was the follow-up, 1989's The Bride Ship.
In 1990, Crime returned to the studio one final time to record Paradise Discotheque, a record built around Bonney's ambitious four-part suite ""The Last Dictator,"" a song cycle inspired by the downfall of Romanian warlord Nicolae Ceausescu. After contributing ""The Adversary"" to the soundtrack of Wenders' Until the End of the World, Crime & the City Solution disbanded. Harvey continued to record and perform with former Birthday Party mate Nick Cave in the Bad Seeds, Bonney began work on his 1992 solo debut Forever and followed it with Everyman in 1995.
Bonney, Adams, and Hacke re-formed the band in 2011 for the purpose of recording and touring. They enlisted David Eugene Edwards (16 Horsepower, Woven Hand), Jim White (Dirty Three), Troy Gregory (Dirtbombs, Swans, Spiritualized), and Matt Smith (Outrageous Cherry, Andre Williams) to record and tour. In anticipation of a forthcoming album, Mute Records released the compilation A History of Crime: Berlin 1987-1991: An Introduction to Crime & the City Solution in the fall of 2012. In March of 2013, American Twilight was released.
Following intermittent spates of global touring, the international ensemble went idle. During the pandemic in 2020, Bonney decided to submit a PhD application as an extension of his work, delivering aid programs across the Indo-Pacific region, where he visited geographical locales that were under threat of extreme violence. His application eventually gave way to songs written to process the effect of his work on his psyche.
Bonney and Adams assembled a second Berlin incarnation of Crime & the City Solution. The pair were joined by keyboardist/bassist Frederic Lyenn, guitarist Donald Baldie, guitarist/synthesist Georgio Valentino, drummer and percussionist Chris Hughes, and pianist/guitarist Joshua Murphy. Titled The Killer, it was produced by Martin J. Fiedler at Klangbild Studios and marked the very first time CCS had worked with a producer. ~ Jason Ankeny",Killer,Unknown,https://www.youtube.com/watch?v=urKLJkT7fEI&pp=ygUeQ3JpbWUgdGhlIENpdHkgU29sdXRpb24gS2lsbGVy
the killer,,Crime & the City Solution,2023-10-20,"The ever-evolving Crime & the City Solution emerged in the wake of the dissolution of the seminal Birthday Party. Founded and led by evocative singer/songwriter Simon Bonney, a Melbourne, Australia native and his partner, violinist/vocalist Bronwyn Adams, they enlisted ex-Birthday Party members Mick Harvey and Rowland S. Howard, as well as the latter's bassist brother Harry Howard. Between 1985 and 1991 they issued seven multi-track EPs, appeared in Wim Wenders' film Wings of Desire, and released five long-playing albums that included Room of Lights (1986), The Bride Ship (1989), and Paradise Discoteque (1990). They split in in 1992. Bonney and Adams assembled a new version of the band to release 2013's Detroit-recorded American Twilight. A decade later, another incarnation recorded The Killer in Berlin with producer Martin J. Fiedler.
In 1985, the quartet debuted with The Dangling Man, a self-produced EP quickly establishing the band's moody, atmospheric, blues-based aesthetic. Former Swell Maps drummer Epic Soundtracks joined Crime after the EP's release, freeing Harvey to alternate among a variety of instruments for the haunting follow-up, Just South of Heaven. Their full-length bow, Room of Lights, appeared in 1986 and featured the remarkable ""Six Bells Chime,"" which so impressed the acclaimed filmmaker Wim Wenders that he invited the band to perform the song live in his 1988 masterpiece Wings of Desire.
By the time the film appeared, however, the incarnation of Crime & the City Solution presented onscreen was no more; after Room of Lights, the Howard brothers and Soundtracks exited to form These Immortal Souls, leaving Bonney, Harvey, and violinist Bronwyn Adams (also Bonney's wife and songwriting partner) to relocate to Berlin, where they recruited a number of local musicians, including Einstürzende Neubauten guitarist Alexander Hacke, to cut 1988's ornate, intoxicating Shine. Even more Baroque was the follow-up, 1989's The Bride Ship.
In 1990, Crime returned to the studio one final time to record Paradise Discotheque, a record built around Bonney's ambitious four-part suite ""The Last Dictator,"" a song cycle inspired by the downfall of Romanian warlord Nicolae Ceausescu. After contributing ""The Adversary"" to the soundtrack of Wenders' Until the End of the World, Crime & the City Solution disbanded. Harvey continued to record and perform with former Birthday Party mate Nick Cave in the Bad Seeds, Bonney began work on his 1992 solo debut Forever and followed it with Everyman in 1995.
Bonney, Adams, and Hacke re-formed the band in 2011 for the purpose of recording and touring. They enlisted David Eugene Edwards (16 Horsepower, Woven Hand), Jim White (Dirty Three), Troy Gregory (Dirtbombs, Swans, Spiritualized), and Matt Smith (Outrageous Cherry, Andre Williams) to record and tour. In anticipation of a forthcoming album, Mute Records released the compilation A History of Crime: Berlin 1987-1991: An Introduction to Crime & the City Solution in the fall of 2012. In March of 2013, American Twilight was released.
Following intermittent spates of global touring, the international ensemble went idle. During the pandemic in 2020, Bonney decided to submit a PhD application as an extension of his work, delivering aid programs across the Indo-Pacific region, where he visited geographical locales that were under threat of extreme violence. His application eventually gave way to songs written to process the effect of his work on his psyche.
Bonney and Adams assembled a second Berlin incarnation of Crime & the City Solution. The pair were joined by keyboardist/bassist Frederic Lyenn, guitarist Donald Baldie, guitarist/synthesist Georgio Valentino, drummer and percussionist Chris Hughes, and pianist/guitarist Joshua Murphy. Titled The Killer, it was produced by Martin J. Fiedler at Klangbild Studios and marked the very first time CCS had worked with a producer. ~ Jason Ankeny",Witness,Unknown,https://www.youtube.com/watch?v=-Bi8g75WOxY&pp=ygUfQ3JpbWUgdGhlIENpdHkgU29sdXRpb24gV2l0bmVzcw%3D%3D
the killer,,Crime & the City Solution,2023-10-20,"The ever-evolving Crime & the City Solution emerged in the wake of the dissolution of the seminal Birthday Party. Founded and led by evocative singer/songwriter Simon Bonney, a Melbourne, Australia native and his partner, violinist/vocalist Bronwyn Adams, they enlisted ex-Birthday Party members Mick Harvey and Rowland S. Howard, as well as the latter's bassist brother Harry Howard. Between 1985 and 1991 they issued seven multi-track EPs, appeared in Wim Wenders' film Wings of Desire, and released five long-playing albums that included Room of Lights (1986), The Bride Ship (1989), and Paradise Discoteque (1990). They split in in 1992. Bonney and Adams assembled a new version of the band to release 2013's Detroit-recorded American Twilight. A decade later, another incarnation recorded The Killer in Berlin with producer Martin J. Fiedler.
In 1985, the quartet debuted with The Dangling Man, a self-produced EP quickly establishing the band's moody, atmospheric, blues-based aesthetic. Former Swell Maps drummer Epic Soundtracks joined Crime after the EP's release, freeing Harvey to alternate among a variety of instruments for the haunting follow-up, Just South of Heaven. Their full-length bow, Room of Lights, appeared in 1986 and featured the remarkable ""Six Bells Chime,"" which so impressed the acclaimed filmmaker Wim Wenders that he invited the band to perform the song live in his 1988 masterpiece Wings of Desire.
By the time the film appeared, however, the incarnation of Crime & the City Solution presented onscreen was no more; after Room of Lights, the Howard brothers and Soundtracks exited to form These Immortal Souls, leaving Bonney, Harvey, and violinist Bronwyn Adams (also Bonney's wife and songwriting partner) to relocate to Berlin, where they recruited a number of local musicians, including Einstürzende Neubauten guitarist Alexander Hacke, to cut 1988's ornate, intoxicating Shine. Even more Baroque was the follow-up, 1989's The Bride Ship.
In 1990, Crime returned to the studio one final time to record Paradise Discotheque, a record built around Bonney's ambitious four-part suite ""The Last Dictator,"" a song cycle inspired by the downfall of Romanian warlord Nicolae Ceausescu. After contributing ""The Adversary"" to the soundtrack of Wenders' Until the End of the World, Crime & the City Solution disbanded. Harvey continued to record and perform with former Birthday Party mate Nick Cave in the Bad Seeds, Bonney began work on his 1992 solo debut Forever and followed it with Everyman in 1995.
Bonney, Adams, and Hacke re-formed the band in 2011 for the purpose of recording and touring. They enlisted David Eugene Edwards (16 Horsepower, Woven Hand), Jim White (Dirty Three), Troy Gregory (Dirtbombs, Swans, Spiritualized), and Matt Smith (Outrageous Cherry, Andre Williams) to record and tour. In anticipation of a forthcoming album, Mute Records released the compilation A History of Crime: Berlin 1987-1991: An Introduction to Crime & the City Solution in the fall of 2012. In March of 2013, American Twilight was released.
Following intermittent spates of global touring, the international ensemble went idle. During the pandemic in 2020, Bonney decided to submit a PhD application as an extension of his work, delivering aid programs across the Indo-Pacific region, where he visited geographical locales that were under threat of extreme violence. His application eventually gave way to songs written to process the effect of his work on his psyche.
Bonney and Adams assembled a second Berlin incarnation of Crime & the City Solution. The pair were joined by keyboardist/bassist Frederic Lyenn, guitarist Donald Baldie, guitarist/synthesist Georgio Valentino, drummer and percussionist Chris Hughes, and pianist/guitarist Joshua Murphy. Titled The Killer, it was produced by Martin J. Fiedler at Klangbild Studios and marked the very first time CCS had worked with a producer. ~ Jason Ankeny",Peace in my Time,Unknown,https://www.youtube.com/watch?v=iEnbNp6voZk&pp=ygUoQ3JpbWUgdGhlIENpdHkgU29sdXRpb24gUGVhY2UgaW4gbXkgVGltZQ%3D%3D
Cry of Love,https://lastfm.freetls.fastly.net/i/u/300x300/2d8f77a5766fee6b054b81567c38a056.jpg,Crippled Black Phoenix,2020-07-29,"U.K. supergroup and progressive post-rock musical collective Crippled Black Phoenix have featured nearly 30 members in their rotating roster. A constant driving force is Justin Greaves of Electric Wizard and Iron Monkey, who started the band in 2004 with the help of Mogwai bassist Dominic Aitchison. In 2006, Crippled Black Phoenix released their first album, A Love of Shared Disasters, and started concentrating on live shows that often involved more than a dozen members on-stage. Resurrectionists and Night Raider were recorded from March of 2007 to August of 2008 at S.O.A. Studio in Bristol, and released in 2009, along with a compilation of songs from those two albums titled 200 Tons of Bad Luck. Arriving in 2010, I, Vigilante followed on Geoff Barrow's Invada Records, and sparked some attention with a stoner rock version of Journey's ""Of a Lifetime."" The more conceptual (Mankind) The Crafty Ape was released in 2012, and Greaves and company followed that up with the 2013 live album Live Poznań and 2014's White Light Generator. The year 2014 also saw the release of Fall, the debut album from Greaves and Belinda Kordic's Se Delan side project. Crippled Black Phoenix released their sixth full-length outing, Bronze, in 2016 via the French extreme metal imprint Season of Mist. That same year also saw Se Delan issue their sophomore LP, Drifter. The Horrific Honorifics EP arrived in 2017. A collection of cover versions, it showcased the band's eclectic range of influences with tracks by the likes of Swans, NoMeansNo, and The Sensational Alex Harvey Band. Their second Season of Mist full-length, Great Escape, arrived in 2018, preceded by the epic nine-minute single ""To You I Give."" ~ Jason Lymangrover",Cry of Love,Unknown,https://www.youtube.com/watch?v=g00BocCbels&pp=ygUiQ3JpcHBsZWQgQmxhY2sgUGhvZW5peCBDcnkgb2YgTG92ZQ%3D%3D
Night of the Bloody Apes,https://lastfm.freetls.fastly.net/i/u/300x300/6c308e0d5b2041156f513948c17bf1ae.jpg,Crustified Dibbs,1993-01-01,"""'Night of the Bloody Apes'"" is the only album by Crustified Dibbs, the original vehicle for Long Island hip hop artist R.A. The Rugged Man. After a bidding war between record labels, R.A. was signed to Jive Records. He then made an album entitled which was recorded but never released. The album featured the then unknown Notorious B.I.G. and included production from Erick Sermon and Buckwild amongst others. The only material legitimately released was a single for the song ""Bloodshed Hua Hoo"", produced by Poke of Trackmasters. A music video for the song exists. There are many rumors surrounding the 'shelving' of this project but it is believed to be due to lewd behavior of R.A. at Jive offices and the content of the record which involves sex, gore and profane language. Read more on Last.fm. User-contributed text is available under the Creative Commons By-SA License; additional terms may apply.",Every Record Label Suck Dick,Unknown,https://www.youtube.com/watch?v=A5XSm0s4S-8&pp=ygUvQ3J1c3RpZmllZCBEaWJicyAtIEV2ZXJ5IFJlY29yZCBMYWJlbCBTdWNrIERpY2s%3D
Night of the Bloody Apes,https://lastfm.freetls.fastly.net/i/u/300x300/6c308e0d5b2041156f513948c17bf1ae.jpg,Crustified Dibbs,1993-01-01,"""'Night of the Bloody Apes'"" is the only album by Crustified Dibbs, the original vehicle for Long Island hip hop artist R.A. The Rugged Man. After a bidding war between record labels, R.A. was signed to Jive Records. He then made an album entitled which was recorded but never released. The album featured the then unknown Notorious B.I.G. and included production from Erick Sermon and Buckwild amongst others. The only material legitimately released was a single for the song ""Bloodshed Hua Hoo"", produced by Poke of Trackmasters. A music video for the song exists. There are many rumors surrounding the 'shelving' of this project but it is believed to be due to lewd behavior of R.A. at Jive offices and the content of the record which involves sex, gore and profane language. Read more on Last.fm. User-contributed text is available under the Creative Commons By-SA License; additional terms may apply.",Bloodshed Hua Hoo,Unknown,https://www.youtube.com/watch?v=pi0hIYdxoK4&pp=ygUiQ3J1c3RpZmllZCBEaWJicyBCbG9vZHNoZWQgSHVhIEhvbw%3D%3D
Night of the Bloody Apes,https://lastfm.freetls.fastly.net/i/u/300x300/6c308e0d5b2041156f513948c17bf1ae.jpg,Crustified Dibbs,1993-01-01,"""'Night of the Bloody Apes'"" is the only album by Crustified Dibbs, the original vehicle for Long Island hip hop artist R.A. The Rugged Man. After a bidding war between record labels, R.A. was signed to Jive Records. He then made an album entitled which was recorded but never released. The album featured the then unknown Notorious B.I.G. and included production from Erick Sermon and Buckwild amongst others. The only material legitimately released was a single for the song ""Bloodshed Hua Hoo"", produced by Poke of Trackmasters. A music video for the song exists. There are many rumors surrounding the 'shelving' of this project but it is believed to be due to lewd behavior of R.A. at Jive offices and the content of the record which involves sex, gore and profane language. Read more on Last.fm. User-contributed text is available under the Creative Commons By-SA License; additional terms may apply.",Bloodshed Hua Hoo (Nigga Niles Crusty remix),Unknown,https://www.youtube.com/watch?v=WC2fsqtjhAM&pp=ygU_Q3J1c3RpZmllZCBEaWJicyAtIEJsb29kc2hlZCBIdWEgSG9vIChOaWdnYSBOaWxlcyBDcnVzdHkgcmVtaXgp
Once Upon a Time,https://lastfm.freetls.fastly.net/i/u/300x300/7e9b4b58907a0667f2f04df552ee1644.jpg,Cryptex,2020-05-08,"Hailing from Los Angeles, Calif.,Tyler Chase aka Cryptex is an 23-year-old glitch hop producer whose dense rhythms and evocative electronic music have earned wide acclaim and dedicated followers in a remarkably brief period of time. The son of two radio industry professionals, Cryptex grew up listening to hip hop and pop, and discovered glitch hop when he was 17 after moving to L.A. to pursue acting. He was drawn to the genre’s unlimited potential to express emotion and relay a story, especially the unique, post-digital edginess of glitch music. After listening to everything he could find, he began producing his own remixes and original songs, and found there was no turning back. With strong influences from groups like the Glitch Mob. Cryptex is captivated by the endless variety of sounds that can be created. It’s a truly limitless palette, where he can turn the familiar into the unknown, change the past into the contemporary, and transform the unwanted into the irresistible. Combined with an amazing rhythmic complexity, Cryptex’s music never fails to be intriguing, surprising, and exhilarating. His first LP, “Isolated Incidents” was released October 2011. Read more on Last.fm. User-contributed text is available under the Creative Commons By-SA License; additional terms may apply.",Once Upon a Time,Unknown,https://www.youtube.com/watch?v=9unOmPFHnjM&pp=ygUaQ3J5cHRleCAtIE9uY2UgVXBvbiBhIFRpbWU%3D
Once Upon a Time,https://lastfm.freetls.fastly.net/i/u/300x300/7e9b4b58907a0667f2f04df552ee1644.jpg,Cryptex,2020-05-08,"Hailing from Los Angeles, Calif.,Tyler Chase aka Cryptex is an 23-year-old glitch hop producer whose dense rhythms and evocative electronic music have earned wide acclaim and dedicated followers in a remarkably brief period of time. The son of two radio industry professionals, Cryptex grew up listening to hip hop and pop, and discovered glitch hop when he was 17 after moving to L.A. to pursue acting. He was drawn to the genre’s unlimited potential to express emotion and relay a story, especially the unique, post-digital edginess of glitch music. After listening to everything he could find, he began producing his own remixes and original songs, and found there was no turning back. With strong influences from groups like the Glitch Mob. Cryptex is captivated by the endless variety of sounds that can be created. It’s a truly limitless palette, where he can turn the familiar into the unknown, change the past into the contemporary, and transform the unwanted into the irresistible. Combined with an amazing rhythmic complexity, Cryptex’s music never fails to be intriguing, surprising, and exhilarating. His first LP, “Isolated Incidents” was released October 2011. Read more on Last.fm. User-contributed text is available under the Creative Commons By-SA License; additional terms may apply.",Because the Reason Is You,Unknown,https://www.youtube.com/watch?v=8M0SdgxQlZk&pp=ygUjQ3J5cHRleCAtIEJlY2F1c2UgdGhlIFJlYXNvbiBJcyBZb3U%3D
Once Upon a Time,https://lastfm.freetls.fastly.net/i/u/300x300/7e9b4b58907a0667f2f04df552ee1644.jpg,Cryptex,2020-05-08,"Hailing from Los Angeles, Calif.,Tyler Chase aka Cryptex is an 23-year-old glitch hop producer whose dense rhythms and evocative electronic music have earned wide acclaim and dedicated followers in a remarkably brief period of time. The son of two radio industry professionals, Cryptex grew up listening to hip hop and pop, and discovered glitch hop when he was 17 after moving to L.A. to pursue acting. He was drawn to the genre’s unlimited potential to express emotion and relay a story, especially the unique, post-digital edginess of glitch music. After listening to everything he could find, he began producing his own remixes and original songs, and found there was no turning back. With strong influences from groups like the Glitch Mob. Cryptex is captivated by the endless variety of sounds that can be created. It’s a truly limitless palette, where he can turn the familiar into the unknown, change the past into the contemporary, and transform the unwanted into the irresistible. Combined with an amazing rhythmic complexity, Cryptex’s music never fails to be intriguing, surprising, and exhilarating. His first LP, “Isolated Incidents” was released October 2011. Read more on Last.fm. User-contributed text is available under the Creative Commons By-SA License; additional terms may apply.",Body Language,Unknown,https://www.youtube.com/watch?v=p6JVS3lSa8Q&pp=ygUXQ3J5cHRleCAtIEJvZHkgTGFuZ3VhZ2U%3D
Hip Hop Soul Party III,,Cut Killer,1996-12-01,"Cut Killer is the French's answer to Funkmaster Flex. He has helped bring French Hip-Hop to a bigger audience and seems to have performed collaborations with French's best, Supreme NTM, Shurik'n, Fonk Family etc. His mixing style is a cut upbeat hip-hop, funk, soul break set which has great rhythm. Cut Killers was first heard by many when he had a brief part playing a mix out of the window on French Film ""La Haine"" (KRS 1 Sound of Da Police with Edith Piaf - Je ne regrette rien) More recently he has been collaborating with DJ Abdul to create more R+B style mix CDs. Read more on Last.fm. User-contributed text is available under the Creative Commons By-SA License; additional terms may apply.",La haine,Unknown,https://www.youtube.com/watch?v=sD8sWMPbtrc&pp=ygUTQ3V0IEtpbGxlciBMYSBoYWluZQ%3D%3D
Hip Hop Soul Party III,,Cut Killer,1996-12-01,"Cut Killer is the French's answer to Funkmaster Flex. He has helped bring French Hip-Hop to a bigger audience and seems to have performed collaborations with French's best, Supreme NTM, Shurik'n, Fonk Family etc. His mixing style is a cut upbeat hip-hop, funk, soul break set which has great rhythm. Cut Killers was first heard by many when he had a brief part playing a mix out of the window on French Film ""La Haine"" (KRS 1 Sound of Da Police with Edith Piaf - Je ne regrette rien) More recently he has been collaborating with DJ Abdul to create more R+B style mix CDs. Read more on Last.fm. User-contributed text is available under the Creative Commons By-SA License; additional terms may apply.",C'est ça la merde,Unknown,https://www.youtube.com/watch?v=Y-cFQIRZ8Mg&pp=ygUcQ3V0IEtpbGxlciBDZXN0IMOnYSBsYSBtZXJkZQ%3D%3D
Hip Hop Soul Party III,,Cut Killer,1996-12-01,"Cut Killer is the French's answer to Funkmaster Flex. He has helped bring French Hip-Hop to a bigger audience and seems to have performed collaborations with French's best, Supreme NTM, Shurik'n, Fonk Family etc. His mixing style is a cut upbeat hip-hop, funk, soul break set which has great rhythm. Cut Killers was first heard by many when he had a brief part playing a mix out of the window on French Film ""La Haine"" (KRS 1 Sound of Da Police with Edith Piaf - Je ne regrette rien) More recently he has been collaborating with DJ Abdul to create more R+B style mix CDs. Read more on Last.fm. User-contributed text is available under the Creative Commons By-SA License; additional terms may apply.",Sweet Money,Unknown,https://www.youtube.com/watch?v=uqzAJNCSuhE&pp=ygUWQ3V0IEtpbGxlciBTd2VldCBNb25leQ%3D%3D
Black Sunday,https://lastfm.freetls.fastly.net/i/u/300x300/9f1257a53795675891dad75becddaf11.png,Cypress Hill,1993-07-20,"Throughout the '90s, Cypress Hill grew to be a defining presence in both hip-hop trends and vocal enthusiasm for weed, and their cacophonous, paranoid beats and stoned lyrics made them a multi-million-selling group and the first Latino rap superstars. DJ Muggs' repetitive, gnawing production, B Real's nasal flows, and Sen Dog's bellowing barks all came together under clouds of gun smoke and pot smoke for a sound unlike anything before it on the group's self-titled 1991 debut. Apart from that album and its 1993 follow-up Black Sunday both going platinum two or three times over, the group's sound became extraordinarily influential in '90s hip-hop, showing up in everything from Dr. Dre's G-funk to the chilly layers of English trip-hop. Cypress Hill's original lineup splintered and regrouped at various times as the years went on, but the group remained active long after their commercial peak in the '90s. They dabbled in rap-rock as early as their 2000 album Skull & Bones, and they experimented with changes in style on releases like 2018's production-focused Elephants on Acid and 2022's Back in Black, their tenth studio album and a return to the group's hip-hop beginnings.
DVX, the original incarnation of Cypress Hill, formed in 1988 when Cuban-born brothers Sen Dog (born Senen Reyes, November 20, 1965) and Mellow Man Ace hooked up with fellow Los Angeles residents Muggs (born Lawrence Muggerud, January 28, 1968) and B Real (born Louis Freese, June 2, 1970). The group began pioneering a fusion of Latin and hip-hop slang, developing their own style by the time Mellow Man Ace left the group in 1988. Renaming themselves Cypress Hill after a local street, the group continued to perform around L.A., eventually signing with Ruffhouse/Columbia in 1991.
With its stoned beats, B Real's exaggerated nasal whine, and epic portrayals of street violence, the group's eponymous debut became a sensation in early 1992, several months after its initial release. The singles ""How I Could Just Kill a Man"" and ""The Phuncky Feel One"" became underground hits, and the group's public pro-marijuana stance earned them many fans in the alternative rock community. Cypress Hill followed the album with Black Sunday in the summer of 1993, and while it sounded remarkably similar to the debut, it nevertheless became a hit, entering the album charts at number one and spawning the crossover hit ""Insane in the Brain."" Black Sunday entered the charts while the group's debut was still charting in the top ten, a first for any rap artist. In1994 the group brought on former Beastie Boys percussionist Eric Bobo, and toured with the fifth Lollapalooza prior to the release of their third album, Temples of Boom. A darker, gloomier affair than their first two records, Temples of Boom was greeted with mixed reviews upon its fall 1995 release, and while it initially sold well, it failed to generate a genuine hit single. However, it did perform better on the R&B charts than it did on the pop charts. Throughout this time, Cypress Hill was leaning into their mainstream success, and flirting with alternative rock crossover bids like collaborating with Sonic Youth and Pearl Jam on tracks for the Judgment Night soundtrack, or hitting the road with Rage Against the Machine and 7 Year Bitch for a college tour.
Sen Dog left in early 1996 and Muggs spent most of the year working on his solo album. Muggs Presents the Soul Assassins was released to overwhelmingly positive reviews in early 1997, leaving Cypress Hill's future in much doubt until the release of IV in 1998. Sen Dog had come back for the record. He had left because he felt he did not get enough mike time, but after a few years with a rock band he was more than happy to return. Two years later, the group released the double-disc set Skull & Bones, which featured a disc of hip-hop and a disc of their more rock-inspired material. Appropriately, the album also included rock and rap versions of the single ""Superstar,"" bringing Cypress Hill's quest for credibility and crossover hits full circle. The ensuing videos for both versions featured many famous rap and rock musicians talking about their profession, and the song was a smash on MTV because of it. In the winter of 2001, the group came back with Stoned Raiders, another album to heavily incorporate rock music. Three years later, the band issued 'Til Death Do Us Part, which incorporated several styles of Jamaican music. In 2010 they announced their signing to Priority Records thanks to the label’s creative director Snoop Dogg. The label released their eighth studio album, Rise Up, that same year. It would be eight years until the group returned with new material, but in 2018 they came back with Elephants on Acid. The album was the first to be produced by DJ Muggs since 2004's 'Til Death Do Us Part, and the first taster of the record came in the form of the psychedelic track ""Band of Gypsies."" Its follow-up, their tenth album, Back in Black, arrived in 2022; described as a ""return to their roots,"" it was a straight-up hip-hop ""joint"" with no trace of rock and included features from Demrick and Dizzy Wright. ~ Stephen Thomas Erlewine & Fred Thomas",I Ain't Goin' Out Like That,Unknown,https://www.youtube.com/watch?v=q7p-ihYOG5s&pp=ygUmQ3lwcmVzcyBIaWxsIEkgQWludCBHb2luIE91dCBMaWtlIFRoYXQ%3D
Black Sunday,https://lastfm.freetls.fastly.net/i/u/300x300/9f1257a53795675891dad75becddaf11.png,Cypress Hill,1993-07-20,"Throughout the '90s, Cypress Hill grew to be a defining presence in both hip-hop trends and vocal enthusiasm for weed, and their cacophonous, paranoid beats and stoned lyrics made them a multi-million-selling group and the first Latino rap superstars. DJ Muggs' repetitive, gnawing production, B Real's nasal flows, and Sen Dog's bellowing barks all came together under clouds of gun smoke and pot smoke for a sound unlike anything before it on the group's self-titled 1991 debut. Apart from that album and its 1993 follow-up Black Sunday both going platinum two or three times over, the group's sound became extraordinarily influential in '90s hip-hop, showing up in everything from Dr. Dre's G-funk to the chilly layers of English trip-hop. Cypress Hill's original lineup splintered and regrouped at various times as the years went on, but the group remained active long after their commercial peak in the '90s. They dabbled in rap-rock as early as their 2000 album Skull & Bones, and they experimented with changes in style on releases like 2018's production-focused Elephants on Acid and 2022's Back in Black, their tenth studio album and a return to the group's hip-hop beginnings.
DVX, the original incarnation of Cypress Hill, formed in 1988 when Cuban-born brothers Sen Dog (born Senen Reyes, November 20, 1965) and Mellow Man Ace hooked up with fellow Los Angeles residents Muggs (born Lawrence Muggerud, January 28, 1968) and B Real (born Louis Freese, June 2, 1970). The group began pioneering a fusion of Latin and hip-hop slang, developing their own style by the time Mellow Man Ace left the group in 1988. Renaming themselves Cypress Hill after a local street, the group continued to perform around L.A., eventually signing with Ruffhouse/Columbia in 1991.
With its stoned beats, B Real's exaggerated nasal whine, and epic portrayals of street violence, the group's eponymous debut became a sensation in early 1992, several months after its initial release. The singles ""How I Could Just Kill a Man"" and ""The Phuncky Feel One"" became underground hits, and the group's public pro-marijuana stance earned them many fans in the alternative rock community. Cypress Hill followed the album with Black Sunday in the summer of 1993, and while it sounded remarkably similar to the debut, it nevertheless became a hit, entering the album charts at number one and spawning the crossover hit ""Insane in the Brain."" Black Sunday entered the charts while the group's debut was still charting in the top ten, a first for any rap artist. In1994 the group brought on former Beastie Boys percussionist Eric Bobo, and toured with the fifth Lollapalooza prior to the release of their third album, Temples of Boom. A darker, gloomier affair than their first two records, Temples of Boom was greeted with mixed reviews upon its fall 1995 release, and while it initially sold well, it failed to generate a genuine hit single. However, it did perform better on the R&B charts than it did on the pop charts. Throughout this time, Cypress Hill was leaning into their mainstream success, and flirting with alternative rock crossover bids like collaborating with Sonic Youth and Pearl Jam on tracks for the Judgment Night soundtrack, or hitting the road with Rage Against the Machine and 7 Year Bitch for a college tour.
Sen Dog left in early 1996 and Muggs spent most of the year working on his solo album. Muggs Presents the Soul Assassins was released to overwhelmingly positive reviews in early 1997, leaving Cypress Hill's future in much doubt until the release of IV in 1998. Sen Dog had come back for the record. He had left because he felt he did not get enough mike time, but after a few years with a rock band he was more than happy to return. Two years later, the group released the double-disc set Skull & Bones, which featured a disc of hip-hop and a disc of their more rock-inspired material. Appropriately, the album also included rock and rap versions of the single ""Superstar,"" bringing Cypress Hill's quest for credibility and crossover hits full circle. The ensuing videos for both versions featured many famous rap and rock musicians talking about their profession, and the song was a smash on MTV because of it. In the winter of 2001, the group came back with Stoned Raiders, another album to heavily incorporate rock music. Three years later, the band issued 'Til Death Do Us Part, which incorporated several styles of Jamaican music. In 2010 they announced their signing to Priority Records thanks to the label’s creative director Snoop Dogg. The label released their eighth studio album, Rise Up, that same year. It would be eight years until the group returned with new material, but in 2018 they came back with Elephants on Acid. The album was the first to be produced by DJ Muggs since 2004's 'Til Death Do Us Part, and the first taster of the record came in the form of the psychedelic track ""Band of Gypsies."" Its follow-up, their tenth album, Back in Black, arrived in 2022; described as a ""return to their roots,"" it was a straight-up hip-hop ""joint"" with no trace of rock and included features from Demrick and Dizzy Wright. ~ Stephen Thomas Erlewine & Fred Thomas",3 Lil' Putos,Unknown,https://www.youtube.com/watch?v=Uw1Z_IdsePk&pp=ygUYQ3lwcmVzcyBIaWxsIDMgTGlsIFB1dG9z
Cypress Hill,https://lastfm.freetls.fastly.net/i/u/300x300/8f7f8e6ac5a14a71a1bf9a4d2bd11973.png,Cypress Hill,1991-08-13,"Throughout the '90s, Cypress Hill grew to be a defining presence in both hip-hop trends and vocal enthusiasm for weed, and their cacophonous, paranoid beats and stoned lyrics made them a multi-million-selling group and the first Latino rap superstars. DJ Muggs' repetitive, gnawing production, B Real's nasal flows, and Sen Dog's bellowing barks all came together under clouds of gun smoke and pot smoke for a sound unlike anything before it on the group's self-titled 1991 debut. Apart from that album and its 1993 follow-up Black Sunday both going platinum two or three times over, the group's sound became extraordinarily influential in '90s hip-hop, showing up in everything from Dr. Dre's G-funk to the chilly layers of English trip-hop. Cypress Hill's original lineup splintered and regrouped at various times as the years went on, but the group remained active long after their commercial peak in the '90s. They dabbled in rap-rock as early as their 2000 album Skull & Bones, and they experimented with changes in style on releases like 2018's production-focused Elephants on Acid and 2022's Back in Black, their tenth studio album and a return to the group's hip-hop beginnings.
DVX, the original incarnation of Cypress Hill, formed in 1988 when Cuban-born brothers Sen Dog (born Senen Reyes, November 20, 1965) and Mellow Man Ace hooked up with fellow Los Angeles residents Muggs (born Lawrence Muggerud, January 28, 1968) and B Real (born Louis Freese, June 2, 1970). The group began pioneering a fusion of Latin and hip-hop slang, developing their own style by the time Mellow Man Ace left the group in 1988. Renaming themselves Cypress Hill after a local street, the group continued to perform around L.A., eventually signing with Ruffhouse/Columbia in 1991.
With its stoned beats, B Real's exaggerated nasal whine, and epic portrayals of street violence, the group's eponymous debut became a sensation in early 1992, several months after its initial release. The singles ""How I Could Just Kill a Man"" and ""The Phuncky Feel One"" became underground hits, and the group's public pro-marijuana stance earned them many fans in the alternative rock community. Cypress Hill followed the album with Black Sunday in the summer of 1993, and while it sounded remarkably similar to the debut, it nevertheless became a hit, entering the album charts at number one and spawning the crossover hit ""Insane in the Brain."" Black Sunday entered the charts while the group's debut was still charting in the top ten, a first for any rap artist. In1994 the group brought on former Beastie Boys percussionist Eric Bobo, and toured with the fifth Lollapalooza prior to the release of their third album, Temples of Boom. A darker, gloomier affair than their first two records, Temples of Boom was greeted with mixed reviews upon its fall 1995 release, and while it initially sold well, it failed to generate a genuine hit single. However, it did perform better on the R&B charts than it did on the pop charts. Throughout this time, Cypress Hill was leaning into their mainstream success, and flirting with alternative rock crossover bids like collaborating with Sonic Youth and Pearl Jam on tracks for the Judgment Night soundtrack, or hitting the road with Rage Against the Machine and 7 Year Bitch for a college tour.
Sen Dog left in early 1996 and Muggs spent most of the year working on his solo album. Muggs Presents the Soul Assassins was released to overwhelmingly positive reviews in early 1997, leaving Cypress Hill's future in much doubt until the release of IV in 1998. Sen Dog had come back for the record. He had left because he felt he did not get enough mike time, but after a few years with a rock band he was more than happy to return. Two years later, the group released the double-disc set Skull & Bones, which featured a disc of hip-hop and a disc of their more rock-inspired material. Appropriately, the album also included rock and rap versions of the single ""Superstar,"" bringing Cypress Hill's quest for credibility and crossover hits full circle. The ensuing videos for both versions featured many famous rap and rock musicians talking about their profession, and the song was a smash on MTV because of it. In the winter of 2001, the group came back with Stoned Raiders, another album to heavily incorporate rock music. Three years later, the band issued 'Til Death Do Us Part, which incorporated several styles of Jamaican music. In 2010 they announced their signing to Priority Records thanks to the label’s creative director Snoop Dogg. The label released their eighth studio album, Rise Up, that same year. It would be eight years until the group returned with new material, but in 2018 they came back with Elephants on Acid. The album was the first to be produced by DJ Muggs since 2004's 'Til Death Do Us Part, and the first taster of the record came in the form of the psychedelic track ""Band of Gypsies."" Its follow-up, their tenth album, Back in Black, arrived in 2022; described as a ""return to their roots,"" it was a straight-up hip-hop ""joint"" with no trace of rock and included features from Demrick and Dizzy Wright. ~ Stephen Thomas Erlewine & Fred Thomas",How I Could Just Kill a Man,Unknown,https://www.youtube.com/watch?v=Yg-RIOATCbU&pp=ygUoQ3lwcmVzcyBIaWxsIEhvdyBJIENvdWxkIEp1c3QgS2lsbCBhIE1hbg%3D%3D
How I Could Just Kill a Man (The Alchemist x Beat Butcha remix),https://lastfm.freetls.fastly.net/i/u/300x300/45015a65542a1d404b26b506f8f78a7a.jpg,Cypress Hill,2021-08-12,"Throughout the '90s, Cypress Hill grew to be a defining presence in both hip-hop trends and vocal enthusiasm for weed, and their cacophonous, paranoid beats and stoned lyrics made them a multi-million-selling group and the first Latino rap superstars. DJ Muggs' repetitive, gnawing production, B Real's nasal flows, and Sen Dog's bellowing barks all came together under clouds of gun smoke and pot smoke for a sound unlike anything before it on the group's self-titled 1991 debut. Apart from that album and its 1993 follow-up Black Sunday both going platinum two or three times over, the group's sound became extraordinarily influential in '90s hip-hop, showing up in everything from Dr. Dre's G-funk to the chilly layers of English trip-hop. Cypress Hill's original lineup splintered and regrouped at various times as the years went on, but the group remained active long after their commercial peak in the '90s. They dabbled in rap-rock as early as their 2000 album Skull & Bones, and they experimented with changes in style on releases like 2018's production-focused Elephants on Acid and 2022's Back in Black, their tenth studio album and a return to the group's hip-hop beginnings.
DVX, the original incarnation of Cypress Hill, formed in 1988 when Cuban-born brothers Sen Dog (born Senen Reyes, November 20, 1965) and Mellow Man Ace hooked up with fellow Los Angeles residents Muggs (born Lawrence Muggerud, January 28, 1968) and B Real (born Louis Freese, June 2, 1970). The group began pioneering a fusion of Latin and hip-hop slang, developing their own style by the time Mellow Man Ace left the group in 1988. Renaming themselves Cypress Hill after a local street, the group continued to perform around L.A., eventually signing with Ruffhouse/Columbia in 1991.
With its stoned beats, B Real's exaggerated nasal whine, and epic portrayals of street violence, the group's eponymous debut became a sensation in early 1992, several months after its initial release. The singles ""How I Could Just Kill a Man"" and ""The Phuncky Feel One"" became underground hits, and the group's public pro-marijuana stance earned them many fans in the alternative rock community. Cypress Hill followed the album with Black Sunday in the summer of 1993, and while it sounded remarkably similar to the debut, it nevertheless became a hit, entering the album charts at number one and spawning the crossover hit ""Insane in the Brain."" Black Sunday entered the charts while the group's debut was still charting in the top ten, a first for any rap artist. In1994 the group brought on former Beastie Boys percussionist Eric Bobo, and toured with the fifth Lollapalooza prior to the release of their third album, Temples of Boom. A darker, gloomier affair than their first two records, Temples of Boom was greeted with mixed reviews upon its fall 1995 release, and while it initially sold well, it failed to generate a genuine hit single. However, it did perform better on the R&B charts than it did on the pop charts. Throughout this time, Cypress Hill was leaning into their mainstream success, and flirting with alternative rock crossover bids like collaborating with Sonic Youth and Pearl Jam on tracks for the Judgment Night soundtrack, or hitting the road with Rage Against the Machine and 7 Year Bitch for a college tour.
Sen Dog left in early 1996 and Muggs spent most of the year working on his solo album. Muggs Presents the Soul Assassins was released to overwhelmingly positive reviews in early 1997, leaving Cypress Hill's future in much doubt until the release of IV in 1998. Sen Dog had come back for the record. He had left because he felt he did not get enough mike time, but after a few years with a rock band he was more than happy to return. Two years later, the group released the double-disc set Skull & Bones, which featured a disc of hip-hop and a disc of their more rock-inspired material. Appropriately, the album also included rock and rap versions of the single ""Superstar,"" bringing Cypress Hill's quest for credibility and crossover hits full circle. The ensuing videos for both versions featured many famous rap and rock musicians talking about their profession, and the song was a smash on MTV because of it. In the winter of 2001, the group came back with Stoned Raiders, another album to heavily incorporate rock music. Three years later, the band issued 'Til Death Do Us Part, which incorporated several styles of Jamaican music. In 2010 they announced their signing to Priority Records thanks to the label’s creative director Snoop Dogg. The label released their eighth studio album, Rise Up, that same year. It would be eight years until the group returned with new material, but in 2018 they came back with Elephants on Acid. The album was the first to be produced by DJ Muggs since 2004's 'Til Death Do Us Part, and the first taster of the record came in the form of the psychedelic track ""Band of Gypsies."" Its follow-up, their tenth album, Back in Black, arrived in 2022; described as a ""return to their roots,"" it was a straight-up hip-hop ""joint"" with no trace of rock and included features from Demrick and Dizzy Wright. ~ Stephen Thomas Erlewine & Fred Thomas",How I Could Just Kill a Man (The Alchemist x Beat Butcha remix),Unknown,https://www.youtube.com/watch?v=Yg-RIOATCbU&pp=ygVKQ3lwcmVzcyBIaWxsIEhvdyBJIENvdWxkIEp1c3QgS2lsbCBhIE1hbiBUaGUgQWxjaGVtaXN0IHggQmVhdCBCdXRjaGEgcmVtaXg%3D
III: Temples of Boom,https://lastfm.freetls.fastly.net/i/u/300x300/6e8b9f194a8c4b61cb260a03fb11678a.jpg,Cypress Hill,1995-10-30,"Throughout the '90s, Cypress Hill grew to be a defining presence in both hip-hop trends and vocal enthusiasm for weed, and their cacophonous, paranoid beats and stoned lyrics made them a multi-million-selling group and the first Latino rap superstars. DJ Muggs' repetitive, gnawing production, B Real's nasal flows, and Sen Dog's bellowing barks all came together under clouds of gun smoke and pot smoke for a sound unlike anything before it on the group's self-titled 1991 debut. Apart from that album and its 1993 follow-up Black Sunday both going platinum two or three times over, the group's sound became extraordinarily influential in '90s hip-hop, showing up in everything from Dr. Dre's G-funk to the chilly layers of English trip-hop. Cypress Hill's original lineup splintered and regrouped at various times as the years went on, but the group remained active long after their commercial peak in the '90s. They dabbled in rap-rock as early as their 2000 album Skull & Bones, and they experimented with changes in style on releases like 2018's production-focused Elephants on Acid and 2022's Back in Black, their tenth studio album and a return to the group's hip-hop beginnings.
DVX, the original incarnation of Cypress Hill, formed in 1988 when Cuban-born brothers Sen Dog (born Senen Reyes, November 20, 1965) and Mellow Man Ace hooked up with fellow Los Angeles residents Muggs (born Lawrence Muggerud, January 28, 1968) and B Real (born Louis Freese, June 2, 1970). The group began pioneering a fusion of Latin and hip-hop slang, developing their own style by the time Mellow Man Ace left the group in 1988. Renaming themselves Cypress Hill after a local street, the group continued to perform around L.A., eventually signing with Ruffhouse/Columbia in 1991.
With its stoned beats, B Real's exaggerated nasal whine, and epic portrayals of street violence, the group's eponymous debut became a sensation in early 1992, several months after its initial release. The singles ""How I Could Just Kill a Man"" and ""The Phuncky Feel One"" became underground hits, and the group's public pro-marijuana stance earned them many fans in the alternative rock community. Cypress Hill followed the album with Black Sunday in the summer of 1993, and while it sounded remarkably similar to the debut, it nevertheless became a hit, entering the album charts at number one and spawning the crossover hit ""Insane in the Brain."" Black Sunday entered the charts while the group's debut was still charting in the top ten, a first for any rap artist. In1994 the group brought on former Beastie Boys percussionist Eric Bobo, and toured with the fifth Lollapalooza prior to the release of their third album, Temples of Boom. A darker, gloomier affair than their first two records, Temples of Boom was greeted with mixed reviews upon its fall 1995 release, and while it initially sold well, it failed to generate a genuine hit single. However, it did perform better on the R&B charts than it did on the pop charts. Throughout this time, Cypress Hill was leaning into their mainstream success, and flirting with alternative rock crossover bids like collaborating with Sonic Youth and Pearl Jam on tracks for the Judgment Night soundtrack, or hitting the road with Rage Against the Machine and 7 Year Bitch for a college tour.
Sen Dog left in early 1996 and Muggs spent most of the year working on his solo album. Muggs Presents the Soul Assassins was released to overwhelmingly positive reviews in early 1997, leaving Cypress Hill's future in much doubt until the release of IV in 1998. Sen Dog had come back for the record. He had left because he felt he did not get enough mike time, but after a few years with a rock band he was more than happy to return. Two years later, the group released the double-disc set Skull & Bones, which featured a disc of hip-hop and a disc of their more rock-inspired material. Appropriately, the album also included rock and rap versions of the single ""Superstar,"" bringing Cypress Hill's quest for credibility and crossover hits full circle. The ensuing videos for both versions featured many famous rap and rock musicians talking about their profession, and the song was a smash on MTV because of it. In the winter of 2001, the group came back with Stoned Raiders, another album to heavily incorporate rock music. Three years later, the band issued 'Til Death Do Us Part, which incorporated several styles of Jamaican music. In 2010 they announced their signing to Priority Records thanks to the label’s creative director Snoop Dogg. The label released their eighth studio album, Rise Up, that same year. It would be eight years until the group returned with new material, but in 2018 they came back with Elephants on Acid. The album was the first to be produced by DJ Muggs since 2004's 'Til Death Do Us Part, and the first taster of the record came in the form of the psychedelic track ""Band of Gypsies."" Its follow-up, their tenth album, Back in Black, arrived in 2022; described as a ""return to their roots,"" it was a straight-up hip-hop ""joint"" with no trace of rock and included features from Demrick and Dizzy Wright. ~ Stephen Thomas Erlewine & Fred Thomas",Illusions,Unknown,https://www.youtube.com/watch?v=xnFj5-ZBk1g&pp=ygUWQ3lwcmVzcyBIaWxsIElsbHVzaW9ucw%3D%3D
III: Temples of Boom,https://lastfm.freetls.fastly.net/i/u/300x300/6e8b9f194a8c4b61cb260a03fb11678a.jpg,Cypress Hill,1995-10-30,"Throughout the '90s, Cypress Hill grew to be a defining presence in both hip-hop trends and vocal enthusiasm for weed, and their cacophonous, paranoid beats and stoned lyrics made them a multi-million-selling group and the first Latino rap superstars. DJ Muggs' repetitive, gnawing production, B Real's nasal flows, and Sen Dog's bellowing barks all came together under clouds of gun smoke and pot smoke for a sound unlike anything before it on the group's self-titled 1991 debut. Apart from that album and its 1993 follow-up Black Sunday both going platinum two or three times over, the group's sound became extraordinarily influential in '90s hip-hop, showing up in everything from Dr. Dre's G-funk to the chilly layers of English trip-hop. Cypress Hill's original lineup splintered and regrouped at various times as the years went on, but the group remained active long after their commercial peak in the '90s. They dabbled in rap-rock as early as their 2000 album Skull & Bones, and they experimented with changes in style on releases like 2018's production-focused Elephants on Acid and 2022's Back in Black, their tenth studio album and a return to the group's hip-hop beginnings.
DVX, the original incarnation of Cypress Hill, formed in 1988 when Cuban-born brothers Sen Dog (born Senen Reyes, November 20, 1965) and Mellow Man Ace hooked up with fellow Los Angeles residents Muggs (born Lawrence Muggerud, January 28, 1968) and B Real (born Louis Freese, June 2, 1970). The group began pioneering a fusion of Latin and hip-hop slang, developing their own style by the time Mellow Man Ace left the group in 1988. Renaming themselves Cypress Hill after a local street, the group continued to perform around L.A., eventually signing with Ruffhouse/Columbia in 1991.
With its stoned beats, B Real's exaggerated nasal whine, and epic portrayals of street violence, the group's eponymous debut became a sensation in early 1992, several months after its initial release. The singles ""How I Could Just Kill a Man"" and ""The Phuncky Feel One"" became underground hits, and the group's public pro-marijuana stance earned them many fans in the alternative rock community. Cypress Hill followed the album with Black Sunday in the summer of 1993, and while it sounded remarkably similar to the debut, it nevertheless became a hit, entering the album charts at number one and spawning the crossover hit ""Insane in the Brain."" Black Sunday entered the charts while the group's debut was still charting in the top ten, a first for any rap artist. In1994 the group brought on former Beastie Boys percussionist Eric Bobo, and toured with the fifth Lollapalooza prior to the release of their third album, Temples of Boom. A darker, gloomier affair than their first two records, Temples of Boom was greeted with mixed reviews upon its fall 1995 release, and while it initially sold well, it failed to generate a genuine hit single. However, it did perform better on the R&B charts than it did on the pop charts. Throughout this time, Cypress Hill was leaning into their mainstream success, and flirting with alternative rock crossover bids like collaborating with Sonic Youth and Pearl Jam on tracks for the Judgment Night soundtrack, or hitting the road with Rage Against the Machine and 7 Year Bitch for a college tour.
Sen Dog left in early 1996 and Muggs spent most of the year working on his solo album. Muggs Presents the Soul Assassins was released to overwhelmingly positive reviews in early 1997, leaving Cypress Hill's future in much doubt until the release of IV in 1998. Sen Dog had come back for the record. He had left because he felt he did not get enough mike time, but after a few years with a rock band he was more than happy to return. Two years later, the group released the double-disc set Skull & Bones, which featured a disc of hip-hop and a disc of their more rock-inspired material. Appropriately, the album also included rock and rap versions of the single ""Superstar,"" bringing Cypress Hill's quest for credibility and crossover hits full circle. The ensuing videos for both versions featured many famous rap and rock musicians talking about their profession, and the song was a smash on MTV because of it. In the winter of 2001, the group came back with Stoned Raiders, another album to heavily incorporate rock music. Three years later, the band issued 'Til Death Do Us Part, which incorporated several styles of Jamaican music. In 2010 they announced their signing to Priority Records thanks to the label’s creative director Snoop Dogg. The label released their eighth studio album, Rise Up, that same year. It would be eight years until the group returned with new material, but in 2018 they came back with Elephants on Acid. The album was the first to be produced by DJ Muggs since 2004's 'Til Death Do Us Part, and the first taster of the record came in the form of the psychedelic track ""Band of Gypsies."" Its follow-up, their tenth album, Back in Black, arrived in 2022; described as a ""return to their roots,"" it was a straight-up hip-hop ""joint"" with no trace of rock and included features from Demrick and Dizzy Wright. ~ Stephen Thomas Erlewine & Fred Thomas",Everybody Must Get Stoned,Unknown,https://www.youtube.com/watch?v=EBrmNznUyi0&pp=ygUmQ3lwcmVzcyBIaWxsIEV2ZXJ5Ym9keSBNdXN0IEdldCBTdG9uZWQ%3D
